# Blender 4.1.0
# www.blender.org
mtllib 0625中国天眼-索网.mtl
o 天眼-索网
v 9.882741 -300.220001 3.211133
v 19.753601 -299.681000 6.418363
v 0.000037 -300.220001 10.391323
v 9.884991 -299.929016 13.605523
v 15.994201 -299.929016 -5.196778
v 6.107891 -300.220001 -8.406677
v 12.208401 -299.681000 -16.803379
v 0.000040 -299.929016 -16.817278
v -6.107800 -300.220001 -8.406677
v -12.208401 -299.681000 -16.803379
v -15.994101 -299.929016 -5.196778
v -9.882661 -300.220001 3.211133
v -19.753500 -299.681000 6.418393
v -9.884911 -299.929016 13.605523
v 0.000058 -299.681000 20.770224
v -19.774302 -299.276001 16.825825
v -9.891611 -299.276001 24.006023
v 0.000042 -298.783020 31.124125
v 29.600801 -298.783020 9.617933
v 19.774401 -299.276001 16.825825
v 25.887802 -299.276001 -1.989207
v 22.112902 -299.276001 -13.607078
v 18.294302 -298.783020 -25.179878
v 6.107900 -299.276001 -25.235378
v -6.107820 -299.276001 -25.235378
v -18.294302 -298.783020 -25.179878
v -22.112803 -299.276001 -13.607078
v -25.887701 -299.276001 -1.989207
v -29.600801 -298.783020 9.617933
v -31.990803 -298.511017 -10.394378
v -35.731102 -298.265015 1.206783
v -39.412502 -297.528015 12.805923
v -29.616402 -298.265015 20.026024
v -19.771400 -298.511017 27.213024
v 9.891691 -299.276001 24.006023
v 39.412605 -297.528015 12.806024
v 29.616402 -298.265015 20.026024
v 35.731201 -298.265015 1.206783
v 31.990803 -298.511017 -10.394378
v 28.197802 -298.265015 -21.978477
v 24.358402 -297.528015 -33.526279
v 12.189200 -298.265015 -33.609379
v 0.000040 -298.511017 -33.637081
v -12.189200 -298.265015 -33.609379
v -24.358301 -297.528015 -33.526279
v -28.197701 -298.265015 -21.978477
v -38.160202 -297.371002 -18.821478
v -41.935303 -297.371002 -7.203038
v -45.648304 -296.879028 4.404192
v -49.177200 -295.916016 15.978723
v -39.519001 -296.879028 23.268425
v -29.692501 -297.371002 30.476425
v -9.893810 -298.265015 34.355225
v 0.000025 -297.528015 41.440922
v 9.893890 -298.265015 34.355225
v -19.809200 -297.371002 37.657024
v -9.917491 -296.879028 44.775127
v 0.000046 -295.916016 51.708027
v 19.771400 -298.511017 27.213024
v 49.177303 -295.916016 15.978723
v 39.519001 -296.879028 23.268425
v 45.648399 -296.879028 4.404223
v 41.935402 -297.371002 -7.203038
v 38.160301 -297.371002 -18.821478
v 34.341602 -296.879028 -30.394379
v 30.393200 -295.916016 -41.832581
v 18.294802 -296.879028 -42.053177
v 6.108221 -297.371002 -42.108677
v -6.108140 -297.371002 -42.108677
v -18.294701 -296.879028 -42.053177
v -30.393200 -295.916016 -41.832581
v -34.341503 -296.879028 -30.394478
v -44.283001 -295.868011 -27.225578
v -48.095501 -296.113007 -15.627179
v -51.828503 -295.868011 -4.002868
v -55.400902 -295.150024 7.570853
v -58.882900 -293.951019 19.132324
v -49.270302 -295.150024 26.439024
v -39.577301 -295.868011 33.702526
v -29.724602 -296.113007 40.912525
v -19.822901 -295.868011 48.054924
v 9.917541 -296.879028 44.775223
v 19.809301 -297.371002 37.657024
v 29.692600 -297.371002 30.476425
v 58.883003 -293.951019 19.132324
v 49.270401 -295.150024 26.439024
v 55.401001 -295.150024 7.570883
v 51.828606 -295.868011 -4.002878
v 48.095501 -296.113007 -15.627179
v 44.283104 -295.868011 -27.225578
v 40.370304 -295.150024 -38.688679
v 36.391701 -293.951019 -50.088779
v 24.320200 -295.150024 -50.349876
v 12.208901 -295.868011 -50.528782
v 0.000040 -296.113007 -50.570580
v -12.208901 -295.868011 -50.528782
v -24.320101 -295.150024 -50.349876
v -36.391701 -293.951019 -50.088779
v -40.370201 -295.150024 -38.688778
v -50.324001 -294.019012 -35.506180
v -54.170502 -294.497009 -24.023478
v -57.945503 -294.497009 -12.405078
v -61.583004 -294.019012 -0.854483
v -65.113007 -293.062012 10.720122
v -68.518204 -291.633026 22.262924
v -58.978603 -293.062012 29.599825
v -49.319401 -294.019012 36.889023
v -39.587399 -294.497009 44.095627
v -29.704102 -294.497009 51.276127
v -9.919531 -295.150024 55.029026
v 0.000056 -293.951019 61.913326
v 9.919580 -295.150024 55.029026
v -19.842901 -294.019012 58.304924
v -9.925631 -293.062012 65.238922
v 0.000031 -291.633026 72.044426
v 19.822901 -295.868011 48.054924
v 29.724701 -296.113007 40.912525
v 39.577301 -295.868011 33.702526
v 68.518303 -291.633026 22.263023
v 58.978703 -293.062012 29.599825
v 65.113106 -293.062012 10.720122
v 61.583103 -294.019012 -0.854521
v 57.945602 -294.497009 -12.405078
v 54.170605 -294.497009 -24.023478
v 50.324001 -294.019012 -35.506180
v 46.376503 -293.062012 -46.945179
v 42.346703 -291.633026 -58.285080
v 30.316502 -293.062012 -58.613480
v 18.217501 -294.019012 -58.832981
v 6.108201 -294.497009 -58.942879
v -6.108120 -294.497009 -58.942879
v -18.217501 -294.019012 -58.832981
v -30.316402 -293.062012 -58.613480
v -42.346603 -291.633026 -58.285080
v -46.376400 -293.062012 -46.945179
v -56.304504 -291.816010 -43.744080
v -60.197201 -292.529999 -32.294479
v -63.992004 -292.768005 -20.792278
v -67.682800 -292.529999 -9.256228
v -71.263504 -291.816010 2.294832
v -74.728210 -290.627014 13.842223
v -78.071503 -288.966003 25.367022
v -68.592606 -290.627014 32.725723
v -59.002201 -291.816010 40.031128
v -49.315804 -292.529999 47.271526
v -39.549202 -292.768005 54.434925
v -29.718302 -292.529999 61.509926
v -19.839100 -291.816010 68.484825
v 9.925680 -293.062012 65.238922
v 19.843000 -294.019012 58.304924
v 29.704201 -294.497009 51.276127
v 39.587399 -294.497009 44.095627
v 49.319504 -294.019012 36.889023
v 78.071602 -288.966003 25.367022
v 68.592705 -290.627014 32.725723
v 74.728302 -290.627014 13.842223
v 71.263504 -291.816010 2.294852
v 67.682899 -292.529999 -9.256219
v 63.992104 -292.768005 -20.792278
v 60.197304 -292.529999 -32.294479
v 56.304604 -291.816010 -43.744080
v 52.320305 -290.627014 -55.122681
v 48.250900 -288.966003 -66.411583
v 36.257000 -290.627014 -66.793274
v 24.204201 -291.816010 -67.066483
v 12.111901 -292.529999 -67.230484
v 0.000040 -292.768005 -67.285187
v -12.111901 -292.529999 -67.230484
v -24.204102 -291.816010 -67.066483
v -36.257000 -290.627014 -66.793274
v -48.250900 -288.966003 -66.411583
v -52.320202 -290.627014 -55.122681
v -62.574001 -289.133026 -52.217178
v -66.523003 -290.090027 -40.775879
v -70.369904 -290.569000 -29.292879
v -74.148399 -290.569000 -17.663877
v -77.785797 -290.090027 -6.112768
v -81.316002 -289.133026 5.464582
v -84.721001 -287.703003 17.007923
v -87.531303 -285.954010 28.440722
v -78.537704 -287.703003 36.038128
v -68.997902 -289.133026 43.375526
v -59.337002 -290.090027 50.666824
v -49.604702 -290.569000 57.873825
v -39.712502 -290.569000 65.060921
v -29.850700 -290.090027 72.089821
v -9.927581 -290.627014 75.348320
v 0.000073 -288.966003 82.089325
v 9.927691 -290.627014 75.348320
v -19.930901 -289.133026 79.024826
v -10.004701 -287.703003 85.830231
v 0.000077 -285.954010 92.036026
v 19.839201 -291.816010 68.484825
v 29.718401 -292.529999 61.509926
v 39.549301 -292.768005 54.434925
v 49.315899 -292.529999 47.271526
v 59.002304 -291.816010 40.031128
v 87.531403 -285.954010 28.440722
v 78.537804 -287.703003 36.038128
v 84.721001 -287.703003 17.007923
v 81.316002 -289.133026 5.464542
v 77.785904 -290.090027 -6.112778
v 74.148399 -290.569000 -17.663877
v 70.370003 -290.569000 -29.292879
v 66.523102 -290.090027 -40.775978
v 62.574104 -289.133026 -52.217178
v 58.543804 -287.703003 -63.557377
v 54.097401 -285.954010 -74.458580
v 42.355701 -287.703003 -75.318687
v 30.325102 -289.133026 -75.647377
v 18.223501 -290.090027 -75.867584
v 6.113730 -290.569000 -75.977776
v -6.113640 -290.569000 -75.977776
v -18.223501 -290.090027 -75.867584
v -30.325102 -289.133026 -75.647377
v -42.355701 -287.703003 -75.318687
v -54.097401 -285.954010 -74.458580
v -58.543701 -287.703003 -63.557377
v -68.761505 -286.072021 -60.621780
v -72.768105 -287.266022 -49.228680
v -76.655899 -287.991028 -37.755177
v -80.498505 -288.229004 -26.155479
v -84.207901 -287.991028 -14.512578
v -87.806503 -287.266022 -2.945118
v -91.261803 -286.072021 8.627023
v -94.147903 -284.558014 20.069523
v -96.886406 -282.598999 31.480324
v -87.963799 -284.558014 39.102325
v -78.903206 -286.072021 46.663025
v -69.305801 -287.266022 53.994125
v -59.595303 -287.991028 61.237129
v -49.750805 -288.229004 68.476227
v -39.823902 -287.991028 75.601929
v -29.934700 -287.266022 82.598923
v -19.996700 -286.072021 89.461128
v 10.004800 -287.703003 85.830231
v 19.931002 -289.133026 79.024727
v 29.850801 -290.090027 72.089821
v 39.712605 -290.569000 65.060921
v 49.604702 -290.569000 57.873825
v 59.337105 -290.090027 50.666824
v 68.998001 -289.133026 43.375526
v 96.886505 -282.598999 31.480324
v 87.963905 -284.558014 39.102325
v 94.148003 -284.558014 20.069422
v 91.261902 -286.072021 8.627072
v 87.806602 -287.266022 -2.945138
v 84.208008 -287.991028 -14.512578
v 80.498604 -288.229004 -26.155479
v 76.656006 -287.991028 -37.755177
v 72.768204 -287.266022 -49.228680
v 68.761604 -286.072021 -60.621677
v 64.370804 -284.558014 -71.575279
v 59.879105 -282.598999 -82.416481
v 48.180504 -284.558014 -83.338181
v 36.406303 -286.072021 -84.129280
v 24.332701 -287.266022 -84.419083
v 12.219401 -287.991028 -84.571083
v 0.000040 -288.229004 -84.641182
v -12.219401 -287.991028 -84.571083
v -24.332701 -287.266022 -84.419083
v -36.406200 -286.072021 -84.129280
v -48.180504 -284.558014 -83.338181
v -59.879105 -282.598999 -82.416481
v -64.370804 -284.558014 -71.575279
v -74.586205 -282.789001 -68.608681
v -78.891205 -284.073029 -57.608379
v -82.841904 -285.037018 -46.168282
v -86.770401 -285.504028 -34.621677
v -90.548904 -285.504028 -22.992781
v -94.157501 -285.037018 -11.342278
v -97.685707 -284.073029 0.235102
v -100.669006 -282.789001 11.665022
v -103.487007 -281.064026 23.099422
v -106.125008 -278.906006 34.482327
v -97.300301 -281.064026 42.140423
v -88.299210 -282.789001 49.734524
v -79.167603 -284.073029 57.228127
v -69.508209 -285.037018 64.520630
v -59.740704 -285.504028 71.824928
v -49.848602 -285.504028 79.012024
v -39.883400 -285.037018 86.044228
v -29.963001 -284.073029 92.977325
v -10.006100 -284.558014 95.741928
v 0.000046 -282.598999 101.872025
v 10.006201 -284.558014 95.741928
v -20.014301 -282.789001 99.346428
v -10.010401 -281.064026 105.560028
v 0.000069 -278.906006 111.587029
v 19.996700 -286.072021 89.461128
v 29.934803 -287.266022 82.598923
v 39.824001 -287.991028 75.601929
v 49.750900 -288.229004 68.476227
v 59.595402 -287.991028 61.237129
v 69.305901 -287.266022 53.994125
v 78.903206 -286.072021 46.663025
v 106.126007 -278.906006 34.482327
v 97.300301 -281.064026 42.140423
v 103.487007 -281.064026 23.099422
v 100.669006 -282.789001 11.664922
v 97.685799 -284.073029 0.235121
v 94.157608 -285.037018 -11.342278
v 90.549004 -285.504028 -22.992781
v 86.770508 -285.504028 -34.621677
v 82.842003 -285.037018 -46.168282
v 78.891304 -284.073029 -57.608379
v 74.586304 -282.789001 -68.608681
v 70.145401 -281.064026 -79.515984
v 65.589203 -278.906006 -90.275688
v 53.948200 -281.064026 -91.283981
v 42.202400 -282.789001 -92.136978
v 30.410200 -284.073029 -92.831978
v 18.309200 -285.037018 -93.054085
v 6.113740 -285.504028 -93.222275
v -6.113660 -285.504028 -93.222275
v -18.309101 -285.037018 -93.054085
v -30.410101 -284.073029 -92.831978
v -42.202400 -282.789001 -92.136978
v -53.948105 -281.064026 -91.283981
v -65.589203 -278.906006 -90.275688
v -70.145302 -281.064026 -79.515984
v -80.321304 -279.167023 -76.513184
v -84.686707 -280.658020 -65.568382
v -88.919708 -281.710999 -54.521179
v -92.922104 -282.410004 -43.017479
v -96.771103 -282.643005 -31.442781
v -100.461006 -282.410004 -19.816280
v -103.984001 -281.710999 -8.157129
v -107.053001 -280.658020 3.268471
v -109.955002 -279.167023 14.688822
v -112.684006 -277.240021 26.086323
v -115.238007 -274.878998 37.442921
v -106.496002 -277.240021 45.129921
v -97.589005 -279.167023 52.746326
v -88.528900 -280.658020 60.280128
v -79.330399 -281.710999 67.719826
v -69.626503 -282.410004 75.081024
v -59.807804 -282.643005 82.318527
v -49.890400 -282.410004 89.420227
v -39.890804 -281.710999 96.374321
v -29.972700 -280.658020 102.824028
v -20.008001 -279.167023 109.112030
v 10.010501 -281.064026 105.560028
v 20.014400 -282.789001 99.346428
v 29.963001 -284.073029 92.977325
v 39.883503 -285.037018 86.044327
v 49.848602 -285.504028 79.012024
v 59.740803 -285.504028 71.824928
v 69.508301 -285.037018 64.520630
v 79.167603 -284.073029 57.228127
v 88.299301 -282.789001 49.734524
v 115.238007 -274.878998 37.443020
v 106.497002 -277.240021 45.129921
v 112.684006 -277.240021 26.086323
v 109.955002 -279.167023 14.688822
v 107.053001 -280.658020 3.268421
v 103.984001 -281.710999 -8.157120
v 100.461006 -282.410004 -19.816280
v 96.771210 -282.643005 -31.442781
v 92.922104 -282.410004 -43.017479
v 88.919800 -281.710999 -54.521179
v 84.686707 -280.658020 -65.568382
v 80.321404 -279.167023 -76.513184
v 75.830299 -277.240021 -87.338280
v 71.220802 -274.878998 -98.026878
v 59.630901 -277.240021 -99.107880
v 47.947803 -279.167023 -100.033981
v 36.189701 -280.658020 -100.803986
v 24.375101 -281.710999 -101.415985
v 12.197600 -282.410004 -101.666985
v 0.000040 -282.643005 -101.750984
v -12.197600 -282.410004 -101.666985
v -24.375002 -281.710999 -101.415985
v -36.189701 -280.658020 -100.803986
v -47.947701 -279.167023 -100.033981
v -59.630802 -277.240021 -99.107880
v -71.220703 -274.878998 -98.026878
v -75.830208 -277.240021 -87.338280
v -86.056206 -275.169006 -84.358879
v -90.490501 -276.871002 -73.444481
v -94.788300 -278.131012 -62.438480
v -98.834305 -278.987000 -51.363979
v -102.763008 -279.454010 -39.817581
v -106.541008 -279.454010 -28.189281
v -110.150002 -278.987000 -16.538879
v -113.386002 -278.131012 -5.201259
v -116.378006 -276.871002 6.228941
v -119.206009 -275.169006 17.665323
v -121.854004 -273.035004 29.050522
v -124.212006 -270.523010 40.358921
v -115.657005 -273.035004 48.121624
v -106.823006 -275.169006 55.776020
v -97.813004 -276.871002 63.366020
v -88.673706 -278.131012 70.854523
v -79.391602 -278.987000 78.124733
v -69.624207 -279.454010 85.429024
v -59.732605 -279.454010 92.615730
v -49.767502 -278.987000 99.647827
v -39.984802 -278.131012 106.229027
v -30.038700 -276.871002 112.607025
v -10.011800 -277.240021 115.230026
v 0.000013 -274.878998 121.168030
v 10.011800 -277.240021 115.230026
v -20.036001 -275.169006 118.830025
v -10.026300 -273.035004 124.867027
v 0.000069 -270.523010 130.604019
v 20.008001 -279.167023 109.112030
v 29.972902 -280.658020 102.824028
v 39.890900 -281.710999 96.374321
v 49.890503 -282.410004 89.420227
v 59.807899 -282.643005 82.318527
v 69.626602 -282.410004 75.081024
v 79.330505 -281.710999 67.719826
v 88.529007 -280.658020 60.280128
v 97.589104 -279.167023 52.746326
v 124.212006 -270.523010 40.358822
v 115.657005 -273.035004 48.121624
v 121.854004 -273.035004 29.050522
v 119.206009 -275.169006 17.665323
v 116.378006 -276.871002 6.228961
v 113.386002 -278.131012 -5.201279
v 110.150002 -278.987000 -16.538879
v 106.541008 -279.454010 -28.189281
v 102.763008 -279.454010 -39.817581
v 98.834305 -278.987000 -51.364082
v 94.788300 -278.131012 -62.438480
v 90.490608 -276.871002 -73.444481
v 86.056297 -275.169006 -84.358879
v 81.506401 -273.035004 -95.126083
v 76.767105 -270.523010 -105.660980
v 65.283607 -273.035004 -106.912979
v 53.637302 -275.169006 -107.912979
v 41.886902 -276.871002 -108.756981
v 30.091402 -278.131012 -109.443985
v 18.308701 -278.987000 -109.868980
v 6.113390 -279.454010 -110.037979
v -6.113310 -279.454010 -110.037979
v -18.308701 -278.987000 -109.868980
v -30.091402 -278.131012 -109.443985
v -41.886803 -276.871002 -108.756981
v -53.637302 -275.169006 -107.912979
v -65.283501 -273.035004 -106.912979
v -76.767105 -270.523010 -105.660980
v -81.506401 -273.035004 -95.126183
v -91.685799 -270.834015 -92.101479
v -96.189003 -272.737000 -81.254379
v -100.541008 -274.212006 -70.279778
v -104.663002 -275.272003 -59.256283
v -108.622002 -275.904999 -48.141087
v -112.491005 -276.134003 -36.550484
v -116.174004 -275.904999 -24.899481
v -119.504005 -275.272003 -13.579880
v -122.649002 -274.212006 -2.239109
v -125.579002 -272.737000 9.197762
v -128.311005 -270.834015 20.620121
v -130.775009 -268.547028 31.948023
v -133.037003 -265.843018 43.226421
v -124.578003 -268.547028 51.021420
v -115.926003 -270.834015 58.737522
v -107.002007 -272.737000 66.372322
v -97.909103 -274.212006 73.902924
v -88.698608 -275.272003 81.229027
v -79.351006 -275.904999 88.429527
v -69.523300 -276.134003 95.690628
v -59.580605 -275.904999 102.794029
v -49.843903 -275.272003 109.459030
v -40.030201 -274.212006 115.954025
v -30.058401 -272.737000 122.275032
v -20.039501 -270.834015 128.403015
v 10.026300 -273.035004 124.867027
v 20.036001 -275.169006 118.830025
v 30.038803 -276.871002 112.607025
v 39.984901 -278.131012 106.229027
v 49.767605 -278.987000 99.647827
v 59.732700 -279.454010 92.615730
v 69.624298 -279.454010 85.429024
v 79.391708 -278.987000 78.124733
v 88.673798 -278.131012 70.854523
v 97.813103 -276.871002 63.366020
v 106.823006 -275.169006 55.776020
v 133.037003 -265.843018 43.226421
v 124.578003 -268.547028 51.021420
v 130.775009 -268.547028 31.948023
v 128.311005 -270.834015 20.620121
v 125.579002 -272.737000 9.197731
v 122.649002 -274.212006 -2.239109
v 119.504005 -275.272003 -13.579780
v 116.174004 -275.904999 -24.899481
v 112.491005 -276.134003 -36.550484
v 108.622002 -275.904999 -48.141087
v 104.663002 -275.272003 -59.256283
v 100.541008 -274.212006 -70.279778
v 96.189110 -272.737000 -81.254379
v 91.685905 -270.834015 -92.101379
v 87.021004 -268.547028 -102.713982
v 82.221603 -265.843018 -113.167984
v 70.796204 -268.547028 -114.501984
v 59.261303 -270.834015 -115.658981
v 47.553501 -272.737000 -116.589981
v 35.771103 -274.212006 -117.337982
v 24.013601 -275.272003 -117.850983
v 12.218901 -275.904999 -118.181984
v 0.000040 -276.134003 -118.279984
v -12.218801 -275.904999 -118.181984
v -24.013500 -275.272003 -117.850983
v -35.771103 -274.212006 -117.337982
v -47.553501 -272.737000 -116.589981
v -59.261204 -270.834015 -115.658981
v -70.796104 -268.547028 -114.501984
v -82.221504 -265.843018 -113.167984
v -87.020905 -268.547028 -102.713982
v -97.184906 -266.208008 -99.641586
v -101.746002 -268.281006 -88.956688
v -106.172005 -269.960022 -78.035484
v -110.387009 -271.210022 -67.083977
v -114.426003 -272.048004 -56.005684
v -118.271004 -272.470001 -44.856380
v -122.049004 -272.470001 -33.228180
v -125.492004 -272.048004 -21.948580
v -128.736008 -271.210022 -10.611780
v -131.763000 -269.960022 0.725759
v -134.601013 -268.281006 12.162921
v -137.192001 -266.208008 23.487923
v -139.564011 -263.725006 34.799721
v -141.703003 -260.846008 46.042221
v -133.364014 -263.725006 53.880020
v -124.797005 -266.208008 61.637421
v -116.044006 -268.281006 69.276825
v -107.025002 -269.960022 76.861229
v -97.912109 -271.210022 84.254227
v -88.624298 -272.048004 91.519325
v -79.208710 -272.470001 98.620827
v -69.317108 -272.470001 105.807030
v -59.653503 -272.048004 112.568031
v -49.874001 -271.210022 119.156029
v -40.026802 -269.960022 125.538033
v -30.026602 -268.281006 131.772018
v -10.027500 -268.547028 134.247025
v 0.000032 -265.843018 139.884018
v 10.027500 -268.547028 134.247025
v -20.056402 -266.208008 137.736023
v -10.031100 -263.725006 143.487015
v 0.000033 -260.846008 148.996017
v 20.039501 -270.834015 128.403015
v 30.058502 -272.737000 122.275032
v 40.030304 -274.212006 115.954025
v 49.844002 -275.272003 109.459030
v 59.580605 -275.904999 102.794029
v 69.523300 -276.134003 95.690628
v 79.351105 -275.904999 88.429527
v 88.698708 -275.272003 81.229027
v 97.909103 -274.212006 73.902924
v 107.002007 -272.737000 66.372231
v 115.926003 -270.834015 58.737522
v 141.703003 -260.846008 46.042320
v 133.364014 -263.725006 53.880020
v 139.564011 -263.725006 34.799820
v 137.192001 -266.208008 23.487923
v 134.602005 -268.281006 12.162921
v 131.763000 -269.960022 0.725788
v 128.736008 -271.210022 -10.611681
v 125.492004 -272.048004 -21.948481
v 122.049004 -272.470001 -33.228180
v 118.271004 -272.470001 -44.856380
v 114.426003 -272.048004 -56.005684
v 110.387009 -271.210022 -67.083977
v 106.172005 -269.960022 -78.035378
v 101.746002 -268.281006 -88.956688
v 97.185005 -266.208008 -99.641586
v 92.454803 -263.725006 -110.186981
v 87.577606 -260.846008 -120.539986
v 76.224205 -263.725006 -121.978981
v 64.733101 -266.208008 -123.218987
v 53.161804 -268.281006 -124.254982
v 41.407303 -269.960022 -125.089981
v 29.689302 -271.210022 -125.713982
v 17.905001 -272.048004 -126.132980
v 6.113370 -272.470001 -126.343987
v -6.113290 -272.470001 -126.343987
v -17.904902 -272.048004 -126.132980
v -29.689201 -271.210022 -125.713982
v -41.407200 -269.960022 -125.089981
v -53.161701 -268.281006 -124.254982
v -64.733002 -266.208008 -123.218987
v -76.224106 -263.725006 -121.978981
v -87.577507 -260.846008 -120.539986
v -92.454704 -263.725006 -110.186981
v -102.567001 -261.262024 -107.061981
v -107.203003 -263.523010 -96.453278
v -111.673004 -265.378021 -85.695984
v -115.971008 -266.824005 -74.806580
v -120.091003 -267.858002 -63.801785
v -124.025009 -268.479004 -52.698681
v -127.768005 -268.686005 -41.514183
v -131.314011 -268.479004 -30.265781
v -134.657013 -267.858002 -18.970678
v -137.792999 -266.824005 -7.646370
v -140.716003 -265.378021 3.689790
v -143.423004 -263.523010 15.020221
v -145.908005 -261.262024 26.327520
v -148.168015 -258.598022 37.594219
v -150.200012 -255.536011 48.802921
v -141.968002 -258.598022 56.676823
v -133.517014 -261.262024 64.463226
v -124.860008 -263.523010 72.150230
v -116.011009 -265.378021 79.725922
v -106.982002 -266.824005 87.178825
v -97.789108 -267.858002 94.497131
v -88.445206 -268.479004 101.670029
v -78.964798 -268.686005 108.686028
v -69.362709 -268.479004 115.534027
v -59.653503 -267.858002 122.204025
v -49.852501 -266.824005 128.686020
v -39.974503 -265.378021 134.969025
v -30.035002 -263.523010 141.045029
v -20.049101 -261.262024 146.902023
v -10.032300 -258.598022 152.534027
v 10.031100 -263.725006 143.487015
v 20.056402 -266.208008 137.736023
v 30.026602 -268.281006 131.772018
v 40.026802 -269.960022 125.538033
v 49.874001 -271.210022 119.156029
v 59.653603 -272.048004 112.568031
v 69.317207 -272.470001 105.807030
v 79.208710 -272.470001 98.620827
v 88.624298 -272.048004 91.519325
v 97.912209 -271.210022 84.254227
v 107.025002 -269.960022 76.861320
v 116.044006 -268.281006 69.276924
v 124.797005 -266.208008 61.637421
v 150.200012 -255.536011 48.803020
v 141.968002 -258.598022 56.676823
v 148.168015 -258.598022 37.594219
v 145.908005 -261.262024 26.327520
v 143.423004 -263.523010 15.020221
v 140.716003 -265.378021 3.689800
v 137.792999 -266.824005 -7.646350
v 134.657013 -267.858002 -18.970678
v 131.314011 -268.479004 -30.265781
v 127.768005 -268.686005 -41.514183
v 124.025009 -268.479004 -52.698586
v 120.091003 -267.858002 -63.801785
v 115.971008 -266.824005 -74.806580
v 111.673004 -265.378021 -85.695984
v 107.203003 -263.523010 -96.453278
v 102.567001 -261.262024 -107.061981
v 97.773300 -258.598022 -117.504982
v 92.828804 -255.536026 -127.767982
v 81.540802 -258.598022 -129.298996
v 70.127007 -261.262024 -130.630997
v 58.605202 -263.523010 -131.761993
v 46.992901 -265.378021 -132.688995
v 35.308304 -266.824005 -133.411987
v 23.569201 -267.858002 -133.928986
v 11.793701 -268.479004 -134.238998
v 0.000040 -268.686005 -134.342987
v -11.793600 -268.479004 -134.238998
v -23.569101 -267.858002 -133.928986
v -35.308201 -266.824005 -133.411987
v -46.992901 -265.378021 -132.688995
v -58.605103 -263.523010 -131.761993
v -70.127007 -261.262024 -130.630997
v -81.540710 -258.598022 -129.298996
v -92.828705 -255.536026 -127.767982
v -97.773209 -258.598022 -117.504982
v -108.855003 -254.965027 -115.687981
v -113.595009 -257.454010 -105.135979
v -118.160004 -259.533020 -94.451683
v -122.615005 -261.217010 -83.492981
v -126.834007 -262.471008 -72.540878
v -130.880005 -263.313019 -61.453884
v -134.728012 -263.739014 -50.303482
v -138.565002 -263.739014 -38.494583
v -142.006012 -263.313019 -27.212282
v -145.249008 -262.471008 -15.864181
v -148.274002 -261.217010 -4.524141
v -151.111008 -259.533020 6.960200
v -153.698013 -257.454010 18.287321
v -156.065002 -254.965012 29.609921
v -158.200012 -252.079010 40.853920
v -158.517014 -249.920013 51.505322
v -152.000000 -252.079010 59.936523
v -143.664001 -254.965012 67.778023
v -135.093002 -257.454010 75.546730
v -126.342003 -259.533020 83.190025
v -117.297005 -261.217010 90.813423
v -108.184006 -262.471008 98.209732
v -98.890404 -263.313019 105.484032
v -89.474609 -263.739014 112.589027
v -79.429298 -263.739014 119.887032
v -69.762703 -263.313019 126.647026
v -59.972103 -262.471008 133.238022
v -50.121902 -261.217010 139.619019
v -40.076401 -259.533020 145.866028
v -30.103001 -257.454010 151.827026
v -20.066101 -254.964996 157.577026
v 0.000007 -255.535995 157.930023
v 10.032300 -258.598022 152.534027
v -10.032300 -252.078995 163.082016
v 0.000031 -249.919998 166.675018
v 20.049101 -261.262024 146.902023
v 30.035002 -263.523010 141.045029
v 39.974602 -265.378021 134.969025
v 49.852604 -266.824005 128.686020
v 59.653603 -267.858002 122.204025
v 69.362709 -268.479004 115.534027
v 78.964905 -268.686005 108.686028
v 88.445206 -268.479004 101.670029
v 97.789207 -267.858002 94.497131
v 106.982002 -266.824005 87.178825
v 116.011009 -265.378021 79.725922
v 124.860008 -263.523010 72.150230
v 133.517014 -261.262024 64.463226
v 158.517014 -249.920013 51.505322
v 152.000000 -252.079010 59.936523
v 158.201004 -252.079010 40.853920
v 156.065002 -254.965012 29.609921
v 153.698013 -257.454010 18.287321
v 151.111008 -259.533020 6.960160
v 148.274002 -261.217010 -4.524161
v 145.249008 -262.471008 -15.864080
v 142.006012 -263.313019 -27.212282
v 138.565002 -263.739014 -38.494583
v 134.728012 -263.739014 -50.303482
v 130.880005 -263.313019 -61.453884
v 126.834007 -262.471008 -72.540878
v 122.615005 -261.217010 -83.492981
v 118.160004 -259.533020 -94.451683
v 113.595009 -257.454010 -105.135979
v 108.855003 -254.965027 -115.687981
v 103.974007 -252.079025 -126.038994
v 97.968903 -249.920029 -134.841995
v 87.741005 -252.079025 -137.832993
v 76.387604 -254.965027 -139.276993
v 64.887505 -257.454010 -140.523987
v 53.315399 -259.533020 -141.563995
v 41.516399 -261.217010 -142.414993
v 29.796803 -262.471008 -143.041992
v 18.002001 -263.313019 -143.464996
v 6.208340 -263.739014 -143.677994
v -6.208260 -263.739014 -143.677994
v -18.001902 -263.313019 -143.464996
v -29.796701 -262.471008 -143.041992
v -41.516399 -261.217010 -142.414993
v -53.315399 -259.533020 -141.563995
v -64.887505 -257.454010 -140.523987
v -76.387505 -254.965027 -139.276993
v -87.741005 -252.079025 -137.832993
v -97.968803 -249.920029 -134.841995
v -103.974007 -252.079025 -126.038994
v -114.958008 -248.233032 -124.116989
v -119.796005 -250.935028 -113.669991
v -124.447006 -253.247025 -103.046982
v -129.008011 -255.148010 -92.175781
v -133.365005 -256.646027 -81.158684
v -137.521011 -257.699005 -70.138184
v -141.463013 -258.353027 -59.008984
v -145.421005 -258.572998 -47.250183
v -149.131012 -258.353027 -35.410782
v -152.483002 -257.699005 -24.089582
v -155.598007 -256.646027 -12.731081
v -158.549011 -255.148010 -1.257131
v -161.250015 -253.247009 10.218719
v -163.730011 -250.935013 21.547020
v -165.957001 -248.233017 32.841919
v -166.409012 -246.280014 43.522324
v -166.644012 -244.004013 54.146324
v -160.210007 -246.280014 62.602722
v -153.566010 -248.233017 70.977516
v -145.126007 -250.935013 78.806419
v -136.460007 -253.247009 86.513321
v -127.530006 -255.148010 94.210129
v -118.398003 -256.646027 101.758026
v -109.202003 -257.699005 109.116028
v -99.835403 -258.353027 116.305031
v -89.875298 -258.572998 123.703026
v -79.761703 -258.353027 130.889023
v -70.030304 -257.699005 137.576019
v -60.190502 -256.646027 144.049026
v -50.190105 -255.147995 150.401016
v -40.110401 -253.246994 156.516022
v -30.103102 -250.934998 162.375031
v -20.049002 -248.233002 167.983017
v -10.031100 -246.279999 171.714020
v 10.032300 -252.078995 163.082016
v 20.066200 -254.964996 157.577026
v 30.103102 -257.454010 151.827026
v 40.076504 -259.533020 145.866028
v 50.122002 -261.217010 139.619019
v 59.972202 -262.471008 133.238022
v 69.762802 -263.313019 126.647026
v 79.429405 -263.739014 119.887032
v 89.474609 -263.739014 112.589027
v 98.890503 -263.313019 105.484032
v 108.184006 -262.471008 98.209732
v 117.297005 -261.217010 90.813423
v 126.343002 -259.533020 83.190025
v 135.093002 -257.454010 75.546730
v 143.664001 -254.965012 67.778023
v 166.644012 -244.004013 54.145721
v 160.210007 -246.280014 62.602722
v 166.409012 -246.280014 43.522419
v 165.957001 -248.233017 32.841919
v 163.730011 -250.935013 21.547020
v 161.250015 -253.247009 10.218719
v 158.549011 -255.148010 -1.257161
v 155.598007 -256.646027 -12.730982
v 152.483002 -257.699005 -24.089582
v 149.131012 -258.353027 -35.410782
v 145.421005 -258.572998 -47.250183
v 141.463013 -258.353027 -59.008984
v 137.521011 -257.699005 -70.138184
v 133.365005 -256.646027 -81.158684
v 129.008011 -255.148010 -92.175880
v 124.448006 -253.247025 -103.046982
v 119.796005 -250.935028 -113.669991
v 114.958008 -248.233032 -124.116989
v 109.046005 -246.280029 -133.022995
v 102.992004 -244.004028 -141.755997
v 92.815605 -246.280029 -144.815994
v 82.518005 -248.233032 -147.685989
v 71.087898 -250.935028 -149.057999
v 59.547504 -253.247025 -150.199997
v 47.798801 -255.148026 -151.177994
v 35.974602 -256.646027 -151.916992
v 24.209200 -257.699005 -152.463989
v 12.406301 -258.353027 -152.773987
v 0.000040 -258.572998 -152.904999
v -12.406301 -258.353027 -152.773987
v -24.209200 -257.699005 -152.463989
v -35.974503 -256.646027 -151.916992
v -47.798801 -255.148026 -151.177994
v -59.547504 -253.247025 -150.199997
v -71.087799 -250.935028 -149.057999
v -82.518005 -248.233032 -147.685989
v -92.815506 -246.280029 -144.815994
v -102.992004 -244.004028 -141.755997
v -109.046005 -246.280029 -133.022995
v -119.974007 -242.246033 -131.007996
v -125.765007 -244.005020 -122.002991
v -130.524002 -246.533020 -111.467987
v -135.209000 -248.628006 -100.709991
v -139.680008 -250.345016 -89.762985
v -143.904007 -251.671005 -78.696785
v -147.964005 -252.537018 -67.616287
v -152.064011 -252.958008 -55.936584
v -155.901001 -252.958008 -44.127586
v -159.449005 -252.537018 -32.268181
v -162.678009 -251.671005 -20.917883
v -165.765015 -250.345016 -9.481691
v -168.582001 -248.628006 2.002839
v -171.115005 -246.533005 13.460020
v -173.458008 -244.005005 24.779219
v -174.066010 -242.246017 35.468918
v -174.439011 -240.172012 46.135220
v -174.572006 -237.797012 56.721622
v -168.242004 -240.172012 65.208717
v -161.670013 -242.246017 73.618317
v -154.895004 -244.005005 81.909119
v -146.347000 -246.533005 89.689819
v -137.563004 -248.628006 97.470016
v -128.533005 -250.345001 105.105019
v -119.314003 -251.670990 112.543022
v -110.030006 -252.537003 119.827019
v -100.189003 -252.957993 127.337029
v -90.144005 -252.957993 134.635025
v -79.961403 -252.537003 141.674026
v -70.164299 -251.670990 148.252029
v -60.241703 -250.345001 154.721024
v -50.190002 -248.627991 160.950027
v -40.076302 -246.532990 166.900024
v -30.034903 -244.004990 172.625031
v -20.056301 -242.246002 176.507019
v 0.000350 -244.003998 175.220016
v 10.031200 -246.279999 171.714020
v -10.027500 -240.171997 180.158020
v -0.000124 -237.796997 183.555023
v 20.049101 -248.233002 167.983017
v 30.103102 -250.934998 162.375031
v 40.110500 -253.246994 156.515030
v 50.190201 -255.147995 150.401016
v 60.190502 -256.646027 144.049026
v 70.030403 -257.699005 137.576019
v 79.761803 -258.353027 130.889023
v 89.875298 -258.572998 123.703026
v 99.835503 -258.353027 116.305031
v 109.202003 -257.699005 109.116028
v 118.399002 -256.646027 101.758026
v 127.530006 -255.148010 94.210129
v 136.460007 -253.247009 86.513229
v 145.126007 -250.935013 78.806419
v 153.566010 -248.233017 70.977516
v 174.572006 -237.797012 56.721920
v 168.242004 -240.172012 65.208717
v 174.439011 -240.172012 46.135220
v 174.066010 -242.246017 35.468822
v 173.458008 -244.005005 24.779219
v 171.115005 -246.533005 13.459920
v 168.582001 -248.628006 2.002799
v 165.765015 -250.345016 -9.481731
v 162.678009 -251.671005 -20.917883
v 159.449005 -252.537018 -32.268181
v 155.902008 -252.958008 -44.127586
v 152.065002 -252.958008 -55.936584
v 147.964005 -252.537018 -67.616287
v 143.905014 -251.671005 -78.696785
v 139.680008 -250.345016 -89.763092
v 135.209000 -248.628006 -100.710991
v 130.524002 -246.533020 -111.467987
v 125.765007 -244.005020 -122.002991
v 119.974007 -242.246033 -131.007996
v 114.007004 -240.172028 -139.856995
v 107.891006 -237.797028 -148.498993
v 97.781906 -240.172028 -151.644989
v 87.522102 -242.246033 -154.585999
v 77.167801 -244.005020 -157.310989
v 65.678703 -246.533020 -158.580994
v 53.999603 -248.628021 -159.711990
v 42.206402 -250.345032 -160.580994
v 30.376200 -251.671021 -161.179993
v 18.583601 -252.537033 -161.616989
v 6.208370 -252.958023 -161.906998
v -6.208290 -252.958023 -161.906998
v -18.583601 -252.537033 -161.616989
v -30.376200 -251.671021 -161.179993
v -42.206402 -250.345032 -160.580994
v -53.999603 -248.628021 -159.711990
v -65.678703 -246.533020 -158.580994
v -77.167801 -244.005020 -157.310989
v -87.522102 -242.246033 -154.585999
v -97.781906 -240.172028 -151.644989
v -107.891006 -237.797028 -148.498993
v -114.007004 -240.172028 -139.856995
v -124.845009 -235.968033 -137.741989
v -130.697006 -237.840027 -128.804993
v -136.379013 -239.401031 -119.699989
v -141.179001 -241.699020 -109.042992
v -145.757004 -243.617004 -98.214493
v -150.105011 -245.151016 -87.231384
v -154.218002 -246.301010 -76.111092
v -158.449005 -246.930008 -64.495590
v -162.411011 -247.140015 -52.770584
v -166.098007 -246.930008 -40.955982
v -169.502014 -246.301010 -29.071783
v -172.711014 -245.151016 -17.657982
v -175.649002 -243.617004 -6.216312
v -178.310013 -241.699005 5.235168
v -180.691010 -239.401016 16.678318
v -181.446014 -237.840012 27.383518
v -181.965012 -235.968018 38.053219
v -182.246002 -233.789017 48.673122
v -182.290009 -231.306015 59.230122
v -176.050003 -233.789017 67.744316
v -169.580002 -235.968018 76.170624
v -162.889008 -237.840012 84.497620
v -155.985001 -239.401016 92.714523
v -147.333008 -241.699005 100.573021
v -138.449005 -243.616989 108.273018
v -129.347000 -245.151001 115.803024
v -120.042007 -246.300995 123.150024
v -110.302002 -246.929993 130.764023
v -100.376007 -247.139999 138.155029
v -90.278404 -246.929993 145.312027
v -80.027901 -246.300995 152.222015
v -70.164398 -245.151001 158.801025
v -60.190502 -243.616989 165.131027
v -50.121902 -241.698990 171.201019
v -39.974602 -239.401001 177.001022
v -30.026602 -237.839996 181.027023
v -20.039501 -235.968002 184.818024
v -10.026300 -233.789001 188.367020
v 10.027600 -240.171997 180.158020
v 20.056402 -242.246002 176.507019
v 30.035002 -244.004990 172.625031
v 40.076504 -246.532990 166.900024
v 50.190105 -248.627991 160.950027
v 60.241802 -250.345001 154.721024
v 70.164398 -251.670990 148.252029
v 79.961403 -252.537003 141.674026
v 90.144104 -252.957993 134.635025
v 100.189003 -252.957993 127.337029
v 110.030006 -252.537003 119.827019
v 119.314003 -251.670990 112.543022
v 128.533005 -250.345001 105.105019
v 137.563004 -248.628006 97.470016
v 146.347000 -246.533005 89.689819
v 154.895004 -244.005005 81.909119
v 161.670013 -242.246017 73.618317
v 182.291016 -231.306015 59.229523
v 176.050003 -233.789017 67.744415
v 182.246002 -233.789017 48.673222
v 181.965012 -235.968018 38.053219
v 181.446014 -237.840012 27.383617
v 180.691010 -239.401016 16.678318
v 178.310013 -241.699005 5.235138
v 175.649002 -243.617004 -6.216292
v 172.711014 -245.151016 -17.657982
v 169.502014 -246.301010 -29.071783
v 166.098007 -246.930008 -40.955982
v 162.411011 -247.140015 -52.770584
v 158.449005 -246.930008 -64.495590
v 154.218002 -246.301010 -76.111092
v 150.105011 -245.151016 -87.231384
v 145.757004 -243.617004 -98.214493
v 141.179001 -241.699020 -109.042992
v 136.379013 -239.401031 -119.699989
v 130.697006 -237.840027 -128.804993
v 124.846008 -235.968033 -137.741989
v 118.831009 -233.789032 -146.498993
v 112.662003 -231.306030 -155.065994
v 102.608002 -233.789032 -158.285995
v 92.420906 -235.968033 -161.299988
v 82.113304 -237.840027 -164.102997
v 71.698608 -239.401031 -166.692993
v 60.079700 -241.699020 -167.964996
v 48.366402 -243.617020 -168.972992
v 36.577003 -245.151031 -169.714996
v 24.730001 -246.301025 -170.189987
v 12.375600 -246.930023 -170.623993
v 0.000040 -247.140030 -170.768997
v -12.375501 -246.930023 -170.623993
v -24.730001 -246.301025 -170.189987
v -36.576900 -245.151031 -169.714996
v -48.366302 -243.617020 -168.972992
v -60.079700 -241.699020 -167.964996
v -71.698502 -239.401031 -166.692993
v -82.113205 -237.840027 -164.102997
v -92.420906 -235.968033 -161.299988
v -102.608002 -233.789032 -158.285995
v -112.662003 -231.306030 -155.064987
v -118.831009 -233.789032 -146.498993
v -129.638000 -229.345032 -144.343994
v -135.562012 -231.338028 -135.446991
v -141.309006 -233.014023 -126.396988
v -146.782013 -234.427032 -117.213989
v -151.484009 -236.552032 -106.468987
v -155.972000 -238.298004 -95.534691
v -160.215012 -239.655014 -84.479195
v -164.658005 -240.401016 -73.041283
v -168.759003 -240.822006 -61.361382
v -172.596008 -240.822006 -49.551483
v -176.144012 -240.401016 -37.691784
v -179.273010 -239.655014 -25.827084
v -182.338013 -238.298004 -14.388983
v -185.134003 -236.552017 -2.904612
v -187.645004 -234.427017 8.551759
v -188.616013 -233.014008 19.198318
v -189.286011 -231.338013 29.897518
v -189.723007 -229.345016 40.577621
v -189.918015 -227.050018 51.181217
v -189.791016 -224.537018 61.666618
v -183.730011 -227.050018 70.224617
v -177.340012 -229.345016 78.688316
v -170.709015 -231.338013 87.072121
v -163.878006 -233.014008 95.333725
v -156.835007 -234.427002 103.377022
v -148.070007 -236.552002 111.169022
v -139.057007 -238.297989 118.817024
v -129.854004 -239.654999 126.268021
v -120.348007 -240.401001 134.028015
v -110.508003 -240.821991 141.537018
v -100.461006 -240.821991 148.836029
v -90.278404 -240.401001 155.875015
v -79.961304 -239.654999 162.518021
v -70.030304 -238.297989 168.967026
v -59.972103 -236.552002 175.176025
v -49.852402 -234.427002 181.104019
v -40.026703 -233.013992 185.317017
v -30.058401 -231.337997 189.261017
v -20.036001 -229.345001 192.976028
v 0.000357 -231.306000 191.672028
v 10.026300 -233.789001 188.367020
v -10.011701 -227.050003 196.439026
v -0.000095 -224.537003 199.558029
v 20.039501 -235.968002 184.818024
v 30.026701 -237.839996 181.027023
v 39.974602 -239.401001 177.001022
v 50.122002 -241.698990 171.201019
v 60.190502 -243.616989 165.131027
v 70.164398 -245.151001 158.801025
v 80.028008 -246.300995 152.222015
v 90.278503 -246.929993 145.312027
v 100.376007 -247.139999 138.155029
v 110.302002 -246.929993 130.764023
v 120.042007 -246.300995 123.150024
v 129.347000 -245.151001 115.803024
v 138.449005 -243.616989 108.273018
v 147.333008 -241.699005 100.573021
v 155.985001 -239.401016 92.714523
v 162.889008 -237.840012 84.497620
v 169.580002 -235.968018 76.170624
v 189.791016 -224.537018 61.666916
v 183.730011 -227.050018 70.224617
v 189.918015 -227.050018 51.181118
v 189.723007 -229.345016 40.577621
v 189.286011 -231.338013 29.897518
v 188.616013 -233.014008 19.198318
v 187.645004 -234.427017 8.551749
v 185.134003 -236.552017 -2.904612
v 182.338013 -238.298004 -14.388983
v 179.273010 -239.655014 -25.827084
v 176.144012 -240.401016 -37.691784
v 172.596008 -240.822006 -49.551483
v 168.759003 -240.822006 -61.361382
v 164.658005 -240.401016 -73.041283
v 160.215012 -239.655014 -84.479286
v 155.972000 -238.298004 -95.534691
v 151.484009 -236.552032 -106.468987
v 146.782013 -234.427032 -117.213989
v 141.309006 -233.014023 -126.396988
v 135.562012 -231.338028 -135.446991
v 129.638000 -229.345032 -144.343994
v 123.563004 -227.050034 -153.036987
v 117.297005 -224.537033 -161.445999
v 107.364006 -227.050034 -164.806992
v 97.219109 -229.345032 -167.897995
v 86.926903 -231.338028 -170.782990
v 76.544106 -233.014023 -173.450989
v 66.118797 -234.427032 -175.819000
v 54.447201 -236.552032 -176.970993
v 42.660900 -238.298019 -177.860001
v 30.835302 -239.655029 -178.478989
v 18.584402 -240.401031 -179.169998
v 6.208900 -240.822021 -179.460999
v -6.208820 -240.822021 -179.460999
v -18.584301 -240.401031 -179.169998
v -30.835302 -239.655029 -178.478989
v -42.660801 -238.298019 -177.860001
v -54.447201 -236.552032 -176.970993
v -66.118797 -234.427032 -175.819000
v -76.544106 -233.014023 -173.450989
v -86.926804 -231.338028 -170.782990
v -97.219109 -229.345032 -167.897995
v -107.364006 -227.050034 -164.806992
v -117.297005 -224.537033 -161.445999
v -123.563004 -227.050034 -153.036987
v -134.272003 -222.440033 -150.769989
v -140.261002 -224.539032 -141.947998
v -146.067001 -226.344025 -132.939987
v -151.610001 -227.865021 -123.822990
v -156.959015 -229.092026 -114.545990
v -161.580002 -231.034027 -103.707993
v -165.946014 -232.610016 -92.706787
v -170.525009 -233.547012 -81.345192
v -174.818008 -234.094009 -69.847488
v -178.805008 -234.294006 -58.097183
v -182.486008 -234.094009 -46.247784
v -185.771011 -233.547012 -34.422382
v -188.745010 -232.610016 -22.539385
v -191.679016 -231.034012 -11.072483
v -194.311005 -229.092010 0.411984
v -195.436005 -227.865005 11.060617
v -196.310013 -226.344009 21.695019
v -196.908005 -224.539017 32.394817
v -197.248016 -222.440018 43.052017
v -197.283005 -220.112015 53.575317
v -197.064011 -217.500015 64.029716
v -191.097015 -220.112015 72.616623
v -184.883011 -222.440018 81.109818
v -178.343002 -224.539017 89.532021
v -171.570007 -226.344009 97.836922
v -164.613007 -227.864990 105.927017
v -157.443008 -229.091995 113.880020
v -148.564011 -231.033997 121.624023
v -139.450012 -232.610001 129.176025
v -130.059006 -233.546997 137.042023
v -120.451004 -234.093994 144.678024
v -110.508003 -234.293991 152.101028
v -100.376007 -234.093994 159.264023
v -79.761703 -232.610001 172.542023
v -90.144104 -233.546997 166.042023
v -69.762703 -231.033997 178.876022
v -59.653503 -229.091995 184.928024
v -49.873901 -227.864990 189.289017
v -40.030102 -226.343994 193.407028
v -30.038803 -224.539001 197.282028
v -20.008200 -222.440002 200.898026
v -10.010700 -220.112000 204.183029
v 10.011800 -227.050003 196.438019
v 20.036001 -229.345001 192.976028
v 30.058502 -231.337997 189.261017
v 40.026802 -233.013992 185.317017
v 49.852501 -234.427002 181.104019
v 59.972202 -236.552002 175.176025
v 70.030403 -238.297989 168.967026
v 79.961403 -239.654999 162.517029
v 90.278503 -240.401001 155.875015
v 100.461006 -240.821991 148.836029
v 110.508003 -240.821991 141.537018
v 120.349007 -240.401001 134.028015
v 129.854004 -239.654999 126.268021
v 139.057007 -238.297989 118.817024
v 148.070007 -236.552002 111.169022
v 156.835007 -234.427002 103.377022
v 163.878006 -233.014008 95.333725
v 170.709015 -231.338013 87.072121
v 177.340012 -229.345016 78.688316
v 197.064011 -217.500015 64.030220
v 191.096008 -220.112015 72.616920
v 197.283005 -220.112015 53.575718
v 197.249008 -222.440018 43.052319
v 196.908005 -224.539017 32.394817
v 196.311005 -226.344009 21.694918
v 195.436005 -227.865005 11.060517
v 194.311005 -229.092010 0.411936
v 191.679016 -231.034012 -11.072483
v 188.745010 -232.610016 -22.539385
v 185.771011 -233.547012 -34.422382
v 182.486008 -234.094009 -46.247784
v 178.805008 -234.294006 -58.097183
v 174.818008 -234.094009 -69.847488
v 170.525009 -233.547012 -81.345192
v 165.946014 -232.610016 -92.706787
v 161.580002 -231.034027 -103.707993
v 156.959015 -229.092026 -114.545990
v 151.610001 -227.865021 -123.822990
v 146.067001 -226.344025 -132.939987
v 140.261002 -224.539032 -141.947998
v 134.272003 -222.440033 -150.768997
v 128.115005 -220.112030 -159.302994
v 121.792007 -217.500031 -167.631989
v 111.917007 -220.112030 -171.071991
v 101.898003 -222.440033 -174.291000
v 91.657402 -224.539032 -177.259995
v 81.296402 -226.344025 -179.997986
v 70.912399 -227.865021 -182.452988
v 60.437103 -229.092026 -184.672989
v 48.701603 -231.034027 -185.718994
v 36.889202 -232.610031 -186.472000
v 24.668802 -233.547028 -187.315994
v 12.407201 -234.094025 -187.845993
v 0.000040 -234.294022 -188.006989
v -12.407100 -234.094025 -187.845993
v -24.668802 -233.547028 -187.315994
v -36.889202 -232.610031 -186.472000
v -48.701603 -231.034027 -185.718994
v -60.437103 -229.092026 -184.672989
v -70.912399 -227.865021 -182.452988
v -81.296402 -226.344025 -179.997986
v -91.657303 -224.539032 -177.259995
v -101.898003 -222.440033 -174.291000
v -111.917007 -220.112030 -171.071991
v -121.792007 -217.500031 -167.632996
v -128.115005 -220.112030 -159.303986
v -138.748001 -215.325027 -156.919998
v -144.770004 -217.482025 -148.266998
v -150.647003 -219.398026 -139.320984
v -156.271011 -221.008026 -130.287994
v -161.695007 -222.347031 -121.064987
v -166.893005 -223.404022 -111.701988
v -171.401001 -225.178009 -100.779991
v -176.134003 -226.281006 -89.521988
v -180.570007 -227.019012 -78.081284
v -184.682007 -227.389008 -66.535088
v -188.519012 -227.389008 -54.725182
v -191.979004 -227.019012 -42.967384
v -195.115005 -226.281006 -31.103785
v -197.904007 -225.178009 -19.214184
v -200.676010 -223.404007 -7.728524
v -201.974014 -222.347015 2.901897
v -203.007004 -221.008011 13.552116
v -203.766006 -219.398010 24.165117
v -204.271011 -217.482010 34.856415
v -204.485016 -215.325012 45.397415
v -204.431015 -212.893005 55.902618
v -204.102005 -210.202011 66.316917
v -198.246002 -212.893005 74.935318
v -192.116013 -215.325012 83.466522
v -185.747009 -217.482010 91.868019
v -179.054016 -219.398010 100.221024
v -172.202011 -221.007996 108.361023
v -165.106003 -222.347000 116.370018
v -157.808014 -223.403992 124.207024
v -148.813004 -225.177994 131.869019
v -139.569000 -226.280991 139.849014
v -130.059006 -227.018997 147.604019
v -120.349007 -227.388992 155.083023
v -110.302002 -227.388992 162.381027
v -89.875206 -226.280991 175.954025
v -100.189003 -227.018997 169.306030
v -79.429405 -225.177994 182.280029
v -69.362709 -223.403992 188.466019
v -59.653503 -222.347000 192.985031
v -49.843903 -221.007996 197.259018
v -39.984901 -219.397995 201.261032
v -29.972803 -217.481995 205.044022
v -20.014002 -215.324997 208.506027
v -0.000191 -217.500000 207.205032
v 10.010401 -220.112000 204.183029
v -10.006001 -212.892990 211.700027
v 0.000256 -210.201996 214.605026
v 20.008001 -222.440002 200.898026
v 30.038803 -224.539001 197.282028
v 40.030201 -226.343994 193.407028
v 49.874001 -227.864990 189.289017
v 59.653603 -229.091995 184.928024
v 69.762802 -231.033997 178.876022
v 79.761803 -232.610001 172.542023
v 90.144211 -233.546997 166.042023
v 100.376007 -234.093994 159.264023
v 110.508003 -234.293991 152.101028
v 120.451004 -234.093994 144.678024
v 130.059006 -233.546997 137.042023
v 139.450012 -232.610001 129.176025
v 148.564011 -231.033997 121.624023
v 157.443008 -229.091995 113.880020
v 164.613007 -227.864990 105.927017
v 171.571014 -226.344009 97.836922
v 178.343002 -224.539017 89.532021
v 184.883011 -222.440018 81.109917
v 204.102005 -210.202011 66.316521
v 198.247009 -212.893005 74.935219
v 204.431015 -212.893005 55.902416
v 204.485016 -215.325012 45.397118
v 204.271011 -217.482010 34.856415
v 203.766006 -219.398010 24.165117
v 203.007004 -221.008011 13.552116
v 201.974014 -222.347015 2.901867
v 200.676010 -223.404007 -7.728484
v 197.904007 -225.178009 -19.214184
v 195.115005 -226.281006 -31.103785
v 191.980011 -227.019012 -42.967384
v 188.519012 -227.389008 -54.725182
v 184.682007 -227.389008 -66.535088
v 180.570007 -227.019012 -78.081284
v 176.134003 -226.281006 -89.522087
v 171.401001 -225.178009 -100.779991
v 166.893005 -223.404022 -111.701988
v 161.695007 -222.347031 -121.064987
v 156.271011 -221.008026 -130.288986
v 150.647003 -219.398026 -139.320984
v 144.771011 -217.482025 -148.266998
v 138.748001 -215.325027 -156.920990
v 132.529007 -212.893021 -165.386993
v 126.142006 -210.202026 -173.618988
v 116.339005 -212.893021 -177.149994
v 106.365005 -215.325027 -180.448990
v 96.273506 -217.482025 -183.501999
v 85.949707 -219.398026 -186.325989
v 75.621506 -221.008026 -188.883987
v 65.173203 -222.347031 -191.192001
v 54.662201 -223.404022 -193.242996
v 42.881802 -225.178024 -194.154999
v 30.712303 -226.281021 -195.176987
v 18.460501 -227.019028 -195.860992
v 6.208870 -227.389023 -196.202988
v -6.208790 -227.389023 -196.202988
v -18.460501 -227.019028 -195.860992
v -30.712303 -226.281021 -195.176987
v -42.881702 -225.178024 -194.154999
v -54.662106 -223.404022 -193.242996
v -65.173203 -222.347031 -191.192001
v -75.621506 -221.008026 -188.883987
v -85.949608 -219.398026 -186.325989
v -96.273506 -217.482025 -183.501999
v -106.365005 -215.325027 -180.448990
v -116.339005 -212.893021 -177.149994
v -126.142006 -210.202026 -173.618988
v -132.529007 -212.893021 -165.386993
v -143.058014 -207.952026 -162.881989
v -149.146011 -210.203018 -154.305984
v -155.043015 -212.185028 -145.531998
v -160.741013 -213.894028 -136.570984
v -166.233002 -215.330032 -127.434990
v -171.512009 -216.489029 -118.135994
v -176.571014 -217.371033 -108.685989
v -181.446014 -218.650009 -97.516190
v -186.020004 -219.565018 -86.184486
v -190.284012 -220.115005 -74.709282
v -194.232010 -220.298004 -63.109787
v -197.856003 -220.115005 -51.405186
v -201.151016 -219.565018 -39.615185
v -204.112015 -218.650009 -27.759184
v -206.732010 -217.371017 -15.856984
v -208.195007 -216.489014 -5.237714
v -209.390015 -215.330017 5.388216
v -210.317017 -213.894012 16.007416
v -210.974014 -212.185013 26.605917
v -211.361008 -210.203003 37.170319
v -211.476013 -207.952011 47.687218
v -211.321014 -205.434006 58.143017
v -210.895004 -202.653015 68.523819
v -205.138016 -205.434006 77.172920
v -199.118011 -207.952011 85.723022
v -192.842010 -210.203003 94.163223
v -186.320007 -212.184998 102.483017
v -179.559006 -213.893997 110.671021
v -172.567001 -215.330002 118.717018
v -165.354004 -216.488998 126.611023
v -157.930008 -217.371002 134.343018
v -148.813004 -218.649994 142.432022
v -139.450012 -219.565002 150.283020
v -129.854004 -220.114990 157.885025
v -120.042007 -220.297989 165.224030
v -99.835503 -219.565002 179.065018
v -110.030006 -220.114990 172.288025
v -89.474609 -218.649994 185.544022
v -78.964798 -217.371002 191.714020
v -69.317108 -216.488998 196.386032
v -59.580502 -215.330002 200.807022
v -49.767502 -213.893997 204.970032
v -39.890804 -212.184998 208.870026
v -29.963001 -210.202988 212.502029
v -19.996500 -207.951996 215.862030
v -10.004500 -205.433990 218.945023
v 10.006201 -212.892990 211.700027
v 20.014400 -215.324997 208.506027
v 29.972902 -217.481995 205.044022
v 39.984901 -219.397995 201.261032
v 49.844002 -221.007996 197.259018
v 59.653603 -222.347000 192.985031
v 69.362709 -223.403992 188.466019
v 79.429405 -225.177994 182.280029
v 89.875298 -226.280991 175.954025
v 100.189003 -227.018997 169.306030
v 110.303009 -227.388992 162.381027
v 120.349007 -227.388992 155.083023
v 130.059006 -227.018997 147.604019
v 139.569000 -226.280991 139.849014
v 148.814011 -225.177994 131.869019
v 157.808014 -223.403992 124.207024
v 165.106003 -222.347000 116.370018
v 172.202011 -221.007996 108.361023
v 179.054016 -219.398010 100.221024
v 185.747009 -217.482010 91.868019
v 192.116013 -215.325012 83.466316
v 210.895004 -202.653015 68.524017
v 205.138016 -205.434006 77.172813
v 211.321014 -205.434006 58.142818
v 211.476013 -207.952011 47.687119
v 211.361008 -210.203003 37.170414
v 210.974014 -212.185013 26.605917
v 210.317017 -213.894012 16.007317
v 209.390015 -215.330017 5.388247
v 208.195007 -216.489014 -5.237734
v 206.733017 -217.371017 -15.856984
v 204.112015 -218.650009 -27.759184
v 201.152008 -219.565018 -39.615185
v 197.856003 -220.115005 -51.405289
v 194.232010 -220.298004 -63.109787
v 190.284012 -220.115005 -74.709282
v 186.020004 -219.565018 -86.184387
v 181.446014 -218.650009 -97.516190
v 176.571014 -217.371033 -108.685989
v 171.512009 -216.489029 -118.135994
v 166.233002 -215.330032 -127.434990
v 160.741013 -213.894028 -136.570984
v 155.043015 -212.185028 -145.531998
v 149.146011 -210.203018 -154.305984
v 143.058014 -207.952026 -162.881989
v 136.787003 -205.434021 -171.250000
v 130.340012 -202.653030 -179.397995
v 120.599007 -205.434021 -183.010986
v 110.703003 -207.952026 -186.389999
v 100.665009 -210.203018 -189.529999
v 90.498207 -212.185028 -192.425995
v 80.215302 -213.894028 -195.075989
v 69.829605 -215.330032 -197.476990
v 59.354305 -216.489029 -199.623001
v 48.803001 -217.371033 -201.513992
v 36.673500 -218.650024 -202.699997
v 24.483002 -219.565033 -203.547989
v 12.251700 -220.115021 -204.057999
v 0.000039 -220.298019 -204.227997
v -12.251700 -220.115021 -204.057999
v -24.482901 -219.565033 -203.547989
v -36.673401 -218.650024 -202.699997
v -48.802902 -217.371033 -201.513992
v -59.354305 -216.489029 -199.623001
v -69.829506 -215.330032 -197.476990
v -80.215302 -213.894028 -195.075989
v -90.498207 -212.185028 -192.425995
v -100.665009 -210.203018 -189.529999
v -110.703003 -207.952026 -186.389999
v -120.599007 -205.434021 -183.010986
v -130.340012 -202.653030 -179.397995
v -136.787003 -205.434021 -171.250000
v -147.358002 -199.986023 -168.911987
v -153.530014 -202.348022 -160.387985
v -159.501007 -204.433029 -151.679993
v -165.328003 -206.277023 -142.675995
v -170.897003 -207.814026 -133.595993
v -176.264008 -209.079025 -124.325989
v -181.403015 -210.062027 -114.921989
v -185.976013 -211.004028 -105.501991
v -190.708008 -212.105011 -94.244286
v -195.144012 -212.843018 -82.807190
v -199.255005 -213.212006 -71.261688
v -203.087006 -213.212006 -59.467091
v -206.547012 -212.843018 -47.710087
v -212.470016 -211.004013 -23.961086
v -209.681015 -212.105011 -35.849987
v -214.308014 -210.062012 -13.651984
v -215.678009 -209.079010 -3.023134
v -216.784012 -207.814011 7.630876
v -217.616013 -206.277008 18.249817
v -218.194016 -204.433014 28.959818
v -218.482010 -202.348007 39.513416
v -218.499008 -199.986008 50.038120
v -218.243011 -197.366013 60.473118
v -217.436005 -194.861008 70.649521
v -212.107010 -197.366013 79.356415
v -206.181015 -199.986008 87.949120
v -199.981003 -202.348007 96.453125
v -193.545013 -204.432999 104.823021
v -186.782013 -206.276993 113.147018
v -179.867004 -207.813995 121.249023
v -172.710007 -209.078995 129.218018
v -165.354004 -210.061996 137.012024
v -157.808014 -211.003998 144.272018
v -148.564011 -212.104996 152.251022
v -139.057007 -212.843002 160.004028
v -129.347000 -213.211990 167.482025
v -109.202003 -212.843002 181.695023
v -119.314003 -213.211990 174.771027
v -88.445206 -211.003998 194.667023
v -98.890404 -212.104996 188.341019
v -79.208603 -210.061996 199.600021
v -69.523300 -209.078995 204.188019
v -59.732605 -207.813995 208.532028
v -49.890503 -206.276993 212.605026
v -39.883400 -204.432999 216.464020
v -29.935001 -202.347992 219.999023
v -19.930901 -199.985992 223.268021
v -0.000066 -202.653000 221.748032
v 10.004800 -205.433990 218.945023
v -9.927401 -197.365997 226.248032
v 0.000411 -194.860992 228.626022
v 19.996700 -207.951996 215.862030
v 29.963001 -210.202988 212.502029
v 39.890900 -212.184998 208.870026
v 49.767605 -213.893997 204.970032
v 59.580605 -215.330002 200.807022
v 69.317207 -216.488998 196.386032
v 78.964798 -217.371002 191.714020
v 89.474709 -218.649994 185.544022
v 99.835609 -219.565002 179.065018
v 110.030006 -220.114990 172.288025
v 120.042007 -220.297989 165.224030
v 129.854004 -220.114990 157.885025
v 139.450012 -219.565002 150.283020
v 148.814011 -218.649994 142.432022
v 157.930008 -217.371002 134.343018
v 165.354004 -216.488998 126.611023
v 172.567001 -215.330002 118.717018
v 179.559006 -213.893997 110.671021
v 186.320007 -212.184998 102.483017
v 192.842010 -210.203003 94.163315
v 199.118011 -207.952011 85.723022
v 217.436005 -194.861008 70.648819
v 212.107010 -197.366013 79.356224
v 218.243011 -197.366013 60.472820
v 218.499008 -199.986008 50.038017
v 218.482010 -202.348007 39.513718
v 218.194016 -204.433014 28.959818
v 217.616013 -206.277008 18.249916
v 216.784012 -207.814011 7.630916
v 215.678009 -209.079010 -3.023134
v 214.308014 -210.062012 -13.651984
v 212.470016 -211.004013 -23.961086
v 209.681015 -212.105011 -35.849987
v 206.547012 -212.843018 -47.710087
v 203.087006 -213.212006 -59.467091
v 199.255005 -213.212006 -71.261688
v 195.144012 -212.843018 -82.807091
v 185.976013 -211.004028 -105.501991
v 190.708008 -212.105011 -94.244286
v 181.403015 -210.062027 -114.921989
v 176.264008 -209.079025 -124.325989
v 170.897003 -207.814026 -133.595993
v 165.328003 -206.277023 -142.675995
v 159.501007 -204.433029 -151.679993
v 153.530014 -202.348022 -160.386993
v 147.358002 -199.986023 -168.911987
v 141.017014 -197.366028 -177.203995
v 134.382004 -194.861023 -184.961990
v 124.954002 -197.366028 -188.873993
v 115.109009 -199.986023 -192.341995
v 105.094002 -202.348022 -195.577988
v 94.968208 -204.433029 -198.565994
v 84.603798 -206.277023 -201.325989
v 74.247505 -207.814026 -203.815994
v 63.772900 -209.079025 -206.056000
v 53.241001 -210.062027 -208.037994
v 42.868504 -211.004028 -209.474991
v 30.699701 -212.105026 -210.496994
v 18.451700 -212.843033 -211.181000
v 6.200800 -213.212021 -211.524002
v -6.200720 -213.212021 -211.524002
v -18.451601 -212.843033 -211.181000
v -42.868504 -211.004028 -209.474991
v -30.699701 -212.105026 -210.496994
v -53.241001 -210.062027 -208.037994
v -63.772900 -209.079025 -206.056000
v -74.247398 -207.814026 -203.815994
v -84.603706 -206.277023 -201.325989
v -94.968208 -204.433029 -198.565994
v -105.094002 -202.348022 -195.577988
v -115.109009 -199.986023 -192.341995
v -124.954002 -197.366028 -188.873993
v -134.383011 -194.861023 -184.961990
v -141.017014 -197.366028 -177.202988
v -157.709015 -194.211029 -166.282990
v -163.751007 -196.414032 -157.630997
v -169.657013 -198.352020 -148.704987
v -175.341003 -200.030029 -139.584991
v -180.788010 -201.386032 -130.381989
v -186.003006 -202.482025 -121.011993
v -190.665009 -203.521027 -111.651993
v -195.094009 -204.310028 -102.154991
v -199.696014 -205.222015 -90.804283
v -203.965012 -205.791016 -79.301590
v -207.971008 -205.966003 -67.573784
v -211.623016 -205.791016 -55.730988
v -214.931015 -205.222015 -43.916286
v -217.880005 -204.310013 -32.028187
v -219.879013 -203.521011 -21.742186
v -221.609009 -202.482010 -11.429585
v -223.716003 -186.836014 72.689720
v -206.879013 -194.211014 98.606224
v -200.518005 -196.414001 107.026024
v -193.854004 -198.351990 115.401024
v -186.936005 -200.029999 123.625023
v -179.867004 -201.386002 131.650024
v -172.567001 -202.481995 139.505020
v -165.106003 -203.520996 146.831024
v -157.443008 -204.309998 153.978027
v -148.070007 -205.222000 161.862030
v -138.449005 -205.791000 169.476028
v -118.398003 -205.791000 184.044022
v -108.184006 -205.222000 190.841019
v -97.789207 -204.309998 197.319031
v -88.624298 -203.520996 202.398026
v -79.351006 -202.481995 207.231018
v -0.000036 -186.835999 235.229019
v 9.927720 -197.365997 226.248032
v 19.931101 -199.985992 223.268021
v 29.934803 -202.347992 219.999023
v 39.883503 -204.432999 216.464020
v 49.890503 -206.276993 212.605026
v 59.732700 -207.813995 208.532028
v 69.523399 -209.078995 204.188019
v 79.208801 -210.061996 199.600021
v 88.445305 -211.003998 194.667023
v 98.890503 -212.104996 188.340027
v 109.202003 -212.843002 181.695023
v 119.314003 -213.211990 174.771027
v 129.347000 -213.211990 167.482025
v 139.057007 -212.843002 160.004028
v 148.564011 -212.104996 152.251022
v 157.808014 -211.003998 144.272018
v 165.354004 -210.061996 137.012024
v 172.710007 -209.078995 129.218018
v 179.868011 -207.813995 121.249023
v 186.782013 -206.276993 113.147018
v 193.545013 -204.432999 104.823021
v 199.981003 -202.348007 96.453224
v 206.181015 -199.986008 87.949020
v 223.716003 -186.836014 72.689819
v 218.479004 -189.413010 81.424522
v 225.328018 -194.211014 41.826618
v 225.130005 -196.414017 31.275917
v 224.662018 -198.352005 20.583317
v 223.900009 -200.030014 9.863735
v 222.898010 -201.386017 -0.783389
v 221.609009 -202.482010 -11.429485
v 219.879013 -203.521011 -21.742186
v 217.880005 -204.310013 -32.028187
v 214.931015 -205.222015 -43.916286
v 211.623016 -205.791016 -55.730988
v 207.971008 -205.966003 -67.573784
v 203.965012 -205.791016 -79.301590
v 199.696014 -205.222015 -90.804283
v 195.094009 -204.310028 -102.154991
v 190.666016 -203.521027 -111.651993
v 186.003006 -202.482025 -121.011993
v 138.264008 -186.836029 -190.304001
v 144.953003 -189.413025 -182.623993
v 109.410004 -194.211029 -201.375000
v 99.314209 -196.414032 -204.446991
v 89.000404 -198.352020 -207.306000
v 78.569801 -200.030029 -209.892990
v 68.134102 -201.386032 -212.229996
v 57.610802 -202.482025 -214.293991
v 47.268303 -203.521027 -215.835999
v 36.868000 -204.310028 -217.112991
v 24.650501 -205.222031 -217.983002
v 12.391800 -205.791031 -218.487000
v 0.000040 -205.966019 -218.672989
v -12.391800 -205.791031 -218.487000
v -24.650501 -205.222031 -217.983002
v -36.867901 -204.310028 -217.112991
v -47.268200 -203.521027 -215.835999
v -57.610703 -202.482025 -214.293991
v -138.264008 -186.836029 -190.304001
v -128.893005 -189.413025 -194.291992
v -151.465012 -191.759018 -174.720993
v -190.365005 -194.644028 -126.945992
v -195.125015 -195.759018 -117.663994
v -199.648010 -196.648026 -108.213989
v -203.912003 -197.302002 -98.650986
v -208.354004 -198.046005 -87.216789
v -212.549011 -198.370010 -75.581192
v -216.381012 -198.370010 -63.786591
v -219.826004 -198.046005 -51.907288
v -222.954010 -197.302002 -40.045883
v -225.126007 -196.648010 -29.803185
v -227.021011 -195.759003 -19.499786
v -228.625015 -194.644012 -9.192376
v -222.898010 -201.386017 -0.783380
v -229.814011 -193.452011 1.461375
v -223.900009 -200.030014 9.863707
v -230.776016 -191.923004 12.168515
v -224.662018 -198.352005 20.583317
v -231.432007 -190.147003 22.885517
v -225.130005 -196.414017 31.275917
v -231.772018 -188.138016 33.551517
v -225.328018 -194.211014 41.826916
v -231.862015 -185.839005 44.088516
v -225.236008 -191.759003 52.323318
v -224.613007 -189.413010 62.544918
v -229.729004 -178.587006 74.643318
v -218.479004 -189.413010 81.424522
v -212.974014 -191.759003 90.059723
v -179.559006 -194.643997 141.819016
v -172.202011 -195.758987 149.215027
v -164.613007 -196.647995 156.437027
v -156.835007 -197.301987 163.447021
v -147.333008 -198.045990 171.205017
v -128.533005 -205.965988 176.911026
v -127.530006 -198.369995 186.080017
v -137.563004 -198.369995 178.790024
v -117.297005 -198.045990 193.027023
v -106.982002 -197.301987 199.667023
v -97.912209 -196.647995 204.898026
v -88.698608 -195.758987 209.884018
v -79.391602 -194.643997 214.595032
v -69.624207 -201.386002 211.746033
v -69.626503 -193.451996 219.018021
v -59.807899 -200.029999 215.989029
v -59.740704 -191.922989 223.241028
v -49.848602 -198.351990 220.027023
v -49.750805 -190.146988 227.177032
v -39.824001 -196.414001 223.776031
v -39.712200 -188.138000 230.797028
v -29.850401 -194.210999 227.225021
v -29.718601 -185.838989 234.138031
v -19.839201 -191.758987 230.381027
v -9.925541 -189.412994 232.947021
v -0.000075 -178.586990 241.551025
v 9.925701 -189.412994 232.947021
v 19.839201 -191.758987 230.381027
v 29.850801 -194.210999 227.225021
v 39.824001 -196.414001 223.776031
v 49.848602 -198.351990 220.027023
v 59.807899 -200.029999 215.989029
v 69.624298 -201.386002 211.746033
v 79.351105 -202.481995 207.231018
v 88.624405 -203.520996 202.399017
v 97.789207 -204.309998 197.319031
v 108.184006 -205.222000 190.841019
v 118.399002 -205.791000 184.044022
v 128.533005 -205.965988 176.911026
v 138.449005 -205.791000 169.476028
v 148.070007 -205.222000 161.862030
v 157.443008 -204.309998 153.978027
v 165.106003 -203.520996 146.831024
v 172.567001 -202.481995 139.505020
v 179.868011 -201.386002 131.650024
v 186.936005 -200.029999 123.625023
v 193.854004 -198.351990 115.401024
v 200.518005 -196.414001 107.026024
v 206.880005 -194.211014 98.605919
v 212.974014 -191.759003 90.059814
v 229.729004 -178.587006 74.643517
v 224.599014 -181.215012 83.406921
v 224.613007 -189.413010 62.544819
v 225.236008 -191.759003 52.323418
v 228.625015 -194.644012 -9.192366
v 227.021011 -195.759003 -19.499685
v 225.126007 -196.648010 -29.803085
v 222.954010 -197.302002 -40.045883
v 219.826004 -198.046005 -51.907288
v 216.381012 -198.370010 -63.786591
v 212.549011 -198.370010 -75.581192
v 208.354004 -198.046005 -87.216789
v 203.912003 -197.302002 -98.650986
v 199.648010 -196.648026 -108.213989
v 195.125015 -195.759018 -117.663994
v 190.365005 -194.644028 -126.945992
v 180.789001 -201.386032 -130.381989
v 185.064011 -193.452026 -136.262985
v 175.341003 -200.030029 -139.584991
v 179.549011 -191.923019 -145.490997
v 169.657013 -198.352020 -148.704987
v 173.780014 -190.147018 -154.546997
v 163.751007 -196.414032 -157.630997
v 167.787003 -188.138031 -163.375992
v 157.709015 -194.211029 -166.282990
v 161.666000 -185.839020 -171.952988
v 151.465012 -191.759018 -174.720993
v 141.980011 -178.587021 -195.418991
v 148.730011 -181.215027 -187.832001
v 128.893005 -189.413025 -194.291992
v 119.364006 -191.759018 -198.042999
v 61.906704 -194.644028 -220.276001
v 51.608002 -195.759018 -221.934998
v 41.223202 -196.648026 -223.317001
v 30.810600 -197.302017 -224.416000
v 18.563301 -198.046021 -225.106995
v 6.200830 -198.370026 -225.501999
v -6.200750 -198.370026 -225.501999
v -18.563301 -198.046021 -225.106995
v -30.810501 -197.302017 -224.416000
v -41.223103 -196.648026 -223.317001
v -51.607903 -195.759018 -221.934998
v -61.906605 -194.644028 -220.276001
v -68.134102 -201.386032 -212.229996
v -72.406204 -193.452026 -218.113998
v -78.569710 -200.030029 -209.892990
v -82.886604 -191.923019 -215.720993
v -89.000298 -198.352020 -207.306000
v -93.281708 -190.147018 -213.031998
v -99.314209 -196.414032 -204.446991
v -103.531006 -188.138031 -210.060989
v -109.410004 -194.211029 -201.375000
v -113.580002 -185.839020 -206.889999
v -119.364006 -191.759018 -198.042999
v -141.980011 -178.587021 -195.418991
v -132.679001 -181.215027 -199.492996
v -144.953003 -189.413025 -182.623993
v -161.666000 -185.839020 -171.953995
v -167.787003 -188.138031 -163.375992
v -173.780014 -190.147018 -154.546997
v -179.549011 -191.923019 -145.490997
v -185.064011 -193.452026 -136.262985
v -237.886017 -181.710007 25.136415
v -231.440018 -183.639008 54.335415
v -230.730011 -181.215012 64.538414
v -219.177017 -183.639008 92.079018
v -213.495010 -185.839005 100.617020
v -207.229004 -188.138000 109.089020
v -200.684006 -190.146988 117.517021
v -193.854004 -191.922989 125.802025
v -186.782013 -193.451996 133.899017
v -49.604702 -181.709991 234.011032
v -19.843000 -183.638992 236.904022
v 219.177017 -183.639008 92.079124
v 235.466019 -170.124008 76.507919
v 230.431015 -172.816010 85.299721
v 230.730011 -181.215012 64.538719
v 231.441010 -183.639008 54.335518
v 231.862015 -185.839005 44.088917
v 231.772018 -188.138016 33.551216
v 231.432007 -190.147003 22.885517
v 230.776016 -191.923004 12.168515
v 229.814011 -193.452011 1.461335
v 177.679001 -181.710022 -160.161987
v 155.302002 -183.639023 -179.994995
v 145.526001 -170.124023 -200.298996
v 152.332001 -172.816025 -192.793991
v 132.679001 -181.215027 -199.492996
v 123.195007 -183.639023 -203.321991
v 113.580002 -185.839020 -206.889999
v 103.531006 -188.138031 -210.060989
v 93.281708 -190.147018 -213.031998
v 82.886604 -191.923019 -215.720993
v 72.406204 -193.452026 -218.113998
v -97.416901 -181.710022 -218.474991
v -123.195007 -183.639023 -203.321991
v -145.526001 -170.124023 -200.299988
v -136.285004 -172.816025 -204.452988
v -148.729004 -181.215027 -187.832001
v -155.302002 -183.639023 -179.995987
v -194.483002 -186.555023 -132.716995
v -199.335007 -187.758026 -123.500992
v -203.945007 -188.732025 -114.133987
v -208.307007 -189.476028 -104.627991
v -212.415009 -189.990005 -94.994789
v -216.790009 -190.474014 -83.438789
v -220.797012 -190.635010 -71.741386
v -224.431015 -190.474014 -59.922386
v -227.684006 -189.990005 -48.001884
v -230.023010 -189.476013 -37.793789
v -232.082016 -188.732010 -27.539688
v -233.858017 -187.758011 -17.252186
v -235.349014 -186.555008 -6.943426
v -236.504013 -185.181015 3.759404
v -237.350006 -183.565002 14.457314
v -238.112015 -179.618011 35.782715
v -237.884018 -177.566010 46.060120
v -237.367004 -175.298004 56.282215
v -236.561005 -172.816010 66.435318
v -235.466019 -170.124008 76.507523
v -224.599014 -181.215012 83.406723
v -186.320007 -186.554993 143.952026
v -179.054016 -187.757996 151.415024
v -171.570007 -188.731995 158.694016
v -163.878006 -189.475998 165.780029
v -155.985001 -189.989990 172.664017
v -146.347000 -190.473999 180.395020
v -136.460007 -190.634995 187.821030
v -126.342003 -190.473999 194.929031
v -116.011009 -189.989990 201.707031
v -107.025002 -189.475998 207.086029
v -97.909004 -188.731995 212.213028
v -88.673798 -187.757996 217.081024
v -79.330399 -186.554993 221.685028
v -69.508209 -185.181000 226.090027
v -59.595303 -183.564987 230.201019
v -39.549202 -179.617996 237.515030
v -29.704502 -177.565994 240.475021
v -19.822901 -175.297989 243.142029
v -9.917541 -172.815994 245.512024
v -0.000163 -170.123993 247.584030
v 9.919571 -181.214996 239.381027
v 19.843000 -183.638992 236.904022
v 29.718401 -185.838989 234.138031
v 39.712605 -188.138000 230.796021
v 49.750900 -190.146988 227.177032
v 59.740803 -191.922989 223.241028
v 69.626709 -193.451996 219.018021
v 79.391602 -194.643997 214.595032
v 88.698708 -195.758987 209.884018
v 97.912209 -196.647995 204.898026
v 106.982002 -197.301987 199.667023
v 117.297005 -198.045990 193.027023
v 127.530006 -198.369995 186.080017
v 137.563004 -198.369995 178.790024
v 147.333008 -198.045990 171.205017
v 156.835007 -197.301987 163.447021
v 164.613007 -196.647995 156.437027
v 172.202011 -195.758987 149.215027
v 179.559006 -194.643997 141.819016
v 186.782013 -193.451996 133.899017
v 193.854004 -191.922989 125.802025
v 200.684006 -190.146988 117.517021
v 207.229004 -188.138000 109.089020
v 213.495010 -185.839005 100.617020
v 219.526016 -177.565994 102.561020
v 225.116013 -175.298004 93.987724
v 213.669006 -179.617996 111.010017
v 237.669006 -166.554001 77.223122
v 236.561005 -172.816010 66.435417
v 237.367004 -175.298004 56.282215
v 237.884018 -177.566010 46.060516
v 238.112015 -179.618011 35.782619
v 237.886017 -181.710007 25.136415
v 237.350006 -183.565002 14.457314
v 236.504013 -185.181015 3.759404
v 235.349014 -186.555008 -6.943456
v 233.858017 -187.758011 -17.252087
v 232.082016 -188.732010 -27.539688
v 230.023010 -189.476013 -37.793789
v 227.684006 -189.990005 -48.001884
v 224.431015 -190.474014 -59.922386
v 220.797012 -190.635010 -71.741386
v 216.790009 -190.474014 -83.438789
v 212.415009 -189.990005 -94.994789
v 208.307007 -189.476028 -104.627991
v 203.945007 -188.732025 -114.133987
v 199.335007 -187.758026 -123.500992
v 194.483002 -186.555023 -132.716995
v 189.126007 -185.181030 -142.054993
v 183.522003 -183.565018 -151.206985
v 171.604004 -179.618027 -168.906998
v 165.379013 -177.566025 -177.087997
v 158.952011 -175.298019 -185.054001
v 146.887009 -166.554016 -202.173996
v 136.285004 -172.816025 -204.452988
v 126.878006 -175.298019 -208.356995
v 117.316002 -177.566025 -212.007996
v 107.612007 -179.618027 -215.399994
v 97.417007 -181.710022 -218.474991
v 87.094803 -183.565018 -221.264999
v 76.659004 -185.181030 -223.766998
v 66.123207 -186.555023 -225.975998
v 55.858303 -187.758026 -227.742996
v 45.525303 -188.732025 -229.233002
v 35.136902 -189.476028 -230.444000
v 24.705700 -189.990021 -231.373993
v 12.363300 -190.474030 -231.962997
v 0.000040 -190.635025 -232.159988
v -12.363300 -190.474030 -231.962997
v -24.705601 -189.990021 -231.373993
v -35.136902 -189.476028 -230.444000
v -45.525303 -188.732025 -229.233002
v -55.858200 -187.758026 -227.742996
v -66.123207 -186.555023 -225.975998
v -76.659004 -185.181030 -223.766998
v -87.094803 -183.565018 -221.264999
v -107.612007 -179.618027 -215.399994
v -117.316002 -177.566025 -212.007996
v -126.878006 -175.298019 -208.356995
v -146.888000 -166.554016 -202.172989
v -152.332001 -172.816025 -192.793991
v -158.952011 -175.298019 -185.054001
v -165.379013 -177.566025 -177.088989
v -171.604004 -179.618027 -168.906998
v -177.679001 -181.710022 -160.161987
v -183.522003 -183.565018 -151.206985
v -189.126007 -185.181030 -142.054993
v -224.786011 -182.708008 -79.556694
v -228.618011 -182.708008 -67.762985
v -232.063004 -182.384003 -55.883884
v -234.608017 -181.942001 -45.787289
v -236.840012 -181.337006 -35.554184
v -238.795013 -180.497009 -25.257389
v -240.460007 -179.430008 -14.954488
v -241.771011 -178.228012 -4.685667
v -242.814011 -176.763016 6.022674
v -243.552017 -175.050003 16.744114
v -243.974014 -173.104004 27.417816
v -230.431015 -172.816010 85.299622
v -225.116013 -175.298004 93.987724
v -219.526016 -177.565994 102.561020
v -213.669006 -179.617996 111.010017
v -207.229004 -181.709991 119.490021
v -200.518005 -183.564987 127.814018
v -193.545013 -185.181000 135.972015
v -145.126007 -182.707993 189.200027
v -154.895004 -182.383987 181.614029
v -162.889008 -181.941986 174.942017
v -135.093002 -182.707993 196.489029
v -124.860008 -182.383987 203.436020
v -116.044006 -181.941986 208.976028
v -107.001007 -181.336990 214.261032
v -97.813004 -180.496994 219.303024
v -88.528900 -179.429993 224.070023
v -79.167603 -178.227997 228.490021
v -69.305801 -176.763000 232.791031
v -59.337002 -175.049988 236.806030
v -49.316200 -173.103989 240.506027
v -9.919731 -181.214996 239.380020
v 9.917541 -172.815994 245.512024
v 19.823002 -175.297989 243.142029
v 207.229004 -181.709991 119.490021
v 213.495010 -173.103989 121.223022
v 219.526016 -171.142990 112.953018
v 225.302017 -169.018997 104.460022
v 234.359009 -166.554001 86.753120
v 230.608017 -166.554001 96.280922
v 226.718018 -166.553986 105.115021
v 222.211014 -166.553986 114.335022
v 217.313004 -166.553986 123.390022
v 206.879013 -175.049988 129.610016
v 200.518005 -183.564987 127.814018
v 193.545013 -185.181000 135.972015
v 199.981003 -176.763000 137.850021
v 211.772003 -166.553986 132.675018
v 205.753006 -166.553986 141.829025
v 192.842010 -178.227997 145.900024
v 199.118011 -169.671997 147.661026
v 186.320007 -186.554993 143.952026
v 179.054016 -187.757996 151.415024
v 185.747009 -179.429993 153.438019
v 192.116013 -170.950989 155.266022
v 200.729004 -166.553986 148.856018
v 194.361008 -166.553986 157.080017
v 184.883011 -172.024994 162.683029
v 178.343002 -180.496994 160.794022
v 171.571014 -188.731995 158.694016
v 163.878006 -189.475998 165.780029
v 170.709015 -181.336990 167.975021
v 177.340012 -172.946991 169.942017
v 187.610016 -166.553986 165.083023
v 180.430008 -166.553986 172.902023
v 169.580002 -173.656998 176.992020
v 162.889008 -181.941986 174.942017
v 155.985001 -189.989990 172.664017
v 146.347000 -190.473999 180.395020
v 154.895004 -182.383987 181.614029
v 161.670013 -174.181992 183.749023
v 172.887009 -166.553986 180.444031
v 165.074005 -166.553986 187.618027
v 153.566010 -174.497986 190.285019
v 145.126007 -182.707993 189.200027
v 136.460007 -190.634995 187.821030
v 126.343002 -190.473999 194.929031
v 135.093002 -182.707993 196.489029
v 143.664001 -174.645996 197.736023
v 156.944000 -166.553986 194.470032
v 146.888000 -166.553986 202.173019
v 133.517014 -174.497986 204.851028
v 124.860008 -182.383987 203.436020
v 116.011009 -189.989990 201.707031
v 107.025002 -189.475998 207.086029
v 116.044006 -181.941986 208.976028
v 124.797005 -174.181992 210.539032
v 136.454010 -166.553986 209.357025
v 127.424004 -166.553986 214.972031
v 115.926003 -173.656998 215.973022
v 107.002007 -181.336990 214.261032
v 97.909103 -188.731995 212.213028
v 88.673798 -187.757996 217.081024
v 97.813103 -180.496994 219.303024
v 106.823006 -172.946991 221.175018
v 118.187004 -166.553986 220.186020
v 108.684006 -166.553986 225.028030
v 97.589104 -172.024994 226.106033
v 88.528900 -179.429993 224.070023
v 79.330505 -186.554993 221.685028
v 69.508301 -185.181000 226.090027
v 79.167709 -178.227997 228.490021
v 88.299301 -170.950989 230.693024
v 99.028603 -166.553986 229.441025
v 89.330902 -166.553986 233.388031
v 78.903206 -169.671997 235.002029
v 69.305901 -176.763000 232.791031
v 59.595402 -183.564987 230.201019
v 49.604805 -181.709991 234.011032
v 59.337105 -175.049988 236.806030
v 71.306404 -166.553986 239.511032
v 60.740402 -166.553986 242.406021
v 49.315899 -173.103989 240.506027
v 39.549400 -179.617996 237.515030
v 29.704302 -177.565994 240.475021
v 39.587399 -171.142990 243.686020
v 50.197701 -166.553986 244.806030
v 40.071602 -166.553986 246.666031
v 29.724701 -169.018997 246.555023
v -29.725002 -169.018997 246.554031
v -39.587502 -171.142990 243.686020
v -20.306801 -166.553986 249.073029
v -29.911100 -166.553986 248.104034
v -40.071701 -166.553986 246.666031
v -50.197502 -166.553986 244.807022
v -60.740303 -166.553986 242.406021
v -143.664001 -174.645996 197.736023
v -153.566010 -174.497986 190.285019
v -133.517014 -174.497986 204.851028
v -124.797005 -174.181992 210.539032
v -115.926003 -173.656998 215.973022
v -106.823006 -172.946991 221.175018
v -97.589005 -172.024994 226.106033
v -88.299210 -170.950989 230.693024
v -78.903206 -169.671997 235.002029
v -146.887009 -166.553986 202.173019
v -136.454010 -166.553986 209.357025
v -156.944000 -166.553986 194.470032
v -161.670013 -174.181992 183.749023
v -170.709015 -181.336990 167.975021
v -169.580002 -173.656998 176.992020
v -178.343002 -180.496994 160.794022
v -177.340012 -172.946991 169.942017
v -185.747009 -179.429993 153.438019
v -184.883011 -172.024994 162.683029
v -192.842010 -178.227997 145.900024
v -192.116013 -170.950989 155.266022
v -199.981003 -176.763000 137.850021
v -206.879013 -175.049988 129.610016
v -213.495010 -173.103989 121.223022
v -219.526016 -171.142990 112.953018
v -225.302017 -169.018997 104.459023
v -199.118011 -169.671997 147.661026
v -165.074005 -166.553986 187.618027
v -172.887009 -166.553986 180.444031
v -180.429016 -166.553986 172.902023
v -187.610016 -166.553986 165.083023
v -194.360016 -166.553986 157.080017
v -205.753006 -166.553986 141.829025
v -211.772003 -166.553986 132.675018
v -217.313004 -166.553986 123.390022
v -222.211014 -166.553986 114.334023
v -230.608017 -166.554001 96.280624
v -234.358017 -166.554001 86.753319
v -237.669006 -166.554001 77.223816
v -240.592010 -166.554001 67.567917
v -243.158005 -166.554001 57.654911
v -243.673004 -169.019012 47.919315
v -243.992004 -171.143005 37.653114
v -245.204010 -166.554001 48.221012
v -246.976013 -166.554001 38.113613
v -248.337006 -166.554001 27.908714
v -249.312012 -166.554001 17.140114
v -246.688019 -170.951004 -12.689587
v -245.196014 -172.025009 -22.942087
v -243.360016 -172.947006 -33.247791
v -247.883011 -169.672012 -2.421817
v -249.570007 -166.554001 -12.837788
v -248.813019 -166.554001 -23.280388
v -241.226013 -173.657013 -43.512890
v -238.799011 -174.182007 -53.628593
v -236.084015 -174.498001 -63.679592
v -232.453018 -174.646011 -75.528488
v -228.426010 -174.498001 -87.248695
v -220.590012 -182.384003 -91.192093
v -224.714005 -174.182007 -96.975784
v -216.715012 -181.942001 -100.855988
v -212.505005 -181.337021 -110.446991
v -220.732010 -173.657028 -106.585991
v -208.035004 -180.497025 -119.926987
v -216.425003 -172.947021 -116.144989
v -203.327011 -179.430023 -129.240997
v -211.853012 -172.025024 -125.561989
v -198.351013 -178.228027 -138.317993
v -207.033005 -170.951019 -134.732986
v -192.901016 -176.763031 -147.594986
v -187.195007 -175.050018 -156.701996
v -181.263016 -173.104019 -165.585999
v -175.262009 -171.143021 -173.876999
v -154.928009 -166.554016 -196.079987
v -138.608002 -166.554016 -207.936996
v 28.951601 -181.942017 -237.274002
v 39.373402 -181.337021 -236.235001
v 49.770603 -180.497025 -234.912994
v 60.083900 -179.430023 -233.312988
v 138.608002 -166.554016 -207.936996
v 154.928009 -166.554016 -196.079987
v 234.608017 -181.942001 -45.787186
v 236.840012 -181.337006 -35.554184
v 238.795013 -180.497009 -25.257389
v 240.461014 -179.430008 -14.954388
v 240.592010 -166.554001 67.567619
v 243.158005 -166.554001 57.655411
v 243.993011 -171.143005 37.653412
v 243.974014 -173.104004 27.418316
v 243.552017 -175.050003 16.744114
v 242.814011 -176.763016 6.022704
v 241.771011 -178.228012 -4.685637
v 232.063004 -182.384003 -55.883789
v 228.618011 -182.708008 -67.762985
v 224.786011 -182.708008 -79.556694
v 220.591003 -182.384003 -91.191986
v 216.715012 -181.942001 -100.855988
v 212.506012 -181.337021 -110.446991
v 208.035004 -180.497025 -119.926987
v 203.327011 -179.430023 -129.240997
v 198.351013 -178.228027 -138.317993
v 192.901016 -176.763031 -147.594986
v 187.195007 -175.050018 -156.701996
v 181.263016 -173.104019 -165.585999
v 236.084015 -174.498001 -63.679592
v 238.799011 -174.182007 -53.628490
v 232.453018 -174.646011 -75.528488
v 228.426010 -174.498001 -87.248695
v 224.714005 -174.182007 -96.975784
v 220.732010 -173.657028 -106.585991
v 216.425003 -172.947021 -116.144989
v 211.853012 -172.025024 -125.561989
v 207.033005 -170.951019 -134.732986
v 201.965012 -169.672028 -143.741989
v 241.277008 -166.554001 -65.080292
v 243.827011 -166.554001 -54.757793
v 241.226013 -173.657013 -43.512890
v 243.360016 -172.947006 -33.247791
v 245.196014 -172.025009 -22.941988
v 246.688019 -170.951004 -12.689587
v 247.883011 -169.672012 -2.421777
v 248.337006 -166.554001 27.908514
v 246.976013 -166.554001 38.113815
v 243.673004 -169.019012 47.919815
v 245.204010 -166.554001 48.220814
v 249.312012 -166.554001 17.140114
v 249.823013 -166.554001 6.196542
v 245.931015 -166.554001 -44.361591
v 247.600006 -166.554001 -33.827091
v 248.813019 -166.554001 -23.280487
v 249.570007 -166.554001 -12.837788
v 249.888016 -166.554001 -2.441377
v 237.669006 -166.554001 -77.223282
v 233.450012 -166.554001 -89.167885
v 229.446014 -166.554001 -99.017891
v 225.038010 -166.554016 -108.664993
v 220.196014 -166.554016 -118.168991
v 214.978012 -166.554016 -127.413994
v 209.452011 -166.554016 -136.307999
v 203.599014 -166.554016 -144.904999
v 198.469009 -166.554016 -151.854996
v 191.623016 -166.554016 -160.407990
v 184.504013 -166.554016 -168.546997
v 175.262009 -171.143021 -173.876999
v 168.969009 -169.019028 -181.994995
v 162.830002 -166.554016 -189.567993
v 170.030014 -166.554016 -183.138992
v 177.406006 -166.554016 -176.003998
v 129.973999 -166.554016 -213.440994
v 111.208008 -171.143021 -220.414993
v 101.469002 -173.104019 -223.559998
v 91.186211 -175.050018 -226.457001
v 80.761703 -176.763031 -229.069000
v 70.255005 -178.228027 -231.386002
v 18.562700 -182.384018 -237.973999
v 6.200350 -182.708023 -238.367996
v -6.200270 -182.708023 -238.367996
v -18.562601 -182.384018 -237.973999
v -28.951502 -181.942017 -237.274002
v -39.373402 -181.337021 -236.235001
v -49.770504 -180.497025 -234.912994
v -60.083805 -179.430023 -233.312988
v -70.254898 -178.228027 -231.386002
v -80.761604 -176.763031 -229.069000
v -91.186104 -175.050018 -226.457001
v -101.468002 -173.104019 -223.559998
v 12.391100 -174.498016 -244.207001
v 22.789101 -174.182022 -243.682999
v 0.000040 -174.646027 -244.414993
v -12.391001 -174.498016 -244.207001
v -22.789001 -174.182022 -243.682999
v -33.159702 -173.657028 -242.865997
v -43.581802 -172.947021 -241.722992
v -53.950603 -172.025024 -240.285004
v -64.162201 -170.951019 -238.535004
v -74.296608 -169.672028 -236.498993
v 12.663600 -166.554016 -249.578995
v 23.268902 -166.554016 -248.813995
v 33.159702 -173.657028 -242.865997
v 43.581802 -172.947021 -241.722992
v 53.950703 -172.025024 -240.285004
v 64.162201 -170.951019 -238.535004
v 74.296707 -169.672028 -236.498993
v 103.283005 -166.554016 -227.557999
v 112.568008 -166.554016 -223.110992
v 120.874008 -169.019028 -216.938995
v 121.633003 -166.554016 -218.300995
v 93.342705 -166.554016 -231.812988
v 83.092903 -166.554016 -235.681000
v 33.806503 -166.554016 -247.602997
v 44.341103 -166.554016 -245.934998
v 54.746502 -166.554016 -243.828995
v 64.911903 -166.554016 -241.321991
v 74.897797 -166.554016 -238.412003
v 0.000040 -166.554016 -249.899994
v -12.663600 -166.554016 -249.578995
v -23.268902 -166.554016 -248.813995
v -33.806400 -166.554016 -247.602997
v -44.341103 -166.554016 -245.934998
v -54.746502 -166.554016 -243.828995
v -64.911903 -166.554016 -241.321991
v -74.897705 -166.554016 -238.412003
v -83.092804 -166.554016 -235.681000
v -93.342705 -166.554016 -231.812988
v -103.283005 -166.554016 -227.557999
v -111.208008 -171.143021 -220.414993
v -120.873009 -169.019028 -216.938995
v -129.973007 -166.554016 -213.440994
v -121.633003 -166.554016 -218.300995
v -112.568008 -166.554016 -223.110992
v -162.830002 -166.554016 -189.569000
v -168.969009 -169.019028 -181.994995
v -201.965012 -169.672028 -143.741989
v -229.446014 -166.554001 -99.017891
v -225.037018 -166.554016 -108.664993
v -220.196014 -166.554016 -118.168991
v -214.978012 -166.554016 -127.413994
v -209.452011 -166.554016 -136.307999
v -198.469009 -166.554016 -151.854996
v -191.623016 -166.554016 -160.407990
v -184.504013 -166.554016 -168.546997
v -177.405014 -166.554016 -176.003998
v -170.030014 -166.554016 -183.138000
v -203.599014 -166.554016 -144.904999
v -233.450012 -166.554001 -89.167885
v -237.669006 -166.554001 -77.223282
v -241.277008 -166.554001 -65.080292
v -243.827011 -166.554001 -54.757793
v -245.931015 -166.554001 -44.361691
v -247.600006 -166.554001 -33.827091
v -249.888016 -166.554001 -2.441407
v -249.823013 -166.554001 6.196522
v -226.717010 -166.553986 105.116020
v -200.729004 -166.553986 148.856018
v -89.330803 -166.553986 233.388031
v -99.028503 -166.553986 229.441025
v -108.684006 -166.553986 225.028030
v -118.187004 -166.553986 220.186020
v -127.424004 -166.553986 214.972031
v -79.541603 -166.553986 236.903030
v -71.306297 -166.553986 239.511032
v -10.086201 -166.553986 249.697021
v 0.000444 -166.553986 249.900024
v 10.086500 -166.553986 249.696030
v 20.306501 -166.553986 249.074020
v 29.911501 -166.553986 248.103027
v 79.541603 -166.553986 236.903030
vn 0.3217 -0.7468 0.5821
vn 0.3442 -0.7401 0.5778
vn 0.3557 -0.7486 0.5595
vn 0.3778 -0.7413 0.5547
vn 0.3892 -0.7493 0.5357
vn 0.4108 -0.7413 0.5308
vn 0.4222 -0.7486 0.5111
vn 0.4431 -0.7401 0.5058
vn 0.4542 -0.7468 0.4859
vn 0.4747 -0.7376 0.4802
vn 0.4855 -0.7437 0.4596
vn 0.5055 -0.7340 0.4536
vn 0.5153 -0.7391 0.4337
vn 0.5326 -0.7301 0.4281
vn 0.5433 -0.7343 0.4069
vn 0.5569 -0.7267 0.4022
vn 0.5672 -0.7304 0.3805
vn 0.5806 -0.7224 0.3756
vn 0.5905 -0.7255 0.3536
vn 0.6034 -0.7172 0.3486
vn 0.6130 -0.7197 0.3261
vn 0.6256 -0.7110 0.3210
vn 0.6348 -0.7128 0.2982
vn 0.6468 -0.7040 0.2932
vn 0.6555 -0.7052 0.2701
vn 0.6674 -0.6960 0.2649
vn 0.6756 -0.6966 0.2415
vn 0.6869 -0.6872 0.2363
vn 0.6946 -0.6872 0.2126
vn 0.6885 -0.6966 0.2018
vn 0.6956 -0.6960 0.1779
vn 0.6891 -0.7052 0.1668
vn 0.6956 -0.7040 0.1431
vn 0.6888 -0.7128 0.1319
vn 0.6948 -0.7111 0.1080
vn 0.6875 -0.7197 0.0965
vn 0.6931 -0.7172 0.0727
vn 0.6855 -0.7255 0.0610
vn 0.6905 -0.7224 0.0374
vn 0.6825 -0.7304 0.0256
vn 0.6869 -0.7267 0.0020
vn 0.6787 -0.7344 -0.0098
vn 0.6825 -0.7301 -0.0333
vn 0.6718 -0.7391 -0.0480
vn 0.6756 -0.7340 -0.0699
vn 0.6629 -0.7437 -0.0865
vn 0.6663 -0.7376 -0.1094
vn 0.6530 -0.7468 -0.1261
vn 0.6558 -0.7401 -0.1488
vn 0.6420 -0.7486 -0.1654
vn 0.6443 -0.7413 -0.1879
vn 0.6298 -0.7493 -0.2046
vn 0.6317 -0.7413 -0.2267
vn 0.6166 -0.7486 -0.2436
vn 0.6180 -0.7401 -0.2651
vn 0.6024 -0.7468 -0.2818
vn 0.6034 -0.7376 -0.3031
vn 0.5872 -0.7437 -0.3197
vn 0.5876 -0.7340 -0.3405
vn 0.5717 -0.7392 -0.3560
vn 0.5717 -0.7301 -0.3742
vn 0.5549 -0.7344 -0.3909
vn 0.5546 -0.7267 -0.4054
vn 0.5372 -0.7304 -0.4219
vn 0.5367 -0.7223 -0.4361
vn 0.5188 -0.7254 -0.4523
vn 0.5180 -0.7171 -0.4662
vn 0.4995 -0.7197 -0.4822
vn 0.4987 -0.7110 -0.4958
vn 0.4798 -0.7128 -0.5116
vn 0.4787 -0.7040 -0.5246
vn 0.4594 -0.7052 -0.5401
vn 0.4582 -0.6961 -0.5528
vn 0.4384 -0.6966 -0.5679
vn 0.4370 -0.6872 -0.5803
vn 0.4169 -0.6872 -0.5949
vn 0.4046 -0.6966 -0.5925
vn 0.3842 -0.6960 -0.6066
vn 0.3717 -0.7052 -0.6038
vn 0.3510 -0.7040 -0.6174
vn 0.3382 -0.7128 -0.6144
vn 0.3173 -0.7111 -0.6274
vn 0.3043 -0.7197 -0.6241
vn 0.2833 -0.7171 -0.6368
vn 0.2699 -0.7254 -0.6332
vn 0.2490 -0.7223 -0.6451
vn 0.2352 -0.7304 -0.6412
vn 0.2141 -0.7267 -0.6527
vn 0.2004 -0.7343 -0.6485
vn 0.1792 -0.7301 -0.6595
vn 0.1619 -0.7391 -0.6538
vn 0.1423 -0.7340 -0.6641
vn 0.1226 -0.7437 -0.6572
vn 0.1018 -0.7376 -0.6675
vn 0.0818 -0.7468 -0.6600
vn 0.0612 -0.7401 -0.6697
vn 0.0411 -0.7487 -0.6617
vn 0.0204 -0.7413 -0.6708
vn -0.0000 -0.7494 -0.6622
vn -0.0204 -0.7413 -0.6708
vn -0.0411 -0.7487 -0.6617
vn -0.0612 -0.7401 -0.6697
vn -0.0818 -0.7468 -0.6600
vn -0.1018 -0.7376 -0.6675
vn -0.1226 -0.7437 -0.6572
vn -0.1423 -0.7340 -0.6641
vn -0.1619 -0.7391 -0.6538
vn -0.1792 -0.7301 -0.6595
vn -0.2004 -0.7343 -0.6485
vn -0.2141 -0.7267 -0.6527
vn -0.2352 -0.7304 -0.6412
vn -0.2490 -0.7223 -0.6451
vn -0.2699 -0.7254 -0.6332
vn -0.2833 -0.7171 -0.6368
vn -0.3043 -0.7197 -0.6241
vn -0.3173 -0.7111 -0.6274
vn -0.3382 -0.7128 -0.6144
vn -0.3510 -0.7040 -0.6174
vn -0.3717 -0.7052 -0.6038
vn -0.3842 -0.6960 -0.6066
vn -0.4046 -0.6966 -0.5925
vn -0.4169 -0.6872 -0.5949
vn -0.4370 -0.6872 -0.5803
vn -0.4384 -0.6966 -0.5679
vn -0.4582 -0.6961 -0.5528
vn -0.4594 -0.7052 -0.5400
vn -0.4787 -0.7040 -0.5246
vn -0.4797 -0.7128 -0.5116
vn -0.4986 -0.7111 -0.4957
vn -0.4995 -0.7197 -0.4823
vn -0.5180 -0.7171 -0.4662
vn -0.5188 -0.7254 -0.4523
vn -0.5366 -0.7224 -0.4361
vn -0.5371 -0.7304 -0.4219
vn -0.5546 -0.7267 -0.4054
vn -0.5549 -0.7344 -0.3909
vn -0.5717 -0.7301 -0.3742
vn -0.5717 -0.7392 -0.3560
vn -0.5876 -0.7340 -0.3405
vn -0.5872 -0.7437 -0.3197
vn -0.6034 -0.7376 -0.3031
vn -0.6024 -0.7468 -0.2818
vn -0.6180 -0.7401 -0.2651
vn -0.6166 -0.7486 -0.2436
vn -0.6317 -0.7413 -0.2267
vn -0.6298 -0.7493 -0.2046
vn -0.6443 -0.7413 -0.1879
vn -0.6420 -0.7486 -0.1654
vn -0.6558 -0.7401 -0.1488
vn -0.6530 -0.7468 -0.1262
vn -0.6663 -0.7376 -0.1095
vn -0.6629 -0.7437 -0.0865
vn -0.6756 -0.7339 -0.0699
vn -0.6719 -0.7391 -0.0480
vn -0.6825 -0.7301 -0.0334
vn -0.6787 -0.7344 -0.0098
vn -0.6869 -0.7267 0.0020
vn -0.6825 -0.7304 0.0256
vn -0.6905 -0.7224 0.0374
vn -0.6855 -0.7255 0.0610
vn -0.6931 -0.7172 0.0727
vn -0.6875 -0.7197 0.0965
vn -0.6948 -0.7111 0.1080
vn -0.6888 -0.7128 0.1319
vn -0.6956 -0.7040 0.1431
vn -0.6891 -0.7052 0.1668
vn -0.6956 -0.6960 0.1779
vn -0.6885 -0.6966 0.2017
vn -0.6946 -0.6872 0.2126
vn -0.6869 -0.6872 0.2363
vn -0.6755 -0.6966 0.2415
vn -0.6673 -0.6961 0.2649
vn -0.6556 -0.7052 0.2700
vn -0.6468 -0.7040 0.2932
vn -0.6348 -0.7128 0.2982
vn -0.6256 -0.7110 0.3210
vn -0.6130 -0.7197 0.3261
vn -0.6034 -0.7172 0.3486
vn -0.5905 -0.7255 0.3536
vn -0.5806 -0.7224 0.3756
vn -0.5672 -0.7304 0.3805
vn -0.5569 -0.7267 0.4022
vn -0.5433 -0.7343 0.4069
vn -0.5326 -0.7301 0.4281
vn -0.5153 -0.7392 0.4338
vn -0.5054 -0.7340 0.4536
vn -0.4855 -0.7437 0.4596
vn -0.4747 -0.7376 0.4802
vn -0.4542 -0.7468 0.4859
vn -0.4431 -0.7401 0.5058
vn -0.4222 -0.7486 0.5111
vn -0.4108 -0.7413 0.5308
vn -0.3892 -0.7493 0.5358
vn -0.3778 -0.7413 0.5547
vn -0.3557 -0.7487 0.5595
vn -0.3442 -0.7401 0.5778
vn -0.3217 -0.7468 0.5821
vn -0.3100 -0.7376 0.5999
vn -0.2871 -0.7437 0.6038
vn -0.2752 -0.7340 0.6209
vn -0.2533 -0.7391 0.6241
vn -0.2426 -0.7301 0.6388
vn -0.2191 -0.7344 0.6424
vn -0.2104 -0.7267 0.6539
vn -0.1866 -0.7304 0.6570
vn -0.1778 -0.7224 0.6682
vn -0.1538 -0.7255 0.6708
vn -0.1451 -0.7172 0.6816
vn -0.1206 -0.7197 0.6837
vn -0.1120 -0.7111 0.6941
vn -0.0875 -0.7128 0.6958
vn -0.0789 -0.7040 0.7058
vn -0.0543 -0.7052 0.7069
vn -0.0457 -0.6960 0.7166
vn -0.0209 -0.6966 0.7172
vn -0.0125 -0.6873 0.7263
vn 0.0125 -0.6873 0.7263
vn 0.0209 -0.6966 0.7172
vn 0.0457 -0.6960 0.7166
vn 0.0543 -0.7052 0.7069
vn 0.0790 -0.7040 0.7058
vn 0.0875 -0.7128 0.6958
vn 0.1120 -0.7111 0.6941
vn 0.1206 -0.7197 0.6837
vn 0.1451 -0.7172 0.6816
vn 0.1538 -0.7255 0.6708
vn 0.1778 -0.7224 0.6682
vn 0.1866 -0.7304 0.6570
vn 0.2104 -0.7267 0.6539
vn 0.2191 -0.7344 0.6424
vn 0.2426 -0.7301 0.6388
vn 0.2533 -0.7391 0.6241
vn 0.2752 -0.7340 0.6209
vn 0.2871 -0.7437 0.6038
vn 0.3100 -0.7376 0.5999
vn 0.3198 -0.7221 0.6134
vn 0.3419 -0.7150 0.6099
vn 0.3540 -0.7246 0.5913
vn 0.3759 -0.7168 0.5872
vn 0.3877 -0.7258 0.5683
vn 0.4095 -0.7174 0.5637
vn 0.4206 -0.7258 0.5443
vn 0.4423 -0.7168 0.5390
vn 0.4530 -0.7246 0.5194
vn 0.4743 -0.7150 0.5136
vn 0.4845 -0.7222 0.4937
vn 0.5055 -0.7119 0.4874
vn 0.5153 -0.7185 0.4671
vn 0.5326 -0.7095 0.4615
vn 0.5441 -0.7137 0.4410
vn 0.5570 -0.7065 0.4366
vn 0.5684 -0.7103 0.4151
vn 0.5811 -0.7028 0.4104
vn 0.5921 -0.7060 0.3885
vn 0.6046 -0.6981 0.3836
vn 0.6150 -0.7007 0.3616
vn 0.6274 -0.6923 0.3564
vn 0.6371 -0.6946 0.3340
vn 0.6493 -0.6859 0.3285
vn 0.6584 -0.6876 0.3062
vn 0.6705 -0.6784 0.3004
vn 0.6789 -0.6796 0.2779
vn 0.6906 -0.6701 0.2720
vn 0.6985 -0.6708 0.2493
vn 0.7091 -0.6617 0.2436
vn 0.7169 -0.6617 0.2197
vn 0.7116 -0.6708 0.2089
vn 0.7186 -0.6702 0.1859
vn 0.7126 -0.6796 0.1742
vn 0.7190 -0.6784 0.1511
vn 0.7126 -0.6876 0.1394
vn 0.7184 -0.6859 0.1159
vn 0.7118 -0.6946 0.1042
vn 0.7171 -0.6923 0.0805
vn 0.7101 -0.7007 0.0690
vn 0.7146 -0.6981 0.0450
vn 0.7074 -0.7060 0.0337
vn 0.7114 -0.7027 0.0096
vn 0.7039 -0.7103 -0.0017
vn 0.7072 -0.7065 -0.0258
vn 0.6994 -0.7137 -0.0370
vn 0.7021 -0.7095 -0.0604
vn 0.6914 -0.7185 -0.0750
vn 0.6955 -0.7119 -0.0972
vn 0.6822 -0.7221 -0.1146
vn 0.6857 -0.7149 -0.1367
vn 0.6718 -0.7246 -0.1540
vn 0.6746 -0.7168 -0.1760
vn 0.6602 -0.7258 -0.1931
vn 0.6626 -0.7174 -0.2153
vn 0.6476 -0.7258 -0.2319
vn 0.6493 -0.7169 -0.2541
vn 0.6339 -0.7246 -0.2703
vn 0.6350 -0.7150 -0.2924
vn 0.6192 -0.7222 -0.3083
vn 0.6197 -0.7120 -0.3301
vn 0.6035 -0.7186 -0.3457
vn 0.6035 -0.7095 -0.3639
vn 0.5876 -0.7137 -0.3812
vn 0.5874 -0.7065 -0.3948
vn 0.5705 -0.7103 -0.4124
vn 0.5699 -0.7027 -0.4259
vn 0.5525 -0.7060 -0.4431
vn 0.5516 -0.6981 -0.4565
vn 0.5339 -0.7008 -0.4731
vn 0.5328 -0.6923 -0.4866
vn 0.5145 -0.6946 -0.5027
vn 0.5131 -0.6859 -0.5161
vn 0.4946 -0.6876 -0.5316
vn 0.4929 -0.6784 -0.5448
vn 0.4741 -0.6796 -0.5598
vn 0.4721 -0.6702 -0.5727
vn 0.4529 -0.6708 -0.5873
vn 0.4508 -0.6617 -0.5992
vn 0.4305 -0.6617 -0.6139
vn 0.4186 -0.6708 -0.6122
vn 0.3988 -0.6702 -0.6259
vn 0.3859 -0.6796 -0.6239
vn 0.3659 -0.6784 -0.6371
vn 0.3527 -0.6876 -0.6347
vn 0.3323 -0.6859 -0.6474
vn 0.3191 -0.6946 -0.6447
vn 0.2982 -0.6924 -0.6571
vn 0.2850 -0.7008 -0.6540
vn 0.2637 -0.6981 -0.6657
vn 0.2507 -0.7060 -0.6623
vn 0.2289 -0.7027 -0.6736
vn 0.2158 -0.7103 -0.6700
vn 0.1940 -0.7065 -0.6806
vn 0.1809 -0.7138 -0.6766
vn 0.1595 -0.7095 -0.6864
vn 0.1423 -0.7185 -0.6808
vn 0.1225 -0.7119 -0.6915
vn 0.1018 -0.7222 -0.6842
vn 0.0819 -0.7150 -0.6943
vn 0.0612 -0.7246 -0.6865
vn 0.0411 -0.7168 -0.6961
vn 0.0204 -0.7258 -0.6876
vn -0.0000 -0.7174 -0.6967
vn -0.0204 -0.7258 -0.6876
vn -0.0411 -0.7168 -0.6961
vn -0.0612 -0.7246 -0.6865
vn -0.0819 -0.7150 -0.6943
vn -0.1018 -0.7222 -0.6842
vn -0.1225 -0.7119 -0.6915
vn -0.1423 -0.7185 -0.6808
vn -0.1595 -0.7095 -0.6864
vn -0.1809 -0.7138 -0.6766
vn -0.1940 -0.7065 -0.6806
vn -0.2158 -0.7103 -0.6700
vn -0.2289 -0.7027 -0.6736
vn -0.2507 -0.7060 -0.6623
vn -0.2637 -0.6981 -0.6657
vn -0.2850 -0.7008 -0.6540
vn -0.2982 -0.6924 -0.6571
vn -0.3191 -0.6946 -0.6447
vn -0.3323 -0.6859 -0.6474
vn -0.3527 -0.6876 -0.6347
vn -0.3659 -0.6784 -0.6371
vn -0.3859 -0.6796 -0.6239
vn -0.3988 -0.6702 -0.6259
vn -0.4186 -0.6708 -0.6122
vn -0.4305 -0.6617 -0.6139
vn -0.4508 -0.6617 -0.5991
vn -0.4529 -0.6708 -0.5873
vn -0.4721 -0.6701 -0.5728
vn -0.4741 -0.6796 -0.5598
vn -0.4928 -0.6784 -0.5448
vn -0.4946 -0.6876 -0.5316
vn -0.5131 -0.6859 -0.5160
vn -0.5145 -0.6946 -0.5027
vn -0.5328 -0.6923 -0.4866
vn -0.5339 -0.7008 -0.4731
vn -0.5516 -0.6981 -0.4565
vn -0.5525 -0.7060 -0.4431
vn -0.5699 -0.7027 -0.4259
vn -0.5705 -0.7103 -0.4124
vn -0.5874 -0.7065 -0.3948
vn -0.5876 -0.7137 -0.3812
vn -0.6035 -0.7095 -0.3639
vn -0.6035 -0.7186 -0.3457
vn -0.6197 -0.7120 -0.3301
vn -0.6192 -0.7222 -0.3083
vn -0.6350 -0.7150 -0.2924
vn -0.6339 -0.7246 -0.2703
vn -0.6493 -0.7169 -0.2541
vn -0.6476 -0.7258 -0.2319
vn -0.6626 -0.7174 -0.2153
vn -0.6602 -0.7258 -0.1931
vn -0.6746 -0.7168 -0.1760
vn -0.6717 -0.7246 -0.1539
vn -0.6856 -0.7150 -0.1367
vn -0.6822 -0.7222 -0.1146
vn -0.6955 -0.7119 -0.0972
vn -0.6914 -0.7186 -0.0750
vn -0.7021 -0.7095 -0.0603
vn -0.6994 -0.7138 -0.0371
vn -0.7072 -0.7065 -0.0258
vn -0.7039 -0.7103 -0.0017
vn -0.7114 -0.7027 0.0096
vn -0.7074 -0.7060 0.0337
vn -0.7146 -0.6981 0.0450
vn -0.7101 -0.7007 0.0690
vn -0.7171 -0.6923 0.0805
vn -0.7118 -0.6946 0.1042
vn -0.7184 -0.6859 0.1159
vn -0.7126 -0.6876 0.1394
vn -0.7190 -0.6784 0.1511
vn -0.7126 -0.6796 0.1742
vn -0.7185 -0.6702 0.1859
vn -0.7116 -0.6708 0.2089
vn -0.7168 -0.6617 0.2197
vn -0.7091 -0.6617 0.2436
vn -0.6985 -0.6708 0.2492
vn -0.6906 -0.6701 0.2720
vn -0.6789 -0.6796 0.2779
vn -0.6705 -0.6784 0.3004
vn -0.6584 -0.6876 0.3062
vn -0.6493 -0.6859 0.3284
vn -0.6371 -0.6946 0.3340
vn -0.6274 -0.6923 0.3564
vn -0.6150 -0.7007 0.3616
vn -0.6046 -0.6980 0.3836
vn -0.5921 -0.7060 0.3885
vn -0.5812 -0.7027 0.4104
vn -0.5684 -0.7103 0.4151
vn -0.5570 -0.7065 0.4366
vn -0.5441 -0.7137 0.4410
vn -0.5326 -0.7095 0.4615
vn -0.5152 -0.7186 0.4671
vn -0.5055 -0.7120 0.4874
vn -0.4845 -0.7222 0.4937
vn -0.4743 -0.7150 0.5136
vn -0.4530 -0.7246 0.5194
vn -0.4423 -0.7168 0.5390
vn -0.4206 -0.7258 0.5443
vn -0.4095 -0.7174 0.5637
vn -0.3877 -0.7258 0.5683
vn -0.3759 -0.7168 0.5872
vn -0.3540 -0.7246 0.5913
vn -0.3419 -0.7150 0.6098
vn -0.3198 -0.7222 0.6134
vn -0.3073 -0.7120 0.6314
vn -0.2850 -0.7186 0.6344
vn -0.2743 -0.7095 0.6491
vn -0.2513 -0.7137 0.6538
vn -0.2431 -0.7065 0.6646
vn -0.2191 -0.7103 0.6689
vn -0.2107 -0.7027 0.6796
vn -0.1865 -0.7060 0.6832
vn -0.1780 -0.6981 0.6936
vn -0.1538 -0.7008 0.6966
vn -0.1450 -0.6923 0.7069
vn -0.1208 -0.6946 0.7092
vn -0.1118 -0.6859 0.7191
vn -0.0877 -0.6876 0.7208
vn -0.0785 -0.6784 0.7304
vn -0.0544 -0.6796 0.7315
vn -0.0452 -0.6702 0.7408
vn -0.0212 -0.6708 0.7413
vn -0.0126 -0.6617 0.7496
vn 0.0126 -0.6617 0.7496
vn 0.0212 -0.6708 0.7413
vn 0.0452 -0.6702 0.7408
vn 0.0544 -0.6796 0.7315
vn 0.0785 -0.6784 0.7304
vn 0.0877 -0.6876 0.7208
vn 0.1118 -0.6859 0.7191
vn 0.1208 -0.6946 0.7092
vn 0.1450 -0.6923 0.7069
vn 0.1538 -0.7008 0.6966
vn 0.1780 -0.6981 0.6936
vn 0.1865 -0.7060 0.6832
vn 0.2107 -0.7027 0.6796
vn 0.2191 -0.7103 0.6689
vn 0.2431 -0.7065 0.6646
vn 0.2513 -0.7138 0.6538
vn 0.2743 -0.7095 0.6491
vn 0.2850 -0.7186 0.6344
vn 0.3074 -0.7120 0.6314
vn 0.3165 -0.6968 0.6437
vn 0.3385 -0.6896 0.6402
vn 0.3509 -0.6998 0.6222
vn 0.3728 -0.6921 0.6182
vn 0.3849 -0.7017 0.5995
vn 0.4068 -0.6932 0.5949
vn 0.4184 -0.7024 0.5759
vn 0.4402 -0.6932 0.5707
vn 0.4513 -0.7017 0.5514
vn 0.4727 -0.6920 0.5456
vn 0.4833 -0.6998 0.5260
vn 0.5043 -0.6896 0.5198
vn 0.5145 -0.6967 0.4999
vn 0.5318 -0.6877 0.4943
vn 0.5433 -0.6923 0.4749
vn 0.5570 -0.6846 0.4701
vn 0.5685 -0.6889 0.4497
vn 0.5811 -0.6814 0.4450
vn 0.5926 -0.6852 0.4235
vn 0.6051 -0.6772 0.4185
vn 0.6161 -0.6805 0.3967
vn 0.6284 -0.6722 0.3915
vn 0.6387 -0.6750 0.3694
vn 0.6511 -0.6661 0.3639
vn 0.6607 -0.6684 0.3416
vn 0.6728 -0.6592 0.3358
vn 0.6818 -0.6610 0.3135
vn 0.6935 -0.6515 0.3076
vn 0.7019 -0.6527 0.2851
vn 0.7126 -0.6436 0.2794
vn 0.7209 -0.6441 0.2559
vn 0.7305 -0.6353 0.2505
vn 0.7382 -0.6353 0.2267
vn 0.7336 -0.6441 0.2167
vn 0.7407 -0.6435 0.1929
vn 0.7354 -0.6528 0.1819
vn 0.7418 -0.6516 0.1587
vn 0.7359 -0.6609 0.1471
vn 0.7417 -0.6592 0.1237
vn 0.7353 -0.6684 0.1120
vn 0.7406 -0.6661 0.0883
vn 0.7338 -0.6750 0.0766
vn 0.7385 -0.6721 0.0527
vn 0.7315 -0.6806 0.0412
vn 0.7355 -0.6773 0.0170
vn 0.7283 -0.6852 0.0058
vn 0.7317 -0.6814 -0.0185
vn 0.7242 -0.6889 -0.0296
vn 0.7269 -0.6847 -0.0530
vn 0.7187 -0.6923 -0.0649
vn 0.7207 -0.6877 -0.0873
vn 0.7100 -0.6968 -0.1020
vn 0.7135 -0.6896 -0.1241
vn 0.7002 -0.6998 -0.1415
vn 0.7031 -0.6921 -0.1635
vn 0.6892 -0.7017 -0.1808
vn 0.6915 -0.6932 -0.2030
vn 0.6770 -0.7024 -0.2199
vn 0.6788 -0.6932 -0.2422
vn 0.6638 -0.7017 -0.2588
vn 0.6649 -0.6920 -0.2810
vn 0.6496 -0.6998 -0.2971
vn 0.6502 -0.6896 -0.3190
vn 0.6344 -0.6967 -0.3348
vn 0.6344 -0.6877 -0.3529
vn 0.6195 -0.6923 -0.3700
vn 0.6192 -0.6847 -0.3845
vn 0.6033 -0.6889 -0.4017
vn 0.6028 -0.6814 -0.4151
vn 0.5859 -0.6852 -0.4327
vn 0.5850 -0.6773 -0.4461
vn 0.5676 -0.6805 -0.4633
vn 0.5665 -0.6721 -0.4767
vn 0.5487 -0.6750 -0.4933
vn 0.5473 -0.6661 -0.5067
vn 0.5290 -0.6684 -0.5229
vn 0.5273 -0.6592 -0.5361
vn 0.5088 -0.6610 -0.5515
vn 0.5069 -0.6516 -0.5644
vn 0.4880 -0.6528 -0.5794
vn 0.4859 -0.6435 -0.5914
vn 0.4661 -0.6441 -0.6066
vn 0.4640 -0.6354 -0.6173
vn 0.4437 -0.6354 -0.6320
vn 0.4328 -0.6441 -0.6307
vn 0.4123 -0.6435 -0.6449
vn 0.4003 -0.6527 -0.6432
vn 0.3802 -0.6515 -0.6564
vn 0.3673 -0.6610 -0.6543
vn 0.3469 -0.6593 -0.6671
vn 0.3338 -0.6684 -0.6647
vn 0.3128 -0.6661 -0.6771
vn 0.2996 -0.6750 -0.6742
vn 0.2783 -0.6721 -0.6861
vn 0.2652 -0.6805 -0.6830
vn 0.2435 -0.6772 -0.6943
vn 0.2305 -0.6852 -0.6909
vn 0.2086 -0.6813 -0.7016
vn 0.1957 -0.6889 -0.6980
vn 0.1743 -0.6846 -0.7078
vn 0.1603 -0.6923 -0.7035
vn 0.1396 -0.6877 -0.7124
vn 0.1224 -0.6967 -0.7068
vn 0.1025 -0.6896 -0.7169
vn 0.0818 -0.6999 -0.7096
vn 0.0617 -0.6921 -0.7192
vn 0.0410 -0.7017 -0.7113
vn 0.0206 -0.6932 -0.7205
vn -0.0000 -0.7023 -0.7119
vn -0.0206 -0.6932 -0.7205
vn -0.0410 -0.7017 -0.7113
vn -0.0617 -0.6921 -0.7192
vn -0.0818 -0.6999 -0.7096
vn -0.1025 -0.6896 -0.7169
vn -0.1224 -0.6967 -0.7068
vn -0.1396 -0.6877 -0.7124
vn -0.1603 -0.6923 -0.7035
vn -0.1743 -0.6846 -0.7078
vn -0.1957 -0.6889 -0.6980
vn -0.2086 -0.6813 -0.7016
vn -0.2305 -0.6852 -0.6909
vn -0.2435 -0.6772 -0.6943
vn -0.2652 -0.6805 -0.6830
vn -0.2783 -0.6721 -0.6861
vn -0.2996 -0.6750 -0.6742
vn -0.3128 -0.6661 -0.6771
vn -0.3338 -0.6684 -0.6647
vn -0.3469 -0.6593 -0.6671
vn -0.3673 -0.6610 -0.6543
vn -0.3802 -0.6515 -0.6564
vn -0.4003 -0.6527 -0.6432
vn -0.4123 -0.6435 -0.6449
vn -0.4328 -0.6441 -0.6308
vn -0.4437 -0.6353 -0.6321
vn -0.4640 -0.6353 -0.6173
vn -0.4661 -0.6441 -0.6065
vn -0.4859 -0.6436 -0.5914
vn -0.4880 -0.6528 -0.5795
vn -0.5069 -0.6516 -0.5644
vn -0.5088 -0.6609 -0.5516
vn -0.5273 -0.6592 -0.5361
vn -0.5291 -0.6684 -0.5228
vn -0.5473 -0.6661 -0.5067
vn -0.5487 -0.6750 -0.4933
vn -0.5665 -0.6721 -0.4767
vn -0.5676 -0.6805 -0.4633
vn -0.5851 -0.6773 -0.4461
vn -0.5859 -0.6852 -0.4327
vn -0.6028 -0.6813 -0.4152
vn -0.6033 -0.6889 -0.4017
vn -0.6192 -0.6847 -0.3844
vn -0.6195 -0.6923 -0.3700
vn -0.6344 -0.6877 -0.3530
vn -0.6344 -0.6967 -0.3348
vn -0.6502 -0.6896 -0.3190
vn -0.6496 -0.6998 -0.2971
vn -0.6649 -0.6920 -0.2810
vn -0.6638 -0.7017 -0.2588
vn -0.6788 -0.6932 -0.2422
vn -0.6770 -0.7024 -0.2199
vn -0.6915 -0.6932 -0.2030
vn -0.6892 -0.7017 -0.1808
vn -0.7031 -0.6921 -0.1635
vn -0.7002 -0.6998 -0.1415
vn -0.7135 -0.6896 -0.1241
vn -0.7100 -0.6968 -0.1020
vn -0.7207 -0.6877 -0.0873
vn -0.7187 -0.6923 -0.0649
vn -0.7269 -0.6847 -0.0530
vn -0.7242 -0.6889 -0.0296
vn -0.7317 -0.6814 -0.0185
vn -0.7283 -0.6852 0.0058
vn -0.7355 -0.6773 0.0170
vn -0.7315 -0.6806 0.0412
vn -0.7385 -0.6721 0.0527
vn -0.7338 -0.6750 0.0766
vn -0.7406 -0.6661 0.0883
vn -0.7353 -0.6684 0.1120
vn -0.7417 -0.6592 0.1237
vn -0.7359 -0.6609 0.1471
vn -0.7418 -0.6516 0.1587
vn -0.7354 -0.6528 0.1819
vn -0.7407 -0.6435 0.1928
vn -0.7336 -0.6441 0.2167
vn -0.7382 -0.6353 0.2267
vn -0.7305 -0.6353 0.2505
vn -0.7209 -0.6441 0.2559
vn -0.7126 -0.6436 0.2794
vn -0.7019 -0.6527 0.2851
vn -0.6935 -0.6515 0.3076
vn -0.6818 -0.6609 0.3135
vn -0.6728 -0.6592 0.3358
vn -0.6607 -0.6684 0.3416
vn -0.6511 -0.6661 0.3639
vn -0.6387 -0.6750 0.3694
vn -0.6284 -0.6722 0.3915
vn -0.6160 -0.6805 0.3967
vn -0.6051 -0.6773 0.4186
vn -0.5926 -0.6852 0.4235
vn -0.5811 -0.6813 0.4450
vn -0.5685 -0.6889 0.4497
vn -0.5570 -0.6846 0.4701
vn -0.5433 -0.6923 0.4749
vn -0.5318 -0.6877 0.4943
vn -0.5145 -0.6967 0.4999
vn -0.5043 -0.6896 0.5198
vn -0.4833 -0.6998 0.5260
vn -0.4727 -0.6920 0.5456
vn -0.4513 -0.7017 0.5514
vn -0.4402 -0.6932 0.5707
vn -0.4184 -0.7024 0.5759
vn -0.4068 -0.6932 0.5950
vn -0.3849 -0.7017 0.5996
vn -0.3728 -0.6920 0.6181
vn -0.3509 -0.6998 0.6222
vn -0.3385 -0.6896 0.6402
vn -0.3164 -0.6967 0.6437
vn -0.3057 -0.6877 0.6585
vn -0.2838 -0.6923 0.6635
vn -0.2751 -0.6847 0.6750
vn -0.2520 -0.6889 0.6796
vn -0.2436 -0.6813 0.6902
vn -0.2196 -0.6852 0.6945
vn -0.2111 -0.6773 0.7048
vn -0.1869 -0.6805 0.7085
vn -0.1781 -0.6721 0.7187
vn -0.1539 -0.6750 0.7216
vn -0.1449 -0.6661 0.7317
vn -0.1207 -0.6684 0.7340
vn -0.1115 -0.6592 0.7436
vn -0.0875 -0.6610 0.7453
vn -0.0783 -0.6515 0.7546
vn -0.0542 -0.6527 0.7557
vn -0.0455 -0.6436 0.7640
vn -0.0206 -0.6441 0.7647
vn -0.0126 -0.6353 0.7721
vn 0.0126 -0.6353 0.7721
vn 0.0206 -0.6441 0.7647
vn 0.0455 -0.6436 0.7640
vn 0.0542 -0.6527 0.7557
vn 0.0783 -0.6515 0.7546
vn 0.0875 -0.6610 0.7453
vn 0.1116 -0.6592 0.7436
vn 0.1207 -0.6684 0.7340
vn 0.1449 -0.6661 0.7317
vn 0.1539 -0.6750 0.7216
vn 0.1781 -0.6721 0.7187
vn 0.1869 -0.6805 0.7085
vn 0.2111 -0.6773 0.7048
vn 0.2196 -0.6852 0.6945
vn 0.2436 -0.6813 0.6902
vn 0.2520 -0.6889 0.6796
vn 0.2750 -0.6847 0.6750
vn 0.2837 -0.6923 0.6635
vn 0.3058 -0.6877 0.6585
vn 0.3149 -0.6700 0.6722
vn 0.3366 -0.6649 0.6668
vn 0.3472 -0.6740 0.6521
vn 0.3691 -0.6662 0.6481
vn 0.3815 -0.6764 0.6300
vn 0.4034 -0.6679 0.6254
vn 0.4154 -0.6776 0.6068
vn 0.4372 -0.6685 0.6016
vn 0.4488 -0.6776 0.5826
vn 0.4701 -0.6680 0.5769
vn 0.4812 -0.6765 0.5575
vn 0.5023 -0.6662 0.5513
vn 0.5128 -0.6740 0.5317
vn 0.5301 -0.6649 0.5262
vn 0.5420 -0.6700 0.5072
vn 0.5557 -0.6624 0.5024
vn 0.5672 -0.6670 0.4831
vn 0.5806 -0.6590 0.4781
vn 0.5920 -0.6633 0.4577
vn 0.6046 -0.6553 0.4528
vn 0.6161 -0.6591 0.4312
vn 0.6285 -0.6507 0.4261
vn 0.6393 -0.6541 0.4043
vn 0.6516 -0.6453 0.3988
vn 0.6619 -0.6481 0.3767
vn 0.6739 -0.6389 0.3710
vn 0.6836 -0.6412 0.3487
vn 0.6953 -0.6317 0.3428
vn 0.7043 -0.6335 0.3205
vn 0.7148 -0.6244 0.3149
vn 0.7238 -0.6254 0.2915
vn 0.7334 -0.6167 0.2861
vn 0.7417 -0.6172 0.2626
vn 0.7509 -0.6083 0.2572
vn 0.7586 -0.6083 0.2333
vn 0.7544 -0.6172 0.2235
vn 0.7615 -0.6167 0.1996
vn 0.7569 -0.6254 0.1897
vn 0.7634 -0.6244 0.1654
vn 0.7581 -0.6335 0.1546
vn 0.7640 -0.6317 0.1313
vn 0.7580 -0.6412 0.1197
vn 0.7632 -0.6389 0.0960
vn 0.7568 -0.6481 0.0843
vn 0.7616 -0.6453 0.0603
vn 0.7549 -0.6541 0.0487
vn 0.7589 -0.6507 0.0247
vn 0.7519 -0.6591 0.0132
vn 0.7553 -0.6553 -0.0110
vn 0.7481 -0.6633 -0.0223
vn 0.7507 -0.6590 -0.0455
vn 0.7429 -0.6670 -0.0574
vn 0.7449 -0.6624 -0.0799
vn 0.7367 -0.6700 -0.0918
vn 0.7381 -0.6649 -0.1141
vn 0.7274 -0.6740 -0.1287
vn 0.7304 -0.6662 -0.1508
vn 0.7171 -0.6764 -0.1682
vn 0.7194 -0.6680 -0.1904
vn 0.7055 -0.6776 -0.2075
vn 0.7073 -0.6685 -0.2298
vn 0.6928 -0.6776 -0.2467
vn 0.6940 -0.6680 -0.2688
vn 0.6789 -0.6764 -0.2854
vn 0.6795 -0.6662 -0.3073
vn 0.6642 -0.6740 -0.3234
vn 0.6642 -0.6649 -0.3416
vn 0.6500 -0.6700 -0.3587
vn 0.6497 -0.6623 -0.3732
vn 0.6348 -0.6669 -0.3903
vn 0.6341 -0.6591 -0.4044
vn 0.6183 -0.6633 -0.4216
vn 0.6175 -0.6553 -0.4352
vn 0.6006 -0.6591 -0.4526
vn 0.5995 -0.6507 -0.4661
vn 0.5821 -0.6541 -0.4831
vn 0.5807 -0.6453 -0.4965
vn 0.5628 -0.6481 -0.5131
vn 0.5611 -0.6389 -0.5262
vn 0.5428 -0.6412 -0.5424
vn 0.5409 -0.6317 -0.5553
vn 0.5225 -0.6335 -0.5707
vn 0.5204 -0.6243 -0.5826
vn 0.5009 -0.6253 -0.5984
vn 0.4988 -0.6167 -0.6090
vn 0.4789 -0.6172 -0.6242
vn 0.4766 -0.6083 -0.6347
vn 0.4563 -0.6083 -0.6494
vn 0.4457 -0.6172 -0.6484
vn 0.4251 -0.6167 -0.6626
vn 0.4143 -0.6254 -0.6613
vn 0.3933 -0.6243 -0.6749
vn 0.3814 -0.6335 -0.6732
vn 0.3610 -0.6317 -0.6860
vn 0.3480 -0.6412 -0.6839
vn 0.3271 -0.6389 -0.6963
vn 0.3141 -0.6481 -0.6938
vn 0.2928 -0.6452 -0.7057
vn 0.2795 -0.6541 -0.7028
vn 0.2580 -0.6507 -0.7141
vn 0.2449 -0.6592 -0.7110
vn 0.2230 -0.6553 -0.7217
vn 0.2100 -0.6633 -0.7183
vn 0.1886 -0.6590 -0.7281
vn 0.1750 -0.6669 -0.7243
vn 0.1543 -0.6623 -0.7332
vn 0.1403 -0.6700 -0.7290
vn 0.1196 -0.6649 -0.7373
vn 0.1024 -0.6739 -0.7317
vn 0.0823 -0.6661 -0.7413
vn 0.0616 -0.6764 -0.7340
vn 0.0412 -0.6680 -0.7430
vn 0.0206 -0.6777 -0.7351
vn -0.0000 -0.6686 -0.7437
vn -0.0206 -0.6777 -0.7351
vn -0.0412 -0.6680 -0.7430
vn -0.0616 -0.6764 -0.7340
vn -0.0823 -0.6661 -0.7413
vn -0.1024 -0.6739 -0.7317
vn -0.1196 -0.6649 -0.7373
vn -0.1403 -0.6700 -0.7290
vn -0.1543 -0.6623 -0.7332
vn -0.1750 -0.6669 -0.7243
vn -0.1886 -0.6590 -0.7281
vn -0.2100 -0.6633 -0.7183
vn -0.2230 -0.6553 -0.7217
vn -0.2449 -0.6592 -0.7110
vn -0.2580 -0.6507 -0.7141
vn -0.2795 -0.6541 -0.7028
vn -0.2928 -0.6452 -0.7057
vn -0.3141 -0.6481 -0.6938
vn -0.3271 -0.6389 -0.6963
vn -0.3480 -0.6412 -0.6839
vn -0.3610 -0.6317 -0.6860
vn -0.3814 -0.6335 -0.6732
vn -0.3933 -0.6243 -0.6749
vn -0.4143 -0.6254 -0.6613
vn -0.4251 -0.6167 -0.6626
vn -0.4457 -0.6172 -0.6484
vn -0.4563 -0.6083 -0.6494
vn -0.4766 -0.6083 -0.6347
vn -0.4790 -0.6172 -0.6243
vn -0.4987 -0.6167 -0.6091
vn -0.5009 -0.6254 -0.5984
vn -0.5204 -0.6244 -0.5826
vn -0.5225 -0.6335 -0.5707
vn -0.5409 -0.6318 -0.5553
vn -0.5428 -0.6412 -0.5424
vn -0.5611 -0.6389 -0.5262
vn -0.5628 -0.6481 -0.5131
vn -0.5807 -0.6453 -0.4964
vn -0.5821 -0.6541 -0.4831
vn -0.5995 -0.6507 -0.4661
vn -0.6006 -0.6592 -0.4526
vn -0.6174 -0.6553 -0.4351
vn -0.6182 -0.6633 -0.4217
vn -0.6341 -0.6591 -0.4044
vn -0.6348 -0.6670 -0.3902
vn -0.6496 -0.6623 -0.3732
vn -0.6499 -0.6700 -0.3588
vn -0.6642 -0.6649 -0.3416
vn -0.6642 -0.6740 -0.3234
vn -0.6795 -0.6662 -0.3073
vn -0.6789 -0.6764 -0.2854
vn -0.6940 -0.6680 -0.2688
vn -0.6928 -0.6776 -0.2467
vn -0.7073 -0.6685 -0.2298
vn -0.7055 -0.6776 -0.2075
vn -0.7194 -0.6680 -0.1904
vn -0.7171 -0.6764 -0.1682
vn -0.7304 -0.6662 -0.1508
vn -0.7274 -0.6740 -0.1287
vn -0.7381 -0.6649 -0.1141
vn -0.7367 -0.6700 -0.0918
vn -0.7449 -0.6624 -0.0799
vn -0.7429 -0.6670 -0.0574
vn -0.7507 -0.6590 -0.0455
vn -0.7481 -0.6632 -0.0223
vn -0.7553 -0.6553 -0.0110
vn -0.7519 -0.6591 0.0132
vn -0.7589 -0.6507 0.0247
vn -0.7549 -0.6541 0.0487
vn -0.7616 -0.6453 0.0603
vn -0.7568 -0.6481 0.0843
vn -0.7632 -0.6389 0.0960
vn -0.7580 -0.6412 0.1197
vn -0.7640 -0.6317 0.1313
vn -0.7582 -0.6335 0.1546
vn -0.7634 -0.6243 0.1655
vn -0.7570 -0.6253 0.1897
vn -0.7615 -0.6167 0.1995
vn -0.7544 -0.6172 0.2235
vn -0.7587 -0.6083 0.2333
vn -0.7509 -0.6083 0.2572
vn -0.7417 -0.6172 0.2626
vn -0.7334 -0.6167 0.2861
vn -0.7238 -0.6254 0.2915
vn -0.7149 -0.6244 0.3148
vn -0.7042 -0.6335 0.3205
vn -0.6953 -0.6318 0.3428
vn -0.6836 -0.6412 0.3487
vn -0.6739 -0.6389 0.3710
vn -0.6619 -0.6481 0.3767
vn -0.6516 -0.6453 0.3988
vn -0.6393 -0.6541 0.4043
vn -0.6285 -0.6507 0.4261
vn -0.6160 -0.6592 0.4313
vn -0.6046 -0.6553 0.4528
vn -0.5921 -0.6633 0.4577
vn -0.5806 -0.6590 0.4781
vn -0.5672 -0.6670 0.4831
vn -0.5557 -0.6624 0.5024
vn -0.5420 -0.6700 0.5072
vn -0.5301 -0.6649 0.5262
vn -0.5128 -0.6740 0.5317
vn -0.5023 -0.6662 0.5513
vn -0.4812 -0.6765 0.5575
vn -0.4701 -0.6680 0.5769
vn -0.4488 -0.6776 0.5826
vn -0.4372 -0.6685 0.6016
vn -0.4154 -0.6776 0.6068
vn -0.4034 -0.6680 0.6254
vn -0.3815 -0.6764 0.6300
vn -0.3691 -0.6662 0.6481
vn -0.3472 -0.6740 0.6521
vn -0.3366 -0.6649 0.6668
vn -0.3149 -0.6700 0.6723
vn -0.3061 -0.6624 0.6838
vn -0.2842 -0.6670 0.6887
vn -0.2753 -0.6590 0.6999
vn -0.2523 -0.6633 0.7046
vn -0.2438 -0.6553 0.7149
vn -0.2198 -0.6592 0.7191
vn -0.2109 -0.6507 0.7294
vn -0.1870 -0.6541 0.7329
vn -0.1780 -0.6453 0.7429
vn -0.1536 -0.6481 0.7459
vn -0.1446 -0.6390 0.7555
vn -0.1204 -0.6413 0.7578
vn -0.1112 -0.6317 0.7672
vn -0.0872 -0.6335 0.7688
vn -0.0786 -0.6244 0.7772
vn -0.0535 -0.6254 0.7785
vn -0.0455 -0.6167 0.7859
vn -0.0206 -0.6172 0.7865
vn -0.0126 -0.6082 0.7936
vn 0.0125 -0.6082 0.7936
vn 0.0206 -0.6172 0.7865
vn 0.0455 -0.6167 0.7859
vn 0.0535 -0.6254 0.7785
vn 0.0786 -0.6244 0.7772
vn 0.0872 -0.6335 0.7688
vn 0.1112 -0.6317 0.7672
vn 0.1204 -0.6412 0.7578
vn 0.1445 -0.6389 0.7556
vn 0.1536 -0.6481 0.7459
vn 0.1780 -0.6453 0.7429
vn 0.1870 -0.6541 0.7329
vn 0.2109 -0.6507 0.7294
vn 0.2198 -0.6592 0.7191
vn 0.2438 -0.6553 0.7149
vn 0.2523 -0.6633 0.7046
vn 0.2753 -0.6590 0.6999
vn 0.2842 -0.6669 0.6888
vn 0.3061 -0.6623 0.6838
vn 0.3151 -0.6440 0.6971
vn 0.3368 -0.6389 0.6916
vn 0.3456 -0.6466 0.6801
vn 0.3669 -0.6411 0.6741
vn 0.3775 -0.6502 0.6594
vn 0.3995 -0.6417 0.6547
vn 0.4117 -0.6518 0.6369
vn 0.4336 -0.6427 0.6316
vn 0.4455 -0.6524 0.6132
vn 0.4667 -0.6427 0.6075
vn 0.4784 -0.6518 0.5884
vn 0.4993 -0.6417 0.5822
vn 0.5104 -0.6501 0.5628
vn 0.5278 -0.6411 0.5572
vn 0.5400 -0.6466 0.5388
vn 0.5537 -0.6389 0.5340
vn 0.5656 -0.6440 0.5151
vn 0.5790 -0.6361 0.5101
vn 0.5905 -0.6406 0.4908
vn 0.6035 -0.6325 0.4856
vn 0.6150 -0.6367 0.4651
vn 0.6275 -0.6283 0.4599
vn 0.6388 -0.6322 0.4385
vn 0.6511 -0.6234 0.4330
vn 0.6619 -0.6267 0.4113
vn 0.6738 -0.6176 0.4056
vn 0.6842 -0.6204 0.3834
vn 0.6957 -0.6110 0.3776
vn 0.7054 -0.6133 0.3553
vn 0.7161 -0.6042 0.3496
vn 0.7255 -0.6057 0.3268
vn 0.7351 -0.5969 0.3214
vn 0.7440 -0.5980 0.2980
vn 0.7533 -0.5890 0.2926
vn 0.7616 -0.5895 0.2691
vn 0.7705 -0.5804 0.2636
vn 0.7783 -0.5804 0.2397
vn 0.7743 -0.5895 0.2300
vn 0.7814 -0.5890 0.2060
vn 0.7772 -0.5979 0.1962
vn 0.7836 -0.5969 0.1721
vn 0.7790 -0.6057 0.1621
vn 0.7848 -0.6042 0.1380
vn 0.7795 -0.6134 0.1272
vn 0.7848 -0.6111 0.1034
vn 0.7789 -0.6204 0.0920
vn 0.7836 -0.6175 0.0679
vn 0.7772 -0.6267 0.0563
vn 0.7813 -0.6234 0.0324
vn 0.7745 -0.6322 0.0207
vn 0.7779 -0.6283 -0.0033
vn 0.7709 -0.6367 -0.0148
vn 0.7736 -0.6325 -0.0381
vn 0.7662 -0.6407 -0.0499
vn 0.7682 -0.6361 -0.0724
vn 0.7603 -0.6440 -0.0843
vn 0.7618 -0.6390 -0.1066
vn 0.7536 -0.6466 -0.1185
vn 0.7545 -0.6411 -0.1406
vn 0.7437 -0.6502 -0.1554
vn 0.7461 -0.6417 -0.1776
vn 0.7329 -0.6519 -0.1948
vn 0.7347 -0.6427 -0.2171
vn 0.7208 -0.6524 -0.2342
vn 0.7220 -0.6427 -0.2562
vn 0.7074 -0.6518 -0.2732
vn 0.7080 -0.6417 -0.2949
vn 0.6930 -0.6501 -0.3115
vn 0.6931 -0.6411 -0.3297
vn 0.6793 -0.6466 -0.3471
vn 0.6790 -0.6390 -0.3616
vn 0.6647 -0.6440 -0.3787
vn 0.6641 -0.6361 -0.3930
vn 0.6492 -0.6407 -0.4099
vn 0.6483 -0.6325 -0.4239
vn 0.6324 -0.6367 -0.4412
vn 0.6313 -0.6284 -0.4546
vn 0.6144 -0.6323 -0.4720
vn 0.6130 -0.6234 -0.4854
vn 0.5957 -0.6267 -0.5024
vn 0.5940 -0.6176 -0.5155
vn 0.5761 -0.6204 -0.5322
vn 0.5741 -0.6110 -0.5450
vn 0.5559 -0.6133 -0.5611
vn 0.5538 -0.6042 -0.5729
vn 0.5350 -0.6057 -0.5890
vn 0.5328 -0.5970 -0.5998
vn 0.5134 -0.5980 -0.6155
vn 0.5111 -0.5890 -0.6260
vn 0.4912 -0.5895 -0.6412
vn 0.4887 -0.5804 -0.6514
vn 0.4685 -0.5804 -0.6661
vn 0.4580 -0.5895 -0.6653
vn 0.4374 -0.5891 -0.6795
vn 0.4268 -0.5980 -0.6785
vn 0.4058 -0.5970 -0.6921
vn 0.3949 -0.6057 -0.6908
vn 0.3738 -0.6042 -0.7038
vn 0.3619 -0.6133 -0.7021
vn 0.3409 -0.6110 -0.7145
vn 0.3281 -0.6204 -0.7124
vn 0.3067 -0.6176 -0.7242
vn 0.2938 -0.6267 -0.7218
vn 0.2723 -0.6233 -0.7330
vn 0.2590 -0.6322 -0.7302
vn 0.2373 -0.6284 -0.7409
vn 0.2242 -0.6367 -0.7378
vn 0.2028 -0.6325 -0.7475
vn 0.1892 -0.6407 -0.7441
vn 0.1685 -0.6361 -0.7530
vn 0.1548 -0.6440 -0.7492
vn 0.1341 -0.6390 -0.7575
vn 0.1201 -0.6466 -0.7533
vn 0.0994 -0.6411 -0.7610
vn 0.0821 -0.6502 -0.7553
vn 0.0616 -0.6417 -0.7645
vn 0.0413 -0.6518 -0.7572
vn 0.0206 -0.6427 -0.7658
vn -0.0000 -0.6524 -0.7579
vn -0.0206 -0.6427 -0.7658
vn -0.0413 -0.6518 -0.7572
vn -0.0616 -0.6417 -0.7645
vn -0.0821 -0.6502 -0.7553
vn -0.0994 -0.6411 -0.7610
vn -0.1201 -0.6466 -0.7533
vn -0.1341 -0.6390 -0.7575
vn -0.1548 -0.6440 -0.7492
vn -0.1685 -0.6361 -0.7530
vn -0.1892 -0.6407 -0.7441
vn -0.2028 -0.6325 -0.7475
vn -0.2242 -0.6367 -0.7378
vn -0.2373 -0.6284 -0.7409
vn -0.2590 -0.6322 -0.7302
vn -0.2723 -0.6233 -0.7330
vn -0.2938 -0.6267 -0.7218
vn -0.3067 -0.6176 -0.7242
vn -0.3281 -0.6204 -0.7124
vn -0.3409 -0.6110 -0.7145
vn -0.3619 -0.6133 -0.7021
vn -0.3738 -0.6042 -0.7038
vn -0.3949 -0.6057 -0.6908
vn -0.4058 -0.5970 -0.6921
vn -0.4268 -0.5980 -0.6785
vn -0.4374 -0.5891 -0.6795
vn -0.4580 -0.5895 -0.6653
vn -0.4684 -0.5804 -0.6661
vn -0.4887 -0.5804 -0.6513
vn -0.4912 -0.5895 -0.6412
vn -0.5110 -0.5890 -0.6260
vn -0.5134 -0.5979 -0.6156
vn -0.5328 -0.5969 -0.5999
vn -0.5350 -0.6057 -0.5890
vn -0.5539 -0.6042 -0.5729
vn -0.5559 -0.6133 -0.5611
vn -0.5741 -0.6110 -0.5450
vn -0.5761 -0.6204 -0.5322
vn -0.5940 -0.6176 -0.5155
vn -0.5957 -0.6267 -0.5024
vn -0.6130 -0.6234 -0.4854
vn -0.6144 -0.6323 -0.4720
vn -0.6313 -0.6284 -0.4546
vn -0.6324 -0.6367 -0.4412
vn -0.6483 -0.6325 -0.4239
vn -0.6492 -0.6407 -0.4099
vn -0.6641 -0.6361 -0.3930
vn -0.6647 -0.6440 -0.3787
vn -0.6790 -0.6390 -0.3616
vn -0.6793 -0.6466 -0.3471
vn -0.6931 -0.6411 -0.3297
vn -0.6930 -0.6501 -0.3115
vn -0.7080 -0.6417 -0.2949
vn -0.7074 -0.6518 -0.2732
vn -0.7220 -0.6427 -0.2562
vn -0.7208 -0.6524 -0.2342
vn -0.7347 -0.6427 -0.2171
vn -0.7329 -0.6519 -0.1948
vn -0.7461 -0.6417 -0.1776
vn -0.7437 -0.6502 -0.1554
vn -0.7545 -0.6411 -0.1406
vn -0.7536 -0.6466 -0.1185
vn -0.7618 -0.6389 -0.1066
vn -0.7603 -0.6440 -0.0843
vn -0.7682 -0.6361 -0.0724
vn -0.7662 -0.6407 -0.0499
vn -0.7736 -0.6325 -0.0381
vn -0.7709 -0.6367 -0.0148
vn -0.7779 -0.6283 -0.0033
vn -0.7745 -0.6322 0.0207
vn -0.7813 -0.6234 0.0324
vn -0.7772 -0.6267 0.0563
vn -0.7836 -0.6175 0.0679
vn -0.7789 -0.6204 0.0920
vn -0.7848 -0.6111 0.1034
vn -0.7795 -0.6134 0.1272
vn -0.7848 -0.6042 0.1380
vn -0.7790 -0.6057 0.1621
vn -0.7836 -0.5970 0.1721
vn -0.7771 -0.5980 0.1961
vn -0.7814 -0.5890 0.2060
vn -0.7743 -0.5895 0.2300
vn -0.7783 -0.5804 0.2397
vn -0.7705 -0.5804 0.2636
vn -0.7616 -0.5895 0.2691
vn -0.7533 -0.5890 0.2926
vn -0.7440 -0.5980 0.2980
vn -0.7351 -0.5969 0.3214
vn -0.7255 -0.6057 0.3268
vn -0.7161 -0.6042 0.3497
vn -0.7054 -0.6133 0.3553
vn -0.6957 -0.6110 0.3776
vn -0.6842 -0.6204 0.3834
vn -0.6738 -0.6176 0.4056
vn -0.6619 -0.6267 0.4113
vn -0.6511 -0.6234 0.4330
vn -0.6388 -0.6322 0.4385
vn -0.6275 -0.6283 0.4599
vn -0.6150 -0.6367 0.4651
vn -0.6035 -0.6325 0.4856
vn -0.5905 -0.6406 0.4908
vn -0.5789 -0.6361 0.5101
vn -0.5656 -0.6440 0.5151
vn -0.5537 -0.6389 0.5340
vn -0.5400 -0.6466 0.5388
vn -0.5277 -0.6411 0.5572
vn -0.5104 -0.6501 0.5628
vn -0.4993 -0.6417 0.5822
vn -0.4784 -0.6518 0.5884
vn -0.4667 -0.6427 0.6075
vn -0.4455 -0.6524 0.6131
vn -0.4335 -0.6427 0.6317
vn -0.4117 -0.6518 0.6369
vn -0.3995 -0.6417 0.6547
vn -0.3775 -0.6502 0.6594
vn -0.3669 -0.6411 0.6741
vn -0.3456 -0.6466 0.6801
vn -0.3368 -0.6389 0.6916
vn -0.3151 -0.6440 0.6971
vn -0.3062 -0.6361 0.7082
vn -0.2843 -0.6407 0.7132
vn -0.2753 -0.6325 0.7240
vn -0.2523 -0.6367 0.7286
vn -0.2435 -0.6283 0.7389
vn -0.2196 -0.6322 0.7430
vn -0.2107 -0.6234 0.7530
vn -0.1867 -0.6267 0.7565
vn -0.1775 -0.6176 0.7662
vn -0.1532 -0.6204 0.7692
vn -0.1441 -0.6110 0.7784
vn -0.1199 -0.6133 0.7807
vn -0.1113 -0.6042 0.7890
vn -0.0866 -0.6057 0.7910
vn -0.0785 -0.5969 0.7984
vn -0.0535 -0.5980 0.7997
vn -0.0454 -0.5890 0.8068
vn -0.0205 -0.5895 0.8075
vn -0.0126 -0.5804 0.8142
vn 0.0126 -0.5804 0.8142
vn 0.0205 -0.5895 0.8075
vn 0.0455 -0.5890 0.8069
vn 0.0536 -0.5980 0.7997
vn 0.0785 -0.5969 0.7984
vn 0.0866 -0.6057 0.7910
vn 0.1113 -0.6042 0.7890
vn 0.1200 -0.6133 0.7807
vn 0.1441 -0.6111 0.7784
vn 0.1531 -0.6204 0.7692
vn 0.1775 -0.6176 0.7662
vn 0.1867 -0.6267 0.7565
vn 0.2107 -0.6234 0.7530
vn 0.2196 -0.6322 0.7430
vn 0.2435 -0.6283 0.7389
vn 0.2523 -0.6367 0.7286
vn 0.2753 -0.6325 0.7240
vn 0.2843 -0.6407 0.7132
vn 0.3062 -0.6361 0.7082
vn 0.3150 -0.6171 0.7211
vn 0.3367 -0.6121 0.7155
vn 0.3456 -0.6200 0.7044
vn 0.3670 -0.6146 0.6983
vn 0.3757 -0.6220 0.6870
vn 0.3967 -0.6162 0.6804
vn 0.4074 -0.6253 0.6656
vn 0.4290 -0.6161 0.6606
vn 0.4414 -0.6264 0.6425
vn 0.4627 -0.6166 0.6369
vn 0.4746 -0.6264 0.6183
vn 0.4958 -0.6161 0.6121
vn 0.5072 -0.6253 0.5931
vn 0.5245 -0.6162 0.5876
vn 0.5372 -0.6221 0.5695
vn 0.5507 -0.6146 0.5648
vn 0.5632 -0.6200 0.5463
vn 0.5765 -0.6121 0.5413
vn 0.5885 -0.6171 0.5224
vn 0.6015 -0.6090 0.5171
vn 0.6129 -0.6135 0.4979
vn 0.6256 -0.6052 0.4923
vn 0.6371 -0.6094 0.4719
vn 0.6493 -0.6005 0.4666
vn 0.6607 -0.6045 0.4450
vn 0.6727 -0.5952 0.4394
vn 0.6835 -0.5987 0.4176
vn 0.6953 -0.5891 0.4118
vn 0.7054 -0.5921 0.3897
vn 0.7161 -0.5829 0.3840
vn 0.7262 -0.5848 0.3614
vn 0.7356 -0.5762 0.3562
vn 0.7452 -0.5776 0.3331
vn 0.7635 -0.5567 0.3275
vn 0.7521 -0.5445 0.3713
vn 0.7311 -0.5538 0.3985
vn 0.7103 -0.5597 0.4270
vn 0.6885 -0.5642 0.4557
vn 0.6584 -0.5813 0.4781
vn 0.6796 -0.5603 0.4736
vn 0.6469 -0.5771 0.4985
vn 0.6615 -0.5455 0.5147
vn 0.6232 -0.5810 0.5236
vn 0.6106 -0.5893 0.5291
vn 0.5987 -0.5843 0.5479
vn 0.5856 -0.5925 0.5532
vn 0.5731 -0.5870 0.5717
vn 0.5599 -0.5949 0.5768
vn 0.5471 -0.5890 0.5947
vn 0.5334 -0.5967 0.5996
vn 0.5205 -0.5905 0.6168
vn 0.5032 -0.5995 0.6224
vn 0.4912 -0.5897 0.6411
vn 0.4702 -0.6000 0.6472
vn 0.4579 -0.5897 0.6653
vn 0.4365 -0.5995 0.6709
vn 0.4258 -0.5905 0.6856
vn 0.4053 -0.5967 0.6926
vn 0.3965 -0.5890 0.7042
vn 0.3756 -0.5949 0.7107
vn 0.3667 -0.5870 0.7218
vn 0.3452 -0.5925 0.7279
vn 0.3361 -0.5843 0.7387
vn 0.3144 -0.5893 0.7442
vn 0.3058 -0.6089 0.7319
vn 0.2841 -0.6134 0.7369
vn 0.2750 -0.6052 0.7471
vn 0.2519 -0.6094 0.7518
vn 0.2430 -0.6005 0.7618
vn 0.2191 -0.6044 0.7659
vn 0.2101 -0.5952 0.7756
vn 0.1860 -0.5987 0.7791
vn 0.1767 -0.5891 0.7885
vn 0.1526 -0.5921 0.7913
vn 0.1439 -0.5829 0.7997
vn 0.1194 -0.5848 0.8024
vn 0.1114 -0.5762 0.8097
vn 0.0865 -0.5776 0.8117
vn 0.0756 -0.5566 0.8273
vn 0.0539 -0.5598 0.8269
vn 0.0206 -0.5516 0.8338
vn -0.0206 -0.5517 0.8338
vn -0.0540 -0.5598 0.8269
vn -0.0865 -0.5776 0.8117
vn -0.0756 -0.5567 0.8273
vn -0.1114 -0.5762 0.8097
vn -0.1207 -0.5445 0.8300
vn -0.1439 -0.5829 0.7997
vn -0.1526 -0.5921 0.7913
vn -0.1767 -0.5891 0.7885
vn -0.1860 -0.5987 0.7791
vn -0.2101 -0.5952 0.7756
vn -0.2191 -0.6044 0.7659
vn -0.2430 -0.6005 0.7618
vn -0.2519 -0.6094 0.7518
vn -0.2750 -0.6052 0.7471
vn -0.2841 -0.6134 0.7369
vn -0.3058 -0.6089 0.7319
vn -0.3150 -0.6171 0.7211
vn -0.3367 -0.6121 0.7155
vn -0.3456 -0.6200 0.7044
vn -0.3670 -0.6145 0.6983
vn -0.3757 -0.6220 0.6870
vn -0.3967 -0.6162 0.6804
vn -0.4074 -0.6253 0.6656
vn -0.4290 -0.6161 0.6606
vn -0.4414 -0.6264 0.6425
vn -0.4627 -0.6166 0.6369
vn -0.4746 -0.6264 0.6183
vn -0.4958 -0.6161 0.6121
vn -0.5072 -0.6253 0.5931
vn -0.5245 -0.6162 0.5876
vn -0.5372 -0.6221 0.5695
vn -0.5507 -0.6146 0.5648
vn -0.5632 -0.6200 0.5463
vn -0.5765 -0.6122 0.5412
vn -0.5884 -0.6172 0.5224
vn -0.6015 -0.6090 0.5171
vn -0.6129 -0.6135 0.4979
vn -0.6256 -0.6052 0.4923
vn -0.6371 -0.6094 0.4719
vn -0.6493 -0.6005 0.4666
vn -0.6607 -0.6045 0.4450
vn -0.6727 -0.5952 0.4394
vn -0.6835 -0.5987 0.4176
vn -0.6953 -0.5891 0.4118
vn -0.7054 -0.5921 0.3897
vn -0.7161 -0.5829 0.3840
vn -0.7262 -0.5848 0.3614
vn -0.7356 -0.5762 0.3561
vn -0.7453 -0.5776 0.3331
vn -0.7635 -0.5566 0.3275
vn -0.7698 -0.5598 0.3068
vn -0.7866 -0.5516 0.2773
vn -0.7994 -0.5516 0.2381
vn -0.8031 -0.5598 0.2042
vn -0.7987 -0.5776 0.1686
vn -0.8101 -0.5567 0.1838
vn -0.8045 -0.5762 0.1442
vn -0.8267 -0.5445 0.1416
vn -0.8050 -0.5829 0.1103
vn -0.7997 -0.5921 0.0994
vn -0.8045 -0.5891 0.0756
vn -0.7984 -0.5987 0.0639
vn -0.8025 -0.5953 0.0399
vn -0.7962 -0.6044 0.0283
vn -0.7996 -0.6005 0.0043
vn -0.7928 -0.6094 -0.0073
vn -0.7955 -0.6052 -0.0307
vn -0.7886 -0.6134 -0.0425
vn -0.7906 -0.6089 -0.0647
vn -0.7831 -0.6171 -0.0768
vn -0.7846 -0.6121 -0.0990
vn -0.7767 -0.6200 -0.1110
vn -0.7775 -0.6146 -0.1333
vn -0.7694 -0.6221 -0.1450
vn -0.7697 -0.6162 -0.1670
vn -0.7590 -0.6253 -0.1817
vn -0.7609 -0.6160 -0.2039
vn -0.7474 -0.6264 -0.2213
vn -0.7487 -0.6166 -0.2433
vn -0.7348 -0.6264 -0.2603
vn -0.7354 -0.6160 -0.2824
vn -0.7208 -0.6252 -0.2991
vn -0.7209 -0.6162 -0.3172
vn -0.7077 -0.6221 -0.3350
vn -0.7074 -0.6145 -0.3493
vn -0.6936 -0.6200 -0.3668
vn -0.6929 -0.6121 -0.3810
vn -0.6787 -0.6172 -0.3982
vn -0.6776 -0.6090 -0.4123
vn -0.6629 -0.6135 -0.4291
vn -0.6616 -0.6052 -0.4428
vn -0.6457 -0.6094 -0.4601
vn -0.6444 -0.6005 -0.4734
vn -0.6274 -0.6044 -0.4909
vn -0.6258 -0.5952 -0.5041
vn -0.6084 -0.5987 -0.5210
vn -0.6065 -0.5891 -0.5340
vn -0.5886 -0.5921 -0.5505
vn -0.5865 -0.5829 -0.5624
vn -0.5682 -0.5848 -0.5790
vn -0.5661 -0.5762 -0.5896
vn -0.5471 -0.5776 -0.6059
vn -0.5474 -0.5566 -0.6249
vn -0.5297 -0.5598 -0.6372
vn -0.5068 -0.5516 -0.6625
vn -0.4734 -0.5516 -0.6867
vn -0.4424 -0.5598 -0.7007
vn -0.4072 -0.5776 -0.7075
vn -0.4251 -0.5567 -0.7137
vn -0.3858 -0.5762 -0.7205
vn -0.3902 -0.5444 -0.7425
vn -0.3536 -0.5829 -0.7316
vn -0.3572 -0.5538 -0.7521
vn -0.3205 -0.5891 -0.7417
vn -0.3237 -0.5597 -0.7629
vn -0.2860 -0.5953 -0.7509
vn -0.2891 -0.5642 -0.7734
vn -0.2517 -0.5813 -0.7738
vn -0.2714 -0.5603 -0.7826
vn -0.2302 -0.5770 -0.7836
vn -0.2326 -0.5454 -0.8052
vn -0.1965 -0.5810 -0.7899
vn -0.1984 -0.5511 -0.8105
vn -0.1622 -0.5843 -0.7952
vn -0.1638 -0.5548 -0.8157
vn -0.1277 -0.5870 -0.7995
vn -0.1289 -0.5573 -0.8202
vn -0.0931 -0.5891 -0.8027
vn -0.0939 -0.5590 -0.8238
vn -0.0585 -0.5904 -0.8050
vn -0.0412 -0.5995 -0.7993
vn -0.0412 -0.6161 -0.7866
vn -0.0206 -0.6264 -0.7793
vn -0.0000 -0.6166 -0.7873
vn 0.0206 -0.6264 -0.7793
vn 0.0412 -0.6161 -0.7866
vn 0.0616 -0.6253 -0.7780
vn 0.0790 -0.6162 -0.7836
vn 0.0999 -0.6220 -0.7766
vn 0.1135 -0.6145 -0.7807
vn 0.1345 -0.6200 -0.7730
vn 0.1482 -0.6121 -0.7767
vn 0.1690 -0.6172 -0.7685
vn 0.1827 -0.6090 -0.7719
vn 0.2033 -0.6135 -0.7631
vn 0.2167 -0.6052 -0.7660
vn 0.2380 -0.6094 -0.7563
vn 0.2511 -0.6005 -0.7591
vn 0.2730 -0.6044 -0.7484
vn 0.2860 -0.5953 -0.7509
vn 0.3075 -0.5987 -0.7396
vn 0.3205 -0.5892 -0.7417
vn 0.3416 -0.5921 -0.7299
vn 0.3536 -0.5829 -0.7315
vn 0.3751 -0.5848 -0.7193
vn 0.3857 -0.5763 -0.7205
vn 0.4072 -0.5777 -0.7075
vn 0.4251 -0.5567 -0.7137
vn 0.4424 -0.5598 -0.7006
vn 0.4734 -0.5517 -0.6867
vn 0.5067 -0.5517 -0.6625
vn 0.5297 -0.5598 -0.6372
vn 0.5471 -0.5776 -0.6058
vn 0.5474 -0.5566 -0.6249
vn 0.5660 -0.5762 -0.5895
vn 0.5855 -0.5445 -0.6005
vn 0.5865 -0.5829 -0.5624
vn 0.5886 -0.5921 -0.5505
vn 0.6065 -0.5891 -0.5340
vn 0.6084 -0.5987 -0.5210
vn 0.6258 -0.5952 -0.5041
vn 0.6274 -0.6044 -0.4909
vn 0.6444 -0.6005 -0.4734
vn 0.6457 -0.6094 -0.4601
vn 0.6616 -0.6052 -0.4428
vn 0.6629 -0.6135 -0.4291
vn 0.6776 -0.6090 -0.4123
vn 0.6787 -0.6172 -0.3982
vn 0.6929 -0.6122 -0.3810
vn 0.6936 -0.6200 -0.3668
vn 0.7074 -0.6146 -0.3492
vn 0.7077 -0.6221 -0.3350
vn 0.7208 -0.6162 -0.3173
vn 0.7208 -0.6253 -0.2991
vn 0.7354 -0.6161 -0.2823
vn 0.7348 -0.6264 -0.2603
vn 0.7487 -0.6166 -0.2433
vn 0.7474 -0.6264 -0.2213
vn 0.7609 -0.6160 -0.2039
vn 0.7590 -0.6253 -0.1817
vn 0.7697 -0.6162 -0.1670
vn 0.7694 -0.6221 -0.1450
vn 0.7775 -0.6146 -0.1333
vn 0.7767 -0.6200 -0.1110
vn 0.7846 -0.6121 -0.0990
vn 0.7831 -0.6171 -0.0768
vn 0.7906 -0.6089 -0.0648
vn 0.7885 -0.6135 -0.0425
vn 0.7955 -0.6052 -0.0306
vn 0.7928 -0.6094 -0.0073
vn 0.7996 -0.6005 0.0043
vn 0.7962 -0.6044 0.0283
vn 0.8025 -0.5953 0.0399
vn 0.7984 -0.5987 0.0639
vn 0.8045 -0.5891 0.0756
vn 0.7997 -0.5921 0.0994
vn 0.8050 -0.5829 0.1102
vn 0.8000 -0.5848 0.1345
vn 0.8044 -0.5762 0.1443
vn 0.7987 -0.5776 0.1686
vn 0.8102 -0.5567 0.1838
vn 0.8031 -0.5598 0.2042
vn 0.7994 -0.5516 0.2381
vn 0.7866 -0.5517 0.2772
vn 0.7697 -0.5598 0.3068
vn 0.6368 -0.5511 0.5392
vn 0.6120 -0.5547 0.5637
vn 0.5864 -0.5573 0.5879
vn 0.5602 -0.5590 0.6113
vn 0.5335 -0.5601 0.6337
vn 0.5034 -0.5607 0.6574
vn 0.4697 -0.5607 0.6819
vn 0.4378 -0.5601 0.7032
vn 0.4082 -0.5590 0.7217
vn 0.3779 -0.5573 0.7394
vn 0.3470 -0.5547 0.7562
vn 0.3160 -0.5511 0.7723
vn 0.2851 -0.5454 0.7882
vn 0.2405 -0.5603 0.7926
vn 0.2207 -0.5642 0.7956
vn 0.1866 -0.5596 0.8075
vn 0.1531 -0.5537 0.8185
vn 0.1208 -0.5443 0.8301
vn -0.1530 -0.5538 0.8185
vn -0.1866 -0.5597 0.8074
vn -0.2207 -0.5642 0.7956
vn -0.2405 -0.5603 0.7926
vn -0.2851 -0.5454 0.7882
vn -0.3160 -0.5511 0.7723
vn -0.3470 -0.5547 0.7562
vn -0.3779 -0.5573 0.7394
vn -0.4082 -0.5590 0.7217
vn -0.4378 -0.5601 0.7032
vn -0.4697 -0.5607 0.6819
vn -0.5033 -0.5607 0.6575
vn -0.5335 -0.5601 0.6337
vn -0.5602 -0.5590 0.6113
vn -0.5864 -0.5572 0.5879
vn -0.6120 -0.5547 0.5637
vn -0.6369 -0.5511 0.5392
vn -0.6615 -0.5454 0.5147
vn -0.6796 -0.5603 0.4736
vn -0.6885 -0.5642 0.4557
vn -0.7103 -0.5597 0.4270
vn -0.7311 -0.5538 0.3985
vn -0.7521 -0.5444 0.3713
vn -0.8257 -0.5538 0.1074
vn -0.8256 -0.5597 0.0721
vn -0.8249 -0.5642 0.0360
vn -0.8281 -0.5603 0.0163
vn -0.8377 -0.5454 -0.0276
vn -0.8321 -0.5511 -0.0618
vn -0.8264 -0.5548 -0.0963
vn -0.8199 -0.5573 -0.1309
vn -0.8125 -0.5590 -0.1652
vn -0.8041 -0.5601 -0.1991
vn -0.7937 -0.5607 -0.2360
vn -0.7808 -0.5607 -0.2756
vn -0.7676 -0.5601 -0.3116
vn -0.7544 -0.5590 -0.3440
vn -0.7403 -0.5573 -0.3760
vn -0.7252 -0.5548 -0.4078
vn -0.7095 -0.5511 -0.4391
vn -0.6939 -0.5455 -0.4701
vn -0.6604 -0.5603 -0.4999
vn -0.6461 -0.5642 -0.5140
vn -0.6255 -0.5597 -0.5436
vn -0.6049 -0.5538 -0.5722
vn -0.5856 -0.5444 -0.6006
vn -0.0591 -0.5602 -0.8263
vn -0.0208 -0.5608 -0.8277
vn 0.0208 -0.5608 -0.8277
vn 0.0591 -0.5602 -0.8263
vn 0.0939 -0.5590 -0.8238
vn 0.1289 -0.5573 -0.8202
vn 0.1638 -0.5547 -0.8157
vn 0.1984 -0.5511 -0.8105
vn 0.2326 -0.5454 -0.8052
vn 0.2714 -0.5603 -0.7826
vn 0.2891 -0.5642 -0.7734
vn 0.3237 -0.5597 -0.7629
vn 0.3572 -0.5538 -0.7521
vn 0.3902 -0.5444 -0.7425
vn 0.6049 -0.5538 -0.5721
vn 0.6255 -0.5597 -0.5436
vn 0.6461 -0.5642 -0.5140
vn 0.6604 -0.5603 -0.4999
vn 0.6939 -0.5455 -0.4701
vn 0.7095 -0.5511 -0.4391
vn 0.7252 -0.5548 -0.4078
vn 0.7403 -0.5573 -0.3760
vn 0.7544 -0.5591 -0.3439
vn 0.7676 -0.5601 -0.3116
vn 0.7808 -0.5607 -0.2756
vn 0.7937 -0.5607 -0.2360
vn 0.8041 -0.5601 -0.1991
vn 0.8125 -0.5590 -0.1652
vn 0.8199 -0.5573 -0.1309
vn 0.8264 -0.5548 -0.0963
vn 0.8321 -0.5511 -0.0618
vn 0.8377 -0.5454 -0.0276
vn 0.8281 -0.5603 0.0163
vn 0.8249 -0.5642 0.0360
vn 0.8256 -0.5597 0.0721
vn 0.8257 -0.5537 0.1073
vn 0.8268 -0.5444 0.1416
vn 0.8137 -0.5813 0.0003
vn 0.8164 -0.5771 -0.0231
vn 0.8099 -0.5855 -0.0348
vn 0.8119 -0.5810 -0.0573
vn 0.8050 -0.5893 -0.0691
vn 0.8064 -0.5843 -0.0914
vn 0.7989 -0.5925 -0.1034
vn 0.7998 -0.5870 -0.1257
vn 0.7920 -0.5949 -0.1376
vn 0.7922 -0.5890 -0.1595
vn 0.7839 -0.5967 -0.1715
vn 0.7836 -0.5905 -0.1931
vn 0.7729 -0.5995 -0.2078
vn 0.7742 -0.5897 -0.2299
vn 0.7608 -0.6000 -0.2472
vn 0.7615 -0.5897 -0.2691
vn 0.7475 -0.5995 -0.2862
vn 0.7475 -0.5904 -0.3044
vn 0.7350 -0.5966 -0.3221
vn 0.7347 -0.5890 -0.3366
vn 0.7216 -0.5948 -0.3542
vn 0.7209 -0.5870 -0.3684
vn 0.7071 -0.5924 -0.3860
vn 0.7061 -0.5843 -0.4000
vn 0.6918 -0.5893 -0.4172
vn 0.6905 -0.5809 -0.4309
vn 0.6757 -0.5855 -0.4479
vn 0.6741 -0.5771 -0.4611
vn 0.6582 -0.5813 -0.4784
vn 0.2517 -0.5813 -0.7738
vn 0.2302 -0.5770 -0.7836
vn 0.2172 -0.5855 -0.7811
vn 0.1965 -0.5810 -0.7899
vn 0.1830 -0.5893 -0.7869
vn 0.1622 -0.5843 -0.7952
vn 0.1485 -0.5924 -0.7918
vn 0.1277 -0.5870 -0.7995
vn 0.1139 -0.5949 -0.7957
vn 0.0931 -0.5891 -0.8027
vn 0.0792 -0.5967 -0.7986
vn 0.0585 -0.5904 -0.8050
vn 0.0412 -0.5995 -0.7993
vn 0.0206 -0.5897 -0.8073
vn -0.0000 -0.6000 -0.8000
vn -0.0206 -0.5897 -0.8073
vn -0.6582 -0.5813 -0.4784
vn -0.6741 -0.5771 -0.4611
vn -0.6757 -0.5855 -0.4479
vn -0.6905 -0.5809 -0.4309
vn -0.6918 -0.5893 -0.4172
vn -0.7061 -0.5843 -0.4000
vn -0.7071 -0.5925 -0.3859
vn -0.7209 -0.5870 -0.3684
vn -0.7216 -0.5949 -0.3543
vn -0.7347 -0.5890 -0.3366
vn -0.7350 -0.5967 -0.3220
vn -0.7474 -0.5905 -0.3044
vn -0.7474 -0.5995 -0.2862
vn -0.7615 -0.5897 -0.2691
vn -0.7608 -0.6000 -0.2472
vn -0.7742 -0.5897 -0.2299
vn -0.7729 -0.5995 -0.2078
vn -0.7836 -0.5905 -0.1931
vn -0.7839 -0.5967 -0.1715
vn -0.7922 -0.5890 -0.1595
vn -0.7920 -0.5949 -0.1376
vn -0.7998 -0.5870 -0.1257
vn -0.7989 -0.5925 -0.1034
vn -0.8064 -0.5843 -0.0914
vn -0.8050 -0.5893 -0.0691
vn -0.8119 -0.5810 -0.0573
vn -0.8099 -0.5856 -0.0349
vn -0.8164 -0.5771 -0.0231
vn -0.8137 -0.5813 0.0003
vn -0.6584 -0.5813 0.4781
vn -0.6469 -0.5771 0.4985
vn -0.6348 -0.5855 0.5041
vn -0.6232 -0.5810 0.5236
vn -0.6106 -0.5893 0.5291
vn -0.5987 -0.5843 0.5479
vn -0.5856 -0.5925 0.5532
vn -0.5731 -0.5870 0.5717
vn -0.5599 -0.5949 0.5768
vn -0.5471 -0.5890 0.5947
vn -0.5334 -0.5967 0.5996
vn -0.5205 -0.5905 0.6168
vn -0.5032 -0.5995 0.6224
vn -0.4912 -0.5897 0.6411
vn -0.4702 -0.6000 0.6472
vn -0.4579 -0.5897 0.6653
vn -0.4365 -0.5995 0.6709
vn -0.4258 -0.5905 0.6856
vn -0.4053 -0.5967 0.6926
vn -0.3965 -0.5890 0.7042
vn -0.3756 -0.5949 0.7107
vn -0.3667 -0.5870 0.7218
vn -0.3452 -0.5925 0.7279
vn -0.3361 -0.5843 0.7387
vn -0.3144 -0.5893 0.7442
vn -0.3053 -0.5810 0.7544
vn -0.2834 -0.5856 0.7595
vn -0.2743 -0.5770 0.7693
vn -0.2512 -0.5813 0.7740
vn 0.2512 -0.5813 0.7740
vn 0.2742 -0.5770 0.7693
vn 0.2834 -0.5856 0.7595
vn 0.3053 -0.5810 0.7544
vn 0.5682 -0.5848 -0.5790
vn -0.0616 -0.6253 -0.7780
vn -0.0790 -0.6162 -0.7836
vn -0.0999 -0.6220 -0.7766
vn -0.1135 -0.6145 -0.7807
vn -0.1345 -0.6200 -0.7730
vn -0.1482 -0.6121 -0.7767
vn -0.1690 -0.6172 -0.7685
vn -0.1827 -0.6090 -0.7719
vn -0.2033 -0.6135 -0.7631
vn -0.2167 -0.6052 -0.7660
vn -0.2380 -0.6094 -0.7563
vn -0.2511 -0.6005 -0.7591
vn -0.2730 -0.6044 -0.7484
vn -0.2172 -0.5855 -0.7811
vn -0.1830 -0.5893 -0.7869
vn -0.1485 -0.5924 -0.7918
vn -0.1139 -0.5949 -0.7957
vn -0.0792 -0.5967 -0.7986
vn -0.3075 -0.5987 -0.7396
vn -0.3416 -0.5921 -0.7299
vn -0.3751 -0.5848 -0.7193
vn -0.8000 -0.5847 0.1345
vn -0.1194 -0.5848 0.8024
vn 0.6348 -0.5855 0.5041
vn 0.2765 -0.7594 0.5890
vn 0.2546 -0.7645 0.5922
vn 0.2432 -0.7792 0.5777
vn 0.2222 -0.7835 0.5803
vn 0.2106 -0.7974 0.5654
vn 0.1896 -0.8012 0.5676
vn 0.1775 -0.8148 0.5519
vn 0.1564 -0.8178 0.5538
vn 0.1442 -0.8308 0.5376
vn 0.1232 -0.8332 0.5391
vn 0.1106 -0.8454 0.5225
vn 0.0899 -0.8472 0.5236
vn 0.0772 -0.8588 0.5065
vn 0.0565 -0.8600 0.5072
vn 0.0458 -0.8691 0.4925
vn 0.0211 -0.8698 0.4929
vn 0.0124 -0.8767 0.4808
vn -0.0124 -0.8767 0.4808
vn -0.0210 -0.8863 0.4625
vn -0.0124 -0.8928 0.4503
vn -0.0210 -0.9019 0.4315
vn -0.0124 -0.9079 0.4191
vn -0.0210 -0.9164 0.3998
vn -0.0124 -0.9218 0.3874
vn -0.0209 -0.9297 0.3677
vn -0.0124 -0.9347 0.3553
vn -0.0209 -0.9419 0.3352
vn -0.0125 -0.9464 0.3228
vn -0.0210 -0.9530 0.3024
vn -0.0125 -0.9570 0.2898
vn -0.0212 -0.9630 0.2685
vn -0.0125 -0.9664 0.2566
vn -0.0206 -0.9720 0.2341
vn -0.0126 -0.9747 0.2230
vn -0.0206 -0.9795 0.2003
vn -0.0125 -0.9819 0.1891
vn -0.0205 -0.9859 0.1662
vn -0.0125 -0.9878 0.1551
vn -0.0206 -0.9911 0.1318
vn -0.0125 -0.9926 0.1207
vn -0.0204 -0.9951 0.0972
vn -0.0125 -0.9962 0.0864
vn -0.0204 -0.9978 0.0626
vn -0.0125 -0.9986 0.0519
vn -0.0203 -0.9994 0.0280
vn 0.0203 -0.9994 0.0280
vn 0.0329 -0.9994 -0.0107
vn -0.0000 -0.9994 -0.0346
vn -0.0329 -0.9994 -0.0107
vn -0.0532 -0.9986 0.0041
vn -0.0454 -0.9986 0.0279
vn -0.0533 -0.9978 0.0387
vn -0.0455 -0.9970 0.0626
vn -0.0533 -0.9959 0.0734
vn -0.0455 -0.9942 0.0971
vn -0.0535 -0.9927 0.1082
vn -0.0455 -0.9903 0.1316
vn -0.0536 -0.9883 0.1428
vn -0.0455 -0.9851 0.1661
vn -0.0535 -0.9827 0.1772
vn -0.0455 -0.9787 0.2001
vn -0.0535 -0.9760 0.2112
vn -0.0455 -0.9712 0.2339
vn -0.0542 -0.9678 0.2459
vn -0.0452 -0.9623 0.2681
vn -0.0544 -0.9582 0.2807
vn -0.0456 -0.9522 0.3021
vn -0.0542 -0.9477 0.3146
vn -0.0457 -0.9411 0.3349
vn -0.0543 -0.9362 0.3473
vn -0.0458 -0.9290 0.3673
vn -0.0544 -0.9235 0.3798
vn -0.0457 -0.9156 0.3994
vn -0.0545 -0.9096 0.4119
vn -0.0458 -0.9011 0.4311
vn -0.0544 -0.8947 0.4434
vn -0.0458 -0.8856 0.4622
vn -0.0544 -0.8787 0.4742
vn -0.0458 -0.8691 0.4925
vn -0.0211 -0.8698 0.4929
vn -0.0124 -0.8596 0.5109
vn 0.0124 -0.8596 0.5109
vn 0.0231 -0.8504 0.5256
vn 0.0437 -0.8498 0.5252
vn 0.0565 -0.8382 0.5424
vn 0.0772 -0.8371 0.5416
vn 0.0897 -0.8248 0.5582
vn 0.1105 -0.8230 0.5572
vn 0.1229 -0.8101 0.5732
vn 0.1439 -0.8077 0.5718
vn 0.1559 -0.7941 0.5874
vn 0.1770 -0.7910 0.5857
vn 0.1886 -0.7770 0.6006
vn 0.2097 -0.7733 0.5984
vn 0.2211 -0.7586 0.6128
vn 0.2421 -0.7543 0.6103
vn 0.2105 -0.7496 0.6275
vn 0.1867 -0.7533 0.6306
vn 0.1780 -0.7680 0.6152
vn 0.1540 -0.7711 0.6178
vn 0.1453 -0.7851 0.6021
vn 0.1209 -0.7876 0.6042
vn 0.1122 -0.8011 0.5879
vn 0.0877 -0.8031 0.5894
vn 0.0791 -0.8158 0.5729
vn 0.0544 -0.8171 0.5739
vn 0.0458 -0.8292 0.5571
vn 0.0211 -0.8299 0.5575
vn 0.0124 -0.8414 0.5403
vn -0.0124 -0.8414 0.5403
vn -0.0231 -0.8504 0.5256
vn -0.0437 -0.8498 0.5252
vn -0.0565 -0.8600 0.5072
vn -0.0772 -0.8588 0.5065
vn -0.0897 -0.8682 0.4881
vn -0.0791 -0.8773 0.4734
vn -0.0877 -0.8863 0.4547
vn -0.0790 -0.8932 0.4426
vn -0.0877 -0.9017 0.4234
vn -0.0790 -0.9081 0.4112
vn -0.0877 -0.9160 0.3915
vn -0.0790 -0.9220 0.3791
vn -0.0876 -0.9292 0.3591
vn -0.0789 -0.9346 0.3467
vn -0.0874 -0.9412 0.3263
vn -0.0790 -0.9461 0.3141
vn -0.0877 -0.9522 0.2927
vn -0.0785 -0.9568 0.2801
vn -0.0874 -0.9622 0.2579
vn -0.0783 -0.9663 0.2453
vn -0.0872 -0.9710 0.2228
vn -0.0785 -0.9744 0.2109
vn -0.0865 -0.9784 0.1879
vn -0.0785 -0.9811 0.1768
vn -0.0865 -0.9843 0.1537
vn -0.0784 -0.9867 0.1425
vn -0.0864 -0.9891 0.1190
vn -0.0784 -0.9911 0.1079
vn -0.0863 -0.9927 0.0843
vn -0.0783 -0.9942 0.0732
vn -0.0862 -0.9951 0.0494
vn -0.0783 -0.9962 0.0386
vn -0.0860 -0.9962 0.0148
vn -0.0659 -0.9978 -0.0000
vn -0.0736 -0.9970 -0.0239
vn -0.0533 -0.9978 -0.0387
vn -0.0406 -0.9986 -0.0346
vn -0.0203 -0.9986 -0.0493
vn -0.0203 -0.9978 -0.0626
vn -0.0407 -0.9962 -0.0773
vn -0.0609 -0.9962 -0.0625
vn -0.0736 -0.9951 -0.0667
vn -0.0939 -0.9942 -0.0518
vn -0.0862 -0.9959 -0.0280
vn -0.1064 -0.9942 -0.0132
vn -0.0987 -0.9951 0.0107
vn -0.1187 -0.9926 0.0254
vn -0.1110 -0.9926 0.0492
vn -0.1190 -0.9911 0.0603
vn -0.1111 -0.9903 0.0839
vn -0.1192 -0.9883 0.0951
vn -0.1113 -0.9867 0.1186
vn -0.1194 -0.9843 0.1297
vn -0.1114 -0.9819 0.1533
vn -0.1193 -0.9792 0.1642
vn -0.1113 -0.9760 0.1874
vn -0.1200 -0.9725 0.1994
vn -0.1112 -0.9687 0.2220
vn -0.1204 -0.9646 0.2346
vn -0.1115 -0.9599 0.2571
vn -0.1207 -0.9554 0.2696
vn -0.1117 -0.9499 0.2919
vn -0.1207 -0.9449 0.3042
vn -0.1120 -0.9389 0.3255
vn -0.1207 -0.9334 0.3379
vn -0.1122 -0.9269 0.3581
vn -0.1210 -0.9209 0.3705
vn -0.1124 -0.9137 0.3905
vn -0.1210 -0.9073 0.4026
vn -0.1123 -0.8994 0.4224
vn -0.1209 -0.8926 0.4343
vn -0.1122 -0.8841 0.4535
vn -0.1229 -0.8750 0.4682
vn -0.1105 -0.8664 0.4870
vn -0.1231 -0.8548 0.5041
vn -0.1106 -0.8454 0.5225
vn -0.0899 -0.8472 0.5236
vn -0.0772 -0.8371 0.5416
vn -0.0565 -0.8382 0.5424
vn -0.0458 -0.8292 0.5571
vn -0.0211 -0.8299 0.5575
vn -0.0124 -0.8221 0.5692
vn 0.0124 -0.8221 0.5692
vn 0.0210 -0.8101 0.5860
vn 0.0458 -0.8094 0.5855
vn 0.0544 -0.7967 0.6019
vn 0.0790 -0.7954 0.6010
vn 0.0877 -0.7820 0.6171
vn 0.1124 -0.7801 0.6155
vn 0.1211 -0.7659 0.6314
vn 0.1453 -0.7634 0.6294
vn 0.1540 -0.7487 0.6447
vn 0.1780 -0.7456 0.6422
vn 0.1453 -0.7407 0.6559
vn 0.1209 -0.7432 0.6580
vn 0.1123 -0.7579 0.6427
vn 0.0877 -0.7598 0.6442
vn 0.0790 -0.7739 0.6283
vn 0.0544 -0.7752 0.6294
vn 0.0457 -0.7886 0.6132
vn 0.0210 -0.7893 0.6137
vn 0.0124 -0.8020 0.5972
vn -0.0124 -0.8020 0.5972
vn -0.0210 -0.8101 0.5860
vn -0.0458 -0.8094 0.5855
vn -0.0544 -0.8171 0.5739
vn -0.0791 -0.8158 0.5729
vn -0.0897 -0.8248 0.5582
vn -0.1105 -0.8230 0.5572
vn -0.1231 -0.8332 0.5391
vn -0.1442 -0.8308 0.5376
vn -0.1566 -0.8401 0.5193
vn -0.1442 -0.8524 0.5026
vn -0.1565 -0.8611 0.4837
vn -0.1440 -0.8726 0.4667
vn -0.1559 -0.8805 0.4477
vn -0.1452 -0.8896 0.4330
vn -0.1540 -0.8974 0.4134
vn -0.1453 -0.9044 0.4013
vn -0.1539 -0.9115 0.3814
vn -0.1452 -0.9179 0.3692
vn -0.1538 -0.9245 0.3489
vn -0.1450 -0.9304 0.3366
vn -0.1538 -0.9365 0.3153
vn -0.1450 -0.9419 0.3031
vn -0.1539 -0.9473 0.2810
vn -0.1449 -0.9523 0.2686
vn -0.1537 -0.9570 0.2461
vn -0.1446 -0.9615 0.2336
vn -0.1533 -0.9654 0.2110
vn -0.1442 -0.9695 0.1984
vn -0.1526 -0.9725 0.1757
vn -0.1439 -0.9760 0.1637
vn -0.1520 -0.9784 0.1404
vn -0.1439 -0.9811 0.1293
vn -0.1520 -0.9827 0.1056
vn -0.1439 -0.9851 0.0946
vn -0.1518 -0.9859 0.0708
vn -0.1436 -0.9878 0.0598
vn -0.1514 -0.9878 0.0360
vn -0.1317 -0.9911 0.0212
vn -0.1392 -0.9903 -0.0026
vn -0.1194 -0.9927 -0.0174
vn -0.1268 -0.9911 -0.0412
vn -0.1068 -0.9927 -0.0561
vn -0.1141 -0.9903 -0.0798
vn -0.0941 -0.9911 -0.0945
vn -0.0811 -0.9926 -0.0903
vn -0.0608 -0.9926 -0.1051
vn -0.0407 -0.9951 -0.0906
vn -0.0203 -0.9942 -0.1053
vn -0.0000 -0.9959 -0.0907
vn -0.0000 -0.9970 -0.0773
vn 0.0203 -0.9978 -0.0626
vn 0.0203 -0.9986 -0.0493
vn 0.0406 -0.9986 -0.0346
vn 0.0533 -0.9978 -0.0387
vn 0.0609 -0.9962 -0.0625
vn 0.0407 -0.9962 -0.0773
vn 0.0407 -0.9951 -0.0906
vn 0.0203 -0.9942 -0.1053
vn 0.0203 -0.9927 -0.1189
vn -0.0000 -0.9911 -0.1334
vn -0.0203 -0.9927 -0.1189
vn -0.0406 -0.9903 -0.1332
vn -0.0608 -0.9911 -0.1187
vn -0.0810 -0.9878 -0.1328
vn -0.1013 -0.9878 -0.1181
vn -0.1143 -0.9859 -0.1225
vn -0.1345 -0.9851 -0.1076
vn -0.1273 -0.9883 -0.0840
vn -0.1472 -0.9867 -0.0692
vn -0.1399 -0.9891 -0.0454
vn -0.1598 -0.9867 -0.0305
vn -0.1524 -0.9883 -0.0068
vn -0.1720 -0.9851 0.0080
vn -0.1644 -0.9859 0.0319
vn -0.1837 -0.9819 0.0465
vn -0.1759 -0.9819 0.0703
vn -0.1841 -0.9795 0.0815
vn -0.1763 -0.9787 0.1051
vn -0.1844 -0.9760 0.1162
vn -0.1763 -0.9744 0.1398
vn -0.1850 -0.9710 0.1517
vn -0.1768 -0.9687 0.1743
vn -0.1860 -0.9646 0.1870
vn -0.1775 -0.9615 0.2098
vn -0.1865 -0.9570 0.2222
vn -0.1779 -0.9531 0.2449
vn -0.1869 -0.9481 0.2573
vn -0.1781 -0.9434 0.2797
vn -0.1870 -0.9380 0.2919
vn -0.1780 -0.9325 0.3142
vn -0.1866 -0.9268 0.3259
vn -0.1778 -0.9208 0.3473
vn -0.1866 -0.9143 0.3594
vn -0.1780 -0.9078 0.3797
vn -0.1867 -0.9009 0.3917
vn -0.1780 -0.8937 0.4117
vn -0.1887 -0.8846 0.4264
vn -0.1770 -0.8775 0.4457
vn -0.1895 -0.8660 0.4628
vn -0.1775 -0.8581 0.4819
vn -0.1899 -0.8458 0.4985
vn -0.1776 -0.8371 0.5174
vn -0.1899 -0.8242 0.5336
vn -0.1775 -0.8148 0.5519
vn -0.1564 -0.8178 0.5538
vn -0.1439 -0.8077 0.5717
vn -0.1229 -0.8101 0.5732
vn -0.1122 -0.8011 0.5879
vn -0.0877 -0.8031 0.5894
vn -0.0790 -0.7954 0.6010
vn -0.0544 -0.7967 0.6019
vn -0.0457 -0.7886 0.6132
vn -0.0210 -0.7893 0.6137
vn -0.0125 -0.7809 0.6245
vn 0.0125 -0.7809 0.6245
vn 0.0212 -0.7674 0.6408
vn 0.0456 -0.7668 0.6403
vn 0.0543 -0.7526 0.6562
vn 0.0790 -0.7513 0.6552
vn 0.0876 -0.7367 0.6705
vn 0.1122 -0.7348 0.6690
vn 0.0790 -0.7281 0.6809
vn 0.0543 -0.7293 0.6820
vn 0.0458 -0.7441 0.6665
vn 0.0210 -0.7447 0.6671
vn 0.0125 -0.7587 0.6513
vn -0.0124 -0.7587 0.6513
vn -0.0212 -0.7675 0.6408
vn -0.0456 -0.7668 0.6403
vn -0.0544 -0.7752 0.6294
vn -0.0790 -0.7739 0.6283
vn -0.0877 -0.7820 0.6171
vn -0.1124 -0.7801 0.6155
vn -0.1209 -0.7876 0.6042
vn -0.1453 -0.7851 0.6021
vn -0.1559 -0.7941 0.5874
vn -0.1770 -0.7910 0.5857
vn -0.1896 -0.8012 0.5676
vn -0.2106 -0.7974 0.5654
vn -0.2230 -0.8069 0.5469
vn -0.2110 -0.8205 0.5313
vn -0.2233 -0.8292 0.5125
vn -0.2110 -0.8422 0.4962
vn -0.2229 -0.8501 0.4772
vn -0.2106 -0.8624 0.4604
vn -0.2222 -0.8695 0.4412
vn -0.2097 -0.8810 0.4241
vn -0.2212 -0.8874 0.4045
vn -0.2105 -0.8965 0.3898
vn -0.2191 -0.9030 0.3695
vn -0.2104 -0.9099 0.3575
vn -0.2191 -0.9159 0.3362
vn -0.2107 -0.9221 0.3247
vn -0.2196 -0.9276 0.3023
vn -0.2111 -0.9333 0.2906
vn -0.2198 -0.9380 0.2680
vn -0.2110 -0.9434 0.2559
vn -0.2197 -0.9473 0.2332
vn -0.2106 -0.9523 0.2208
vn -0.2191 -0.9554 0.1981
vn -0.2100 -0.9599 0.1855
vn -0.2182 -0.9622 0.1629
vn -0.2091 -0.9663 0.1502
vn -0.2171 -0.9678 0.1275
vn -0.2084 -0.9712 0.1155
vn -0.2163 -0.9720 0.0919
vn -0.2082 -0.9747 0.0809
vn -0.2160 -0.9747 0.0570
vn -0.1969 -0.9795 0.0423
vn -0.2044 -0.9787 0.0186
vn -0.1850 -0.9827 0.0038
vn -0.1924 -0.9811 -0.0200
vn -0.1729 -0.9843 -0.0348
vn -0.1802 -0.9819 -0.0586
vn -0.1603 -0.9843 -0.0735
vn -0.1674 -0.9811 -0.0969
vn -0.1474 -0.9827 -0.1119
vn -0.1544 -0.9787 -0.1352
vn -0.1344 -0.9795 -0.1499
vn -0.1213 -0.9819 -0.1456
vn -0.1010 -0.9819 -0.1603
vn -0.0811 -0.9859 -0.1465
vn -0.0608 -0.9851 -0.1611
vn -0.0406 -0.9883 -0.1470
vn -0.0204 -0.9867 -0.1614
vn -0.0000 -0.9891 -0.1471
vn 0.0204 -0.9867 -0.1614
vn 0.0406 -0.9883 -0.1470
vn 0.0406 -0.9903 -0.1332
vn 0.0608 -0.9911 -0.1187
vn 0.0608 -0.9926 -0.1051
vn 0.0811 -0.9926 -0.0903
vn 0.0736 -0.9951 -0.0667
vn 0.0939 -0.9942 -0.0519
vn 0.0862 -0.9959 -0.0280
vn 0.0736 -0.9970 -0.0239
vn 0.0659 -0.9978 -0.0000
vn 0.0532 -0.9986 0.0041
vn 0.0454 -0.9986 0.0279
vn 0.0533 -0.9978 0.0387
vn 0.0783 -0.9962 0.0386
vn 0.0860 -0.9962 0.0148
vn 0.0987 -0.9951 0.0107
vn 0.1064 -0.9942 -0.0132
vn 0.1194 -0.9927 -0.0174
vn 0.1268 -0.9911 -0.0412
vn 0.1068 -0.9927 -0.0561
vn 0.1141 -0.9903 -0.0798
vn 0.0941 -0.9911 -0.0945
vn 0.1013 -0.9878 -0.1181
vn 0.0810 -0.9878 -0.1328
vn 0.0811 -0.9859 -0.1465
vn 0.0608 -0.9851 -0.1611
vn 0.0608 -0.9827 -0.1748
vn 0.0404 -0.9811 -0.1892
vn 0.0204 -0.9843 -0.1751
vn -0.0000 -0.9819 -0.1895
vn -0.0204 -0.9843 -0.1751
vn -0.0404 -0.9811 -0.1892
vn -0.0608 -0.9827 -0.1748
vn -0.0808 -0.9787 -0.1886
vn -0.1011 -0.9795 -0.1742
vn -0.1209 -0.9747 -0.1878
vn -0.1413 -0.9747 -0.1730
vn -0.1543 -0.9720 -0.1773
vn -0.1743 -0.9712 -0.1625
vn -0.1674 -0.9760 -0.1394
vn -0.1874 -0.9744 -0.1245
vn -0.1805 -0.9784 -0.1012
vn -0.2002 -0.9760 -0.0862
vn -0.1930 -0.9792 -0.0627
vn -0.2126 -0.9760 -0.0479
vn -0.2055 -0.9784 -0.0242
vn -0.2248 -0.9744 -0.0095
vn -0.2174 -0.9760 0.0144
vn -0.2365 -0.9712 0.0290
vn -0.2290 -0.9720 0.0528
vn -0.2479 -0.9664 0.0674
vn -0.2402 -0.9664 0.0912
vn -0.2488 -0.9630 0.1031
vn -0.2410 -0.9623 0.1258
vn -0.2502 -0.9582 0.1385
vn -0.2422 -0.9568 0.1612
vn -0.2513 -0.9522 0.1739
vn -0.2431 -0.9499 0.1965
vn -0.2520 -0.9449 0.2088
vn -0.2435 -0.9418 0.2316
vn -0.2523 -0.9365 0.2437
vn -0.2438 -0.9325 0.2664
vn -0.2523 -0.9268 0.2782
vn -0.2437 -0.9221 0.3007
vn -0.2520 -0.9160 0.3122
vn -0.2432 -0.9104 0.3347
vn -0.2513 -0.9040 0.3459
vn -0.2426 -0.8979 0.3673
vn -0.2533 -0.8888 0.3820
vn -0.2421 -0.8831 0.4018
vn -0.2546 -0.8716 0.4190
vn -0.2432 -0.8652 0.4385
vn -0.2555 -0.8529 0.4552
vn -0.2438 -0.8458 0.4745
vn -0.2559 -0.8329 0.4908
vn -0.2439 -0.8249 0.5099
vn -0.2559 -0.8114 0.5254
vn -0.2438 -0.8027 0.5443
vn -0.2555 -0.7886 0.5593
vn -0.2432 -0.7792 0.5777
vn -0.2222 -0.7835 0.5803
vn -0.2097 -0.7733 0.5984
vn -0.1886 -0.7770 0.6006
vn -0.1780 -0.7680 0.6152
vn -0.1540 -0.7711 0.6178
vn -0.1453 -0.7634 0.6294
vn -0.1211 -0.7659 0.6314
vn -0.1123 -0.7579 0.6427
vn -0.0877 -0.7598 0.6442
vn -0.0790 -0.7513 0.6552
vn -0.0544 -0.7526 0.6562
vn -0.0458 -0.7440 0.6666
vn -0.0209 -0.7446 0.6671
vn -0.0124 -0.7358 0.6771
vn 0.0124 -0.7358 0.6771
vn 0.0209 -0.7211 0.6925
vn 0.0457 -0.7205 0.6920
vn 0.0124 -0.7119 0.7021
vn -0.0124 -0.7119 0.7021
vn -0.0209 -0.7211 0.6925
vn -0.0458 -0.7205 0.6920
vn -0.0543 -0.7293 0.6820
vn -0.0790 -0.7281 0.6809
vn -0.0876 -0.7367 0.6705
vn -0.1122 -0.7348 0.6690
vn -0.1209 -0.7432 0.6580
vn -0.1453 -0.7407 0.6559
vn -0.1540 -0.7487 0.6447
vn -0.1780 -0.7456 0.6422
vn -0.1867 -0.7533 0.6306
vn -0.2105 -0.7496 0.6275
vn -0.2211 -0.7587 0.6128
vn -0.2421 -0.7543 0.6103
vn -0.2546 -0.7645 0.5922
vn -0.2765 -0.7594 0.5890
vn -0.2882 -0.7685 0.5712
vn -0.2775 -0.7834 0.5561
vn -0.2890 -0.7920 0.5378
vn -0.2780 -0.8062 0.5222
vn -0.2893 -0.8142 0.5033
vn -0.2779 -0.8277 0.4876
vn -0.2889 -0.8352 0.4679
vn -0.2774 -0.8478 0.4520
vn -0.2883 -0.8546 0.4319
vn -0.2766 -0.8664 0.4158
vn -0.2871 -0.8726 0.3952
vn -0.2752 -0.8836 0.3788
vn -0.2850 -0.8888 0.3589
vn -0.2743 -0.8979 0.3442
vn -0.2837 -0.9030 0.3225
vn -0.2750 -0.9099 0.3105
vn -0.2842 -0.9143 0.2885
vn -0.2753 -0.9207 0.2765
vn -0.2843 -0.9245 0.2541
vn -0.2753 -0.9304 0.2420
vn -0.2841 -0.9334 0.2192
vn -0.2750 -0.9389 0.2071
vn -0.2834 -0.9412 0.1840
vn -0.2743 -0.9461 0.1721
vn -0.2825 -0.9477 0.1488
vn -0.2732 -0.9522 0.1368
vn -0.2811 -0.9530 0.1134
vn -0.2718 -0.9570 0.1014
vn -0.2795 -0.9570 0.0777
vn -0.2619 -0.9630 0.0628
vn -0.2690 -0.9623 0.0399
vn -0.2506 -0.9678 0.0245
vn -0.2575 -0.9663 0.0014
vn -0.2389 -0.9710 -0.0140
vn -0.2455 -0.9687 -0.0371
vn -0.2267 -0.9725 -0.0525
vn -0.2332 -0.9695 -0.0758
vn -0.2143 -0.9725 -0.0908
vn -0.2204 -0.9687 -0.1143
vn -0.2015 -0.9710 -0.1291
vn -0.2075 -0.9663 -0.1524
vn -0.1884 -0.9678 -0.1671
vn -0.1942 -0.9623 -0.1903
vn -0.1750 -0.9630 -0.2048
vn -0.1610 -0.9664 -0.2002
vn -0.1407 -0.9664 -0.2150
vn -0.1210 -0.9720 -0.2015
vn -0.1007 -0.9712 -0.2160
vn -0.0809 -0.9760 -0.2023
vn -0.0605 -0.9744 -0.2167
vn -0.0405 -0.9784 -0.2029
vn -0.0202 -0.9760 -0.2170
vn -0.0000 -0.9792 -0.2029
vn 0.0202 -0.9760 -0.2170
vn 0.0405 -0.9784 -0.2029
vn 0.0605 -0.9744 -0.2167
vn 0.0809 -0.9760 -0.2023
vn 0.0808 -0.9787 -0.1886
vn 0.1011 -0.9795 -0.1742
vn 0.1010 -0.9819 -0.1603
vn 0.1213 -0.9819 -0.1456
vn 0.1143 -0.9859 -0.1225
vn 0.1345 -0.9851 -0.1076
vn 0.1273 -0.9883 -0.0840
vn 0.1472 -0.9867 -0.0692
vn 0.1399 -0.9891 -0.0454
vn 0.1598 -0.9867 -0.0305
vn 0.1524 -0.9883 -0.0068
vn 0.1392 -0.9903 -0.0026
vn 0.1317 -0.9911 0.0212
vn 0.1187 -0.9926 0.0254
vn 0.1110 -0.9926 0.0492
vn 0.0862 -0.9951 0.0494
vn 0.0783 -0.9942 0.0732
vn 0.0533 -0.9959 0.0734
vn 0.0455 -0.9970 0.0626
vn 0.0204 -0.9978 0.0626
vn 0.0125 -0.9986 0.0519
vn 0.0125 -0.9962 0.0864
vn 0.0204 -0.9951 0.0972
vn 0.0455 -0.9942 0.0971
vn 0.0535 -0.9927 0.1082
vn 0.0784 -0.9911 0.1079
vn 0.0863 -0.9927 0.0843
vn 0.1111 -0.9903 0.0839
vn 0.1190 -0.9911 0.0603
vn 0.1436 -0.9878 0.0598
vn 0.1514 -0.9878 0.0360
vn 0.1644 -0.9859 0.0319
vn 0.1720 -0.9851 0.0080
vn 0.1850 -0.9827 0.0039
vn 0.1924 -0.9811 -0.0200
vn 0.1729 -0.9843 -0.0348
vn 0.1802 -0.9819 -0.0586
vn 0.1603 -0.9843 -0.0735
vn 0.1674 -0.9811 -0.0969
vn 0.1474 -0.9827 -0.1119
vn 0.1544 -0.9787 -0.1352
vn 0.1344 -0.9795 -0.1499
vn 0.1413 -0.9747 -0.1730
vn 0.1209 -0.9747 -0.1878
vn 0.1210 -0.9720 -0.2015
vn 0.1007 -0.9712 -0.2160
vn 0.1007 -0.9678 -0.2308
vn 0.0809 -0.9663 -0.2444
vn 0.0605 -0.9710 -0.2315
vn 0.0405 -0.9687 -0.2450
vn 0.0202 -0.9725 -0.2319
vn -0.0000 -0.9695 -0.2452
vn -0.0202 -0.9725 -0.2318
vn -0.0405 -0.9687 -0.2450
vn -0.0605 -0.9710 -0.2315
vn -0.0809 -0.9663 -0.2444
vn -0.1007 -0.9678 -0.2308
vn -0.1210 -0.9623 -0.2435
vn -0.1407 -0.9630 -0.2297
vn -0.1603 -0.9570 -0.2418
vn -0.1804 -0.9570 -0.2271
vn -0.1947 -0.9530 -0.2323
vn -0.2145 -0.9522 -0.2176
vn -0.2090 -0.9582 -0.1951
vn -0.2281 -0.9568 -0.1805
vn -0.2223 -0.9622 -0.1572
vn -0.2413 -0.9599 -0.1424
vn -0.2353 -0.9646 -0.1191
vn -0.2543 -0.9615 -0.1040
vn -0.2480 -0.9654 -0.0806
vn -0.2669 -0.9615 -0.0654
vn -0.2604 -0.9646 -0.0420
vn -0.2789 -0.9599 -0.0266
vn -0.2723 -0.9622 -0.0035
vn -0.2907 -0.9568 0.0119
vn -0.2838 -0.9582 0.0350
vn -0.3014 -0.9522 0.0500
vn -0.2941 -0.9530 0.0735
vn -0.3108 -0.9464 0.0879
vn -0.3031 -0.9464 0.1116
vn -0.3123 -0.9419 0.1235
vn -0.3044 -0.9411 0.1470
vn -0.3135 -0.9362 0.1589
vn -0.3053 -0.9346 0.1822
vn -0.3144 -0.9292 0.1943
vn -0.3059 -0.9269 0.2173
vn -0.3150 -0.9209 0.2295
vn -0.3063 -0.9179 0.2522
vn -0.3151 -0.9115 0.2643
vn -0.3061 -0.9078 0.2866
vn -0.3149 -0.9009 0.2986
vn -0.3057 -0.8965 0.3206
vn -0.3164 -0.8874 0.3354
vn -0.3074 -0.8831 0.3544
vn -0.3198 -0.8716 0.3716
vn -0.3100 -0.8664 0.3915
vn -0.3216 -0.8546 0.4076
vn -0.3111 -0.8485 0.4282
vn -0.3226 -0.8359 0.4440
vn -0.3117 -0.8291 0.4642
vn -0.3232 -0.8156 0.4799
vn -0.3119 -0.8082 0.4995
vn -0.3231 -0.7940 0.5149
vn -0.3117 -0.7860 0.5340
vn -0.3226 -0.7709 0.5492
vn -0.3111 -0.7624 0.5673
vn -0.3451 -0.7642 0.5448
vn -0.3565 -0.7722 0.5259
vn -0.3455 -0.7872 0.5107
vn -0.3568 -0.7947 0.4911
vn -0.3456 -0.8089 0.4757
vn -0.3565 -0.8157 0.4556
vn -0.3451 -0.8291 0.4399
vn -0.3557 -0.8352 0.4193
vn -0.3442 -0.8477 0.4035
vn -0.3540 -0.8529 0.3837
vn -0.3419 -0.8652 0.3667
vn -0.3509 -0.8695 0.3477
vn -0.3385 -0.8810 0.3305
vn -0.3473 -0.8846 0.3112
vn -0.3366 -0.8937 0.2965
vn -0.3456 -0.8974 0.2742
vn -0.3367 -0.9044 0.2622
vn -0.3455 -0.9073 0.2395
vn -0.3366 -0.9137 0.2275
vn -0.3452 -0.9160 0.2044
vn -0.3361 -0.9220 0.1922
vn -0.3444 -0.9235 0.1691
vn -0.3353 -0.9289 0.1570
vn -0.3432 -0.9297 0.1335
vn -0.3341 -0.9347 0.1216
vn -0.3418 -0.9347 0.0980
vn -0.3253 -0.9419 0.0836
vn -0.3326 -0.9411 0.0600
vn -0.3160 -0.9477 0.0457
vn -0.3231 -0.9461 0.0219
vn -0.3055 -0.9522 0.0070
vn -0.3122 -0.9499 -0.0160
vn -0.2937 -0.9554 -0.0315
vn -0.3002 -0.9523 -0.0548
vn -0.2815 -0.9570 -0.0701
vn -0.2878 -0.9531 -0.0935
vn -0.2690 -0.9570 -0.1087
vn -0.2751 -0.9523 -0.1321
vn -0.2561 -0.9554 -0.1471
vn -0.2620 -0.9499 -0.1705
vn -0.2430 -0.9522 -0.1852
vn -0.2485 -0.9461 -0.2077
vn -0.2288 -0.9477 -0.2227
vn -0.2339 -0.9411 -0.2441
vn -0.2140 -0.9419 -0.2589
vn -0.1998 -0.9464 -0.2538
vn -0.1796 -0.9464 -0.2685
vn -0.1608 -0.9530 -0.2569
vn -0.1407 -0.9522 -0.2712
vn -0.1210 -0.9582 -0.2591
vn -0.1012 -0.9568 -0.2727
vn -0.0808 -0.9622 -0.2600
vn -0.0609 -0.9599 -0.2735
vn -0.0405 -0.9646 -0.2606
vn -0.0203 -0.9615 -0.2740
vn -0.0000 -0.9654 -0.2608
vn 0.0203 -0.9615 -0.2740
vn 0.0405 -0.9646 -0.2606
vn 0.0609 -0.9599 -0.2735
vn 0.0808 -0.9622 -0.2600
vn 0.1012 -0.9568 -0.2728
vn 0.1210 -0.9582 -0.2591
vn 0.1210 -0.9623 -0.2435
vn 0.1407 -0.9630 -0.2297
vn 0.1407 -0.9664 -0.2150
vn 0.1610 -0.9664 -0.2002
vn 0.1543 -0.9720 -0.1773
vn 0.1743 -0.9712 -0.1625
vn 0.1674 -0.9760 -0.1394
vn 0.1874 -0.9744 -0.1245
vn 0.1805 -0.9784 -0.1012
vn 0.2002 -0.9760 -0.0862
vn 0.1930 -0.9792 -0.0627
vn 0.2126 -0.9760 -0.0479
vn 0.2055 -0.9784 -0.0242
vn 0.2248 -0.9744 -0.0095
vn 0.2174 -0.9760 0.0144
vn 0.2044 -0.9787 0.0186
vn 0.1969 -0.9795 0.0423
vn 0.1837 -0.9819 0.0465
vn 0.1759 -0.9819 0.0703
vn 0.1518 -0.9859 0.0708
vn 0.1439 -0.9851 0.0946
vn 0.1192 -0.9883 0.0951
vn 0.1113 -0.9867 0.1186
vn 0.0864 -0.9891 0.1190
vn 0.0784 -0.9867 0.1425
vn 0.0536 -0.9883 0.1428
vn 0.0455 -0.9903 0.1316
vn 0.0206 -0.9911 0.1318
vn 0.0125 -0.9926 0.1208
vn 0.0125 -0.9878 0.1551
vn 0.0205 -0.9859 0.1662
vn 0.0455 -0.9851 0.1661
vn 0.0535 -0.9827 0.1772
vn 0.0785 -0.9811 0.1768
vn 0.0865 -0.9843 0.1537
vn 0.1114 -0.9819 0.1533
vn 0.1194 -0.9843 0.1297
vn 0.1439 -0.9811 0.1293
vn 0.1520 -0.9827 0.1056
vn 0.1763 -0.9787 0.1051
vn 0.1841 -0.9795 0.0815
vn 0.2082 -0.9747 0.0809
vn 0.2160 -0.9747 0.0570
vn 0.2290 -0.9720 0.0528
vn 0.2365 -0.9712 0.0290
vn 0.2506 -0.9678 0.0245
vn 0.2575 -0.9663 0.0014
vn 0.2389 -0.9710 -0.0140
vn 0.2455 -0.9687 -0.0371
vn 0.2267 -0.9725 -0.0525
vn 0.2332 -0.9695 -0.0758
vn 0.2143 -0.9725 -0.0908
vn 0.2204 -0.9687 -0.1143
vn 0.2015 -0.9710 -0.1291
vn 0.2075 -0.9663 -0.1524
vn 0.1884 -0.9678 -0.1671
vn 0.1942 -0.9623 -0.1903
vn 0.1750 -0.9630 -0.2048
vn 0.1804 -0.9570 -0.2271
vn 0.1603 -0.9570 -0.2418
vn 0.1608 -0.9530 -0.2569
vn 0.1407 -0.9522 -0.2712
vn 0.1411 -0.9477 -0.2864
vn 0.1207 -0.9461 -0.3005
vn 0.1011 -0.9522 -0.2884
vn 0.0812 -0.9499 -0.3019
vn 0.0608 -0.9554 -0.2890
vn 0.0406 -0.9523 -0.3024
vn 0.0203 -0.9570 -0.2894
vn -0.0000 -0.9531 -0.3027
vn -0.0203 -0.9570 -0.2894
vn -0.0406 -0.9523 -0.3024
vn -0.0608 -0.9554 -0.2890
vn -0.0812 -0.9499 -0.3019
vn -0.1011 -0.9522 -0.2884
vn -0.1207 -0.9461 -0.3005
vn -0.1411 -0.9477 -0.2864
vn -0.1598 -0.9411 -0.2978
vn -0.1801 -0.9419 -0.2835
vn -0.1988 -0.9347 -0.2948
vn -0.2189 -0.9347 -0.2802
vn -0.2330 -0.9297 -0.2851
vn -0.2529 -0.9290 -0.2703
vn -0.2480 -0.9362 -0.2490
vn -0.2677 -0.9346 -0.2341
vn -0.2626 -0.9412 -0.2126
vn -0.2819 -0.9389 -0.1975
vn -0.2765 -0.9449 -0.1751
vn -0.2955 -0.9419 -0.1600
vn -0.2897 -0.9473 -0.1369
vn -0.3085 -0.9434 -0.1216
vn -0.3025 -0.9481 -0.0983
vn -0.3211 -0.9434 -0.0830
vn -0.3148 -0.9473 -0.0595
vn -0.3331 -0.9419 -0.0442
vn -0.3266 -0.9449 -0.0208
vn -0.3442 -0.9389 -0.0059
vn -0.3374 -0.9412 0.0177
vn -0.3541 -0.9346 0.0320
vn -0.3470 -0.9362 0.0557
vn -0.3635 -0.9290 0.0700
vn -0.3561 -0.9297 0.0937
vn -0.3723 -0.9218 0.1079
vn -0.3646 -0.9218 0.1315
vn -0.3737 -0.9164 0.1436
vn -0.3658 -0.9156 0.1669
vn -0.3749 -0.9096 0.1791
vn -0.3667 -0.9081 0.2022
vn -0.3756 -0.9017 0.2142
vn -0.3670 -0.8994 0.2373
vn -0.3757 -0.8926 0.2492
vn -0.3669 -0.8896 0.2719
vn -0.3776 -0.8805 0.2866
vn -0.3692 -0.8775 0.3061
vn -0.3816 -0.8660 0.3233
vn -0.3728 -0.8624 0.3425
vn -0.3849 -0.8501 0.3594
vn -0.3759 -0.8458 0.3786
vn -0.3876 -0.8329 0.3951
vn -0.3778 -0.8277 0.4149
vn -0.3893 -0.8142 0.4307
vn -0.3787 -0.8082 0.4510
vn -0.3899 -0.7940 0.4664
vn -0.3790 -0.7872 0.4865
vn -0.3899 -0.7723 0.5015
vn -0.3787 -0.7648 0.5213
vn -0.4116 -0.7643 0.4965
vn -0.4226 -0.7710 0.4765
vn -0.4115 -0.7860 0.4615
vn -0.4221 -0.7920 0.4410
vn -0.4108 -0.8062 0.4257
vn -0.4207 -0.8114 0.4058
vn -0.4095 -0.8250 0.3895
vn -0.4184 -0.8292 0.3707
vn -0.4067 -0.8422 0.3540
vn -0.4154 -0.8459 0.3347
vn -0.4034 -0.8581 0.3178
vn -0.4117 -0.8611 0.2983
vn -0.3994 -0.8726 0.2811
vn -0.4074 -0.8750 0.2616
vn -0.3967 -0.8841 0.2469
vn -0.4054 -0.8863 0.2239
vn -0.3965 -0.8932 0.2119
vn -0.4048 -0.8947 0.1888
vn -0.3959 -0.9011 0.1768
vn -0.4039 -0.9019 0.1533
vn -0.3948 -0.9079 0.1413
vn -0.4024 -0.9079 0.1178
vn -0.3867 -0.9164 0.1035
vn -0.3940 -0.9156 0.0800
vn -0.3780 -0.9235 0.0656
vn -0.3849 -0.9220 0.0420
vn -0.3686 -0.9292 0.0277
vn -0.3752 -0.9269 0.0040
vn -0.3587 -0.9334 -0.0103
vn -0.3649 -0.9304 -0.0339
vn -0.3474 -0.9365 -0.0488
vn -0.3539 -0.9325 -0.0722
vn -0.3354 -0.9380 -0.0876
vn -0.3416 -0.9333 -0.1110
vn -0.3228 -0.9380 -0.1262
vn -0.3287 -0.9325 -0.1496
vn -0.3097 -0.9365 -0.1647
vn -0.3152 -0.9304 -0.1871
vn -0.2962 -0.9334 -0.2025
vn -0.3012 -0.9269 -0.2237
vn -0.2819 -0.9292 -0.2390
vn -0.2867 -0.9220 -0.2603
vn -0.2672 -0.9235 -0.2753
vn -0.2718 -0.9156 -0.2963
vn -0.2520 -0.9164 -0.3111
vn -0.2378 -0.9218 -0.3062
vn -0.2177 -0.9218 -0.3207
vn -0.1992 -0.9297 -0.3097
vn -0.1789 -0.9290 -0.3241
vn -0.1602 -0.9362 -0.3128
vn -0.1399 -0.9346 -0.3269
vn -0.1211 -0.9412 -0.3154
vn -0.1007 -0.9389 -0.3292
vn -0.0811 -0.9449 -0.3170
vn -0.0609 -0.9419 -0.3305
vn -0.0407 -0.9473 -0.3178
vn -0.0203 -0.9434 -0.3310
vn -0.0000 -0.9481 -0.3180
vn 0.0203 -0.9434 -0.3310
vn 0.0407 -0.9473 -0.3178
vn 0.0609 -0.9419 -0.3305
vn 0.0811 -0.9449 -0.3170
vn 0.1007 -0.9389 -0.3292
vn 0.1211 -0.9412 -0.3154
vn 0.1399 -0.9347 -0.3269
vn 0.1602 -0.9362 -0.3128
vn 0.1598 -0.9411 -0.2978
vn 0.1801 -0.9419 -0.2835
vn 0.1796 -0.9464 -0.2685
vn 0.1998 -0.9464 -0.2538
vn 0.1947 -0.9530 -0.2323
vn 0.2145 -0.9522 -0.2176
vn 0.2090 -0.9582 -0.1951
vn 0.2281 -0.9568 -0.1805
vn 0.2223 -0.9622 -0.1572
vn 0.2413 -0.9599 -0.1424
vn 0.2353 -0.9646 -0.1191
vn 0.2543 -0.9615 -0.1040
vn 0.2480 -0.9654 -0.0806
vn 0.2669 -0.9615 -0.0654
vn 0.2604 -0.9646 -0.0420
vn 0.2789 -0.9599 -0.0266
vn 0.2723 -0.9622 -0.0035
vn 0.2907 -0.9568 0.0119
vn 0.2838 -0.9582 0.0350
vn 0.2690 -0.9623 0.0399
vn 0.2619 -0.9630 0.0628
vn 0.2479 -0.9664 0.0674
vn 0.2402 -0.9664 0.0912
vn 0.2163 -0.9720 0.0919
vn 0.2084 -0.9712 0.1155
vn 0.1844 -0.9760 0.1162
vn 0.1763 -0.9744 0.1398
vn 0.1520 -0.9784 0.1404
vn 0.1439 -0.9760 0.1637
vn 0.1193 -0.9792 0.1642
vn 0.1113 -0.9760 0.1874
vn 0.0865 -0.9784 0.1879
vn 0.0785 -0.9744 0.2109
vn 0.0535 -0.9760 0.2112
vn 0.0455 -0.9787 0.2001
vn 0.0206 -0.9795 0.2003
vn 0.0125 -0.9819 0.1891
vn 0.0126 -0.9747 0.2230
vn 0.0206 -0.9720 0.2341
vn 0.0455 -0.9712 0.2339
vn 0.0542 -0.9678 0.2459
vn 0.0783 -0.9663 0.2453
vn 0.0872 -0.9710 0.2228
vn 0.1112 -0.9687 0.2220
vn 0.1200 -0.9725 0.1994
vn 0.1442 -0.9695 0.1984
vn 0.1526 -0.9725 0.1757
vn 0.1768 -0.9687 0.1744
vn 0.1850 -0.9710 0.1517
vn 0.2091 -0.9663 0.1502
vn 0.2171 -0.9678 0.1275
vn 0.2410 -0.9623 0.1258
vn 0.2488 -0.9630 0.1031
vn 0.2718 -0.9570 0.1014
vn 0.2795 -0.9570 0.0777
vn 0.2941 -0.9530 0.0735
vn 0.3014 -0.9522 0.0500
vn 0.3160 -0.9477 0.0457
vn 0.3231 -0.9461 0.0220
vn 0.3055 -0.9522 0.0070
vn 0.3122 -0.9499 -0.0160
vn 0.2937 -0.9554 -0.0315
vn 0.3002 -0.9523 -0.0548
vn 0.2815 -0.9570 -0.0701
vn 0.2878 -0.9531 -0.0935
vn 0.2690 -0.9570 -0.1087
vn 0.2751 -0.9523 -0.1321
vn 0.2561 -0.9554 -0.1471
vn 0.2620 -0.9499 -0.1705
vn 0.2430 -0.9522 -0.1852
vn 0.2485 -0.9461 -0.2077
vn 0.2288 -0.9477 -0.2227
vn 0.2339 -0.9411 -0.2441
vn 0.2140 -0.9419 -0.2589
vn 0.2189 -0.9347 -0.2802
vn 0.1988 -0.9347 -0.2948
vn 0.1992 -0.9297 -0.3097
vn 0.1789 -0.9290 -0.3241
vn 0.1792 -0.9235 -0.3392
vn 0.1589 -0.9220 -0.3531
vn 0.1402 -0.9292 -0.3420
vn 0.1197 -0.9269 -0.3556
vn 0.1010 -0.9334 -0.3443
vn 0.0805 -0.9304 -0.3576
vn 0.0609 -0.9365 -0.3455
vn 0.0407 -0.9325 -0.3589
vn 0.0203 -0.9380 -0.3460
vn -0.0000 -0.9333 -0.3591
vn -0.0203 -0.9380 -0.3460
vn -0.0407 -0.9325 -0.3589
vn -0.0609 -0.9365 -0.3455
vn -0.0805 -0.9304 -0.3576
vn -0.1010 -0.9334 -0.3443
vn -0.1197 -0.9269 -0.3556
vn -0.1402 -0.9292 -0.3420
vn -0.1589 -0.9220 -0.3531
vn -0.1792 -0.9235 -0.3392
vn -0.1978 -0.9156 -0.3500
vn -0.2180 -0.9164 -0.3358
vn -0.2363 -0.9079 -0.3463
vn -0.2563 -0.9079 -0.3318
vn -0.2706 -0.9019 -0.3368
vn -0.2905 -0.9011 -0.3219
vn -0.2862 -0.9096 -0.3012
vn -0.3056 -0.9081 -0.2862
vn -0.3011 -0.9160 -0.2652
vn -0.3204 -0.9137 -0.2499
vn -0.3156 -0.9209 -0.2287
vn -0.3345 -0.9179 -0.2134
vn -0.3295 -0.9245 -0.1918
vn -0.3480 -0.9207 -0.1764
vn -0.3426 -0.9268 -0.1540
vn -0.3613 -0.9221 -0.1388
vn -0.3553 -0.9276 -0.1154
vn -0.3739 -0.9221 -0.1001
vn -0.3677 -0.9268 -0.0767
vn -0.3852 -0.9207 -0.0618
vn -0.3793 -0.9245 -0.0385
vn -0.3960 -0.9179 -0.0240
vn -0.3898 -0.9209 -0.0005
vn -0.4061 -0.9137 0.0138
vn -0.3994 -0.9160 0.0375
vn -0.4155 -0.9081 0.0519
vn -0.4086 -0.9096 0.0755
vn -0.4242 -0.9011 0.0897
vn -0.4169 -0.9019 0.1134
vn -0.4321 -0.8928 0.1274
vn -0.4244 -0.8928 0.1509
vn -0.4334 -0.8863 0.1629
vn -0.4254 -0.8856 0.1863
vn -0.4342 -0.8787 0.1982
vn -0.4258 -0.8773 0.2215
vn -0.4365 -0.8682 0.2362
vn -0.4290 -0.8664 0.2555
vn -0.4414 -0.8548 0.2729
vn -0.4335 -0.8524 0.2924
vn -0.4455 -0.8402 0.3093
vn -0.4372 -0.8371 0.3288
vn -0.4488 -0.8241 0.3455
vn -0.4401 -0.8205 0.3649
vn -0.4512 -0.8070 0.3811
vn -0.4423 -0.8027 0.4001
vn -0.4530 -0.7886 0.4158
vn -0.4431 -0.7834 0.4357
vn -0.4542 -0.7685 0.4507
vn -0.4434 -0.7624 0.4712
vn -0.4747 -0.7593 0.4450
vn -0.4845 -0.7645 0.4252
vn -0.4743 -0.7791 0.4098
vn -0.4833 -0.7835 0.3907
vn -0.4727 -0.7974 0.3750
vn -0.4813 -0.8012 0.3557
vn -0.4701 -0.8148 0.3394
vn -0.4784 -0.8178 0.3199
vn -0.4667 -0.8308 0.3032
vn -0.4746 -0.8332 0.2838
vn -0.4627 -0.8455 0.2667
vn -0.4702 -0.8472 0.2473
vn -0.4578 -0.8588 0.2300
vn -0.4649 -0.8600 0.2104
vn -0.4543 -0.8691 0.1957
vn -0.4623 -0.8698 0.1723
vn -0.4534 -0.8767 0.1604
vn -0.4611 -0.8767 0.1368
vn -0.4464 -0.8864 0.1230
vn -0.4537 -0.8856 0.0993
vn -0.4385 -0.8947 0.0852
vn -0.4454 -0.8932 0.0616
vn -0.4298 -0.9017 0.0474
vn -0.4364 -0.8994 0.0237
vn -0.4203 -0.9074 0.0094
vn -0.4265 -0.9044 -0.0142
vn -0.4102 -0.9115 -0.0286
vn -0.4161 -0.9078 -0.0520
vn -0.3995 -0.9143 -0.0664
vn -0.4050 -0.9099 -0.0896
vn -0.3874 -0.9160 -0.1045
vn -0.3934 -0.9104 -0.1278
vn -0.3748 -0.9160 -0.1432
vn -0.3803 -0.9099 -0.1656
vn -0.3622 -0.9143 -0.1811
vn -0.3672 -0.9078 -0.2026
vn -0.3487 -0.9115 -0.2180
vn -0.3534 -0.9044 -0.2392
vn -0.3345 -0.9074 -0.2546
vn -0.3391 -0.8994 -0.2757
vn -0.3198 -0.9017 -0.2910
vn -0.3241 -0.8932 -0.3116
vn -0.3046 -0.8947 -0.3267
vn -0.3087 -0.8856 -0.3470
vn -0.2889 -0.8863 -0.3619
vn -0.2747 -0.8928 -0.3570
vn -0.2547 -0.8928 -0.3716
vn -0.2367 -0.9019 -0.3614
vn -0.2164 -0.9011 -0.3757
vn -0.1980 -0.9096 -0.3653
vn -0.1778 -0.9081 -0.3792
vn -0.1591 -0.9160 -0.3683
vn -0.1386 -0.9137 -0.3819
vn -0.1200 -0.9209 -0.3709
vn -0.0995 -0.9179 -0.3841
vn -0.0806 -0.9245 -0.3727
vn -0.0602 -0.9207 -0.3855
vn -0.0407 -0.9268 -0.3734
vn -0.0204 -0.9221 -0.3865
vn -0.0000 -0.9276 -0.3736
vn 0.0204 -0.9221 -0.3865
vn 0.0407 -0.9268 -0.3734
vn 0.0602 -0.9207 -0.3855
vn 0.0806 -0.9245 -0.3727
vn 0.0995 -0.9179 -0.3841
vn 0.1200 -0.9209 -0.3709
vn 0.1386 -0.9137 -0.3819
vn 0.1591 -0.9160 -0.3683
vn 0.1778 -0.9081 -0.3792
vn 0.1980 -0.9096 -0.3653
vn 0.1978 -0.9156 -0.3500
vn 0.2180 -0.9164 -0.3358
vn 0.2177 -0.9218 -0.3207
vn 0.2378 -0.9218 -0.3062
vn 0.2330 -0.9297 -0.2851
vn 0.2529 -0.9290 -0.2703
vn 0.2480 -0.9362 -0.2490
vn 0.2677 -0.9346 -0.2341
vn 0.2626 -0.9412 -0.2126
vn 0.2819 -0.9389 -0.1975
vn 0.2765 -0.9449 -0.1751
vn 0.2955 -0.9419 -0.1600
vn 0.2897 -0.9473 -0.1369
vn 0.3085 -0.9434 -0.1216
vn 0.3025 -0.9481 -0.0983
vn 0.3211 -0.9434 -0.0830
vn 0.3148 -0.9473 -0.0595
vn 0.3331 -0.9418 -0.0442
vn 0.3266 -0.9449 -0.0208
vn 0.3442 -0.9389 -0.0059
vn 0.3374 -0.9412 0.0177
vn 0.3541 -0.9346 0.0320
vn 0.3470 -0.9362 0.0557
vn 0.3326 -0.9411 0.0600
vn 0.3253 -0.9419 0.0836
vn 0.3108 -0.9464 0.0879
vn 0.3031 -0.9464 0.1116
vn 0.2811 -0.9530 0.1134
vn 0.2732 -0.9522 0.1368
vn 0.2502 -0.9582 0.1385
vn 0.2422 -0.9568 0.1612
vn 0.2182 -0.9622 0.1629
vn 0.2100 -0.9599 0.1855
vn 0.1860 -0.9646 0.1870
vn 0.1775 -0.9615 0.2098
vn 0.1533 -0.9654 0.2110
vn 0.1446 -0.9615 0.2336
vn 0.1204 -0.9646 0.2346
vn 0.1115 -0.9599 0.2571
vn 0.0874 -0.9622 0.2579
vn 0.0785 -0.9568 0.2801
vn 0.0544 -0.9582 0.2807
vn 0.0452 -0.9623 0.2681
vn 0.0212 -0.9630 0.2685
vn 0.0125 -0.9664 0.2566
vn 0.0125 -0.9570 0.2898
vn 0.0210 -0.9530 0.3024
vn 0.0456 -0.9522 0.3021
vn 0.0542 -0.9477 0.3146
vn 0.0790 -0.9461 0.3141
vn 0.0877 -0.9522 0.2927
vn 0.1117 -0.9499 0.2919
vn 0.1207 -0.9554 0.2696
vn 0.1449 -0.9523 0.2686
vn 0.1537 -0.9570 0.2461
vn 0.1779 -0.9531 0.2449
vn 0.1865 -0.9570 0.2222
vn 0.2106 -0.9523 0.2208
vn 0.2191 -0.9554 0.1981
vn 0.2431 -0.9499 0.1965
vn 0.2513 -0.9522 0.1739
vn 0.2743 -0.9461 0.1721
vn 0.2825 -0.9477 0.1488
vn 0.3044 -0.9411 0.1470
vn 0.3123 -0.9419 0.1235
vn 0.3341 -0.9347 0.1216
vn 0.3418 -0.9347 0.0980
vn 0.3561 -0.9297 0.0937
vn 0.3635 -0.9290 0.0700
vn 0.3780 -0.9235 0.0656
vn 0.3849 -0.9220 0.0420
vn 0.3686 -0.9292 0.0277
vn 0.3752 -0.9269 0.0040
vn 0.3587 -0.9334 -0.0103
vn 0.3649 -0.9304 -0.0339
vn 0.3474 -0.9365 -0.0488
vn 0.3539 -0.9325 -0.0722
vn 0.3354 -0.9380 -0.0876
vn 0.3416 -0.9333 -0.1110
vn 0.3228 -0.9380 -0.1262
vn 0.3287 -0.9325 -0.1496
vn 0.3097 -0.9365 -0.1647
vn 0.3152 -0.9304 -0.1871
vn 0.2962 -0.9334 -0.2025
vn 0.3012 -0.9269 -0.2237
vn 0.2819 -0.9292 -0.2390
vn 0.2867 -0.9220 -0.2603
vn 0.2672 -0.9235 -0.2753
vn 0.2718 -0.9156 -0.2963
vn 0.2520 -0.9164 -0.3111
vn 0.2563 -0.9079 -0.3318
vn 0.2363 -0.9079 -0.3463
vn 0.2367 -0.9019 -0.3614
vn 0.2164 -0.9011 -0.3757
vn 0.2166 -0.8947 -0.3907
vn 0.1962 -0.8932 -0.4045
vn 0.1779 -0.9017 -0.3940
vn 0.1574 -0.8994 -0.4077
vn 0.1388 -0.9074 -0.3968
vn 0.1183 -0.9044 -0.4100
vn 0.0996 -0.9115 -0.3990
vn 0.0792 -0.9078 -0.4118
vn 0.0603 -0.9143 -0.4004
vn 0.0400 -0.9099 -0.4128
vn 0.0204 -0.9160 -0.4007
vn -0.0000 -0.9104 -0.4137
vn -0.0204 -0.9160 -0.4007
vn -0.0400 -0.9099 -0.4128
vn -0.0603 -0.9143 -0.4004
vn -0.0792 -0.9078 -0.4118
vn -0.0996 -0.9115 -0.3990
vn -0.1183 -0.9044 -0.4100
vn -0.1388 -0.9074 -0.3968
vn -0.1574 -0.8994 -0.4077
vn -0.1779 -0.9017 -0.3940
vn -0.1962 -0.8932 -0.4045
vn -0.2166 -0.8947 -0.3907
vn -0.2346 -0.8856 -0.4008
vn -0.2549 -0.8863 -0.3866
vn -0.2726 -0.8767 -0.3963
vn -0.2926 -0.8767 -0.3817
vn -0.3068 -0.8698 -0.3864
vn -0.3265 -0.8691 -0.3716
vn -0.3227 -0.8787 -0.3517
vn -0.3422 -0.8773 -0.3365
vn -0.3382 -0.8863 -0.3163
vn -0.3574 -0.8841 -0.3010
vn -0.3531 -0.8926 -0.2803
vn -0.3720 -0.8896 -0.2650
vn -0.3676 -0.8974 -0.2439
vn -0.3860 -0.8938 -0.2285
vn -0.3813 -0.9010 -0.2072
vn -0.3994 -0.8965 -0.1916
vn -0.3944 -0.9030 -0.1702
vn -0.4122 -0.8979 -0.1546
vn -0.4067 -0.9040 -0.1321
vn -0.4243 -0.8979 -0.1172
vn -0.4191 -0.9030 -0.0941
vn -0.4358 -0.8965 -0.0797
vn -0.4303 -0.9009 -0.0565
vn -0.4466 -0.8938 -0.0421
vn -0.4407 -0.8974 -0.0187
vn -0.4567 -0.8896 -0.0043
vn -0.4504 -0.8926 0.0193
vn -0.4660 -0.8841 0.0334
vn -0.4595 -0.8863 0.0571
vn -0.4747 -0.8773 0.0711
vn -0.4678 -0.8788 0.0948
vn -0.4826 -0.8691 0.1087
vn -0.4753 -0.8698 0.1323
vn -0.4897 -0.8596 0.1460
vn -0.4820 -0.8596 0.1697
vn -0.4927 -0.8504 0.1844
vn -0.4860 -0.8498 0.2039
vn -0.4984 -0.8382 0.2213
vn -0.4913 -0.8371 0.2408
vn -0.5032 -0.8248 0.2578
vn -0.4958 -0.8230 0.2773
vn -0.5072 -0.8101 0.2940
vn -0.4993 -0.8077 0.3135
vn -0.5105 -0.7942 0.3298
vn -0.5023 -0.7910 0.3493
vn -0.5129 -0.7770 0.3650
vn -0.5043 -0.7733 0.3843
vn -0.5145 -0.7586 0.3997
vn -0.5056 -0.7543 0.4189
vn -0.5318 -0.7496 0.3941
vn -0.5420 -0.7533 0.3725
vn -0.5301 -0.7680 0.3594
vn -0.5400 -0.7711 0.3373
vn -0.5277 -0.7851 0.3242
vn -0.5372 -0.7876 0.3017
vn -0.5244 -0.8011 0.2884
vn -0.5334 -0.8031 0.2655
vn -0.5205 -0.8158 0.2522
vn -0.5290 -0.8171 0.2291
vn -0.5156 -0.8292 0.2157
vn -0.5237 -0.8299 0.1923
vn -0.5100 -0.8414 0.1788
vn -0.5177 -0.8414 0.1551
vn -0.5070 -0.8504 0.1404
vn -0.5130 -0.8498 0.1207
vn -0.4998 -0.8600 0.1031
vn -0.5056 -0.8588 0.0831
vn -0.4920 -0.8682 0.0655
vn -0.4973 -0.8664 0.0454
vn -0.4833 -0.8750 0.0278
vn -0.4884 -0.8726 0.0073
vn -0.4740 -0.8805 -0.0099
vn -0.4786 -0.8775 -0.0306
vn -0.4639 -0.8846 -0.0477
vn -0.4681 -0.8810 -0.0684
vn -0.4531 -0.8874 -0.0853
vn -0.4570 -0.8831 -0.1060
vn -0.4416 -0.8888 -0.1228
vn -0.4453 -0.8836 -0.1447
vn -0.4295 -0.8888 -0.1602
vn -0.4320 -0.8831 -0.1828
vn -0.4167 -0.8874 -0.1973
vn -0.4190 -0.8810 -0.2198
vn -0.4033 -0.8846 -0.2341
vn -0.4051 -0.8775 -0.2565
vn -0.3893 -0.8805 -0.2706
vn -0.3908 -0.8726 -0.2930
vn -0.3746 -0.8750 -0.3066
vn -0.3756 -0.8664 -0.3291
vn -0.3595 -0.8681 -0.3421
vn -0.3602 -0.8588 -0.3644
vn -0.3438 -0.8600 -0.3772
vn -0.3441 -0.8499 -0.3992
vn -0.3276 -0.8504 -0.4116
vn -0.3104 -0.8596 -0.4060
vn -0.2902 -0.8596 -0.4206
vn -0.2727 -0.8698 -0.4112
vn -0.2525 -0.8691 -0.4253
vn -0.2347 -0.8788 -0.4156
vn -0.2143 -0.8773 -0.4295
vn -0.1963 -0.8863 -0.4194
vn -0.1758 -0.8841 -0.4329
vn -0.1575 -0.8926 -0.4224
vn -0.1370 -0.8896 -0.4357
vn -0.1184 -0.8975 -0.4249
vn -0.0980 -0.8938 -0.4377
vn -0.0792 -0.9009 -0.4266
vn -0.0588 -0.8965 -0.4391
vn -0.0400 -0.9030 -0.4277
vn -0.0196 -0.8979 -0.4398
vn -0.0000 -0.9040 -0.4276
vn 0.0196 -0.8979 -0.4398
vn 0.0400 -0.9030 -0.4277
vn 0.0588 -0.8965 -0.4391
vn 0.0792 -0.9009 -0.4266
vn 0.0980 -0.8938 -0.4377
vn 0.1184 -0.8975 -0.4249
vn 0.1370 -0.8896 -0.4357
vn 0.1575 -0.8926 -0.4224
vn 0.1758 -0.8841 -0.4329
vn 0.1963 -0.8863 -0.4194
vn 0.2143 -0.8773 -0.4295
vn 0.2347 -0.8788 -0.4156
vn 0.2346 -0.8856 -0.4008
vn 0.2549 -0.8863 -0.3866
vn 0.2547 -0.8928 -0.3715
vn 0.2747 -0.8928 -0.3570
vn 0.2706 -0.9019 -0.3368
vn 0.2905 -0.9011 -0.3219
vn 0.2862 -0.9096 -0.3012
vn 0.3056 -0.9081 -0.2862
vn 0.3011 -0.9160 -0.2652
vn 0.3204 -0.9137 -0.2499
vn 0.3157 -0.9209 -0.2287
vn 0.3345 -0.9179 -0.2134
vn 0.3295 -0.9245 -0.1918
vn 0.3480 -0.9207 -0.1764
vn 0.3426 -0.9268 -0.1540
vn 0.3613 -0.9221 -0.1388
vn 0.3553 -0.9276 -0.1154
vn 0.3739 -0.9221 -0.1001
vn 0.3677 -0.9268 -0.0767
vn 0.3852 -0.9207 -0.0618
vn 0.3793 -0.9245 -0.0385
vn 0.3960 -0.9179 -0.0240
vn 0.3898 -0.9209 -0.0005
vn 0.4061 -0.9137 0.0138
vn 0.3994 -0.9160 0.0375
vn 0.4155 -0.9081 0.0519
vn 0.4086 -0.9096 0.0755
vn 0.3940 -0.9156 0.0800
vn 0.3867 -0.9164 0.1035
vn 0.3723 -0.9218 0.1079
vn 0.3647 -0.9218 0.1315
vn 0.3432 -0.9297 0.1335
vn 0.3352 -0.9290 0.1570
vn 0.3135 -0.9362 0.1589
vn 0.3053 -0.9346 0.1822
vn 0.2834 -0.9412 0.1840
vn 0.2750 -0.9389 0.2071
vn 0.2520 -0.9449 0.2088
vn 0.2435 -0.9419 0.2316
vn 0.2197 -0.9473 0.2332
vn 0.2110 -0.9434 0.2559
vn 0.1869 -0.9481 0.2573
vn 0.1781 -0.9434 0.2797
vn 0.1539 -0.9473 0.2810
vn 0.1450 -0.9419 0.3031
vn 0.1207 -0.9449 0.3042
vn 0.1120 -0.9389 0.3255
vn 0.0874 -0.9412 0.3263
vn 0.0789 -0.9346 0.3467
vn 0.0543 -0.9362 0.3473
vn 0.0457 -0.9411 0.3349
vn 0.0209 -0.9419 0.3352
vn 0.0125 -0.9464 0.3228
vn 0.0124 -0.9347 0.3553
vn 0.0209 -0.9297 0.3677
vn 0.0458 -0.9290 0.3673
vn 0.0544 -0.9235 0.3798
vn 0.0790 -0.9220 0.3791
vn 0.0876 -0.9292 0.3591
vn 0.1122 -0.9269 0.3581
vn 0.1207 -0.9334 0.3379
vn 0.1450 -0.9304 0.3366
vn 0.1538 -0.9365 0.3153
vn 0.1780 -0.9325 0.3142
vn 0.1870 -0.9380 0.2919
vn 0.2111 -0.9333 0.2906
vn 0.2198 -0.9380 0.2680
vn 0.2438 -0.9325 0.2664
vn 0.2523 -0.9365 0.2437
vn 0.2753 -0.9304 0.2420
vn 0.2841 -0.9334 0.2192
vn 0.3059 -0.9269 0.2173
vn 0.3144 -0.9292 0.1943
vn 0.3361 -0.9220 0.1922
vn 0.3444 -0.9235 0.1691
vn 0.3658 -0.9156 0.1669
vn 0.3738 -0.9163 0.1436
vn 0.3948 -0.9079 0.1413
vn 0.4024 -0.9079 0.1178
vn 0.4169 -0.9019 0.1134
vn 0.4242 -0.9011 0.0897
vn 0.4385 -0.8947 0.0852
vn 0.4454 -0.8932 0.0617
vn 0.4297 -0.9017 0.0474
vn 0.4364 -0.8994 0.0237
vn 0.4203 -0.9074 0.0094
vn 0.4265 -0.9044 -0.0142
vn 0.4102 -0.9115 -0.0286
vn 0.4161 -0.9078 -0.0520
vn 0.3995 -0.9143 -0.0664
vn 0.4050 -0.9099 -0.0896
vn 0.3874 -0.9160 -0.1045
vn 0.3934 -0.9104 -0.1278
vn 0.3748 -0.9160 -0.1432
vn 0.3803 -0.9099 -0.1656
vn 0.3622 -0.9143 -0.1811
vn 0.3672 -0.9078 -0.2026
vn 0.3487 -0.9115 -0.2180
vn 0.3534 -0.9044 -0.2392
vn 0.3345 -0.9074 -0.2546
vn 0.3391 -0.8994 -0.2757
vn 0.3198 -0.9017 -0.2910
vn 0.3241 -0.8932 -0.3116
vn 0.3046 -0.8947 -0.3267
vn 0.3087 -0.8856 -0.3470
vn 0.2889 -0.8863 -0.3619
vn 0.2926 -0.8767 -0.3817
vn 0.2726 -0.8767 -0.3963
vn 0.2727 -0.8698 -0.4112
vn 0.2525 -0.8691 -0.4253
vn 0.2525 -0.8600 -0.4435
vn 0.2352 -0.8588 -0.4551
vn 0.2143 -0.8681 -0.4477
vn 0.1969 -0.8664 -0.4589
vn 0.1758 -0.8750 -0.4510
vn 0.1579 -0.8726 -0.4622
vn 0.1370 -0.8805 -0.4539
vn 0.1188 -0.8775 -0.4646
vn 0.0980 -0.8846 -0.4559
vn 0.0796 -0.8810 -0.4664
vn 0.0588 -0.8874 -0.4573
vn 0.0403 -0.8831 -0.4674
vn 0.0196 -0.8888 -0.4579
vn -0.0000 -0.8836 -0.4683
vn -0.0196 -0.8888 -0.4579
vn -0.0403 -0.8831 -0.4674
vn -0.0588 -0.8874 -0.4573
vn -0.0796 -0.8810 -0.4664
vn -0.0980 -0.8846 -0.4559
vn -0.1187 -0.8775 -0.4646
vn -0.1370 -0.8805 -0.4539
vn -0.1579 -0.8726 -0.4622
vn -0.1758 -0.8750 -0.4510
vn -0.1969 -0.8664 -0.4589
vn -0.2143 -0.8681 -0.4477
vn -0.2352 -0.8588 -0.4551
vn -0.2525 -0.8600 -0.4435
vn -0.2733 -0.8499 -0.4506
vn -0.2902 -0.8504 -0.4388
vn -0.3076 -0.8413 -0.4444
vn -0.3277 -0.8413 -0.4299
vn -0.3447 -0.8299 -0.4387
vn -0.3645 -0.8292 -0.4238
vn -0.3645 -0.8382 -0.4056
vn -0.3808 -0.8371 -0.3928
vn -0.3805 -0.8472 -0.3707
vn -0.3966 -0.8455 -0.3576
vn -0.3960 -0.8548 -0.3355
vn -0.4121 -0.8524 -0.3219
vn -0.4109 -0.8611 -0.2994
vn -0.4269 -0.8581 -0.2855
vn -0.4253 -0.8660 -0.2630
vn -0.4410 -0.8624 -0.2487
vn -0.4391 -0.8695 -0.2263
vn -0.4544 -0.8652 -0.2118
vn -0.4522 -0.8716 -0.1894
vn -0.4682 -0.8664 -0.1738
vn -0.4646 -0.8725 -0.1510
vn -0.4809 -0.8664 -0.1346
vn -0.4772 -0.8716 -0.1126
vn -0.4922 -0.8652 -0.0957
vn -0.4883 -0.8695 -0.0750
vn -0.5029 -0.8624 -0.0580
vn -0.4987 -0.8660 -0.0373
vn -0.5132 -0.8581 -0.0200
vn -0.5084 -0.8611 0.0007
vn -0.5226 -0.8524 0.0182
vn -0.5175 -0.8548 0.0387
vn -0.5311 -0.8454 0.0563
vn -0.5257 -0.8472 0.0763
vn -0.5390 -0.8371 0.0940
vn -0.5333 -0.8382 0.1139
vn -0.5440 -0.8292 0.1286
vn -0.5368 -0.8299 0.1522
vn -0.5451 -0.8221 0.1641
vn -0.5375 -0.8221 0.1877
vn -0.5508 -0.8101 0.2010
vn -0.5427 -0.8094 0.2245
vn -0.5556 -0.7967 0.2377
vn -0.5471 -0.7954 0.2608
vn -0.5599 -0.7819 0.2741
vn -0.5507 -0.7800 0.2971
vn -0.5632 -0.7659 0.3103
vn -0.5537 -0.7634 0.3326
vn -0.5656 -0.7487 0.3456
vn -0.5557 -0.7456 0.3677
vn -0.5789 -0.7407 0.3408
vn -0.5884 -0.7433 0.3183
vn -0.5765 -0.7578 0.3055
vn -0.5856 -0.7598 0.2826
vn -0.5731 -0.7739 0.2693
vn -0.5817 -0.7752 0.2462
vn -0.5690 -0.7886 0.2330
vn -0.5772 -0.7893 0.2096
vn -0.5641 -0.8020 0.1963
vn -0.5718 -0.8020 0.1727
vn -0.5638 -0.8101 0.1611
vn -0.5710 -0.8094 0.1374
vn -0.5626 -0.8171 0.1256
vn -0.5693 -0.8158 0.1019
vn -0.5586 -0.8248 0.0872
vn -0.5640 -0.8230 0.0671
vn -0.5508 -0.8332 0.0495
vn -0.5559 -0.8308 0.0290
vn -0.5422 -0.8402 0.0116
vn -0.5469 -0.8371 -0.0090
vn -0.5327 -0.8459 -0.0266
vn -0.5371 -0.8422 -0.0473
vn -0.5227 -0.8501 -0.0645
vn -0.5266 -0.8458 -0.0853
vn -0.5119 -0.8529 -0.1023
vn -0.5157 -0.8477 -0.1242
vn -0.4998 -0.8546 -0.1407
vn -0.5033 -0.8485 -0.1635
vn -0.4871 -0.8546 -0.1799
vn -0.4902 -0.8478 -0.2026
vn -0.4743 -0.8529 -0.2181
vn -0.4762 -0.8458 -0.2406
vn -0.4608 -0.8501 -0.2550
vn -0.4624 -0.8422 -0.2774
vn -0.4466 -0.8459 -0.2916
vn -0.4478 -0.8371 -0.3142
vn -0.4318 -0.8402 -0.3281
vn -0.4326 -0.8308 -0.3502
vn -0.4165 -0.8332 -0.3637
vn -0.4169 -0.8230 -0.3858
vn -0.4007 -0.8248 -0.3989
vn -0.4007 -0.8158 -0.4171
vn -0.3813 -0.8171 -0.4323
vn -0.3812 -0.8094 -0.4467
vn -0.3614 -0.8101 -0.4617
vn -0.3446 -0.8222 -0.4531
vn -0.3245 -0.8222 -0.4677
vn -0.3107 -0.8299 -0.4634
vn -0.2904 -0.8292 -0.4776
vn -0.2731 -0.8382 -0.4720
vn -0.2559 -0.8371 -0.4836
vn -0.2350 -0.8472 -0.4764
vn -0.2176 -0.8454 -0.4877
vn -0.1967 -0.8548 -0.4802
vn -0.1788 -0.8524 -0.4914
vn -0.1578 -0.8611 -0.4833
vn -0.1396 -0.8581 -0.4942
vn -0.1186 -0.8660 -0.4858
vn -0.1003 -0.8624 -0.4962
vn -0.0796 -0.8695 -0.4875
vn -0.0610 -0.8652 -0.4977
vn -0.0403 -0.8716 -0.4886
vn -0.0206 -0.8664 -0.4990
vn -0.0000 -0.8726 -0.4885
vn 0.0206 -0.8664 -0.4990
vn 0.0403 -0.8716 -0.4886
vn 0.0610 -0.8652 -0.4977
vn 0.0796 -0.8695 -0.4875
vn 0.1003 -0.8624 -0.4962
vn 0.1187 -0.8660 -0.4858
vn 0.1396 -0.8581 -0.4942
vn 0.1578 -0.8611 -0.4833
vn 0.1788 -0.8524 -0.4914
vn 0.1967 -0.8548 -0.4802
vn 0.2176 -0.8454 -0.4877
vn 0.2350 -0.8472 -0.4764
vn 0.2559 -0.8371 -0.4836
vn 0.2731 -0.8382 -0.4720
vn 0.2733 -0.8499 -0.4506
vn 0.2902 -0.8504 -0.4388
vn 0.2902 -0.8596 -0.4206
vn 0.3104 -0.8596 -0.4060
vn 0.3068 -0.8698 -0.3864
vn 0.3265 -0.8691 -0.3716
vn 0.3227 -0.8787 -0.3517
vn 0.3422 -0.8773 -0.3365
vn 0.3382 -0.8863 -0.3163
vn 0.3574 -0.8841 -0.3010
vn 0.3531 -0.8926 -0.2803
vn 0.3720 -0.8896 -0.2650
vn 0.3676 -0.8974 -0.2439
vn 0.3860 -0.8938 -0.2285
vn 0.3813 -0.9010 -0.2072
vn 0.3994 -0.8965 -0.1916
vn 0.3944 -0.9030 -0.1702
vn 0.4122 -0.8979 -0.1546
vn 0.4067 -0.9040 -0.1321
vn 0.4243 -0.8979 -0.1172
vn 0.4191 -0.9030 -0.0941
vn 0.4358 -0.8965 -0.0797
vn 0.4302 -0.9009 -0.0565
vn 0.4466 -0.8938 -0.0421
vn 0.4407 -0.8974 -0.0187
vn 0.4567 -0.8896 -0.0043
vn 0.4505 -0.8926 0.0192
vn 0.4661 -0.8841 0.0334
vn 0.4596 -0.8863 0.0571
vn 0.4747 -0.8773 0.0711
vn 0.4678 -0.8787 0.0948
vn 0.4537 -0.8856 0.0993
vn 0.4464 -0.8864 0.1230
vn 0.4321 -0.8928 0.1274
vn 0.4244 -0.8928 0.1509
vn 0.4039 -0.9019 0.1533
vn 0.3959 -0.9011 0.1768
vn 0.3749 -0.9096 0.1791
vn 0.3667 -0.9081 0.2022
vn 0.3452 -0.9160 0.2044
vn 0.3366 -0.9137 0.2275
vn 0.3150 -0.9209 0.2295
vn 0.3063 -0.9179 0.2522
vn 0.2843 -0.9245 0.2541
vn 0.2753 -0.9207 0.2765
vn 0.2523 -0.9268 0.2782
vn 0.2437 -0.9221 0.3007
vn 0.2196 -0.9276 0.3023
vn 0.2107 -0.9221 0.3247
vn 0.1866 -0.9268 0.3259
vn 0.1778 -0.9208 0.3473
vn 0.1538 -0.9245 0.3489
vn 0.1452 -0.9179 0.3692
vn 0.1210 -0.9209 0.3705
vn 0.1124 -0.9137 0.3905
vn 0.0877 -0.9160 0.3915
vn 0.0790 -0.9081 0.4112
vn 0.0545 -0.9096 0.4119
vn 0.0457 -0.9156 0.3994
vn 0.0210 -0.9164 0.3998
vn 0.0124 -0.9218 0.3874
vn 0.0124 -0.9079 0.4191
vn 0.0210 -0.9019 0.4315
vn 0.0458 -0.9011 0.4311
vn 0.0544 -0.8947 0.4434
vn 0.0790 -0.8932 0.4426
vn 0.0877 -0.9017 0.4234
vn 0.1123 -0.8994 0.4224
vn 0.1210 -0.9073 0.4026
vn 0.1453 -0.9044 0.4013
vn 0.1539 -0.9115 0.3814
vn 0.1780 -0.9078 0.3797
vn 0.1866 -0.9143 0.3594
vn 0.2104 -0.9099 0.3575
vn 0.2191 -0.9159 0.3362
vn 0.2432 -0.9104 0.3347
vn 0.2520 -0.9160 0.3122
vn 0.2750 -0.9099 0.3105
vn 0.2842 -0.9143 0.2885
vn 0.3061 -0.9078 0.2866
vn 0.3151 -0.9115 0.2643
vn 0.3367 -0.9044 0.2622
vn 0.3455 -0.9073 0.2395
vn 0.3670 -0.8994 0.2373
vn 0.3756 -0.9017 0.2142
vn 0.3965 -0.8932 0.2119
vn 0.4048 -0.8947 0.1888
vn 0.4254 -0.8856 0.1863
vn 0.4334 -0.8863 0.1629
vn 0.4534 -0.8767 0.1604
vn 0.4611 -0.8767 0.1368
vn 0.4753 -0.8698 0.1323
vn 0.4826 -0.8691 0.1087
vn 0.4998 -0.8600 0.1031
vn 0.5056 -0.8588 0.0831
vn 0.4920 -0.8682 0.0655
vn 0.4973 -0.8664 0.0454
vn 0.4833 -0.8750 0.0278
vn 0.4884 -0.8726 0.0073
vn 0.4740 -0.8805 -0.0099
vn 0.4786 -0.8775 -0.0306
vn 0.4639 -0.8846 -0.0477
vn 0.4681 -0.8810 -0.0684
vn 0.4531 -0.8874 -0.0853
vn 0.4570 -0.8831 -0.1060
vn 0.4416 -0.8888 -0.1229
vn 0.4453 -0.8836 -0.1447
vn 0.4295 -0.8888 -0.1602
vn 0.4320 -0.8831 -0.1828
vn 0.4167 -0.8874 -0.1973
vn 0.4190 -0.8810 -0.2198
vn 0.4033 -0.8846 -0.2341
vn 0.4051 -0.8775 -0.2565
vn 0.3893 -0.8805 -0.2706
vn 0.3908 -0.8726 -0.2930
vn 0.3746 -0.8750 -0.3066
vn 0.3756 -0.8664 -0.3291
vn 0.3595 -0.8681 -0.3421
vn 0.3602 -0.8588 -0.3644
vn 0.3438 -0.8600 -0.3772
vn 0.3441 -0.8499 -0.3992
vn 0.3276 -0.8504 -0.4116
vn 0.3277 -0.8413 -0.4299
vn 0.3076 -0.8413 -0.4444
vn 0.3107 -0.8299 -0.4634
vn 0.2904 -0.8292 -0.4776
vn 0.2933 -0.8171 -0.4963
vn 0.2728 -0.8158 -0.5100
vn 0.2555 -0.8248 -0.5044
vn 0.2381 -0.8230 -0.5157
vn 0.2172 -0.8332 -0.5085
vn 0.1994 -0.8308 -0.5197
vn 0.1786 -0.8401 -0.5121
vn 0.1604 -0.8371 -0.5230
vn 0.1393 -0.8458 -0.5149
vn 0.1210 -0.8422 -0.5255
vn 0.1001 -0.8501 -0.5171
vn 0.0817 -0.8458 -0.5272
vn 0.0609 -0.8529 -0.5184
vn 0.0412 -0.8478 -0.5288
vn 0.0206 -0.8546 -0.5188
vn -0.0000 -0.8485 -0.5292
vn -0.0206 -0.8546 -0.5188
vn -0.0412 -0.8478 -0.5288
vn -0.0609 -0.8529 -0.5184
vn -0.0817 -0.8458 -0.5272
vn -0.1001 -0.8501 -0.5171
vn -0.1210 -0.8422 -0.5254
vn -0.1393 -0.8458 -0.5149
vn -0.1604 -0.8371 -0.5230
vn -0.1786 -0.8401 -0.5121
vn -0.1994 -0.8308 -0.5197
vn -0.2172 -0.8332 -0.5085
vn -0.2381 -0.8230 -0.5157
vn -0.2555 -0.8248 -0.5044
vn -0.2728 -0.8158 -0.5100
vn -0.2933 -0.8171 -0.4963
vn -0.3071 -0.8094 -0.5006
vn -0.3274 -0.8101 -0.4864
vn -0.3410 -0.8020 -0.4904
vn -0.3610 -0.8020 -0.4759
vn -0.3777 -0.7893 -0.4842
vn -0.3975 -0.7886 -0.4692
vn -0.3978 -0.7967 -0.4550
vn -0.4172 -0.7954 -0.4398
vn -0.4174 -0.8031 -0.4253
vn -0.4364 -0.8011 -0.4097
vn -0.4364 -0.8101 -0.3915
vn -0.4525 -0.8077 -0.3780
vn -0.4521 -0.8178 -0.3561
vn -0.4680 -0.8148 -0.3422
vn -0.4673 -0.8241 -0.3201
vn -0.4830 -0.8205 -0.3058
vn -0.4819 -0.8292 -0.2833
vn -0.4970 -0.8250 -0.2691
vn -0.4955 -0.8329 -0.2466
vn -0.5114 -0.8277 -0.2311
vn -0.5088 -0.8352 -0.2087
vn -0.5250 -0.8291 -0.1923
vn -0.5219 -0.8360 -0.1696
vn -0.5377 -0.8291 -0.1531
vn -0.5342 -0.8352 -0.1302
vn -0.5496 -0.8277 -0.1136
vn -0.5458 -0.8329 -0.0917
vn -0.5603 -0.8250 -0.0744
vn -0.5564 -0.8292 -0.0541
vn -0.5705 -0.8205 -0.0365
vn -0.5662 -0.8241 -0.0157
vn -0.5798 -0.8148 0.0017
vn -0.5751 -0.8178 0.0224
vn -0.5882 -0.8077 0.0398
vn -0.5831 -0.8101 0.0602
vn -0.5938 -0.8011 0.0749
vn -0.5876 -0.8031 0.0987
vn -0.5960 -0.7954 0.1106
vn -0.5893 -0.7967 0.1343
vn -0.5973 -0.7886 0.1460
vn -0.5902 -0.7893 0.1697
vn -0.5978 -0.7809 0.1812
vn -0.5902 -0.7809 0.2048
vn -0.6029 -0.7674 0.2181
vn -0.5949 -0.7668 0.2412
vn -0.6073 -0.7526 0.2544
vn -0.5987 -0.7513 0.2776
vn -0.6106 -0.7368 0.2905
vn -0.6015 -0.7348 0.3134
vn -0.6232 -0.7281 0.2855
vn -0.6319 -0.7293 0.2624
vn -0.6198 -0.7441 0.2495
vn -0.6279 -0.7447 0.2260
vn -0.6155 -0.7588 0.2131
vn -0.6232 -0.7588 0.1894
vn -0.6159 -0.7674 0.1779
vn -0.6230 -0.7668 0.1545
vn -0.6153 -0.7752 0.1428
vn -0.6220 -0.7739 0.1190
vn -0.6141 -0.7819 0.1073
vn -0.6202 -0.7800 0.0834
vn -0.6120 -0.7876 0.0717
vn -0.6175 -0.7851 0.0479
vn -0.6068 -0.7941 0.0332
vn -0.6117 -0.7910 0.0126
vn -0.5984 -0.8011 -0.0049
vn -0.6029 -0.7974 -0.0255
vn -0.5891 -0.8069 -0.0431
vn -0.5930 -0.8027 -0.0637
vn -0.5788 -0.8114 -0.0810
vn -0.5826 -0.8062 -0.1029
vn -0.5681 -0.8143 -0.1196
vn -0.5715 -0.8082 -0.1423
vn -0.5562 -0.8156 -0.1591
vn -0.5592 -0.8089 -0.1817
vn -0.5435 -0.8157 -0.1983
vn -0.5459 -0.8082 -0.2208
vn -0.5299 -0.8143 -0.2371
vn -0.5318 -0.8062 -0.2592
vn -0.5159 -0.8114 -0.2747
vn -0.5172 -0.8027 -0.2970
vn -0.5019 -0.8069 -0.3114
vn -0.5028 -0.7974 -0.3337
vn -0.4870 -0.8011 -0.3478
vn -0.4874 -0.7910 -0.3697
vn -0.4714 -0.7942 -0.3836
vn -0.4714 -0.7851 -0.4018
vn -0.4530 -0.7876 -0.4177
vn -0.4527 -0.7800 -0.4320
vn -0.4337 -0.7819 -0.4478
vn -0.4333 -0.7739 -0.4619
vn -0.4139 -0.7752 -0.4772
vn -0.4133 -0.7668 -0.4912
vn -0.3938 -0.7674 -0.5060
vn -0.3771 -0.7809 -0.4980
vn -0.3571 -0.7809 -0.5125
vn -0.3438 -0.7893 -0.5088
vn -0.3234 -0.7886 -0.5230
vn -0.3098 -0.7967 -0.5189
vn -0.2893 -0.7954 -0.5326
vn -0.2755 -0.8031 -0.5284
vn -0.2548 -0.8011 -0.5416
vn -0.2375 -0.8101 -0.5360
vn -0.2197 -0.8077 -0.5471
vn -0.1990 -0.8178 -0.5400
vn -0.1808 -0.8148 -0.5509
vn -0.1600 -0.8242 -0.5433
vn -0.1416 -0.8205 -0.5538
vn -0.1206 -0.8292 -0.5458
vn -0.1024 -0.8250 -0.5558
vn -0.0814 -0.8329 -0.5474
vn -0.0617 -0.8277 -0.5578
vn -0.0413 -0.8352 -0.5484
vn -0.0206 -0.8291 -0.5587
vn -0.0000 -0.8359 -0.5488
vn 0.0206 -0.8291 -0.5587
vn 0.0413 -0.8352 -0.5484
vn 0.0617 -0.8277 -0.5578
vn 0.0814 -0.8329 -0.5474
vn 0.1024 -0.8250 -0.5558
vn 0.1206 -0.8292 -0.5458
vn 0.1416 -0.8205 -0.5538
vn 0.1600 -0.8242 -0.5433
vn 0.1808 -0.8148 -0.5509
vn 0.1990 -0.8178 -0.5400
vn 0.2197 -0.8077 -0.5471
vn 0.2375 -0.8101 -0.5360
vn 0.2548 -0.8011 -0.5416
vn 0.2755 -0.8031 -0.5284
vn 0.2893 -0.7954 -0.5326
vn 0.3098 -0.7967 -0.5189
vn 0.3071 -0.8094 -0.5006
vn 0.3274 -0.8101 -0.4864
vn 0.3245 -0.8222 -0.4677
vn 0.3446 -0.8222 -0.4531
vn 0.3447 -0.8299 -0.4387
vn 0.3645 -0.8292 -0.4238
vn 0.3645 -0.8382 -0.4056
vn 0.3808 -0.8371 -0.3928
vn 0.3805 -0.8472 -0.3707
vn 0.3966 -0.8455 -0.3577
vn 0.3959 -0.8548 -0.3355
vn 0.4121 -0.8524 -0.3219
vn 0.4109 -0.8611 -0.2994
vn 0.4269 -0.8581 -0.2855
vn 0.4253 -0.8660 -0.2630
vn 0.4410 -0.8624 -0.2487
vn 0.4391 -0.8695 -0.2263
vn 0.4544 -0.8652 -0.2118
vn 0.4522 -0.8716 -0.1894
vn 0.4682 -0.8664 -0.1738
vn 0.4646 -0.8725 -0.1510
vn 0.4809 -0.8664 -0.1346
vn 0.4772 -0.8716 -0.1126
vn 0.4922 -0.8652 -0.0957
vn 0.4883 -0.8695 -0.0750
vn 0.5029 -0.8624 -0.0580
vn 0.4987 -0.8660 -0.0373
vn 0.5132 -0.8581 -0.0200
vn 0.5084 -0.8611 0.0007
vn 0.5226 -0.8524 0.0182
vn 0.5175 -0.8548 0.0387
vn 0.5311 -0.8454 0.0563
vn 0.5257 -0.8472 0.0763
vn 0.5390 -0.8371 0.0940
vn 0.5333 -0.8382 0.1139
vn 0.5130 -0.8499 0.1207
vn 0.5070 -0.8505 0.1404
vn 0.4897 -0.8596 0.1460
vn 0.4820 -0.8596 0.1697
vn 0.4623 -0.8698 0.1723
vn 0.4543 -0.8691 0.1957
vn 0.4342 -0.8787 0.1982
vn 0.4258 -0.8773 0.2215
vn 0.4054 -0.8863 0.2239
vn 0.3967 -0.8841 0.2469
vn 0.3757 -0.8926 0.2492
vn 0.3669 -0.8896 0.2719
vn 0.3456 -0.8974 0.2742
vn 0.3366 -0.8937 0.2965
vn 0.3149 -0.9009 0.2986
vn 0.3057 -0.8965 0.3206
vn 0.2837 -0.9030 0.3225
vn 0.2743 -0.8979 0.3442
vn 0.2513 -0.9040 0.3459
vn 0.2426 -0.8979 0.3673
vn 0.2191 -0.9030 0.3695
vn 0.2105 -0.8965 0.3898
vn 0.1867 -0.9009 0.3917
vn 0.1780 -0.8937 0.4117
vn 0.1540 -0.8974 0.4134
vn 0.1452 -0.8896 0.4330
vn 0.1209 -0.8926 0.4343
vn 0.1122 -0.8841 0.4536
vn 0.0877 -0.8863 0.4547
vn 0.0791 -0.8773 0.4734
vn 0.0544 -0.8787 0.4742
vn 0.0458 -0.8856 0.4622
vn 0.0210 -0.8863 0.4625
vn 0.0124 -0.8928 0.4503
vn 0.0897 -0.8682 0.4881
vn 0.1105 -0.8664 0.4870
vn 0.1229 -0.8750 0.4682
vn 0.1440 -0.8726 0.4667
vn 0.1559 -0.8805 0.4477
vn 0.1770 -0.8775 0.4457
vn 0.1887 -0.8846 0.4264
vn 0.2097 -0.8810 0.4241
vn 0.2212 -0.8874 0.4045
vn 0.2421 -0.8831 0.4018
vn 0.2533 -0.8888 0.3820
vn 0.2752 -0.8836 0.3788
vn 0.2850 -0.8888 0.3589
vn 0.3074 -0.8831 0.3544
vn 0.3164 -0.8874 0.3354
vn 0.3385 -0.8810 0.3305
vn 0.3473 -0.8846 0.3112
vn 0.3692 -0.8775 0.3061
vn 0.3776 -0.8805 0.2866
vn 0.3994 -0.8726 0.2812
vn 0.4073 -0.8750 0.2615
vn 0.4290 -0.8664 0.2555
vn 0.4365 -0.8682 0.2362
vn 0.4578 -0.8588 0.2300
vn 0.4649 -0.8600 0.2104
vn 0.4860 -0.8498 0.2039
vn 0.4927 -0.8504 0.1844
vn 0.5100 -0.8414 0.1788
vn 0.5177 -0.8414 0.1552
vn 0.5368 -0.8299 0.1523
vn 0.5440 -0.8292 0.1286
vn 0.5626 -0.8171 0.1256
vn 0.5693 -0.8158 0.1019
vn 0.5586 -0.8248 0.0872
vn 0.5640 -0.8230 0.0671
vn 0.5508 -0.8332 0.0495
vn 0.5559 -0.8308 0.0290
vn 0.5422 -0.8402 0.0116
vn 0.5469 -0.8371 -0.0090
vn 0.5327 -0.8459 -0.0266
vn 0.5371 -0.8422 -0.0473
vn 0.5227 -0.8501 -0.0645
vn 0.5266 -0.8458 -0.0853
vn 0.5119 -0.8529 -0.1023
vn 0.5157 -0.8478 -0.1241
vn 0.4998 -0.8546 -0.1407
vn 0.5033 -0.8485 -0.1635
vn 0.4870 -0.8546 -0.1799
vn 0.4901 -0.8478 -0.2027
vn 0.4743 -0.8529 -0.2181
vn 0.4762 -0.8458 -0.2405
vn 0.4608 -0.8501 -0.2550
vn 0.4623 -0.8422 -0.2774
vn 0.4466 -0.8459 -0.2916
vn 0.4478 -0.8371 -0.3142
vn 0.4318 -0.8402 -0.3281
vn 0.4326 -0.8308 -0.3502
vn 0.4165 -0.8332 -0.3637
vn 0.4169 -0.8230 -0.3858
vn 0.4007 -0.8248 -0.3989
vn 0.4007 -0.8158 -0.4171
vn 0.3813 -0.8171 -0.4323
vn 0.3812 -0.8094 -0.4467
vn 0.3614 -0.8101 -0.4617
vn 0.3610 -0.8020 -0.4759
vn 0.3410 -0.8020 -0.4904
vn 0.3438 -0.7893 -0.5088
vn 0.3234 -0.7886 -0.5230
vn 0.3259 -0.7752 -0.5411
vn 0.3054 -0.7739 -0.5548
vn 0.2918 -0.7819 -0.5508
vn 0.2709 -0.7800 -0.5641
vn 0.2573 -0.7876 -0.5599
vn 0.2364 -0.7851 -0.5725
vn 0.2191 -0.7942 -0.5668
vn 0.2010 -0.7910 -0.5778
vn 0.1803 -0.8012 -0.5706
vn 0.1620 -0.7974 -0.5813
vn 0.1411 -0.8069 -0.5735
vn 0.1227 -0.8026 -0.5837
vn 0.1018 -0.8114 -0.5756
vn 0.0821 -0.8062 -0.5859
vn 0.0617 -0.8143 -0.5772
vn 0.0413 -0.8082 -0.5874
vn 0.0206 -0.8157 -0.5782
vn -0.0000 -0.8089 -0.5880
vn -0.0206 -0.8157 -0.5782
vn -0.0413 -0.8082 -0.5874
vn -0.0617 -0.8143 -0.5772
vn -0.0821 -0.8062 -0.5859
vn -0.1018 -0.8114 -0.5756
vn -0.1227 -0.8026 -0.5837
vn -0.1411 -0.8069 -0.5735
vn -0.1620 -0.7974 -0.5813
vn -0.1803 -0.8012 -0.5706
vn -0.2010 -0.7910 -0.5778
vn -0.2191 -0.7942 -0.5668
vn -0.2364 -0.7851 -0.5725
vn -0.2573 -0.7876 -0.5599
vn -0.2709 -0.7800 -0.5641
vn -0.2918 -0.7819 -0.5508
vn -0.3054 -0.7739 -0.5548
vn -0.3259 -0.7752 -0.5411
vn -0.3395 -0.7668 -0.5448
vn -0.3596 -0.7674 -0.5308
vn -0.3727 -0.7588 -0.5342
vn -0.3929 -0.7588 -0.5195
vn -0.4090 -0.7447 -0.5273
vn -0.4288 -0.7441 -0.5123
vn -0.4296 -0.7527 -0.4989
vn -0.4490 -0.7514 -0.4836
vn -0.4497 -0.7598 -0.4696
vn -0.4686 -0.7579 -0.4539
vn -0.4691 -0.7659 -0.4397
vn -0.4875 -0.7634 -0.4237
vn -0.4877 -0.7711 -0.4093
vn -0.5056 -0.7680 -0.3931
vn -0.5056 -0.7770 -0.3749
vn -0.5213 -0.7733 -0.3608
vn -0.5209 -0.7835 -0.3389
vn -0.5363 -0.7791 -0.3245
vn -0.5354 -0.7886 -0.3023
vn -0.5513 -0.7834 -0.2868
vn -0.5499 -0.7920 -0.2652
vn -0.5661 -0.7859 -0.2487
vn -0.5641 -0.7940 -0.2267
vn -0.5798 -0.7872 -0.2101
vn -0.5773 -0.7947 -0.1876
vn -0.5926 -0.7872 -0.1708
vn -0.5896 -0.7940 -0.1482
vn -0.6042 -0.7859 -0.1315
vn -0.6008 -0.7920 -0.1086
vn -0.6146 -0.7834 -0.0920
vn -0.6109 -0.7886 -0.0701
vn -0.6246 -0.7791 -0.0527
vn -0.6206 -0.7835 -0.0320
vn -0.6339 -0.7733 -0.0145
vn -0.6294 -0.7770 0.0062
vn -0.6401 -0.7680 0.0209
vn -0.6352 -0.7711 0.0444
vn -0.6435 -0.7634 0.0563
vn -0.6380 -0.7659 0.0800
vn -0.6460 -0.7578 0.0917
vn -0.6398 -0.7598 0.1156
vn -0.6475 -0.7513 0.1273
vn -0.6409 -0.7526 0.1511
vn -0.6481 -0.7440 0.1624
vn -0.6409 -0.7447 0.1862
vn -0.6478 -0.7358 0.1974
vn -0.6401 -0.7358 0.2210
vn -0.6522 -0.7210 0.2339
vn -0.6440 -0.7204 0.2574
vn -0.6639 -0.7120 0.2288
vn -0.6716 -0.7120 0.2052
vn -0.6651 -0.7211 0.1941
vn -0.6722 -0.7205 0.1703
vn -0.6654 -0.7293 0.1591
vn -0.6720 -0.7281 0.1354
vn -0.6647 -0.7368 0.1239
vn -0.6709 -0.7348 0.1000
vn -0.6632 -0.7433 0.0883
vn -0.6687 -0.7407 0.0645
vn -0.6608 -0.7487 0.0528
vn -0.6657 -0.7456 0.0292
vn -0.6574 -0.7533 0.0173
vn -0.6618 -0.7496 -0.0063
vn -0.6512 -0.7586 -0.0209
vn -0.6552 -0.7543 -0.0416
vn -0.6419 -0.7645 -0.0592
vn -0.6456 -0.7594 -0.0810
vn -0.6323 -0.7685 -0.0976
vn -0.6357 -0.7624 -0.1206
vn -0.6220 -0.7710 -0.1371
vn -0.6248 -0.7642 -0.1598
vn -0.6102 -0.7723 -0.1765
vn -0.6127 -0.7648 -0.1991
vn -0.5975 -0.7723 -0.2159
vn -0.5994 -0.7643 -0.2380
vn -0.5838 -0.7710 -0.2546
vn -0.5852 -0.7624 -0.2761
vn -0.5689 -0.7685 -0.2927
vn -0.5699 -0.7594 -0.3140
vn -0.5541 -0.7645 -0.3294
vn -0.5545 -0.7543 -0.3514
vn -0.5391 -0.7586 -0.3658
vn -0.5391 -0.7496 -0.3839
vn -0.5217 -0.7533 -0.4004
vn -0.5214 -0.7456 -0.4149
vn -0.5036 -0.7487 -0.4311
vn -0.5031 -0.7407 -0.4452
vn -0.4846 -0.7433 -0.4613
vn -0.4839 -0.7348 -0.4753
vn -0.4650 -0.7367 -0.4910
vn -0.4641 -0.7281 -0.5045
vn -0.4449 -0.7292 -0.5199
vn -0.4438 -0.7204 -0.5329
vn -0.4240 -0.7210 -0.5480
vn -0.4080 -0.7358 -0.5405
vn -0.3879 -0.7358 -0.5551
vn -0.3752 -0.7447 -0.5520
vn -0.3548 -0.7441 -0.5661
vn -0.3417 -0.7526 -0.5628
vn -0.3211 -0.7514 -0.5765
vn -0.3077 -0.7598 -0.5728
vn -0.2869 -0.7578 -0.5860
vn -0.2732 -0.7659 -0.5820
vn -0.2524 -0.7634 -0.5946
vn -0.2386 -0.7711 -0.5903
vn -0.2176 -0.7680 -0.6024
vn -0.2004 -0.7770 -0.5968
vn -0.1821 -0.7733 -0.6074
vn -0.1613 -0.7835 -0.6001
vn -0.1429 -0.7791 -0.6103
vn -0.1220 -0.7886 -0.6027
vn -0.1024 -0.7834 -0.6130
vn -0.0823 -0.7920 -0.6049
vn -0.0617 -0.7859 -0.6152
vn -0.0413 -0.7940 -0.6066
vn -0.0207 -0.7872 -0.6163
vn -0.0000 -0.7947 -0.6070
vn 0.0207 -0.7872 -0.6163
vn 0.0413 -0.7940 -0.6066
vn 0.0617 -0.7859 -0.6152
vn 0.0823 -0.7920 -0.6049
vn 0.1024 -0.7834 -0.6130
vn 0.1220 -0.7886 -0.6027
vn 0.1429 -0.7791 -0.6103
vn 0.1613 -0.7835 -0.6001
vn 0.1821 -0.7733 -0.6074
vn 0.2004 -0.7770 -0.5968
vn 0.2176 -0.7680 -0.6024
vn 0.2386 -0.7711 -0.5903
vn 0.2524 -0.7634 -0.5946
vn 0.2732 -0.7659 -0.5820
vn 0.2869 -0.7578 -0.5860
vn 0.3077 -0.7598 -0.5728
vn 0.3211 -0.7514 -0.5765
vn 0.3417 -0.7526 -0.5628
vn 0.3395 -0.7668 -0.5448
vn 0.3595 -0.7674 -0.5308
vn 0.3570 -0.7809 -0.5125
vn 0.3771 -0.7809 -0.4979
vn 0.3777 -0.7893 -0.4842
vn 0.3974 -0.7886 -0.4692
vn 0.3978 -0.7967 -0.4550
vn 0.4172 -0.7954 -0.4397
vn 0.4174 -0.8031 -0.4253
vn 0.4364 -0.8011 -0.4097
vn 0.4364 -0.8101 -0.3915
vn 0.4525 -0.8077 -0.3780
vn 0.4521 -0.8178 -0.3562
vn 0.4681 -0.8148 -0.3422
vn 0.4673 -0.8241 -0.3201
vn 0.4830 -0.8205 -0.3058
vn 0.4819 -0.8291 -0.2833
vn 0.4970 -0.8249 -0.2691
vn 0.4955 -0.8329 -0.2466
vn 0.5114 -0.8277 -0.2311
vn 0.5088 -0.8352 -0.2087
vn 0.5251 -0.8291 -0.1923
vn 0.5220 -0.8359 -0.1696
vn 0.5378 -0.8291 -0.1531
vn 0.5343 -0.8352 -0.1301
vn 0.5496 -0.8277 -0.1136
vn 0.5458 -0.8329 -0.0917
vn 0.5603 -0.8250 -0.0744
vn 0.5564 -0.8292 -0.0541
vn 0.5705 -0.8205 -0.0365
vn 0.5662 -0.8241 -0.0157
vn 0.5798 -0.8148 0.0017
vn 0.5751 -0.8178 0.0224
vn 0.5882 -0.8077 0.0398
vn 0.5831 -0.8101 0.0602
vn 0.5938 -0.8011 0.0749
vn 0.5876 -0.8031 0.0987
vn 0.5960 -0.7954 0.1106
vn 0.5893 -0.7967 0.1343
vn 0.5710 -0.8094 0.1374
vn 0.5638 -0.8101 0.1611
vn 0.5452 -0.8221 0.1641
vn 0.5375 -0.8221 0.1877
vn 0.5237 -0.8299 0.1923
vn 0.5156 -0.8292 0.2157
vn 0.4984 -0.8382 0.2213
vn 0.4913 -0.8371 0.2408
vn 0.4702 -0.8472 0.2473
vn 0.4627 -0.8455 0.2667
vn 0.4415 -0.8548 0.2729
vn 0.4335 -0.8524 0.2925
vn 0.4117 -0.8611 0.2983
vn 0.4034 -0.8581 0.3177
vn 0.3815 -0.8660 0.3233
vn 0.3728 -0.8624 0.3425
vn 0.3509 -0.8695 0.3477
vn 0.3419 -0.8652 0.3667
vn 0.3198 -0.8716 0.3716
vn 0.3100 -0.8664 0.3915
vn 0.2871 -0.8726 0.3952
vn 0.2766 -0.8664 0.4158
vn 0.2546 -0.8716 0.4190
vn 0.2432 -0.8652 0.4385
vn 0.2222 -0.8695 0.4412
vn 0.2106 -0.8624 0.4604
vn 0.1895 -0.8660 0.4628
vn 0.1775 -0.8581 0.4819
vn 0.1565 -0.8611 0.4837
vn 0.1442 -0.8524 0.5027
vn 0.1232 -0.8548 0.5042
vn 0.1565 -0.8402 0.5193
vn 0.1776 -0.8371 0.5174
vn 0.1899 -0.8458 0.4985
vn 0.2110 -0.8422 0.4962
vn 0.2229 -0.8501 0.4772
vn 0.2438 -0.8458 0.4745
vn 0.2555 -0.8529 0.4552
vn 0.2774 -0.8478 0.4520
vn 0.2883 -0.8546 0.4319
vn 0.3111 -0.8485 0.4282
vn 0.3216 -0.8546 0.4076
vn 0.3442 -0.8477 0.4035
vn 0.3540 -0.8529 0.3837
vn 0.3759 -0.8458 0.3786
vn 0.3849 -0.8501 0.3595
vn 0.4067 -0.8422 0.3540
vn 0.4154 -0.8458 0.3346
vn 0.4372 -0.8371 0.3288
vn 0.4455 -0.8402 0.3093
vn 0.4667 -0.8308 0.3032
vn 0.4746 -0.8332 0.2838
vn 0.4958 -0.8230 0.2773
vn 0.5032 -0.8248 0.2578
vn 0.5205 -0.8158 0.2522
vn 0.5290 -0.8171 0.2291
vn 0.5427 -0.8094 0.2245
vn 0.5508 -0.8101 0.2010
vn 0.5641 -0.8020 0.1963
vn 0.5718 -0.8020 0.1727
vn 0.5902 -0.7893 0.1696
vn 0.5973 -0.7886 0.1460
vn 0.6153 -0.7752 0.1428
vn 0.6220 -0.7739 0.1190
vn 0.6141 -0.7819 0.1073
vn 0.6202 -0.7800 0.0834
vn 0.6120 -0.7876 0.0717
vn 0.6175 -0.7851 0.0479
vn 0.6068 -0.7941 0.0332
vn 0.6117 -0.7910 0.0126
vn 0.5984 -0.8011 -0.0049
vn 0.6029 -0.7974 -0.0255
vn 0.5891 -0.8069 -0.0431
vn 0.5930 -0.8027 -0.0637
vn 0.5788 -0.8114 -0.0810
vn 0.5826 -0.8062 -0.1029
vn 0.5681 -0.8143 -0.1196
vn 0.5715 -0.8082 -0.1423
vn 0.5562 -0.8156 -0.1591
vn 0.5592 -0.8089 -0.1817
vn 0.5435 -0.8157 -0.1983
vn 0.5459 -0.8082 -0.2208
vn 0.5299 -0.8143 -0.2371
vn 0.5318 -0.8062 -0.2592
vn 0.5159 -0.8114 -0.2747
vn 0.5172 -0.8027 -0.2970
vn 0.5019 -0.8069 -0.3114
vn 0.5028 -0.7974 -0.3337
vn 0.4870 -0.8011 -0.3478
vn 0.4874 -0.7910 -0.3697
vn 0.4714 -0.7942 -0.3836
vn 0.4714 -0.7851 -0.4018
vn 0.4530 -0.7876 -0.4177
vn 0.4527 -0.7800 -0.4320
vn 0.4337 -0.7819 -0.4477
vn 0.4333 -0.7739 -0.4619
vn 0.4139 -0.7752 -0.4772
vn 0.4133 -0.7668 -0.4912
vn 0.3938 -0.7674 -0.5060
vn 0.3929 -0.7587 -0.5195
vn 0.3727 -0.7587 -0.5342
vn 0.3752 -0.7447 -0.5520
vn 0.3548 -0.7441 -0.5661
vn 0.3570 -0.7293 -0.5837
vn 0.3363 -0.7281 -0.5973
vn 0.3232 -0.7367 -0.5939
vn 0.3024 -0.7348 -0.6071
vn 0.2889 -0.7433 -0.6034
vn 0.2680 -0.7407 -0.6160
vn 0.2544 -0.7488 -0.6121
vn 0.2334 -0.7456 -0.6241
vn 0.2196 -0.7533 -0.6199
vn 0.1986 -0.7496 -0.6314
vn 0.1813 -0.7587 -0.6257
vn 0.1628 -0.7543 -0.6360
vn 0.1421 -0.7645 -0.6287
vn 0.1225 -0.7594 -0.6390
vn 0.1025 -0.7685 -0.6315
vn 0.0818 -0.7624 -0.6419
vn 0.0618 -0.7710 -0.6339
vn 0.0410 -0.7642 -0.6436
vn 0.0207 -0.7723 -0.6350
vn -0.0000 -0.7648 -0.6443
vn -0.0207 -0.7723 -0.6350
vn -0.0410 -0.7642 -0.6436
vn -0.0618 -0.7710 -0.6339
vn -0.0818 -0.7624 -0.6419
vn -0.1025 -0.7685 -0.6315
vn -0.1225 -0.7594 -0.6390
vn -0.1421 -0.7645 -0.6287
vn -0.1628 -0.7543 -0.6360
vn -0.1813 -0.7587 -0.6257
vn -0.1986 -0.7496 -0.6314
vn -0.2196 -0.7533 -0.6199
vn -0.2334 -0.7456 -0.6241
vn -0.2544 -0.7488 -0.6121
vn -0.2680 -0.7407 -0.6160
vn -0.2889 -0.7433 -0.6034
vn -0.3024 -0.7348 -0.6071
vn -0.3232 -0.7367 -0.5939
vn -0.3363 -0.7281 -0.5973
vn -0.3570 -0.7293 -0.5837
vn -0.3697 -0.7205 -0.5867
vn -0.3901 -0.7211 -0.5726
vn -0.4027 -0.7119 -0.5753
vn -0.4228 -0.7119 -0.5607
vn 0.3697 -0.7205 -0.5867
vn 0.3902 -0.7211 -0.5726
vn 0.3880 -0.7358 -0.5551
vn 0.4080 -0.7358 -0.5405
vn 0.4091 -0.7447 -0.5274
vn 0.4288 -0.7441 -0.5123
vn 0.4297 -0.7526 -0.4990
vn 0.4490 -0.7513 -0.4836
vn 0.4497 -0.7598 -0.4696
vn 0.4686 -0.7579 -0.4539
vn 0.4691 -0.7659 -0.4397
vn 0.4875 -0.7634 -0.4237
vn 0.4877 -0.7711 -0.4093
vn 0.5056 -0.7680 -0.3931
vn 0.5056 -0.7770 -0.3749
vn 0.5213 -0.7733 -0.3608
vn 0.5209 -0.7835 -0.3389
vn 0.5363 -0.7791 -0.3245
vn 0.5354 -0.7886 -0.3023
vn 0.5513 -0.7834 -0.2868
vn 0.5499 -0.7920 -0.2652
vn 0.5661 -0.7859 -0.2487
vn 0.5641 -0.7940 -0.2267
vn 0.5798 -0.7872 -0.2101
vn 0.5773 -0.7947 -0.1876
vn 0.5926 -0.7872 -0.1708
vn 0.5896 -0.7940 -0.1482
vn 0.6042 -0.7859 -0.1315
vn 0.6008 -0.7920 -0.1086
vn 0.6146 -0.7834 -0.0920
vn 0.6109 -0.7886 -0.0701
vn 0.6246 -0.7791 -0.0527
vn 0.6206 -0.7835 -0.0320
vn 0.6339 -0.7733 -0.0145
vn 0.6294 -0.7770 0.0062
vn 0.6401 -0.7680 0.0209
vn 0.6352 -0.7711 0.0444
vn 0.6435 -0.7634 0.0562
vn 0.6379 -0.7659 0.0800
vn 0.6459 -0.7578 0.0918
vn 0.6398 -0.7598 0.1156
vn 0.6475 -0.7514 0.1273
vn 0.6409 -0.7526 0.1511
vn 0.6230 -0.7668 0.1545
vn 0.6160 -0.7674 0.1779
vn 0.5978 -0.7809 0.1811
vn 0.5901 -0.7809 0.2048
vn 0.5772 -0.7893 0.2096
vn 0.5690 -0.7886 0.2330
vn 0.5556 -0.7967 0.2377
vn 0.5471 -0.7954 0.2608
vn 0.5334 -0.8031 0.2655
vn 0.5244 -0.8011 0.2884
vn 0.5072 -0.8101 0.2940
vn 0.4993 -0.8077 0.3135
vn 0.4784 -0.8178 0.3199
vn 0.4701 -0.8148 0.3394
vn 0.4488 -0.8241 0.3455
vn 0.4401 -0.8205 0.3649
vn 0.4184 -0.8292 0.3707
vn 0.4095 -0.8250 0.3895
vn 0.3876 -0.8329 0.3951
vn 0.3778 -0.8277 0.4149
vn 0.3557 -0.8352 0.4193
vn 0.3451 -0.8291 0.4399
vn 0.3226 -0.8359 0.4440
vn 0.3117 -0.8291 0.4642
vn 0.2889 -0.8352 0.4679
vn 0.2779 -0.8277 0.4876
vn 0.2559 -0.8329 0.4908
vn 0.2439 -0.8249 0.5099
vn 0.2233 -0.8292 0.5125
vn 0.2110 -0.8205 0.5313
vn 0.1899 -0.8242 0.5336
vn 0.2230 -0.8069 0.5469
vn 0.2438 -0.8027 0.5443
vn 0.2559 -0.8114 0.5255
vn 0.2779 -0.8062 0.5223
vn 0.2893 -0.8142 0.5033
vn 0.3119 -0.8082 0.4995
vn 0.3232 -0.8156 0.4799
vn 0.3456 -0.8089 0.4757
vn 0.3565 -0.8157 0.4556
vn 0.3787 -0.8082 0.4510
vn 0.3892 -0.8143 0.4307
vn 0.4108 -0.8062 0.4257
vn 0.4207 -0.8114 0.4058
vn 0.4423 -0.8027 0.4001
vn 0.4512 -0.8070 0.3811
vn 0.4727 -0.7974 0.3750
vn 0.4813 -0.8012 0.3557
vn 0.5023 -0.7910 0.3493
vn 0.5105 -0.7942 0.3298
vn 0.5277 -0.7851 0.3242
vn 0.5372 -0.7876 0.3017
vn 0.5507 -0.7800 0.2971
vn 0.5599 -0.7819 0.2741
vn 0.5731 -0.7739 0.2693
vn 0.5817 -0.7752 0.2462
vn 0.5949 -0.7667 0.2412
vn 0.6029 -0.7674 0.2181
vn 0.6155 -0.7587 0.2131
vn 0.6232 -0.7587 0.1894
vn 0.6409 -0.7447 0.1862
vn 0.6481 -0.7440 0.1625
vn 0.6655 -0.7292 0.1592
vn 0.6720 -0.7281 0.1353
vn 0.6647 -0.7367 0.1238
vn 0.6709 -0.7348 0.1000
vn 0.6632 -0.7432 0.0884
vn 0.6687 -0.7407 0.0645
vn 0.6608 -0.7487 0.0527
vn 0.6657 -0.7456 0.0292
vn 0.6574 -0.7533 0.0173
vn 0.6619 -0.7496 -0.0063
vn 0.6512 -0.7586 -0.0209
vn 0.6552 -0.7543 -0.0416
vn 0.6419 -0.7645 -0.0592
vn 0.6456 -0.7594 -0.0810
vn 0.6323 -0.7685 -0.0976
vn 0.6357 -0.7625 -0.1206
vn 0.6219 -0.7710 -0.1371
vn 0.6248 -0.7643 -0.1599
vn 0.6102 -0.7723 -0.1765
vn 0.6127 -0.7648 -0.1991
vn 0.5975 -0.7723 -0.2159
vn 0.5994 -0.7643 -0.2380
vn 0.5838 -0.7710 -0.2546
vn 0.5852 -0.7624 -0.2761
vn 0.5689 -0.7685 -0.2927
vn 0.5699 -0.7594 -0.3140
vn 0.5541 -0.7645 -0.3294
vn 0.5545 -0.7543 -0.3514
vn 0.5391 -0.7586 -0.3658
vn 0.5391 -0.7496 -0.3839
vn 0.5217 -0.7533 -0.4004
vn 0.5214 -0.7456 -0.4149
vn 0.5035 -0.7488 -0.4311
vn 0.5030 -0.7407 -0.4453
vn 0.4846 -0.7433 -0.4613
vn 0.4839 -0.7348 -0.4752
vn 0.4649 -0.7367 -0.4910
vn 0.4641 -0.7281 -0.5045
vn 0.4448 -0.7293 -0.5199
vn 0.4437 -0.7205 -0.5329
vn 0.4240 -0.7211 -0.5480
vn 0.4227 -0.7120 -0.5607
vn 0.4027 -0.7120 -0.5753
vn 0.6722 -0.7205 0.1703
vn 0.6651 -0.7211 0.1941
vn 0.6478 -0.7358 0.1974
vn 0.6401 -0.7358 0.2211
vn 0.6280 -0.7447 0.2261
vn 0.6198 -0.7441 0.2495
vn 0.6073 -0.7526 0.2544
vn 0.5987 -0.7513 0.2776
vn 0.5856 -0.7598 0.2826
vn 0.5765 -0.7578 0.3054
vn 0.5631 -0.7659 0.3102
vn 0.5537 -0.7634 0.3327
vn 0.5400 -0.7711 0.3373
vn 0.5301 -0.7680 0.3594
vn 0.5129 -0.7770 0.3650
vn 0.5043 -0.7733 0.3843
vn 0.4833 -0.7835 0.3907
vn 0.4743 -0.7791 0.4098
vn 0.4530 -0.7886 0.4158
vn 0.4431 -0.7834 0.4357
vn 0.4222 -0.7920 0.4410
vn 0.4115 -0.7859 0.4615
vn 0.3899 -0.7940 0.4665
vn 0.3790 -0.7872 0.4865
vn 0.3568 -0.7947 0.4911
vn 0.3455 -0.7872 0.5107
vn 0.3231 -0.7940 0.5149
vn 0.3117 -0.7860 0.5340
vn 0.2889 -0.7920 0.5378
vn 0.2774 -0.7835 0.5561
vn 0.2555 -0.7886 0.5593
vn 0.2882 -0.7685 0.5712
vn 0.3111 -0.7624 0.5673
vn 0.3226 -0.7709 0.5492
vn 0.3451 -0.7642 0.5449
vn 0.3565 -0.7723 0.5258
vn 0.3787 -0.7648 0.5213
vn 0.3899 -0.7723 0.5015
vn 0.4116 -0.7643 0.4965
vn 0.4226 -0.7710 0.4765
vn 0.4434 -0.7624 0.4712
vn 0.4542 -0.7685 0.4507
vn 0.4747 -0.7594 0.4450
vn 0.4845 -0.7645 0.4252
vn 0.5056 -0.7543 0.4188
vn 0.5145 -0.7586 0.3997
vn 0.5318 -0.7496 0.3941
vn 0.5420 -0.7533 0.3725
vn 0.5557 -0.7456 0.3677
vn 0.5656 -0.7487 0.3457
vn 0.5790 -0.7407 0.3408
vn 0.5885 -0.7432 0.3183
vn 0.6015 -0.7348 0.3134
vn 0.6106 -0.7368 0.2905
vn 0.6232 -0.7281 0.2855
vn 0.6319 -0.7293 0.2624
vn 0.6439 -0.7205 0.2574
vn 0.6521 -0.7211 0.2339
vn 0.6639 -0.7119 0.2288
vn 0.6716 -0.7119 0.2052
s 0
f 1537//1 1414//1 1415//1
f 1537//2 1415//2 1538//2
f 1415//3 1416//3 1538//3
f 1538//4 1416//4 1539//4
f 1416//5 1417//5 1539//5
f 1539//6 1417//6 1540//6
f 1417//7 1418//7 1540//7
f 1540//8 1418//8 1541//8
f 1418//9 1419//9 1541//9
f 1541//10 1419//10 1542//10
f 1419//11 1420//11 1542//11
f 1542//12 1420//12 1543//12
f 1420//13 1421//13 1543//13
f 1543//14 1421//14 1544//14
f 1421//15 1422//15 1544//15
f 1544//16 1422//16 1545//16
f 1422//17 1423//17 1545//17
f 1545//18 1423//18 1546//18
f 1423//19 1424//19 1546//19
f 1546//20 1424//20 1547//20
f 1424//21 1425//21 1547//21
f 1547//22 1425//22 1548//22
f 1425//23 1426//23 1548//23
f 1548//24 1426//24 1549//24
f 1426//25 1312//25 1549//25
f 1549//26 1312//26 1428//26
f 1312//27 1311//27 1428//27
f 1428//28 1311//28 1427//28
f 1427//29 1311//29 1429//29
f 1311//30 1313//30 1429//30
f 1429//31 1313//31 1430//31
f 1313//32 1314//32 1430//32
f 1430//33 1314//33 1431//33
f 1314//34 1315//34 1431//34
f 1431//35 1315//35 1432//35
f 1315//36 1316//36 1432//36
f 1432//37 1316//37 1433//37
f 1316//38 1317//38 1433//38
f 1433//39 1317//39 1434//39
f 1317//40 1318//40 1434//40
f 1434//41 1318//41 1435//41
f 1318//42 1319//42 1435//42
f 1435//43 1319//43 1436//43
f 1319//44 1320//44 1436//44
f 1436//45 1320//45 1437//45
f 1320//46 1321//46 1437//46
f 1437//47 1321//47 1438//47
f 1321//48 1322//48 1438//48
f 1438//49 1322//49 1439//49
f 1322//50 1323//50 1439//50
f 1439//51 1323//51 1440//51
f 1323//52 1324//52 1440//52
f 1440//53 1324//53 1441//53
f 1324//54 1325//54 1441//54
f 1441//55 1325//55 1442//55
f 1325//56 1326//56 1442//56
f 1442//57 1326//57 1443//57
f 1326//58 1327//58 1443//58
f 1443//59 1327//59 1444//59
f 1327//60 1328//60 1444//60
f 1444//61 1328//61 1445//61
f 1328//62 1329//62 1445//62
f 1445//63 1329//63 1446//63
f 1329//64 1330//64 1446//64
f 1446//65 1330//65 1447//65
f 1330//66 1331//66 1447//66
f 1447//67 1331//67 1448//67
f 1331//68 1332//68 1448//68
f 1448//69 1332//69 1449//69
f 1332//70 1333//70 1449//70
f 1449//71 1333//71 1450//71
f 1333//72 1334//72 1450//72
f 1450//73 1334//73 1451//73
f 1334//74 1335//74 1451//74
f 1451//75 1335//75 1452//75
f 1452//76 1335//76 1453//76
f 1335//77 1336//77 1453//77
f 1453//78 1336//78 1454//78
f 1336//79 1337//79 1454//79
f 1454//80 1337//80 1455//80
f 1337//81 1338//81 1455//81
f 1455//82 1338//82 1456//82
f 1338//83 1339//83 1456//83
f 1456//84 1339//84 1457//84
f 1339//85 1340//85 1457//85
f 1457//86 1340//86 1458//86
f 1340//87 1341//87 1458//87
f 1458//88 1341//88 1459//88
f 1341//89 1342//89 1459//89
f 1459//90 1342//90 1460//90
f 1342//91 1343//91 1460//91
f 1460//92 1343//92 1461//92
f 1343//93 1344//93 1461//93
f 1461//94 1344//94 1462//94
f 1344//95 1345//95 1462//95
f 1462//96 1345//96 1463//96
f 1345//97 1346//97 1463//97
f 1463//98 1346//98 1464//98
f 1346//99 1347//99 1464//99
f 1464//100 1347//100 1465//100
f 1347//101 1348//101 1465//101
f 1465//102 1348//102 1466//102
f 1348//103 1349//103 1466//103
f 1466//104 1349//104 1467//104
f 1349//105 1350//105 1467//105
f 1467//106 1350//106 1468//106
f 1350//107 1351//107 1468//107
f 1468//108 1351//108 1469//108
f 1351//109 1352//109 1469//109
f 1469//110 1352//110 1470//110
f 1352//111 1353//111 1470//111
f 1470//112 1353//112 1471//112
f 1353//113 1354//113 1471//113
f 1471//114 1354//114 1472//114
f 1354//115 1355//115 1472//115
f 1472//116 1355//116 1473//116
f 1355//117 1356//117 1473//117
f 1473//118 1356//118 1474//118
f 1356//119 1357//119 1474//119
f 1474//120 1357//120 1475//120
f 1357//121 1358//121 1475//121
f 1475//122 1358//122 1476//122
f 1476//123 1358//123 1477//123
f 1358//124 1359//124 1477//124
f 1477//125 1359//125 1360//125
f 1359//126 1245//126 1360//126
f 1360//127 1245//127 1361//127
f 1245//128 1246//128 1361//128
f 1361//129 1246//129 1362//129
f 1246//130 1247//130 1362//130
f 1362//131 1247//131 1363//131
f 1247//132 1248//132 1363//132
f 1363//133 1248//133 1364//133
f 1248//134 1249//134 1364//134
f 1364//135 1249//135 1365//135
f 1249//136 1250//136 1365//136
f 1365//137 1250//137 1366//137
f 1250//138 1251//138 1366//138
f 1366//139 1251//139 1367//139
f 1251//140 1252//140 1367//140
f 1367//141 1252//141 1368//141
f 1252//142 1253//142 1368//142
f 1368//143 1253//143 1369//143
f 1253//144 1254//144 1369//144
f 1369//145 1254//145 1370//145
f 1254//146 1255//146 1370//146
f 1370//147 1255//147 1371//147
f 1255//148 1256//148 1371//148
f 1371//149 1256//149 1372//149
f 1256//150 1257//150 1372//150
f 1372//151 1257//151 1373//151
f 1257//152 1258//152 1373//152
f 1373//153 1258//153 1374//153
f 1258//154 1259//154 1374//154
f 1374//155 1259//155 1375//155
f 1259//156 1260//156 1375//156
f 1375//157 1260//157 1376//157
f 1260//158 1261//158 1376//158
f 1376//159 1261//159 1377//159
f 1261//160 1262//160 1377//160
f 1377//161 1262//161 1378//161
f 1262//162 1263//162 1378//162
f 1378//163 1263//163 1379//163
f 1263//164 1264//164 1379//164
f 1379//165 1264//165 1380//165
f 1264//166 1265//166 1380//166
f 1380//167 1265//167 1381//167
f 1265//168 1266//168 1381//168
f 1381//169 1266//169 1382//169
f 1382//170 1266//170 1383//170
f 1266//171 1267//171 1383//171
f 1383//172 1267//172 1384//172
f 1267//173 1268//173 1384//173
f 1384//174 1268//174 1385//174
f 1268//175 1269//175 1385//175
f 1385//176 1269//176 1386//176
f 1269//177 1270//177 1386//177
f 1386//178 1270//178 1387//178
f 1270//179 1271//179 1387//179
f 1387//180 1271//180 1388//180
f 1271//181 1272//181 1388//181
f 1388//182 1272//182 1389//182
f 1272//183 1273//183 1389//183
f 1389//184 1273//184 1390//184
f 1273//185 1274//185 1390//185
f 1390//186 1274//186 1391//186
f 1274//187 1275//187 1391//187
f 1391//188 1275//188 1392//188
f 1275//189 1276//189 1392//189
f 1392//190 1276//190 1393//190
f 1276//191 1277//191 1393//191
f 1393//192 1277//192 1394//192
f 1277//193 1278//193 1394//193
f 1394//194 1278//194 1396//194
f 1278//195 1280//195 1396//195
f 1396//196 1280//196 1395//196
f 1280//197 1279//197 1395//197
f 1395//198 1279//198 1397//198
f 1279//199 1281//199 1397//199
f 1397//200 1281//200 1398//200
f 1281//201 1282//201 1398//201
f 1398//202 1282//202 1399//202
f 1282//203 1283//203 1399//203
f 1399//204 1283//204 1400//204
f 1283//205 1284//205 1400//205
f 1400//206 1284//206 1401//206
f 1284//207 1285//207 1401//207
f 1401//208 1285//208 1402//208
f 1285//209 1286//209 1402//209
f 1402//210 1286//210 1403//210
f 1286//211 1287//211 1403//211
f 1403//212 1287//212 1404//212
f 1287//213 1290//213 1404//213
f 1404//214 1290//214 1405//214
f 1290//215 1291//215 1405//215
f 1405//216 1291//216 1525//216
f 1525//217 1291//217 1526//217
f 1291//218 1406//218 1526//218
f 1526//219 1406//219 1529//219
f 1406//220 1407//220 1529//220
f 1529//221 1407//221 1530//221
f 1407//222 1408//222 1530//222
f 1530//223 1408//223 1531//223
f 1408//224 1409//224 1531//224
f 1531//225 1409//225 1532//225
f 1409//226 1410//226 1532//226
f 1532//227 1410//227 1533//227
f 1410//228 1411//228 1533//228
f 1533//229 1411//229 1534//229
f 1411//230 1412//230 1534//230
f 1534//231 1412//231 1535//231
f 1412//232 1413//232 1535//232
f 1535//233 1413//233 1536//233
f 1413//234 1414//234 1536//234
f 1536//235 1414//235 1537//235
f 1536//236 1537//236 1645//236
f 1645//237 1537//237 1646//237
f 1537//238 1538//238 1646//238
f 1646//239 1538//239 1647//239
f 1538//240 1539//240 1647//240
f 1647//241 1539//241 1648//241
f 1539//242 1540//242 1648//242
f 1648//243 1540//243 1649//243
f 1540//244 1541//244 1649//244
f 1649//245 1541//245 1650//245
f 1541//246 1542//246 1650//246
f 1650//247 1542//247 1651//247
f 1542//248 1543//248 1651//248
f 1651//249 1543//249 1652//249
f 1543//250 1544//250 1652//250
f 1652//251 1544//251 1653//251
f 1544//252 1545//252 1653//252
f 1653//253 1545//253 1654//253
f 1545//254 1546//254 1654//254
f 1654//255 1546//255 1655//255
f 1546//256 1547//256 1655//256
f 1655//257 1547//257 1656//257
f 1547//258 1548//258 1656//258
f 1656//259 1548//259 1657//259
f 1548//260 1549//260 1657//260
f 1657//261 1549//261 1658//261
f 1549//262 1428//262 1658//262
f 1658//263 1428//263 1551//263
f 1428//264 1427//264 1551//264
f 1551//265 1427//265 1550//265
f 1550//266 1427//266 1552//266
f 1427//267 1429//267 1552//267
f 1552//268 1429//268 1553//268
f 1429//269 1430//269 1553//269
f 1553//270 1430//270 1554//270
f 1430//271 1431//271 1554//271
f 1554//272 1431//272 1555//272
f 1431//273 1432//273 1555//273
f 1555//274 1432//274 1556//274
f 1432//275 1433//275 1556//275
f 1556//276 1433//276 1557//276
f 1433//277 1434//277 1557//277
f 1557//278 1434//278 1558//278
f 1434//279 1435//279 1558//279
f 1558//280 1435//280 1559//280
f 1435//281 1436//281 1559//281
f 1559//282 1436//282 1560//282
f 1436//283 1437//283 1560//283
f 1560//284 1437//284 1561//284
f 1437//285 1438//285 1561//285
f 1561//286 1438//286 1562//286
f 1438//287 1439//287 1562//287
f 1562//288 1439//288 1563//288
f 1439//289 1440//289 1563//289
f 1563//290 1440//290 1564//290
f 1440//291 1441//291 1564//291
f 1564//292 1441//292 1565//292
f 1441//293 1442//293 1565//293
f 1565//294 1442//294 1567//294
f 1442//295 1443//295 1567//295
f 1567//296 1443//296 1566//296
f 1443//297 1444//297 1566//297
f 1566//298 1444//298 1568//298
f 1444//299 1445//299 1568//299
f 1568//300 1445//300 1569//300
f 1445//301 1446//301 1569//301
f 1569//302 1446//302 1570//302
f 1446//303 1447//303 1570//303
f 1570//304 1447//304 1571//304
f 1447//305 1448//305 1571//305
f 1571//306 1448//306 1572//306
f 1448//307 1449//307 1572//307
f 1572//308 1449//308 1573//308
f 1449//309 1450//309 1573//309
f 1573//310 1450//310 1574//310
f 1450//311 1451//311 1574//311
f 1574//312 1451//312 1575//312
f 1451//313 1452//313 1575//313
f 1575//314 1452//314 1576//314
f 1576//315 1452//315 1577//315
f 1452//316 1453//316 1577//316
f 1577//317 1453//317 1578//317
f 1453//318 1454//318 1578//318
f 1578//319 1454//319 1579//319
f 1454//320 1455//320 1579//320
f 1579//321 1455//321 1580//321
f 1455//322 1456//322 1580//322
f 1580//323 1456//323 1581//323
f 1456//324 1457//324 1581//324
f 1581//325 1457//325 1582//325
f 1457//326 1458//326 1582//326
f 1582//327 1458//327 1583//327
f 1458//328 1459//328 1583//328
f 1583//329 1459//329 1584//329
f 1459//330 1460//330 1584//330
f 1584//331 1460//331 1585//331
f 1460//332 1461//332 1585//332
f 1585//333 1461//333 1586//333
f 1461//334 1462//334 1586//334
f 1586//335 1462//335 1587//335
f 1462//336 1463//336 1587//336
f 1587//337 1463//337 1588//337
f 1463//338 1464//338 1588//338
f 1588//339 1464//339 1589//339
f 1464//340 1465//340 1589//340
f 1589//341 1465//341 1590//341
f 1465//342 1466//342 1590//342
f 1590//343 1466//343 1592//343
f 1466//344 1467//344 1592//344
f 1592//345 1467//345 1591//345
f 1467//346 1468//346 1591//346
f 1591//347 1468//347 1593//347
f 1468//348 1469//348 1593//348
f 1593//349 1469//349 1594//349
f 1469//350 1470//350 1594//350
f 1594//351 1470//351 1595//351
f 1470//352 1471//352 1595//352
f 1595//353 1471//353 1596//353
f 1471//354 1472//354 1596//354
f 1596//355 1472//355 1597//355
f 1472//356 1473//356 1597//356
f 1597//357 1473//357 1598//357
f 1473//358 1474//358 1598//358
f 1598//359 1474//359 1599//359
f 1474//360 1475//360 1599//360
f 1599//361 1475//361 1600//361
f 1475//362 1476//362 1600//362
f 1600//363 1476//363 1601//363
f 1601//364 1476//364 1602//364
f 1476//365 1477//365 1602//365
f 1602//366 1477//366 1478//366
f 1477//367 1360//367 1478//367
f 1478//368 1360//368 1479//368
f 1360//369 1361//369 1479//369
f 1479//370 1361//370 1480//370
f 1361//371 1362//371 1480//371
f 1480//372 1362//372 1481//372
f 1362//373 1363//373 1481//373
f 1481//374 1363//374 1482//374
f 1363//375 1364//375 1482//375
f 1482//376 1364//376 1483//376
f 1364//377 1365//377 1483//377
f 1483//378 1365//378 1484//378
f 1365//379 1366//379 1484//379
f 1484//380 1366//380 1485//380
f 1366//381 1367//381 1485//381
f 1485//382 1367//382 1486//382
f 1367//383 1368//383 1486//383
f 1486//384 1368//384 1487//384
f 1368//385 1369//385 1487//385
f 1487//386 1369//386 1488//386
f 1369//387 1370//387 1488//387
f 1488//388 1370//388 1489//388
f 1370//389 1371//389 1489//389
f 1489//390 1371//390 1490//390
f 1371//391 1372//391 1490//391
f 1490//392 1372//392 1492//392
f 1372//393 1373//393 1492//393
f 1492//394 1373//394 1491//394
f 1373//395 1374//395 1491//395
f 1491//396 1374//396 1493//396
f 1374//397 1375//397 1493//397
f 1493//398 1375//398 1494//398
f 1375//399 1376//399 1494//399
f 1494//400 1376//400 1495//400
f 1376//401 1377//401 1495//401
f 1495//402 1377//402 1496//402
f 1377//403 1378//403 1496//403
f 1496//404 1378//404 1497//404
f 1378//405 1379//405 1497//405
f 1497//406 1379//406 1498//406
f 1379//407 1380//407 1498//407
f 1498//408 1380//408 1499//408
f 1380//409 1381//409 1499//409
f 1499//410 1381//410 1500//410
f 1381//411 1382//411 1500//411
f 1500//412 1382//412 1501//412
f 1501//413 1382//413 1502//413
f 1382//414 1383//414 1502//414
f 1502//415 1383//415 1503//415
f 1383//416 1384//416 1503//416
f 1503//417 1384//417 1504//417
f 1384//418 1385//418 1504//418
f 1504//419 1385//419 1505//419
f 1385//420 1386//420 1505//420
f 1505//421 1386//421 1506//421
f 1386//422 1387//422 1506//422
f 1506//423 1387//423 1507//423
f 1387//424 1388//424 1507//424
f 1507//425 1388//425 1508//425
f 1388//426 1389//426 1508//426
f 1508//427 1389//427 1509//427
f 1389//428 1390//428 1509//428
f 1509//429 1390//429 1510//429
f 1390//430 1391//430 1510//430
f 1510//431 1391//431 1511//431
f 1391//432 1392//432 1511//432
f 1511//433 1392//433 1512//433
f 1392//434 1393//434 1512//434
f 1512//435 1393//435 1513//435
f 1393//436 1394//436 1513//436
f 1513//437 1394//437 1515//437
f 1394//438 1396//438 1515//438
f 1515//439 1396//439 1514//439
f 1396//440 1395//440 1514//440
f 1514//441 1395//441 1517//441
f 1395//442 1397//442 1517//442
f 1517//443 1397//443 1516//443
f 1397//444 1398//444 1516//444
f 1516//445 1398//445 1518//445
f 1398//446 1399//446 1518//446
f 1518//447 1399//447 1519//447
f 1399//448 1400//448 1519//448
f 1519//449 1400//449 1520//449
f 1400//450 1401//450 1520//450
f 1520//451 1401//451 1521//451
f 1401//452 1402//452 1521//452
f 1521//453 1402//453 1522//453
f 1402//454 1403//454 1522//454
f 1522//455 1403//455 1523//455
f 1403//456 1404//456 1523//456
f 1523//457 1404//457 1524//457
f 1404//458 1405//458 1524//458
f 1524//459 1405//459 1527//459
f 1405//460 1525//460 1527//460
f 1527//461 1525//461 1528//461
f 1528//462 1525//462 1636//462
f 1525//463 1526//463 1636//463
f 1636//464 1526//464 1637//464
f 1526//465 1529//465 1637//465
f 1637//466 1529//466 1638//466
f 1529//467 1530//467 1638//467
f 1638//468 1530//468 1639//468
f 1530//469 1531//469 1639//469
f 1639//470 1531//470 1640//470
f 1531//471 1532//471 1640//471
f 1640//472 1532//472 1641//472
f 1532//473 1533//473 1641//473
f 1641//474 1533//474 1642//474
f 1533//475 1534//475 1642//475
f 1642//476 1534//476 1643//476
f 1534//477 1535//477 1643//477
f 1643//478 1535//478 1644//478
f 1535//479 1536//479 1644//479
f 1644//480 1536//480 1645//480
f 1644//481 1645//481 1760//481
f 1760//482 1645//482 1761//482
f 1645//483 1646//483 1761//483
f 1761//484 1646//484 1762//484
f 1646//485 1647//485 1762//485
f 1762//486 1647//486 1763//486
f 1647//487 1648//487 1763//487
f 1763//488 1648//488 1764//488
f 1648//489 1649//489 1764//489
f 1764//490 1649//490 1765//490
f 1649//491 1650//491 1765//491
f 1765//492 1650//492 1766//492
f 1650//493 1651//493 1766//493
f 1766//494 1651//494 1767//494
f 1651//495 1652//495 1767//495
f 1767//496 1652//496 1768//496
f 1652//497 1653//497 1768//497
f 1768//498 1653//498 1769//498
f 1653//499 1654//499 1769//499
f 1769//500 1654//500 1770//500
f 1654//501 1655//501 1770//501
f 1770//502 1655//502 1771//502
f 1655//503 1656//503 1771//503
f 1771//504 1656//504 1772//504
f 1656//505 1657//505 1772//505
f 1772//506 1657//506 1773//506
f 1657//507 1658//507 1773//507
f 1773//508 1658//508 1774//508
f 1658//509 1551//509 1774//509
f 1774//510 1551//510 1660//510
f 1551//511 1550//511 1660//511
f 1660//512 1550//512 1659//512
f 1659//513 1550//513 1777//513
f 1550//514 1552//514 1777//514
f 1777//515 1552//515 1778//515
f 1552//516 1553//516 1778//516
f 1778//517 1553//517 1661//517
f 1553//518 1554//518 1661//518
f 1661//519 1554//519 1662//519
f 1554//520 1555//520 1662//520
f 1662//521 1555//521 1663//521
f 1555//522 1556//522 1663//522
f 1663//523 1556//523 1664//523
f 1556//524 1557//524 1664//524
f 1664//525 1557//525 1665//525
f 1557//526 1558//526 1665//526
f 1665//527 1558//527 1666//527
f 1558//528 1559//528 1666//528
f 1666//529 1559//529 1667//529
f 1559//530 1560//530 1667//530
f 1667//531 1560//531 1668//531
f 1560//532 1561//532 1668//532
f 1668//533 1561//533 1669//533
f 1561//534 1562//534 1669//534
f 1669//535 1562//535 1670//535
f 1562//536 1563//536 1670//536
f 1670//537 1563//537 1671//537
f 1563//538 1564//538 1671//538
f 1671//539 1564//539 1672//539
f 1564//540 1565//540 1672//540
f 1672//541 1565//541 1673//541
f 1565//542 1567//542 1673//542
f 1673//543 1567//543 1674//543
f 1567//544 1566//544 1674//544
f 1674//545 1566//545 1675//545
f 1566//546 1568//546 1675//546
f 1675//547 1568//547 1676//547
f 1568//548 1569//548 1676//548
f 1676//549 1569//549 1791//549
f 1569//550 1570//550 1791//550
f 1791//551 1570//551 1793//551
f 1570//552 1571//552 1793//552
f 1793//553 1571//553 1795//553
f 1571//554 1572//554 1795//554
f 1795//555 1572//555 1797//555
f 1572//556 1573//556 1797//556
f 1797//557 1573//557 1799//557
f 1573//558 1574//558 1799//558
f 1799//559 1574//559 1801//559
f 1574//560 1575//560 1801//560
f 1801//561 1575//561 1678//561
f 1575//562 1576//562 1678//562
f 1678//563 1576//563 1677//563
f 1677//564 1576//564 1804//564
f 1576//565 1577//565 1804//565
f 1804//566 1577//566 1805//566
f 1577//567 1578//567 1805//567
f 1805//568 1578//568 1679//568
f 1578//569 1579//569 1679//569
f 1679//570 1579//570 1680//570
f 1579//571 1580//571 1680//571
f 1680//572 1580//572 1681//572
f 1580//573 1581//573 1681//573
f 1681//574 1581//574 1682//574
f 1581//575 1582//575 1682//575
f 1682//576 1582//576 1683//576
f 1582//577 1583//577 1683//577
f 1683//578 1583//578 1684//578
f 1583//579 1584//579 1684//579
f 1684//580 1584//580 1685//580
f 1584//581 1585//581 1685//581
f 1685//582 1585//582 1686//582
f 1585//583 1586//583 1686//583
f 1686//584 1586//584 1687//584
f 1586//585 1587//585 1687//585
f 1687//586 1587//586 1688//586
f 1587//587 1588//587 1688//587
f 1688//588 1588//588 1689//588
f 1588//589 1589//589 1689//589
f 1689//590 1589//590 1690//590
f 1589//591 1590//591 1690//591
f 1690//592 1590//592 1691//592
f 1590//593 1592//593 1691//593
f 1691//594 1592//594 1692//594
f 1592//595 1591//595 1692//595
f 1692//596 1591//596 1693//596
f 1591//597 1593//597 1693//597
f 1693//598 1593//598 1694//598
f 1593//599 1594//599 1694//599
f 1694//600 1594//600 1818//600
f 1594//601 1595//601 1818//601
f 1818//602 1595//602 1820//602
f 1595//603 1596//603 1820//603
f 1820//604 1596//604 1822//604
f 1596//605 1597//605 1822//605
f 1822//606 1597//606 1824//606
f 1597//607 1598//607 1824//607
f 1824//608 1598//608 1826//608
f 1598//609 1599//609 1826//609
f 1826//610 1599//610 1828//610
f 1599//611 1600//611 1828//611
f 1828//612 1600//612 1696//612
f 1600//613 1601//613 1696//613
f 1696//614 1601//614 1695//614
f 1695//615 1601//615 1831//615
f 1601//616 1602//616 1831//616
f 1831//617 1602//617 1697//617
f 1602//618 1478//618 1697//618
f 1697//619 1478//619 1603//619
f 1478//620 1479//620 1603//620
f 1603//621 1479//621 1604//621
f 1479//622 1480//622 1604//622
f 1604//623 1480//623 1605//623
f 1480//624 1481//624 1605//624
f 1605//625 1481//625 1606//625
f 1481//626 1482//626 1606//626
f 1606//627 1482//627 1607//627
f 1482//628 1483//628 1607//628
f 1607//629 1483//629 1608//629
f 1483//630 1484//630 1608//630
f 1608//631 1484//631 1609//631
f 1484//632 1485//632 1609//632
f 1609//633 1485//633 1610//633
f 1485//634 1486//634 1610//634
f 1610//635 1486//635 1611//635
f 1486//636 1487//636 1611//636
f 1611//637 1487//637 1612//637
f 1487//638 1488//638 1612//638
f 1612//639 1488//639 1613//639
f 1488//640 1489//640 1613//640
f 1613//641 1489//641 1614//641
f 1489//642 1490//642 1614//642
f 1614//643 1490//643 1615//643
f 1490//644 1492//644 1615//644
f 1615//645 1492//645 1616//645
f 1492//646 1491//646 1616//646
f 1616//647 1491//647 1617//647
f 1491//648 1493//648 1617//648
f 1617//649 1493//649 1618//649
f 1493//650 1494//650 1618//650
f 1618//651 1494//651 1710//651
f 1494//652 1495//652 1710//652
f 1710//653 1495//653 1712//653
f 1495//654 1496//654 1712//654
f 1712//655 1496//655 1714//655
f 1496//656 1497//656 1714//656
f 1714//657 1497//657 1716//657
f 1497//658 1498//658 1716//658
f 1716//659 1498//659 1718//659
f 1498//660 1499//660 1718//660
f 1718//661 1499//661 1720//661
f 1499//662 1500//662 1720//662
f 1720//663 1500//663 1721//663
f 1500//664 1501//664 1721//664
f 1721//665 1501//665 1619//665
f 1619//666 1501//666 1723//666
f 1501//667 1502//667 1723//667
f 1723//668 1502//668 1724//668
f 1502//669 1503//669 1724//669
f 1724//670 1503//670 1620//670
f 1503//671 1504//671 1620//671
f 1620//672 1504//672 1621//672
f 1504//673 1505//673 1621//673
f 1621//674 1505//674 1622//674
f 1505//675 1506//675 1622//675
f 1622//676 1506//676 1623//676
f 1506//677 1507//677 1623//677
f 1623//678 1507//678 1624//678
f 1507//679 1508//679 1624//679
f 1624//680 1508//680 1625//680
f 1508//681 1509//681 1625//681
f 1625//682 1509//682 1626//682
f 1509//683 1510//683 1626//683
f 1626//684 1510//684 1627//684
f 1510//685 1511//685 1627//685
f 1627//686 1511//686 1628//686
f 1511//687 1512//687 1628//687
f 1628//688 1512//688 1629//688
f 1512//689 1513//689 1629//689
f 1629//690 1513//690 1730//690
f 1513//691 1515//691 1730//691
f 1730//692 1515//692 1630//692
f 1515//693 1514//693 1630//693
f 1630//694 1514//694 1631//694
f 1514//695 1517//695 1631//695
f 1631//696 1517//696 1632//696
f 1517//697 1516//697 1632//697
f 1632//698 1516//698 1633//698
f 1516//699 1518//699 1633//699
f 1633//700 1518//700 1634//700
f 1518//701 1519//701 1634//701
f 1634//702 1519//702 1738//702
f 1519//703 1520//703 1738//703
f 1738//704 1520//704 1740//704
f 1520//705 1521//705 1740//705
f 1740//706 1521//706 1742//706
f 1521//707 1522//707 1742//707
f 1742//708 1522//708 1744//708
f 1522//709 1523//709 1744//709
f 1744//710 1523//710 1746//710
f 1523//711 1524//711 1746//711
f 1746//712 1524//712 1748//712
f 1524//713 1527//713 1748//713
f 1748//714 1527//714 1749//714
f 1527//715 1528//715 1749//715
f 1749//716 1528//716 1635//716
f 1635//717 1528//717 1751//717
f 1528//718 1636//718 1751//718
f 1751//719 1636//719 1752//719
f 1636//720 1637//720 1752//720
f 1752//721 1637//721 1753//721
f 1637//722 1638//722 1753//722
f 1753//723 1638//723 1754//723
f 1638//724 1639//724 1754//724
f 1754//725 1639//725 1755//725
f 1639//726 1640//726 1755//726
f 1755//727 1640//727 1756//727
f 1640//728 1641//728 1756//728
f 1756//729 1641//729 1757//729
f 1641//730 1642//730 1757//730
f 1757//731 1642//731 1758//731
f 1642//732 1643//732 1758//732
f 1758//733 1643//733 1759//733
f 1643//734 1644//734 1759//734
f 1759//735 1644//735 1760//735
f 1759//736 1760//736 1925//736
f 1925//737 1760//737 1926//737
f 1760//738 1761//738 1926//738
f 1926//739 1761//739 1927//739
f 1761//740 1762//740 1927//740
f 1927//741 1762//741 1928//741
f 1762//742 1763//742 1928//742
f 1928//743 1763//743 1929//743
f 1763//744 1764//744 1929//744
f 1929//745 1764//745 1930//745
f 1764//746 1765//746 1930//746
f 1930//747 1765//747 1931//747
f 1765//748 1766//748 1931//748
f 1931//749 1766//749 1932//749
f 1766//750 1767//750 1932//750
f 1932//751 1767//751 1933//751
f 1767//752 1768//752 1933//752
f 1933//753 1768//753 1934//753
f 1768//754 1769//754 1934//754
f 1934//755 1769//755 1935//755
f 1769//756 1770//756 1935//756
f 1935//757 1770//757 1936//757
f 1770//758 1771//758 1936//758
f 1936//759 1771//759 1937//759
f 1771//760 1772//760 1937//760
f 1937//761 1772//761 1938//761
f 1772//762 1773//762 1938//762
f 1938//763 1773//763 1939//763
f 1773//764 1774//764 1939//764
f 1939//765 1774//765 1848//765
f 1774//766 1660//766 1848//766
f 1848//767 1660//767 1776//767
f 1660//768 1659//768 1776//768
f 1776//769 1659//769 1775//769
f 1775//770 1659//770 1851//770
f 1659//771 1777//771 1851//771
f 1851//772 1777//772 1852//772
f 1777//773 1778//773 1852//773
f 1852//774 1778//774 1853//774
f 1778//775 1661//775 1853//775
f 1853//776 1661//776 1854//776
f 1661//777 1662//777 1854//777
f 1854//778 1662//778 1855//778
f 1662//779 1663//779 1855//779
f 1855//780 1663//780 1856//780
f 1663//781 1664//781 1856//781
f 1856//782 1664//782 1857//782
f 1664//783 1665//783 1857//783
f 1857//784 1665//784 1779//784
f 1665//785 1666//785 1779//785
f 1779//786 1666//786 1780//786
f 1666//787 1667//787 1780//787
f 1780//788 1667//788 1781//788
f 1667//789 1668//789 1781//789
f 1781//790 1668//790 1782//790
f 1668//791 1669//791 1782//791
f 1782//792 1669//792 1783//792
f 1669//793 1670//793 1783//793
f 1783//794 1670//794 1784//794
f 1670//795 1671//795 1784//795
f 1784//796 1671//796 1785//796
f 1671//797 1672//797 1785//797
f 1785//798 1672//798 1786//798
f 1672//799 1673//799 1786//799
f 1786//800 1673//800 1787//800
f 1673//801 1674//801 1787//801
f 1787//802 1674//802 1788//802
f 1674//803 1675//803 1788//803
f 1788//804 1675//804 1789//804
f 1675//805 1676//805 1789//805
f 1789//806 1676//806 1790//806
f 1676//807 1791//807 1790//807
f 1790//808 1791//808 1792//808
f 1791//809 1793//809 1792//809
f 1792//810 1793//810 1794//810
f 1793//811 1795//811 1794//811
f 1794//812 1795//812 1796//812
f 1795//813 1797//813 1796//813
f 1796//814 1797//814 1798//814
f 1797//815 1799//815 1798//815
f 1798//816 1799//816 1800//816
f 1799//817 1801//817 1800//817
f 1800//818 1801//818 1859//818
f 1801//819 1678//819 1859//819
f 1859//820 1678//820 1803//820
f 1678//821 1677//821 1803//821
f 1803//822 1677//822 1802//822
f 1802//823 1677//823 1862//823
f 1677//824 1804//824 1862//824
f 1862//825 1804//825 1863//825
f 1804//826 1805//826 1863//826
f 1863//827 1805//827 1864//827
f 1805//828 1679//828 1864//828
f 1864//829 1679//829 1865//829
f 1679//830 1680//830 1865//830
f 1865//831 1680//831 1866//831
f 1680//832 1681//832 1866//832
f 1866//833 1681//833 1867//833
f 1681//834 1682//834 1867//834
f 1867//835 1682//835 1868//835
f 1682//836 1683//836 1868//836
f 1868//837 1683//837 1806//837
f 1683//838 1684//838 1806//838
f 1806//839 1684//839 1807//839
f 1684//840 1685//840 1807//840
f 1807//841 1685//841 1808//841
f 1685//842 1686//842 1808//842
f 1808//843 1686//843 1809//843
f 1686//844 1687//844 1809//844
f 1809//845 1687//845 1810//845
f 1687//846 1688//846 1810//846
f 1810//847 1688//847 1811//847
f 1688//848 1689//848 1811//848
f 1811//849 1689//849 1812//849
f 1689//850 1690//850 1812//850
f 1812//851 1690//851 1813//851
f 1690//852 1691//852 1813//852
f 1813//853 1691//853 1814//853
f 1691//854 1692//854 1814//854
f 1814//855 1692//855 1815//855
f 1692//856 1693//856 1815//856
f 1815//857 1693//857 1816//857
f 1693//858 1694//858 1816//858
f 1816//859 1694//859 1817//859
f 1694//860 1818//860 1817//860
f 1817//861 1818//861 1819//861
f 1818//862 1820//862 1819//862
f 1819//863 1820//863 1821//863
f 1820//864 1822//864 1821//864
f 1821//865 1822//865 1823//865
f 1822//866 1824//866 1823//866
f 1823//867 1824//867 1825//867
f 1824//868 1826//868 1825//868
f 1825//869 1826//869 1827//869
f 1826//870 1828//870 1827//870
f 1827//871 1828//871 1870//871
f 1828//872 1696//872 1870//872
f 1870//873 1696//873 1830//873
f 1696//874 1695//874 1830//874
f 1830//875 1695//875 1829//875
f 1829//876 1695//876 1873//876
f 1695//877 1831//877 1873//877
f 1873//878 1831//878 1874//878
f 1831//879 1697//879 1874//879
f 1874//880 1697//880 1832//880
f 1697//881 1603//881 1832//881
f 1832//882 1603//882 1833//882
f 1603//883 1604//883 1833//883
f 1833//884 1604//884 1834//884
f 1604//885 1605//885 1834//885
f 1834//886 1605//886 1835//886
f 1605//887 1606//887 1835//887
f 1835//888 1606//888 1836//888
f 1606//889 1607//889 1836//889
f 1836//890 1607//890 1698//890
f 1607//891 1608//891 1698//891
f 1698//892 1608//892 1699//892
f 1608//893 1609//893 1699//893
f 1699//894 1609//894 1700//894
f 1609//895 1610//895 1700//895
f 1700//896 1610//896 1701//896
f 1610//897 1611//897 1701//897
f 1701//898 1611//898 1702//898
f 1611//899 1612//899 1702//899
f 1702//900 1612//900 1703//900
f 1612//901 1613//901 1703//901
f 1703//902 1613//902 1704//902
f 1613//903 1614//903 1704//903
f 1704//904 1614//904 1705//904
f 1614//905 1615//905 1705//905
f 1705//906 1615//906 1706//906
f 1615//907 1616//907 1706//907
f 1706//908 1616//908 1707//908
f 1616//909 1617//909 1707//909
f 1707//910 1617//910 1708//910
f 1617//911 1618//911 1708//911
f 1708//912 1618//912 1709//912
f 1618//913 1710//913 1709//913
f 1709//914 1710//914 1711//914
f 1710//915 1712//915 1711//915
f 1711//916 1712//916 1713//916
f 1712//917 1714//917 1713//917
f 1713//918 1714//918 1715//918
f 1714//919 1716//919 1715//919
f 1715//920 1716//920 1717//920
f 1716//921 1718//921 1717//921
f 1717//922 1718//922 1719//922
f 1718//923 1720//923 1719//923
f 1719//924 1720//924 1838//924
f 1720//925 1721//925 1838//925
f 1838//926 1721//926 1839//926
f 1721//927 1619//927 1839//927
f 1839//928 1619//928 1722//928
f 1722//929 1619//929 1895//929
f 1619//930 1723//930 1895//930
f 1895//931 1723//931 1840//931
f 1723//932 1724//932 1840//932
f 1840//933 1724//933 1841//933
f 1724//934 1620//934 1841//934
f 1841//935 1620//935 1842//935
f 1620//936 1621//936 1842//936
f 1842//937 1621//937 1843//937
f 1621//938 1622//938 1843//938
f 1843//939 1622//939 1844//939
f 1622//940 1623//940 1844//940
f 1844//941 1623//941 1845//941
f 1623//942 1624//942 1845//942
f 1845//943 1624//943 1725//943
f 1624//944 1625//944 1725//944
f 1725//945 1625//945 1726//945
f 1625//946 1626//946 1726//946
f 1726//947 1626//947 1727//947
f 1626//948 1627//948 1727//948
f 1727//949 1627//949 1728//949
f 1627//950 1628//950 1728//950
f 1728//951 1628//951 1729//951
f 1628//952 1629//952 1729//952
f 1729//953 1629//953 1732//953
f 1629//954 1730//954 1732//954
f 1732//955 1730//955 1731//955
f 1730//956 1630//956 1731//956
f 1731//957 1630//957 1733//957
f 1630//958 1631//958 1733//958
f 1733//959 1631//959 1734//959
f 1631//960 1632//960 1734//960
f 1734//961 1632//961 1735//961
f 1632//962 1633//962 1735//962
f 1735//963 1633//963 1736//963
f 1633//964 1634//964 1736//964
f 1736//965 1634//965 1737//965
f 1634//966 1738//966 1737//966
f 1737//967 1738//967 1739//967
f 1738//968 1740//968 1739//968
f 1739//969 1740//969 1741//969
f 1740//970 1742//970 1741//970
f 1741//971 1742//971 1743//971
f 1742//972 1744//972 1743//972
f 1743//973 1744//973 1745//973
f 1744//974 1746//974 1745//974
f 1745//975 1746//975 1747//975
f 1746//976 1748//976 1747//976
f 1747//977 1748//977 1847//977
f 1748//978 1749//978 1847//978
f 1847//979 1749//979 2034//979
f 1749//980 1635//980 2034//980
f 2034//981 1635//981 1750//981
f 1750//982 1635//982 1916//982
f 1635//983 1751//983 1916//983
f 1916//984 1751//984 1917//984
f 1751//985 1752//985 1917//985
f 1917//986 1752//986 1918//986
f 1752//987 1753//987 1918//987
f 1918//988 1753//988 1919//988
f 1753//989 1754//989 1919//989
f 1919//990 1754//990 1920//990
f 1754//991 1755//991 1920//991
f 1920//992 1755//992 1921//992
f 1755//993 1756//993 1921//993
f 1921//994 1756//994 1922//994
f 1756//995 1757//995 1922//995
f 1922//996 1757//996 1923//996
f 1757//997 1758//997 1923//997
f 1923//998 1758//998 1924//998
f 1758//999 1759//999 1924//999
f 1924//1000 1759//1000 1925//1000
f 1924//1001 1925//1001 2094//1001
f 2094//1002 1925//1002 2087//1002
f 1925//1003 1926//1003 2087//1003
f 2087//1004 1926//1004 2086//1004
f 1926//1005 1927//1005 2086//1005
f 2086//1006 1927//1006 2079//1006
f 1927//1007 1928//1007 2079//1007
f 2079//1008 1928//1008 2078//1008
f 1928//1009 1929//1009 2078//1009
f 2078//1010 1929//1010 2071//1010
f 1929//1011 1930//1011 2071//1011
f 2071//1012 1930//1012 2070//1012
f 1930//1013 1931//1013 2070//1013
f 2070//1014 1931//1014 2063//1014
f 1931//1015 1932//1015 2063//1015
f 2063//1016 1932//1016 2062//1016
f 1932//1017 1933//1017 2062//1017
f 2062//1018 1933//1018 2055//1018
f 1933//1019 1934//1019 2055//1019
f 2055//1020 1934//1020 2054//1020
f 1934//1021 1935//1021 2054//1021
f 2054//1022 1935//1022 2048//1022
f 1935//1023 1936//1023 2048//1023
f 2048//1024 1936//1024 2047//1024
f 1936//1025 1937//1025 2047//1025
f 2047//1026 1937//1026 2037//1026
f 1937//1027 1938//1027 2037//1027
f 2037//1028 1938//1028 1942//1028
f 1938//1029 1939//1029 1942//1029
f 1942//1030 1939//1030 1940//1030
f 1939//1031 1848//1031 1940//1031
f 1940//1032 1848//1032 1941//1032
f 1848//1033 1776//1033 1941//1033
f 1941//1034 1776//1034 1850//1034
f 1776//1035 1775//1035 1850//1035
f 1850//1036 1775//1036 1849//1036
f 1849//1037 1775//1037 1944//1037
f 1775//1038 1851//1038 1944//1038
f 1944//1039 1851//1039 1945//1039
f 1851//1040 1852//1040 1945//1040
f 1945//1041 1852//1041 1946//1041
f 1852//1042 1853//1042 1946//1042
f 1946//1043 1853//1043 1947//1043
f 1853//1044 1854//1044 1947//1044
f 1947//1045 1854//1045 1948//1045
f 1854//1046 1855//1046 1948//1046
f 1948//1047 1855//1047 1949//1047
f 1855//1048 1856//1048 1949//1048
f 1949//1049 1856//1049 1950//1049
f 1856//1050 1857//1050 1950//1050
f 1950//1051 1857//1051 1951//1051
f 1857//1052 1779//1052 1951//1052
f 1951//1053 1779//1053 1952//1053
f 1779//1054 1780//1054 1952//1054
f 1952//1055 1780//1055 1953//1055
f 1780//1056 1781//1056 1953//1056
f 1953//1057 1781//1057 1954//1057
f 1781//1058 1782//1058 1954//1058
f 1954//1059 1782//1059 1955//1059
f 1782//1060 1783//1060 1955//1060
f 1955//1061 1783//1061 1956//1061
f 1783//1062 1784//1062 1956//1062
f 1956//1063 1784//1063 1957//1063
f 1784//1064 1785//1064 1957//1064
f 1957//1065 1785//1065 1958//1065
f 1785//1066 1786//1066 1958//1066
f 1958//1067 1786//1067 1959//1067
f 1786//1068 1787//1068 1959//1068
f 1959//1069 1787//1069 1960//1069
f 1787//1070 1788//1070 1960//1070
f 1960//1071 1788//1071 1961//1071
f 1788//1072 1789//1072 1961//1072
f 1961//1073 1789//1073 1962//1073
f 1789//1074 1790//1074 1962//1074
f 1962//1075 1790//1075 1963//1075
f 1790//1076 1792//1076 1963//1076
f 1963//1077 1792//1077 1964//1077
f 1792//1078 1794//1078 1964//1078
f 1964//1079 1794//1079 1965//1079
f 1794//1080 1796//1080 1965//1080
f 1965//1081 1796//1081 1858//1081
f 1796//1082 1798//1082 1858//1082
f 1858//1083 1798//1083 1966//1083
f 1798//1084 1800//1084 1966//1084
f 1966//1085 1800//1085 1967//1085
f 1800//1086 1859//1086 1967//1086
f 1967//1087 1859//1087 1968//1087
f 1859//1088 1803//1088 1968//1088
f 1968//1089 1803//1089 1861//1089
f 1803//1090 1802//1090 1861//1090
f 1861//1091 1802//1091 1860//1091
f 1860//1092 1802//1092 1970//1092
f 1802//1093 1862//1093 1970//1093
f 1970//1094 1862//1094 1971//1094
f 1862//1095 1863//1095 1971//1095
f 1971//1096 1863//1096 1972//1096
f 1863//1097 1864//1097 1972//1097
f 1972//1098 1864//1098 1973//1098
f 1864//1099 1865//1099 1973//1099
f 1973//1100 1865//1100 1974//1100
f 1865//1101 1866//1101 1974//1101
f 1974//1102 1866//1102 1975//1102
f 1866//1103 1867//1103 1975//1103
f 1975//1104 1867//1104 1976//1104
f 1867//1105 1868//1105 1976//1105
f 1976//1106 1868//1106 1977//1106
f 1868//1107 1806//1107 1977//1107
f 1977//1108 1806//1108 1978//1108
f 1806//1109 1807//1109 1978//1109
f 1978//1110 1807//1110 1979//1110
f 1807//1111 1808//1111 1979//1111
f 1979//1112 1808//1112 1980//1112
f 1808//1113 1809//1113 1980//1113
f 1980//1114 1809//1114 1981//1114
f 1809//1115 1810//1115 1981//1115
f 1981//1116 1810//1116 1982//1116
f 1810//1117 1811//1117 1982//1117
f 1982//1118 1811//1118 1983//1118
f 1811//1119 1812//1119 1983//1119
f 1983//1120 1812//1120 1984//1120
f 1812//1121 1813//1121 1984//1121
f 1984//1122 1813//1122 1985//1122
f 1813//1123 1814//1123 1985//1123
f 1985//1124 1814//1124 1986//1124
f 1814//1125 1815//1125 1986//1125
f 1986//1126 1815//1126 1987//1126
f 1815//1127 1816//1127 1987//1127
f 1987//1128 1816//1128 1988//1128
f 1816//1129 1817//1129 1988//1129
f 1988//1130 1817//1130 1989//1130
f 1817//1131 1819//1131 1989//1131
f 1989//1132 1819//1132 1990//1132
f 1819//1133 1821//1133 1990//1133
f 1990//1134 1821//1134 1991//1134
f 1821//1135 1823//1135 1991//1135
f 1991//1136 1823//1136 1869//1136
f 1823//1137 1825//1137 1869//1137
f 1869//1138 1825//1138 1992//1138
f 1825//1139 1827//1139 1992//1139
f 1992//1140 1827//1140 1993//1140
f 1827//1141 1870//1141 1993//1141
f 1993//1142 1870//1142 1994//1142
f 1870//1143 1830//1143 1994//1143
f 1994//1144 1830//1144 1872//1144
f 1830//1145 1829//1145 1872//1145
f 1872//1146 1829//1146 1871//1146
f 1871//1147 1829//1147 1996//1147
f 1829//1148 1873//1148 1996//1148
f 1996//1149 1873//1149 1997//1149
f 1873//1150 1874//1150 1997//1150
f 1997//1151 1874//1151 1998//1151
f 1874//1152 1832//1152 1998//1152
f 1998//1153 1832//1153 1999//1153
f 1832//1154 1833//1154 1999//1154
f 1999//1155 1833//1155 2000//1155
f 1833//1156 1834//1156 2000//1156
f 2000//1157 1834//1157 2001//1157
f 1834//1158 1835//1158 2001//1158
f 2001//1159 1835//1159 2002//1159
f 1835//1160 1836//1160 2002//1160
f 2002//1161 1836//1161 1875//1161
f 1836//1162 1698//1162 1875//1162
f 1875//1163 1698//1163 1876//1163
f 1698//1164 1699//1164 1876//1164
f 1876//1165 1699//1165 1877//1165
f 1699//1166 1700//1166 1877//1166
f 1877//1167 1700//1167 1878//1167
f 1700//1168 1701//1168 1878//1168
f 1878//1169 1701//1169 1879//1169
f 1701//1170 1702//1170 1879//1170
f 1879//1171 1702//1171 1880//1171
f 1702//1172 1703//1172 1880//1172
f 1880//1173 1703//1173 1881//1173
f 1703//1174 1704//1174 1881//1174
f 1881//1175 1704//1175 1882//1175
f 1704//1176 1705//1176 1882//1176
f 1882//1177 1705//1177 1883//1177
f 1705//1178 1706//1178 1883//1178
f 1883//1179 1706//1179 1884//1179
f 1706//1180 1707//1180 1884//1180
f 1884//1181 1707//1181 1885//1181
f 1707//1182 1708//1182 1885//1182
f 1885//1183 1708//1183 1886//1183
f 1708//1184 1709//1184 1886//1184
f 1886//1185 1709//1185 1887//1185
f 1709//1186 1711//1186 1887//1186
f 1887//1187 1711//1187 1888//1187
f 1711//1188 1713//1188 1888//1188
f 1888//1189 1713//1189 1889//1189
f 1713//1190 1715//1190 1889//1190
f 1889//1191 1715//1191 1837//1191
f 1715//1192 1717//1192 1837//1192
f 1837//1193 1717//1193 1890//1193
f 1717//1194 1719//1194 1890//1194
f 1890//1195 1719//1195 1891//1195
f 1719//1196 1838//1196 1891//1196
f 1891//1197 1838//1197 1892//1197
f 1838//1198 1839//1198 1892//1198
f 1892//1199 1839//1199 1893//1199
f 1839//1200 1722//1200 1893//1200
f 1893//1201 1722//1201 1894//1201
f 1894//1202 1722//1202 2014//1202
f 1722//1203 1895//1203 2014//1203
f 2014//1204 1895//1204 2015//1204
f 1895//1205 1840//1205 2015//1205
f 2015//1206 1840//1206 2016//1206
f 1840//1207 1841//1207 2016//1207
f 2016//1208 1841//1208 2017//1208
f 1841//1209 1842//1209 2017//1209
f 2017//1210 1842//1210 2018//1210
f 1842//1211 1843//1211 2018//1211
f 2018//1212 1843//1212 2019//1212
f 1843//1213 1844//1213 2019//1213
f 2019//1214 1844//1214 2020//1214
f 1844//1215 1845//1215 2020//1215
f 2020//1216 1845//1216 1896//1216
f 1845//1217 1725//1217 1896//1217
f 1896//1218 1725//1218 1897//1218
f 1725//1219 1726//1219 1897//1219
f 1897//1220 1726//1220 1898//1220
f 1726//1221 1727//1221 1898//1221
f 1898//1222 1727//1222 1899//1222
f 1727//1223 1728//1223 1899//1223
f 1899//1224 1728//1224 1900//1224
f 1728//1225 1729//1225 1900//1225
f 1900//1226 1729//1226 1901//1226
f 1729//1227 1732//1227 1901//1227
f 1901//1228 1732//1228 1902//1228
f 1732//1229 1731//1229 1902//1229
f 1902//1230 1731//1230 1903//1230
f 1731//1231 1733//1231 1903//1231
f 1903//1232 1733//1232 1904//1232
f 1733//1233 1734//1233 1904//1233
f 1904//1234 1734//1234 1905//1234
f 1734//1235 1735//1235 1905//1235
f 1905//1236 1735//1236 1906//1236
f 1735//1237 1736//1237 1906//1237
f 1906//1238 1736//1238 1907//1238
f 1736//1239 1737//1239 1907//1239
f 1907//1240 1737//1240 1908//1240
f 1737//1241 1739//1241 1908//1241
f 1908//1242 1739//1242 1909//1242
f 1739//1243 1741//1243 1909//1243
f 1909//1244 1741//1244 1910//1244
f 1741//1245 1743//1245 1910//1245
f 1910//1246 1743//1246 1846//1246
f 1743//1247 1745//1247 1846//1247
f 1846//1248 1745//1248 1911//1248
f 1745//1249 1747//1249 1911//1249
f 1911//1250 1747//1250 1912//1250
f 1747//1251 1847//1251 1912//1251
f 1912//1252 1847//1252 1913//1252
f 1847//1253 2034//1253 1913//1253
f 1913//1254 2034//1254 1914//1254
f 2034//1255 1750//1255 1914//1255
f 1914//1256 1750//1256 1915//1256
f 1915//1257 1750//1257 2035//1257
f 1750//1258 1916//1258 2035//1258
f 2035//1259 1916//1259 2036//1259
f 1916//1260 1917//1260 2036//1260
f 2036//1261 1917//1261 2117//1261
f 1917//1262 1918//1262 2117//1262
f 2117//1263 1918//1263 2116//1263
f 1918//1264 1919//1264 2116//1264
f 2116//1265 1919//1265 2111//1265
f 1919//1266 1920//1266 2111//1266
f 2111//1267 1920//1267 2110//1267
f 1920//1268 1921//1268 2110//1268
f 2110//1269 1921//1269 2103//1269
f 1921//1270 1922//1270 2103//1270
f 2103//1271 1922//1271 2102//1271
f 1922//1272 1923//1272 2102//1272
f 2102//1273 1923//1273 2095//1273
f 1923//1274 1924//1274 2095//1274
f 2095//1275 1924//1275 2094//1275
f 2095//1276 2094//1276 2096//1276
f 2096//1277 2094//1277 2093//1277
f 2094//1278 2087//1278 2093//1278
f 2093//1279 2087//1279 2088//1279
f 2087//1280 2086//1280 2088//1280
f 2088//1281 2086//1281 2085//1281
f 2086//1282 2079//1282 2085//1282
f 2085//1283 2079//1283 2080//1283
f 2079//1284 2078//1284 2080//1284
f 2080//1285 2078//1285 2077//1285
f 2078//1286 2071//1286 2077//1286
f 2077//1287 2071//1287 2072//1287
f 2071//1288 2070//1288 2072//1288
f 2072//1289 2070//1289 2069//1289
f 2070//1290 2063//1290 2069//1290
f 2069//1291 2063//1291 2064//1291
f 2063//1292 2062//1292 2064//1292
f 2064//1293 2062//1293 2061//1293
f 2062//1294 2055//1294 2061//1294
f 2061//1295 2055//1295 2056//1295
f 2055//1296 2054//1296 2056//1296
f 2056//1297 2054//1297 2052//1297
f 2054//1298 2048//1298 2052//1298
f 2052//1299 2048//1299 2049//1299
f 2048//1300 2047//1300 2049//1300
f 2049//1301 2047//1301 2046//1301
f 2047//1302 2037//1302 2046//1302
f 2046//1303 2037//1303 2038//1303
f 2037//1304 1942//1304 2038//1304
f 2038//1305 1942//1305 2039//1305
f 1942//1306 1940//1306 2039//1306
f 2039//1307 1940//1307 2040//1307
f 1940//1308 1941//1308 2040//1308
f 1941//1309 2042//1309 2043//1309 2040//1309
f 2043//1310 2044//1310 2039//1310 2040//1310
f 2044//1311 2045//1311 2038//1311 2039//1311
f 2045//1312 2050//1312 2046//1312 2038//1312
f 2050//1313 2051//1313 2049//1313 2046//1313
f 2053//1314 2052//1314 2049//1314
f 2049//1315 2051//1315 2058//1315 2053//1315
f 2053//1316 2057//1316 2052//1316
f 2053//1317 2058//1317 2059//1317 2057//1317
f 2057//1318 2060//1318 2056//1318
f 2060//1319 2061//1319 2056//1319
f 2060//1320 2065//1320 2061//1320
f 2065//1321 2064//1321 2061//1321
f 2065//1322 2068//1322 2064//1322
f 2068//1323 2069//1323 2064//1323
f 2068//1324 2073//1324 2069//1324
f 2073//1325 2072//1325 2069//1325
f 2073//1326 2076//1326 2072//1326
f 2076//1327 2077//1327 2072//1327
f 2076//1328 2081//1328 2077//1328
f 2081//1329 2080//1329 2077//1329
f 2081//1330 2084//1330 2080//1330
f 2084//1331 2085//1331 2080//1331
f 2084//1332 2089//1332 2085//1332
f 2089//1333 2088//1333 2085//1333
f 2089//1334 2092//1334 2088//1334
f 2092//1335 2093//1335 2088//1335
f 2092//1336 2097//1336 2093//1336
f 2097//1337 2096//1337 2093//1337
f 2097//1338 2100//1338 2096//1338
f 2100//1339 2101//1339 2096//1339
f 2096//1340 2101//1340 2095//1340
f 2101//1341 2102//1341 2095//1341
f 2101//1342 2104//1342 2102//1342
f 2104//1343 2103//1343 2102//1343
f 2104//1344 2109//1344 2103//1344
f 2109//1345 2110//1345 2103//1345
f 2109//1346 2112//1346 2110//1346
f 2112//1347 2111//1347 2110//1347
f 2112//1348 2115//1348 2111//1348
f 2115//1349 2116//1349 2111//1349
f 2115//1350 2118//1350 2116//1350
f 2118//1351 2117//1351 2116//1351
f 2118//1352 2121//1352 2117//1352
f 2121//1353 2036//1353 2117//1353
f 2121//1354 2374//1354 2373//1354 2036//1354
f 2373//1355 2372//1355 2035//1355 2036//1355
f 2372//1356 2371//1356 1915//1356 2035//1356
f 2371//1357 2370//1357 1914//1357 1915//1357
f 2370//1358 2124//1358 1913//1358 1914//1358
f 2122//1359 1912//1359 1913//1359
f 1913//1360 2124//1360 2125//1360 2122//1360
f 2122//1361 2123//1361 1912//1361
f 2122//1362 2125//1362 2126//1362 2123//1362
f 2123//1363 2033//1363 1911//1363
f 2033//1364 1846//1364 1911//1364
f 2033//1365 2032//1365 1846//1365
f 2032//1366 1910//1366 1846//1366
f 2032//1367 2031//1367 1910//1367
f 2031//1368 1909//1368 1910//1368
f 2031//1369 2030//1369 1909//1369
f 2030//1370 1908//1370 1909//1370
f 2030//1371 2029//1371 1908//1371
f 2029//1372 1907//1372 1908//1372
f 2029//1373 2028//1373 1907//1373
f 2028//1374 1906//1374 1907//1374
f 2028//1375 2027//1375 1906//1375
f 2027//1376 1905//1376 1906//1376
f 2027//1377 2026//1377 1905//1377
f 2026//1378 1904//1378 1905//1378
f 2026//1379 2025//1379 1904//1379
f 2025//1380 1903//1380 1904//1380
f 2025//1381 2024//1381 1903//1381
f 2024//1382 1902//1382 1903//1382
f 2024//1383 2021//1383 1902//1383
f 2021//1384 1901//1384 1902//1384
f 2021//1385 2022//1385 1901//1385
f 2022//1386 1900//1386 1901//1386
f 2022//1387 2023//1387 1900//1387
f 2023//1388 1899//1388 1900//1388
f 2023//1389 2142//1389 1899//1389
f 2142//1390 1898//1390 1899//1390
f 2142//1391 2144//1391 1898//1391
f 2144//1392 1897//1392 1898//1392
f 2144//1393 2146//1393 1897//1393
f 2146//1394 1896//1394 1897//1394
f 2146//1395 2148//1395 1896//1395
f 2148//1396 2020//1396 1896//1396
f 2148//1397 2150//1397 2020//1397
f 2150//1398 2019//1398 2020//1398
f 2150//1399 2151//1399 2019//1399
f 2151//1400 2018//1400 2019//1400
f 2151//1401 2152//1401 2018//1401
f 2152//1402 2017//1402 2018//1402
f 2152//1403 2153//1403 2017//1403
f 2153//1404 2016//1404 2017//1404
f 2153//1405 2154//1405 2016//1405
f 2154//1406 2015//1406 2016//1406
f 2154//1407 2361//1407 2165//1407 2015//1407
f 2165//1408 2166//1408 2014//1408 2015//1408
f 2166//1409 2167//1409 1894//1409 2014//1409
f 2167//1410 2168//1410 1893//1410 1894//1410
f 2168//1411 2169//1411 1892//1411 1893//1411
f 2170//1412 1891//1412 1892//1412
f 1892//1413 2169//1413 2172//1413 2170//1413
f 2170//1414 2171//1414 1891//1414
f 2170//1415 2172//1415 2173//1415 2171//1415
f 2171//1416 2013//1416 1890//1416
f 2013//1417 1837//1417 1890//1417
f 2013//1418 2012//1418 1837//1418
f 2012//1419 1889//1419 1837//1419
f 2012//1420 2011//1420 1889//1420
f 2011//1421 1888//1421 1889//1421
f 2011//1422 2010//1422 1888//1422
f 2010//1423 1887//1423 1888//1423
f 2010//1424 2009//1424 1887//1424
f 2009//1425 1886//1425 1887//1425
f 2009//1426 2008//1426 1886//1426
f 2008//1427 1885//1427 1886//1427
f 2008//1428 2007//1428 1885//1428
f 2007//1429 1884//1429 1885//1429
f 2007//1430 2006//1430 1884//1430
f 2006//1431 1883//1431 1884//1431
f 2006//1432 2005//1432 1883//1432
f 2005//1433 1882//1433 1883//1433
f 2005//1434 2004//1434 1882//1434
f 2004//1435 1881//1435 1882//1435
f 2004//1436 2003//1436 1881//1436
f 2003//1437 1880//1437 1881//1437
f 2003//1438 2187//1438 1880//1438
f 2187//1439 1879//1439 1880//1439
f 2187//1440 2189//1440 1879//1440
f 2189//1441 1878//1441 1879//1441
f 2189//1442 2190//1442 1878//1442
f 2190//1443 1877//1443 1878//1443
f 2190//1444 2192//1444 1877//1444
f 2192//1445 1876//1445 1877//1445
f 2192//1446 2194//1446 1876//1446
f 2194//1447 1875//1447 1876//1447
f 2194//1448 2196//1448 1875//1448
f 2196//1449 2002//1449 1875//1449
f 2196//1450 2198//1450 2002//1450
f 2198//1451 2001//1451 2002//1451
f 2198//1452 2199//1452 2001//1452
f 2199//1453 2000//1453 2001//1453
f 2199//1454 2200//1454 2000//1454
f 2200//1455 1999//1455 2000//1455
f 2200//1456 2201//1456 1999//1456
f 2201//1457 1998//1457 1999//1457
f 2201//1458 2340//1458 1998//1458
f 2340//1459 1997//1459 1998//1459
f 2340//1460 2351//1460 2339//1460 1997//1460
f 2339//1461 2202//1461 1996//1461 1997//1461
f 2202//1462 1995//1462 1871//1462 1996//1462
f 1995//1463 2203//1463 1872//1463 1871//1463
f 2203//1464 2336//1464 1994//1464 1872//1464
f 2335//1465 1993//1465 1994//1465
f 1994//1466 2336//1466 2337//1466 2335//1466
f 2335//1467 2334//1467 1993//1467
f 2335//1468 2337//1468 2338//1468 2334//1468
f 2334//1469 2294//1469 1992//1469
f 2334//1470 2338//1470 2333//1470 2294//1470
f 2294//1471 2293//1471 1869//1471
f 2294//1472 2333//1472 2332//1472 2293//1472
f 2293//1473 2292//1473 1991//1473
f 2293//1474 2332//1474 2331//1474 2292//1474
f 2304//1475 2291//1475 2292//1475
f 2292//1476 2331//1476 2330//1476 2304//1476
f 2304//1477 2303//1477 2291//1477
f 2304//1478 2330//1478 2329//1478 2303//1478
f 2303//1479 2302//1479 2290//1479
f 2303//1480 2329//1480 2328//1480 2302//1480
f 2302//1481 2301//1481 2289//1481
f 2302//1482 2328//1482 2327//1482 2301//1482
f 2301//1483 2300//1483 2288//1483
f 2301//1484 2327//1484 2326//1484 2300//1484
f 2300//1485 2299//1485 2287//1485
f 2300//1486 2326//1486 2325//1486 2299//1486
f 2299//1487 2298//1487 2286//1487
f 2298//1488 2285//1488 2286//1488
f 2286//1489 2285//1489 1984//1489
f 2285//1490 1983//1490 1984//1490
f 2285//1491 2284//1491 1983//1491
f 2284//1492 1982//1492 1983//1492
f 2284//1493 2283//1493 1982//1493
f 2283//1494 1981//1494 1982//1494
f 2283//1495 2204//1495 1981//1495
f 2204//1496 1980//1496 1981//1496
f 2204//1497 2205//1497 1980//1497
f 2205//1498 1979//1498 1980//1498
f 2205//1499 2206//1499 1979//1499
f 2206//1500 1978//1500 1979//1500
f 2206//1501 2207//1501 1978//1501
f 2207//1502 1977//1502 1978//1502
f 2207//1503 2282//1503 1977//1503
f 2282//1504 1976//1504 1977//1504
f 2282//1505 2281//1505 1976//1505
f 2281//1506 1975//1506 1976//1506
f 2281//1507 2280//1507 1975//1507
f 2280//1508 1974//1508 1975//1508
f 2280//1509 2279//1509 1974//1509
f 2279//1510 1973//1510 1974//1510
f 2279//1511 2278//1511 1973//1511
f 2278//1512 1972//1512 1973//1512
f 2278//1513 2314//1513 1972//1513
f 2314//1514 1971//1514 1972//1514
f 2314//1515 2315//1515 2277//1515 1971//1515
f 2277//1516 2208//1516 1970//1516 1971//1516
f 2208//1517 1969//1517 1860//1517 1970//1517
f 1969//1518 2209//1518 1861//1518 1860//1518
f 2209//1519 2274//1519 1968//1519 1861//1519
f 2273//1520 1967//1520 1968//1520
f 1968//1521 2274//1521 2275//1521 2273//1521
f 2273//1522 2272//1522 1967//1522
f 2273//1523 2275//1523 2276//1523 2272//1523
f 2272//1524 2232//1524 1966//1524
f 2232//1525 1858//1525 1966//1525
f 2232//1526 2231//1526 1858//1526
f 2231//1527 1965//1527 1858//1527
f 2231//1528 2230//1528 1965//1528
f 2230//1529 1964//1529 1965//1529
f 2230//1530 2229//1530 1964//1530
f 2229//1531 1963//1531 1964//1531
f 2229//1532 2228//1532 1963//1532
f 2228//1533 1962//1533 1963//1533
f 2228//1534 2227//1534 1962//1534
f 2227//1535 1961//1535 1962//1535
f 2227//1536 2226//1536 1961//1536
f 2226//1537 1960//1537 1961//1537
f 2226//1538 2225//1538 1960//1538
f 2225//1539 1959//1539 1960//1539
f 2225//1540 2224//1540 1959//1540
f 2224//1541 1958//1541 1959//1541
f 2224//1542 2223//1542 1958//1542
f 2223//1543 1957//1543 1958//1543
f 2223//1544 2222//1544 1957//1544
f 2222//1545 1956//1545 1957//1545
f 2222//1546 2221//1546 1956//1546
f 2221//1547 1955//1547 1956//1547
f 2221//1548 2210//1548 1955//1548
f 2210//1549 1954//1549 1955//1549
f 2210//1550 2211//1550 1954//1550
f 2211//1551 1953//1551 1954//1551
f 2211//1552 2212//1552 1953//1552
f 2212//1553 1952//1553 1953//1553
f 2212//1554 2213//1554 1952//1554
f 2213//1555 1951//1555 1952//1555
f 2213//1556 2220//1556 1951//1556
f 2220//1557 1950//1557 1951//1557
f 2220//1558 2219//1558 1950//1558
f 2219//1559 1949//1559 1950//1559
f 2219//1560 2218//1560 1949//1560
f 2218//1561 1948//1561 1949//1561
f 2218//1562 2217//1562 1948//1562
f 2217//1563 1947//1563 1948//1563
f 2217//1564 2216//1564 1947//1564
f 2216//1565 1946//1565 1947//1565
f 2216//1566 2252//1566 1946//1566
f 2252//1567 1945//1567 1946//1567
f 2252//1568 2253//1568 2215//1568 1945//1568
f 2215//1569 2214//1569 1944//1569 1945//1569
f 2214//1570 1943//1570 1849//1570 1944//1570
f 1943//1571 2041//1571 1850//1571 1849//1571
f 2041//1572 2042//1572 1941//1572 1850//1572
f 2066//1573 2060//1573 2057//1573 2059//1573
f 2067//1574 2065//1574 2060//1574 2066//1574
f 2074//1575 2068//1575 2065//1575 2067//1575
f 2075//1576 2073//1576 2068//1576 2074//1576
f 2082//1577 2076//1577 2073//1577 2075//1577
f 2083//1578 2081//1578 2076//1578 2082//1578
f 2090//1579 2084//1579 2081//1579 2083//1579
f 2091//1580 2089//1580 2084//1580 2090//1580
f 2098//1581 2092//1581 2089//1581 2091//1581
f 2099//1582 2097//1582 2092//1582 2098//1582
f 2106//1583 2100//1583 2097//1583 2099//1583
f 2107//1584 2105//1584 2100//1584 2106//1584
f 2375//1585 2108//1585 2105//1585 2107//1585
f 2375//1586 2113//1586 2109//1586 2108//1586
f 2114//1587 2112//1587 2109//1587 2113//1587
f 2119//1588 2115//1588 2112//1588 2114//1588
f 2120//1589 2118//1589 2115//1589 2119//1589
f 2374//1590 2121//1590 2118//1590 2120//1590
f 2127//1591 2033//1591 2123//1591 2126//1591
f 2128//1592 2032//1592 2033//1592 2127//1592
f 2369//1593 2031//1593 2032//1593 2128//1593
f 2368//1594 2137//1594 2031//1594 2369//1594
f 2363//1595 2136//1595 2137//1595 2368//1595
f 2364//1596 2135//1596 2136//1596 2363//1596
f 2365//1597 2134//1597 2135//1597 2364//1597
f 2366//1598 2133//1598 2134//1598 2365//1598
f 2367//1599 2132//1599 2133//1599 2366//1599
f 2139//1600 2131//1600 2132//1600 2367//1600
f 2138//1601 2129//1601 2131//1601 2139//1601
f 2140//1602 2130//1602 2129//1602 2138//1602
f 2156//1603 2141//1603 2130//1603 2140//1603
f 2157//1604 2143//1604 2141//1604 2156//1604
f 2158//1605 2145//1605 2143//1605 2157//1605
f 2159//1606 2147//1606 2145//1606 2158//1606
f 2160//1607 2149//1607 2147//1607 2159//1607
f 2362//1608 2155//1608 2149//1608 2160//1608
f 2362//1609 2161//1609 2150//1609 2155//1609
f 2162//1610 2151//1610 2150//1610 2161//1610
f 2163//1611 2152//1611 2151//1611 2162//1611
f 2164//1612 2153//1612 2152//1612 2163//1612
f 2361//1613 2154//1613 2153//1613 2164//1613
f 2174//1614 2013//1614 2171//1614 2173//1614
f 2175//1615 2012//1615 2013//1615 2174//1615
f 2360//1616 2011//1616 2012//1616 2175//1616
f 2359//1617 2179//1617 2011//1617 2360//1617
f 2180//1618 2176//1618 2179//1618 2359//1618
f 2181//1619 2177//1619 2176//1619 2180//1619
f 2358//1620 2178//1620 2177//1620 2181//1620
f 2357//1621 2182//1621 2178//1621 2358//1621
f 2356//1622 2183//1622 2182//1622 2357//1622
f 2355//1623 2184//1623 2183//1623 2356//1623
f 2354//1624 2185//1624 2184//1624 2355//1624
f 2353//1625 2186//1625 2185//1625 2354//1625
f 2342//1626 2188//1626 2186//1626 2353//1626
f 2343//1627 2191//1627 2188//1627 2342//1627
f 2344//1628 2193//1628 2191//1628 2343//1628
f 2345//1629 2195//1629 2193//1629 2344//1629
f 2346//1630 2197//1630 2195//1630 2345//1630
f 2352//1631 2341//1631 2197//1631 2346//1631
f 2352//1632 2347//1632 2198//1632 2341//1632
f 2348//1633 2199//1633 2198//1633 2347//1633
f 2349//1634 2200//1634 2199//1634 2348//1634
f 2350//1635 2201//1635 2200//1635 2349//1635
f 2351//1636 2340//1636 2201//1636 2350//1636
f 2324//1637 2298//1637 2299//1637 2325//1637
f 2323//1638 2297//1638 2298//1638 2324//1638
f 2305//1639 2295//1639 2297//1639 2323//1639
f 2306//1640 2296//1640 2295//1640 2305//1640
f 2318//1641 2307//1641 2296//1641 2306//1641
f 2319//1642 2308//1642 2307//1642 2318//1642
f 2320//1643 2309//1643 2308//1643 2319//1643
f 2321//1644 2310//1644 2309//1644 2320//1644
f 2322//1645 2311//1645 2310//1645 2321//1645
f 2322//1646 2317//1646 2281//1646 2311//1646
f 2316//1647 2280//1647 2281//1647 2317//1647
f 2312//1648 2279//1648 2280//1648 2316//1648
f 2313//1649 2278//1649 2279//1649 2312//1649
f 2315//1650 2314//1650 2278//1650 2313//1650
f 2271//1651 2232//1651 2272//1651 2276//1651
f 2270//1652 2231//1652 2232//1652 2271//1652
f 2269//1653 2230//1653 2231//1653 2270//1653
f 2268//1654 2242//1654 2230//1654 2269//1654
f 2267//1655 2241//1655 2242//1655 2268//1655
f 2266//1656 2240//1656 2241//1656 2267//1656
f 2265//1657 2239//1657 2240//1657 2266//1657
f 2264//1658 2238//1658 2239//1658 2265//1658
f 2263//1659 2237//1659 2238//1659 2264//1659
f 2262//1660 2236//1660 2237//1660 2263//1660
f 2261//1661 2235//1661 2236//1661 2262//1661
f 2243//1662 2233//1662 2235//1662 2261//1662
f 2244//1663 2234//1663 2233//1663 2243//1663
f 2256//1664 2245//1664 2234//1664 2244//1664
f 2257//1665 2246//1665 2245//1665 2256//1665
f 2258//1666 2247//1666 2246//1666 2257//1666
f 2259//1667 2248//1667 2247//1667 2258//1667
f 2260//1668 2249//1668 2248//1668 2259//1668
f 2260//1669 2255//1669 2219//1669 2249//1669
f 2254//1670 2218//1670 2219//1670 2255//1670
f 2250//1671 2217//1671 2218//1671 2254//1671
f 2251//1672 2216//1672 2217//1672 2250//1672
f 2253//1673 2252//1673 2216//1673 2251//1673
f 2219//1674 2220//1674 2249//1674
f 2249//1675 2220//1675 2248//1675
f 2220//1676 2213//1676 2248//1676
f 2248//1677 2213//1677 2247//1677
f 2213//1678 2212//1678 2247//1678
f 2247//1679 2212//1679 2246//1679
f 2212//1680 2211//1680 2246//1680
f 2246//1681 2211//1681 2245//1681
f 2211//1682 2210//1682 2245//1682
f 2245//1683 2210//1683 2234//1683
f 2210//1684 2221//1684 2234//1684
f 2234//1685 2221//1685 2233//1685
f 2221//1686 2222//1686 2233//1686
f 2233//1687 2222//1687 2235//1687
f 2222//1688 2223//1688 2235//1688
f 2235//1689 2223//1689 2236//1689
f 2223//1690 2224//1690 2236//1690
f 2236//1691 2224//1691 2237//1691
f 2224//1692 2225//1692 2237//1692
f 2237//1693 2225//1693 2238//1693
f 2225//1694 2226//1694 2238//1694
f 2238//1695 2226//1695 2239//1695
f 2226//1696 2227//1696 2239//1696
f 2239//1697 2227//1697 2240//1697
f 2227//1698 2228//1698 2240//1698
f 2240//1699 2228//1699 2241//1699
f 2228//1700 2229//1700 2241//1700
f 2241//1701 2229//1701 2242//1701
f 2229//1702 2230//1702 2242//1702
f 2281//1703 2282//1703 2311//1703
f 2311//1704 2282//1704 2310//1704
f 2282//1705 2207//1705 2310//1705
f 2310//1706 2207//1706 2309//1706
f 2207//1707 2206//1707 2309//1707
f 2309//1708 2206//1708 2308//1708
f 2206//1709 2205//1709 2308//1709
f 2308//1710 2205//1710 2307//1710
f 2205//1711 2204//1711 2307//1711
f 2307//1712 2204//1712 2296//1712
f 2204//1713 2283//1713 2296//1713
f 2296//1714 2283//1714 2295//1714
f 2283//1715 2284//1715 2295//1715
f 2295//1716 2284//1716 2297//1716
f 2284//1717 2285//1717 2297//1717
f 2297//1718 2285//1718 2298//1718
f 2198//1719 2196//1719 2341//1719
f 2341//1720 2196//1720 2197//1720
f 2196//1721 2194//1721 2197//1721
f 2197//1722 2194//1722 2195//1722
f 2194//1723 2192//1723 2195//1723
f 2195//1724 2192//1724 2193//1724
f 2192//1725 2190//1725 2193//1725
f 2193//1726 2190//1726 2191//1726
f 2190//1727 2189//1727 2191//1727
f 2191//1728 2189//1728 2188//1728
f 2189//1729 2187//1729 2188//1729
f 2188//1730 2187//1730 2186//1730
f 2187//1731 2003//1731 2186//1731
f 2186//1732 2003//1732 2185//1732
f 2003//1733 2004//1733 2185//1733
f 2185//1734 2004//1734 2184//1734
f 2004//1735 2005//1735 2184//1735
f 2184//1736 2005//1736 2183//1736
f 2005//1737 2006//1737 2183//1737
f 2183//1738 2006//1738 2182//1738
f 2006//1739 2007//1739 2182//1739
f 2182//1740 2007//1740 2178//1740
f 2007//1741 2008//1741 2178//1741
f 2178//1742 2008//1742 2177//1742
f 2008//1743 2009//1743 2177//1743
f 2177//1744 2009//1744 2176//1744
f 2009//1745 2010//1745 2176//1745
f 2176//1746 2010//1746 2179//1746
f 2010//1747 2011//1747 2179//1747
f 2150//1748 2148//1748 2155//1748
f 2155//1749 2148//1749 2149//1749
f 2148//1750 2146//1750 2149//1750
f 2149//1751 2146//1751 2147//1751
f 2146//1752 2144//1752 2147//1752
f 2147//1753 2144//1753 2145//1753
f 2144//1754 2142//1754 2145//1754
f 2145//1755 2142//1755 2143//1755
f 2142//1756 2023//1756 2143//1756
f 2143//1757 2023//1757 2141//1757
f 2023//1758 2022//1758 2141//1758
f 2141//1759 2022//1759 2130//1759
f 2022//1760 2021//1760 2130//1760
f 2130//1761 2021//1761 2129//1761
f 2021//1762 2024//1762 2129//1762
f 2129//1763 2024//1763 2131//1763
f 2024//1764 2025//1764 2131//1764
f 2131//1765 2025//1765 2132//1765
f 2025//1766 2026//1766 2132//1766
f 2132//1767 2026//1767 2133//1767
f 2026//1768 2027//1768 2133//1768
f 2133//1769 2027//1769 2134//1769
f 2027//1770 2028//1770 2134//1770
f 2134//1771 2028//1771 2135//1771
f 2028//1772 2029//1772 2135//1772
f 2135//1773 2029//1773 2136//1773
f 2029//1774 2030//1774 2136//1774
f 2136//1775 2030//1775 2137//1775
f 2030//1776 2031//1776 2137//1776
f 2109//1777 2104//1777 2108//1777
f 2108//1778 2104//1778 2105//1778
f 2104//1779 2101//1779 2105//1779
f 2105//1780 2101//1780 2100//1780
f 1966//1781 1967//1781 2272//1781
f 1984//1782 1985//1782 2286//1782
f 2286//1783 1985//1783 2287//1783
f 1985//1784 1986//1784 2287//1784
f 2287//1785 1986//1785 2288//1785
f 1986//1786 1987//1786 2288//1786
f 2288//1787 1987//1787 2289//1787
f 1987//1788 1988//1788 2289//1788
f 2289//1789 1988//1789 2290//1789
f 1988//1790 1989//1790 2290//1790
f 2290//1791 1989//1791 2291//1791
f 1989//1792 1990//1792 2291//1792
f 2291//1793 1990//1793 2292//1793
f 1990//1794 1991//1794 2292//1794
f 2290//1795 2291//1795 2303//1795
f 2289//1796 2290//1796 2302//1796
f 2288//1797 2289//1797 2301//1797
f 2287//1798 2288//1798 2300//1798
f 2286//1799 2287//1799 2299//1799
f 1991//1800 1869//1800 2293//1800
f 1869//1801 1992//1801 2294//1801
f 1992//1802 1993//1802 2334//1802
f 1890//1803 1891//1803 2171//1803
f 1911//1804 1912//1804 2123//1804
f 2056//1805 2052//1805 2057//1805
f 1414//1806 1413//1806 1298//1806
f 1413//1807 1297//1807 1298//1807
f 1298//1808 1297//1808 1185//1808
f 1297//1809 1184//1809 1185//1809
f 1185//1810 1184//1810 1079//1810
f 1184//1811 1078//1811 1079//1811
f 1079//1812 1078//1812 976//1812
f 1078//1813 975//1813 976//1813
f 976//1814 975//1814 880//1814
f 975//1815 879//1815 880//1815
f 880//1816 879//1816 787//1816
f 879//1817 786//1817 787//1817
f 787//1818 786//1818 701//1818
f 786//1819 698//1819 701//1819
f 701//1820 698//1820 618//1820
f 698//1821 543//1821 618//1821
f 618//1822 543//1822 539//1822
f 543//1823 542//1823 539//1823
f 542//1824 538//1824 539//1824
f 539//1825 538//1825 406//1825
f 538//1826 405//1826 406//1826
f 406//1827 405//1827 402//1827
f 405//1828 401//1828 402//1828
f 402//1829 401//1829 289//1829
f 401//1830 288//1830 289//1830
f 289//1831 288//1831 285//1831
f 288//1832 284//1832 285//1832
f 285//1833 284//1833 192//1833
f 284//1834 191//1834 192//1834
f 192//1835 191//1835 188//1835
f 191//1836 187//1836 188//1836
f 188//1837 187//1837 115//1837
f 187//1838 114//1838 115//1838
f 115//1839 114//1839 111//1839
f 114//1840 110//1840 111//1840
f 111//1841 110//1841 58//1841
f 110//1842 57//1842 58//1842
f 58//1843 57//1843 54//1843
f 57//1844 53//1844 54//1844
f 54//1845 53//1845 18//1845
f 53//1846 17//1846 18//1846
f 18//1847 17//1847 15//1847
f 17//1848 14//1848 15//1848
f 15//1849 14//1849 3//1849
f 14//1850 12//1850 3//1850
f 3//1851 1//1851 4//1851
f 1//1852 6//1852 5//1852
f 6//1853 9//1853 8//1853
f 9//1854 12//1854 11//1854
f 11//1855 12//1855 13//1855
f 13//1856 12//1856 14//1856
f 13//1857 14//1857 16//1857
f 16//1858 14//1858 17//1858
f 16//1859 17//1859 34//1859
f 34//1860 17//1860 53//1860
f 34//1861 53//1861 56//1861
f 56//1862 53//1862 57//1862
f 56//1863 57//1863 81//1863
f 81//1864 57//1864 110//1864
f 81//1865 110//1865 113//1865
f 113//1866 110//1866 114//1866
f 113//1867 114//1867 148//1867
f 148//1868 114//1868 187//1868
f 148//1869 187//1869 190//1869
f 190//1870 187//1870 191//1870
f 190//1871 191//1871 235//1871
f 235//1872 191//1872 284//1872
f 235//1873 284//1873 287//1873
f 287//1874 284//1874 288//1874
f 287//1875 288//1875 342//1875
f 342//1876 288//1876 401//1876
f 342//1877 401//1877 404//1877
f 404//1878 401//1878 405//1878
f 404//1879 405//1879 469//1879
f 469//1880 405//1880 538//1880
f 469//1881 538//1881 541//1881
f 541//1882 538//1882 542//1882
f 541//1883 542//1883 616//1883
f 616//1884 542//1884 617//1884
f 542//1885 543//1885 617//1885
f 617//1886 543//1886 697//1886
f 697//1887 543//1887 698//1887
f 697//1888 698//1888 785//1888
f 785//1889 698//1889 786//1889
f 785//1890 786//1890 878//1890
f 878//1891 786//1891 879//1891
f 878//1892 879//1892 974//1892
f 974//1893 879//1893 975//1893
f 974//1894 975//1894 1077//1894
f 1077//1895 975//1895 1078//1895
f 1077//1896 1078//1896 1183//1896
f 1183//1897 1078//1897 1184//1897
f 1183//1898 1184//1898 1296//1898
f 1296//1899 1184//1899 1297//1899
f 1296//1900 1297//1900 1412//1900
f 1412//1901 1297//1901 1413//1901
f 1412//1902 1411//1902 1296//1902
f 1411//1903 1295//1903 1296//1903
f 1296//1904 1295//1904 1183//1904
f 1295//1905 1182//1905 1183//1905
f 1183//1906 1182//1906 1077//1906
f 1182//1907 1076//1907 1077//1907
f 1077//1908 1076//1908 974//1908
f 1076//1909 973//1909 974//1909
f 974//1910 973//1910 878//1910
f 973//1911 875//1911 878//1911
f 878//1912 875//1912 785//1912
f 875//1913 700//1913 785//1913
f 785//1914 700//1914 697//1914
f 700//1915 699//1915 697//1915
f 699//1916 617//1916 697//1916
f 699//1917 696//1917 617//1917
f 696//1918 616//1918 617//1918
f 696//1919 695//1919 616//1919
f 695//1920 615//1920 616//1920
f 616//1921 615//1921 541//1921
f 615//1922 537//1922 541//1922
f 541//1923 537//1923 469//1923
f 537//1924 468//1924 469//1924
f 469//1925 468//1925 404//1925
f 468//1926 400//1926 404//1926
f 404//1927 400//1927 342//1927
f 400//1928 341//1928 342//1928
f 342//1929 341//1929 287//1929
f 341//1930 283//1930 287//1930
f 287//1931 283//1931 235//1931
f 283//1932 234//1932 235//1932
f 235//1933 234//1933 190//1933
f 234//1934 186//1934 190//1934
f 190//1935 186//1935 148//1935
f 186//1936 147//1936 148//1936
f 148//1937 147//1937 113//1937
f 147//1938 109//1938 113//1938
f 113//1939 109//1939 81//1939
f 109//1940 80//1940 81//1940
f 81//1941 80//1941 56//1941
f 80//1942 52//1942 56//1942
f 56//1943 52//1943 34//1943
f 52//1944 33//1944 34//1944
f 34//1945 33//1945 16//1945
f 33//1946 29//1946 16//1946
f 16//1947 29//1947 13//1947
f 29//1948 28//1948 13//1948
f 28//1949 11//1949 13//1949
f 28//1950 27//1950 11//1950
f 27//1951 10//1951 11//1951
f 11//1952 10//1952 9//1952
f 10//1953 8//1953 9//1953
f 8//1954 10//1954 25//1954
f 25//1955 10//1955 26//1955
f 26//1956 10//1956 27//1956
f 26//1957 27//1957 46//1957
f 46//1958 27//1958 30//1958
f 27//1959 28//1959 30//1959
f 30//1960 28//1960 31//1960
f 28//1961 29//1961 31//1961
f 31//1962 29//1962 32//1962
f 32//1963 29//1963 33//1963
f 32//1964 33//1964 51//1964
f 51//1965 33//1965 52//1965
f 51//1966 52//1966 79//1966
f 79//1967 52//1967 80//1967
f 79//1968 80//1968 108//1968
f 108//1969 80//1969 109//1969
f 108//1970 109//1970 146//1970
f 146//1971 109//1971 147//1971
f 146//1972 147//1972 185//1972
f 185//1973 147//1973 186//1973
f 185//1974 186//1974 233//1974
f 233//1975 186//1975 234//1975
f 233//1976 234//1976 282//1976
f 282//1977 234//1977 283//1977
f 282//1978 283//1978 340//1978
f 340//1979 283//1979 341//1979
f 340//1980 341//1980 399//1980
f 399//1981 341//1981 400//1981
f 399//1982 400//1982 467//1982
f 467//1983 400//1983 468//1983
f 467//1984 468//1984 536//1984
f 536//1985 468//1985 537//1985
f 536//1986 537//1986 614//1986
f 614//1987 537//1987 615//1987
f 614//1988 615//1988 694//1988
f 694//1989 615//1989 695//1989
f 694//1990 695//1990 781//1990
f 781//1991 695//1991 782//1991
f 695//1992 696//1992 782//1992
f 782//1993 696//1993 783//1993
f 696//1994 699//1994 783//1994
f 783//1995 699//1995 784//1995
f 699//1996 700//1996 784//1996
f 784//1997 700//1997 874//1997
f 874//1998 700//1998 875//1998
f 874//1999 875//1999 972//1999
f 972//2000 875//2000 973//2000
f 972//2001 973//2001 1075//2001
f 1075//2002 973//2002 1076//2002
f 1075//2003 1076//2003 1181//2003
f 1181//2004 1076//2004 1182//2004
f 1181//2005 1182//2005 1294//2005
f 1294//2006 1182//2006 1295//2006
f 1294//2007 1295//2007 1410//2007
f 1410//2008 1295//2008 1411//2008
f 1410//2009 1409//2009 1294//2009
f 1409//2010 1293//2010 1294//2010
f 1294//2011 1293//2011 1181//2011
f 1293//2012 1180//2012 1181//2012
f 1181//2013 1180//2013 1075//2013
f 1180//2014 1072//2014 1075//2014
f 1075//2015 1072//2015 972//2015
f 1072//2016 877//2016 972//2016
f 972//2017 877//2017 874//2017
f 877//2018 876//2018 874//2018
f 876//2019 784//2019 874//2019
f 876//2020 873//2020 784//2020
f 873//2021 783//2021 784//2021
f 873//2022 872//2022 783//2022
f 872//2023 782//2023 783//2023
f 872//2024 871//2024 782//2024
f 871//2025 781//2025 782//2025
f 871//2026 870//2026 781//2026
f 870//2027 780//2027 781//2027
f 781//2028 780//2028 694//2028
f 780//2029 693//2029 694//2029
f 694//2030 693//2030 614//2030
f 693//2031 613//2031 614//2031
f 614//2032 613//2032 536//2032
f 613//2033 535//2033 536//2033
f 536//2034 535//2034 467//2034
f 535//2035 466//2035 467//2035
f 467//2036 466//2036 399//2036
f 466//2037 398//2037 399//2037
f 399//2038 398//2038 340//2038
f 398//2039 339//2039 340//2039
f 340//2040 339//2040 282//2040
f 339//2041 281//2041 282//2041
f 282//2042 281//2042 233//2042
f 281//2043 232//2043 233//2043
f 233//2044 232//2044 185//2044
f 232//2045 184//2045 185//2045
f 185//2046 184//2046 146//2046
f 184//2047 145//2047 146//2047
f 146//2048 145//2048 108//2048
f 145//2049 107//2049 108//2049
f 108//2050 107//2050 79//2050
f 107//2051 78//2051 79//2051
f 79//2052 78//2052 51//2052
f 78//2053 50//2053 51//2053
f 51//2054 50//2054 32//2054
f 50//2055 49//2055 32//2055
f 49//2056 31//2056 32//2056
f 49//2057 48//2057 31//2057
f 48//2058 30//2058 31//2058
f 48//2059 47//2059 30//2059
f 47//2060 46//2060 30//2060
f 47//2061 72//2061 46//2061
f 72//2062 45//2062 46//2062
f 46//2063 45//2063 26//2063
f 45//2064 44//2064 26//2064
f 44//2065 25//2065 26//2065
f 44//2066 43//2066 25//2066
f 43//2067 24//2067 25//2067
f 25//2068 24//2068 8//2068
f 24//2069 7//2069 8//2069
f 8//2070 7//2070 6//2070
f 7//2071 5//2071 6//2071
f 5//2072 7//2072 22//2072
f 22//2073 7//2073 23//2073
f 23//2074 7//2074 24//2074
f 23//2075 24//2075 42//2075
f 42//2076 24//2076 43//2076
f 42//2077 43//2077 68//2077
f 68//2078 43//2078 69//2078
f 43//2079 44//2079 69//2079
f 69//2080 44//2080 70//2080
f 44//2081 45//2081 70//2081
f 70//2082 45//2082 71//2082
f 71//2083 45//2083 72//2083
f 71//2084 72//2084 99//2084
f 99//2085 72//2085 73//2085
f 72//2086 47//2086 73//2086
f 73//2087 47//2087 74//2087
f 47//2088 48//2088 74//2088
f 74//2089 48//2089 75//2089
f 48//2090 49//2090 75//2090
f 75//2091 49//2091 76//2091
f 49//2092 50//2092 76//2092
f 76//2093 50//2093 77//2093
f 77//2094 50//2094 78//2094
f 77//2095 78//2095 106//2095
f 106//2096 78//2096 107//2096
f 106//2097 107//2097 144//2097
f 144//2098 107//2098 145//2098
f 144//2099 145//2099 183//2099
f 183//2100 145//2100 184//2100
f 183//2101 184//2101 231//2101
f 231//2102 184//2102 232//2102
f 231//2103 232//2103 280//2103
f 280//2104 232//2104 281//2104
f 280//2105 281//2105 338//2105
f 338//2106 281//2106 339//2106
f 338//2107 339//2107 397//2107
f 397//2108 339//2108 398//2108
f 397//2109 398//2109 465//2109
f 465//2110 398//2110 466//2110
f 465//2111 466//2111 534//2111
f 534//2112 466//2112 535//2112
f 534//2113 535//2113 612//2113
f 612//2114 535//2114 613//2114
f 612//2115 613//2115 692//2115
f 692//2116 613//2116 693//2116
f 692//2117 693//2117 779//2117
f 779//2118 693//2118 780//2118
f 779//2119 780//2119 869//2119
f 869//2120 780//2120 870//2120
f 869//2121 870//2121 966//2121
f 966//2122 870//2122 967//2122
f 870//2123 871//2123 967//2123
f 967//2124 871//2124 968//2124
f 871//2125 872//2125 968//2125
f 968//2126 872//2126 969//2126
f 872//2127 873//2127 969//2127
f 969//2128 873//2128 970//2128
f 873//2129 876//2129 970//2129
f 970//2130 876//2130 971//2130
f 876//2131 877//2131 971//2131
f 971//2132 877//2132 1071//2132
f 1071//2133 877//2133 1072//2133
f 1071//2134 1072//2134 1179//2134
f 1179//2135 1072//2135 1180//2135
f 1179//2136 1180//2136 1292//2136
f 1292//2137 1180//2137 1293//2137
f 1292//2138 1293//2138 1408//2138
f 1408//2139 1293//2139 1409//2139
f 1408//2140 1407//2140 1292//2140
f 1407//2141 1289//2141 1292//2141
f 1292//2142 1289//2142 1179//2142
f 1289//2143 1074//2143 1179//2143
f 1179//2144 1074//2144 1071//2144
f 1074//2145 1073//2145 1071//2145
f 1073//2146 971//2146 1071//2146
f 1073//2147 1070//2147 971//2147
f 1070//2148 970//2148 971//2148
f 1070//2149 1069//2149 970//2149
f 1069//2150 969//2150 970//2150
f 1069//2151 1068//2151 969//2151
f 1068//2152 968//2152 969//2152
f 1068//2153 1067//2153 968//2153
f 1067//2154 967//2154 968//2154
f 1067//2155 1066//2155 967//2155
f 1066//2156 966//2156 967//2156
f 1066//2157 1065//2157 966//2157
f 1065//2158 965//2158 966//2158
f 966//2159 965//2159 869//2159
f 965//2160 868//2160 869//2160
f 869//2161 868//2161 779//2161
f 868//2162 778//2162 779//2162
f 779//2163 778//2163 692//2163
f 778//2164 691//2164 692//2164
f 692//2165 691//2165 612//2165
f 691//2166 611//2166 612//2166
f 612//2167 611//2167 534//2167
f 611//2168 533//2168 534//2168
f 534//2169 533//2169 465//2169
f 533//2170 464//2170 465//2170
f 465//2171 464//2171 397//2171
f 464//2172 396//2172 397//2172
f 397//2173 396//2173 338//2173
f 396//2174 337//2174 338//2174
f 338//2175 337//2175 280//2175
f 337//2176 279//2176 280//2176
f 280//2177 279//2177 231//2177
f 279//2178 230//2178 231//2178
f 231//2179 230//2179 183//2179
f 230//2180 182//2180 183//2180
f 183//2181 182//2181 144//2181
f 182//2182 143//2182 144//2182
f 144//2183 143//2183 106//2183
f 143//2184 105//2184 106//2184
f 106//2185 105//2185 77//2185
f 105//2186 104//2186 77//2186
f 104//2187 76//2187 77//2187
f 104//2188 103//2188 76//2188
f 103//2189 75//2189 76//2189
f 103//2190 102//2190 75//2190
f 102//2191 74//2191 75//2191
f 102//2192 101//2192 74//2192
f 101//2193 73//2193 74//2193
f 101//2194 100//2194 73//2194
f 100//2195 99//2195 73//2195
f 100//2196 135//2196 99//2196
f 135//2197 98//2197 99//2197
f 99//2198 98//2198 71//2198
f 98//2199 97//2199 71//2199
f 97//2200 70//2200 71//2200
f 97//2201 96//2201 70//2201
f 96//2202 69//2202 70//2202
f 96//2203 95//2203 69//2203
f 95//2204 68//2204 69//2204
f 95//2205 94//2205 68//2205
f 94//2206 67//2206 68//2206
f 68//2207 67//2207 42//2207
f 67//2208 41//2208 42//2208
f 42//2209 41//2209 23//2209
f 41//2210 40//2210 23//2210
f 40//2211 22//2211 23//2211
f 40//2212 39//2212 22//2212
f 39//2213 21//2213 22//2213
f 22//2214 21//2214 5//2214
f 21//2215 2//2215 5//2215
f 5//2216 2//2216 1//2216
f 2//2217 4//2217 1//2217
f 4//2218 2//2218 20//2218
f 20//2219 2//2219 19//2219
f 19//2220 2//2220 21//2220
f 19//2221 21//2221 38//2221
f 38//2222 21//2222 39//2222
f 38//2223 39//2223 63//2223
f 63//2224 39//2224 64//2224
f 39//2225 40//2225 64//2225
f 64//2226 40//2226 65//2226
f 40//2227 41//2227 65//2227
f 65//2228 41//2228 66//2228
f 66//2229 41//2229 67//2229
f 66//2230 67//2230 93//2230
f 93//2231 67//2231 94//2231
f 93//2232 94//2232 129//2232
f 129//2233 94//2233 130//2233
f 94//2234 95//2234 130//2234
f 130//2235 95//2235 131//2235
f 95//2236 96//2236 131//2236
f 131//2237 96//2237 132//2237
f 96//2238 97//2238 132//2238
f 132//2239 97//2239 133//2239
f 97//2240 98//2240 133//2240
f 133//2241 98//2241 134//2241
f 134//2242 98//2242 135//2242
f 134//2243 135//2243 172//2243
f 172//2244 135//2244 136//2244
f 135//2245 100//2245 136//2245
f 136//2246 100//2246 137//2246
f 100//2247 101//2247 137//2247
f 137//2248 101//2248 138//2248
f 101//2249 102//2249 138//2249
f 138//2250 102//2250 139//2250
f 102//2251 103//2251 139//2251
f 139//2252 103//2252 140//2252
f 103//2253 104//2253 140//2253
f 140//2254 104//2254 141//2254
f 104//2255 105//2255 141//2255
f 141//2256 105//2256 142//2256
f 142//2257 105//2257 143//2257
f 142//2258 143//2258 181//2258
f 181//2259 143//2259 182//2259
f 181//2260 182//2260 229//2260
f 229//2261 182//2261 230//2261
f 229//2262 230//2262 278//2262
f 278//2263 230//2263 279//2263
f 278//2264 279//2264 336//2264
f 336//2265 279//2265 337//2265
f 336//2266 337//2266 395//2266
f 395//2267 337//2267 396//2267
f 395//2268 396//2268 463//2268
f 463//2269 396//2269 464//2269
f 463//2270 464//2270 532//2270
f 532//2271 464//2271 533//2271
f 532//2272 533//2272 610//2272
f 610//2273 533//2273 611//2273
f 610//2274 611//2274 690//2274
f 690//2275 611//2275 691//2275
f 690//2276 691//2276 777//2276
f 777//2277 691//2277 778//2277
f 777//2278 778//2278 867//2278
f 867//2279 778//2279 868//2279
f 867//2280 868//2280 964//2280
f 964//2281 868//2281 965//2281
f 964//2282 965//2282 1064//2282
f 1064//2283 965//2283 1065//2283
f 1064//2284 1065//2284 1170//2284
f 1170//2285 1065//2285 1172//2285
f 1065//2286 1066//2286 1172//2286
f 1172//2287 1066//2287 1173//2287
f 1066//2288 1067//2288 1173//2288
f 1173//2289 1067//2289 1174//2289
f 1067//2290 1068//2290 1174//2290
f 1174//2291 1068//2291 1175//2291
f 1068//2292 1069//2292 1175//2292
f 1175//2293 1069//2293 1176//2293
f 1069//2294 1070//2294 1176//2294
f 1176//2295 1070//2295 1177//2295
f 1070//2296 1073//2296 1177//2296
f 1177//2297 1073//2297 1178//2297
f 1073//2298 1074//2298 1178//2298
f 1178//2299 1074//2299 1288//2299
f 1288//2300 1074//2300 1289//2300
f 1288//2301 1289//2301 1406//2301
f 1406//2302 1289//2302 1407//2302
f 1406//2303 1291//2303 1288//2303
f 1291//2304 1290//2304 1288//2304
f 1290//2305 1178//2305 1288//2305
f 1290//2306 1287//2306 1178//2306
f 1287//2307 1177//2307 1178//2307
f 1287//2308 1286//2308 1177//2308
f 1286//2309 1176//2309 1177//2309
f 1286//2310 1285//2310 1176//2310
f 1285//2311 1175//2311 1176//2311
f 1285//2312 1284//2312 1175//2312
f 1284//2313 1174//2313 1175//2313
f 1284//2314 1283//2314 1174//2314
f 1283//2315 1173//2315 1174//2315
f 1283//2316 1282//2316 1173//2316
f 1282//2317 1172//2317 1173//2317
f 1282//2318 1281//2318 1172//2318
f 1281//2319 1170//2319 1172//2319
f 1281//2320 1279//2320 1170//2320
f 1279//2321 1171//2321 1170//2321
f 1170//2322 1171//2322 1064//2322
f 1171//2323 1063//2323 1064//2323
f 1064//2324 1063//2324 964//2324
f 1063//2325 963//2325 964//2325
f 964//2326 963//2326 867//2326
f 963//2327 866//2327 867//2327
f 867//2328 866//2328 777//2328
f 866//2329 776//2329 777//2329
f 777//2330 776//2330 690//2330
f 776//2331 689//2331 690//2331
f 690//2332 689//2332 610//2332
f 689//2333 609//2333 610//2333
f 610//2334 609//2334 532//2334
f 609//2335 531//2335 532//2335
f 532//2336 531//2336 463//2336
f 531//2337 462//2337 463//2337
f 463//2338 462//2338 395//2338
f 462//2339 394//2339 395//2339
f 395//2340 394//2340 336//2340
f 394//2341 335//2341 336//2341
f 336//2342 335//2342 278//2342
f 335//2343 277//2343 278//2343
f 278//2344 277//2344 229//2344
f 277//2345 228//2345 229//2345
f 229//2346 228//2346 181//2346
f 228//2347 180//2347 181//2347
f 181//2348 180//2348 142//2348
f 180//2349 179//2349 142//2349
f 179//2350 141//2350 142//2350
f 179//2351 178//2351 141//2351
f 178//2352 140//2352 141//2352
f 178//2353 177//2353 140//2353
f 177//2354 139//2354 140//2354
f 177//2355 176//2355 139//2355
f 176//2356 138//2356 139//2356
f 176//2357 175//2357 138//2357
f 175//2358 137//2358 138//2358
f 175//2359 174//2359 137//2359
f 174//2360 136//2360 137//2360
f 174//2361 173//2361 136//2361
f 173//2362 172//2362 136//2362
f 173//2363 218//2363 172//2363
f 218//2364 171//2364 172//2364
f 172//2365 171//2365 134//2365
f 171//2366 170//2366 134//2366
f 170//2367 133//2367 134//2367
f 170//2368 169//2368 133//2368
f 169//2369 132//2369 133//2369
f 169//2370 168//2370 132//2370
f 168//2371 131//2371 132//2371
f 168//2372 167//2372 131//2372
f 167//2373 130//2373 131//2373
f 167//2374 166//2374 130//2374
f 166//2375 129//2375 130//2375
f 166//2376 165//2376 129//2376
f 165//2377 128//2377 129//2377
f 129//2378 128//2378 93//2378
f 128//2379 92//2379 93//2379
f 93//2380 92//2380 66//2380
f 92//2381 91//2381 66//2381
f 91//2382 65//2382 66//2382
f 91//2383 90//2383 65//2383
f 90//2384 64//2384 65//2384
f 90//2385 89//2385 64//2385
f 89//2386 63//2386 64//2386
f 89//2387 88//2387 63//2387
f 88//2388 62//2388 63//2388
f 63//2389 62//2389 38//2389
f 62//2390 36//2390 38//2390
f 38//2391 36//2391 19//2391
f 36//2392 37//2392 19//2392
f 37//2393 20//2393 19//2393
f 37//2394 59//2394 20//2394
f 59//2395 35//2395 20//2395
f 20//2396 35//2396 4//2396
f 35//2397 15//2397 4//2397
f 4//2398 15//2398 3//2398
f 35//2399 18//2399 15//2399
f 18//2400 35//2400 55//2400
f 55//2401 35//2401 59//2401
f 55//2402 59//2402 83//2402
f 83//2403 59//2403 84//2403
f 59//2404 37//2404 84//2404
f 84//2405 37//2405 61//2405
f 37//2406 36//2406 61//2406
f 61//2407 36//2407 60//2407
f 60//2408 36//2408 62//2408
f 60//2409 62//2409 87//2409
f 87//2410 62//2410 88//2410
f 87//2411 88//2411 122//2411
f 122//2412 88//2412 123//2412
f 88//2413 89//2413 123//2413
f 123//2414 89//2414 124//2414
f 89//2415 90//2415 124//2415
f 124//2416 90//2416 125//2416
f 90//2417 91//2417 125//2417
f 125//2418 91//2418 126//2418
f 91//2419 92//2419 126//2419
f 126//2420 92//2420 127//2420
f 127//2421 92//2421 128//2421
f 127//2422 128//2422 164//2422
f 164//2423 128//2423 165//2423
f 164//2424 165//2424 210//2424
f 210//2425 165//2425 211//2425
f 165//2426 166//2426 211//2426
f 211//2427 166//2427 212//2427
f 166//2428 167//2428 212//2428
f 212//2429 167//2429 213//2429
f 167//2430 168//2430 213//2430
f 213//2431 168//2431 214//2431
f 168//2432 169//2432 214//2432
f 214//2433 169//2433 215//2433
f 169//2434 170//2434 215//2434
f 215//2435 170//2435 216//2435
f 170//2436 171//2436 216//2436
f 216//2437 171//2437 217//2437
f 217//2438 171//2438 218//2438
f 217//2439 218//2439 265//2439
f 265//2440 218//2440 219//2440
f 218//2441 173//2441 219//2441
f 219//2442 173//2442 220//2442
f 173//2443 174//2443 220//2443
f 220//2444 174//2444 221//2444
f 174//2445 175//2445 221//2445
f 221//2446 175//2446 222//2446
f 175//2447 176//2447 222//2447
f 222//2448 176//2448 223//2448
f 176//2449 177//2449 223//2449
f 223//2450 177//2450 224//2450
f 177//2451 178//2451 224//2451
f 224//2452 178//2452 225//2452
f 178//2453 179//2453 225//2453
f 225//2454 179//2454 226//2454
f 179//2455 180//2455 226//2455
f 226//2456 180//2456 227//2456
f 227//2457 180//2457 228//2457
f 227//2458 228//2458 276//2458
f 276//2459 228//2459 277//2459
f 276//2460 277//2460 334//2460
f 334//2461 277//2461 335//2461
f 334//2462 335//2462 393//2462
f 393//2463 335//2463 394//2463
f 393//2464 394//2464 461//2464
f 461//2465 394//2465 462//2465
f 461//2466 462//2466 530//2466
f 530//2467 462//2467 531//2467
f 530//2468 531//2468 608//2468
f 608//2469 531//2469 609//2469
f 608//2470 609//2470 688//2470
f 688//2471 609//2471 689//2471
f 688//2472 689//2472 775//2472
f 775//2473 689//2473 776//2473
f 775//2474 776//2474 865//2474
f 865//2475 776//2475 866//2475
f 865//2476 866//2476 962//2476
f 962//2477 866//2477 963//2477
f 962//2478 963//2478 1062//2478
f 1062//2479 963//2479 1063//2479
f 1062//2480 1063//2480 1169//2480
f 1169//2481 1063//2481 1171//2481
f 1169//2482 1171//2482 1280//2482
f 1280//2483 1171//2483 1279//2483
f 1280//2484 1278//2484 1169//2484
f 1278//2485 1168//2485 1169//2485
f 1169//2486 1168//2486 1062//2486
f 1168//2487 1061//2487 1062//2487
f 1062//2488 1061//2488 962//2488
f 1061//2489 961//2489 962//2489
f 962//2490 961//2490 865//2490
f 961//2491 864//2491 865//2491
f 865//2492 864//2492 775//2492
f 864//2493 774//2493 775//2493
f 775//2494 774//2494 688//2494
f 774//2495 687//2495 688//2495
f 688//2496 687//2496 608//2496
f 687//2497 607//2497 608//2497
f 608//2498 607//2498 530//2498
f 607//2499 529//2499 530//2499
f 530//2500 529//2500 461//2500
f 529//2501 460//2501 461//2501
f 461//2502 460//2502 393//2502
f 460//2503 392//2503 393//2503
f 393//2504 392//2504 334//2504
f 392//2505 333//2505 334//2505
f 334//2506 333//2506 276//2506
f 333//2507 275//2507 276//2507
f 276//2508 275//2508 227//2508
f 275//2509 274//2509 227//2509
f 274//2510 226//2510 227//2510
f 274//2511 273//2511 226//2511
f 273//2512 225//2512 226//2512
f 273//2513 272//2513 225//2513
f 272//2514 224//2514 225//2514
f 272//2515 271//2515 224//2515
f 271//2516 223//2516 224//2516
f 271//2517 270//2517 223//2517
f 270//2518 222//2518 223//2518
f 270//2519 269//2519 222//2519
f 269//2520 221//2520 222//2520
f 269//2521 268//2521 221//2521
f 268//2522 220//2522 221//2522
f 268//2523 267//2523 220//2523
f 267//2524 219//2524 220//2524
f 267//2525 266//2525 219//2525
f 266//2526 265//2526 219//2526
f 266//2527 321//2527 265//2527
f 321//2528 264//2528 265//2528
f 265//2529 264//2529 217//2529
f 264//2530 263//2530 217//2530
f 263//2531 216//2531 217//2531
f 263//2532 262//2532 216//2532
f 262//2533 215//2533 216//2533
f 262//2534 261//2534 215//2534
f 261//2535 214//2535 215//2535
f 261//2536 260//2536 214//2536
f 260//2537 213//2537 214//2537
f 260//2538 259//2538 213//2538
f 259//2539 212//2539 213//2539
f 259//2540 258//2540 212//2540
f 258//2541 211//2541 212//2541
f 258//2542 257//2542 211//2542
f 257//2543 210//2543 211//2543
f 257//2544 256//2544 210//2544
f 256//2545 209//2545 210//2545
f 210//2546 209//2546 164//2546
f 209//2547 163//2547 164//2547
f 164//2548 163//2548 127//2548
f 163//2549 162//2549 127//2549
f 162//2550 126//2550 127//2550
f 162//2551 161//2551 126//2551
f 161//2552 125//2552 126//2552
f 161//2553 160//2553 125//2553
f 160//2554 124//2554 125//2554
f 160//2555 159//2555 124//2555
f 159//2556 123//2556 124//2556
f 159//2557 158//2557 123//2557
f 158//2558 122//2558 123//2558
f 158//2559 157//2559 122//2559
f 157//2560 121//2560 122//2560
f 122//2561 121//2561 87//2561
f 121//2562 85//2562 87//2562
f 87//2563 85//2563 60//2563
f 85//2564 86//2564 60//2564
f 86//2565 61//2565 60//2565
f 86//2566 118//2566 61//2566
f 118//2567 84//2567 61//2567
f 118//2568 117//2568 84//2568
f 117//2569 83//2569 84//2569
f 117//2570 116//2570 83//2570
f 116//2571 82//2571 83//2571
f 83//2572 82//2572 55//2572
f 82//2573 54//2573 55//2573
f 55//2574 54//2574 18//2574
f 82//2575 58//2575 54//2575
f 58//2576 82//2576 112//2576
f 112//2577 82//2577 116//2577
f 112//2578 116//2578 150//2578
f 150//2579 116//2579 151//2579
f 116//2580 117//2580 151//2580
f 151//2581 117//2581 152//2581
f 117//2582 118//2582 152//2582
f 152//2583 118//2583 153//2583
f 118//2584 86//2584 153//2584
f 153//2585 86//2585 120//2585
f 86//2586 85//2586 120//2586
f 120//2587 85//2587 119//2587
f 119//2588 85//2588 121//2588
f 119//2589 121//2589 156//2589
f 156//2590 121//2590 157//2590
f 156//2591 157//2591 201//2591
f 201//2592 157//2592 202//2592
f 157//2593 158//2593 202//2593
f 202//2594 158//2594 203//2594
f 158//2595 159//2595 203//2595
f 203//2596 159//2596 204//2596
f 159//2597 160//2597 204//2597
f 204//2598 160//2598 205//2598
f 160//2599 161//2599 205//2599
f 205//2600 161//2600 206//2600
f 161//2601 162//2601 206//2601
f 206//2602 162//2602 207//2602
f 162//2603 163//2603 207//2603
f 207//2604 163//2604 208//2604
f 208//2605 163//2605 209//2605
f 208//2606 209//2606 255//2606
f 255//2607 209//2607 256//2607
f 255//2608 256//2608 311//2608
f 311//2609 256//2609 312//2609
f 256//2610 257//2610 312//2610
f 312//2611 257//2611 313//2611
f 257//2612 258//2612 313//2612
f 313//2613 258//2613 314//2613
f 258//2614 259//2614 314//2614
f 314//2615 259//2615 315//2615
f 259//2616 260//2616 315//2616
f 315//2617 260//2617 316//2617
f 260//2618 261//2618 316//2618
f 316//2619 261//2619 317//2619
f 261//2620 262//2620 317//2620
f 317//2621 262//2621 318//2621
f 262//2622 263//2622 318//2622
f 318//2623 263//2623 319//2623
f 263//2624 264//2624 319//2624
f 319//2625 264//2625 320//2625
f 320//2626 264//2626 321//2626
f 320//2627 321//2627 378//2627
f 378//2628 321//2628 322//2628
f 321//2629 266//2629 322//2629
f 322//2630 266//2630 323//2630
f 266//2631 267//2631 323//2631
f 323//2632 267//2632 324//2632
f 267//2633 268//2633 324//2633
f 324//2634 268//2634 325//2634
f 268//2635 269//2635 325//2635
f 325//2636 269//2636 326//2636
f 269//2637 270//2637 326//2637
f 326//2638 270//2638 327//2638
f 270//2639 271//2639 327//2639
f 327//2640 271//2640 328//2640
f 271//2641 272//2641 328//2641
f 328//2642 272//2642 329//2642
f 272//2643 273//2643 329//2643
f 329//2644 273//2644 330//2644
f 273//2645 274//2645 330//2645
f 330//2646 274//2646 331//2646
f 274//2647 275//2647 331//2647
f 331//2648 275//2648 332//2648
f 332//2649 275//2649 333//2649
f 332//2650 333//2650 391//2650
f 391//2651 333//2651 392//2651
f 391//2652 392//2652 459//2652
f 459//2653 392//2653 460//2653
f 459//2654 460//2654 528//2654
f 528//2655 460//2655 529//2655
f 528//2656 529//2656 606//2656
f 606//2657 529//2657 607//2657
f 606//2658 607//2658 686//2658
f 686//2659 607//2659 687//2659
f 686//2660 687//2660 773//2660
f 773//2661 687//2661 774//2661
f 773//2662 774//2662 863//2662
f 863//2663 774//2663 864//2663
f 863//2664 864//2664 960//2664
f 960//2665 864//2665 961//2665
f 960//2666 961//2666 1060//2666
f 1060//2667 961//2667 1061//2667
f 1060//2668 1061//2668 1167//2668
f 1167//2669 1061//2669 1168//2669
f 1167//2670 1168//2670 1277//2670
f 1277//2671 1168//2671 1278//2671
f 1277//2672 1276//2672 1167//2672
f 1276//2673 1166//2673 1167//2673
f 1167//2674 1166//2674 1060//2674
f 1166//2675 1059//2675 1060//2675
f 1060//2676 1059//2676 960//2676
f 1059//2677 959//2677 960//2677
f 960//2678 959//2678 863//2678
f 959//2679 862//2679 863//2679
f 863//2680 862//2680 773//2680
f 862//2681 772//2681 773//2681
f 773//2682 772//2682 686//2682
f 772//2683 685//2683 686//2683
f 686//2684 685//2684 606//2684
f 685//2685 605//2685 606//2685
f 606//2686 605//2686 528//2686
f 605//2687 527//2687 528//2687
f 528//2688 527//2688 459//2688
f 527//2689 458//2689 459//2689
f 459//2690 458//2690 391//2690
f 458//2691 390//2691 391//2691
f 391//2692 390//2692 332//2692
f 390//2693 389//2693 332//2693
f 389//2694 331//2694 332//2694
f 389//2695 388//2695 331//2695
f 388//2696 330//2696 331//2696
f 388//2697 387//2697 330//2697
f 387//2698 329//2698 330//2698
f 387//2699 386//2699 329//2699
f 386//2700 328//2700 329//2700
f 386//2701 385//2701 328//2701
f 385//2702 327//2702 328//2702
f 385//2703 384//2703 327//2703
f 384//2704 326//2704 327//2704
f 384//2705 383//2705 326//2705
f 383//2706 325//2706 326//2706
f 383//2707 382//2707 325//2707
f 382//2708 324//2708 325//2708
f 382//2709 381//2709 324//2709
f 381//2710 323//2710 324//2710
f 381//2711 380//2711 323//2711
f 380//2712 322//2712 323//2712
f 380//2713 379//2713 322//2713
f 379//2714 378//2714 322//2714
f 379//2715 444//2715 378//2715
f 444//2716 377//2716 378//2716
f 378//2717 377//2717 320//2717
f 377//2718 376//2718 320//2718
f 376//2719 319//2719 320//2719
f 376//2720 375//2720 319//2720
f 375//2721 318//2721 319//2721
f 375//2722 374//2722 318//2722
f 374//2723 317//2723 318//2723
f 374//2724 373//2724 317//2724
f 373//2725 316//2725 317//2725
f 373//2726 372//2726 316//2726
f 372//2727 315//2727 316//2727
f 372//2728 371//2728 315//2728
f 371//2729 314//2729 315//2729
f 371//2730 370//2730 314//2730
f 370//2731 313//2731 314//2731
f 370//2732 369//2732 313//2732
f 369//2733 312//2733 313//2733
f 369//2734 368//2734 312//2734
f 368//2735 311//2735 312//2735
f 368//2736 367//2736 311//2736
f 367//2737 310//2737 311//2737
f 311//2738 310//2738 255//2738
f 310//2739 254//2739 255//2739
f 255//2740 254//2740 208//2740
f 254//2741 253//2741 208//2741
f 253//2742 207//2742 208//2742
f 253//2743 252//2743 207//2743
f 252//2744 206//2744 207//2744
f 252//2745 251//2745 206//2745
f 251//2746 205//2746 206//2746
f 251//2747 250//2747 205//2747
f 250//2748 204//2748 205//2748
f 250//2749 249//2749 204//2749
f 249//2750 203//2750 204//2750
f 249//2751 248//2751 203//2751
f 248//2752 202//2752 203//2752
f 248//2753 247//2753 202//2753
f 247//2754 201//2754 202//2754
f 247//2755 246//2755 201//2755
f 246//2756 200//2756 201//2756
f 201//2757 200//2757 156//2757
f 200//2758 154//2758 156//2758
f 156//2759 154//2759 119//2759
f 154//2760 155//2760 119//2760
f 155//2761 120//2761 119//2761
f 155//2762 197//2762 120//2762
f 197//2763 153//2763 120//2763
f 197//2764 196//2764 153//2764
f 196//2765 152//2765 153//2765
f 196//2766 195//2766 152//2766
f 195//2767 151//2767 152//2767
f 195//2768 194//2768 151//2768
f 194//2769 150//2769 151//2769
f 194//2770 193//2770 150//2770
f 193//2771 149//2771 150//2771
f 150//2772 149//2772 112//2772
f 149//2773 111//2773 112//2773
f 112//2774 111//2774 58//2774
f 149//2775 115//2775 111//2775
f 115//2776 149//2776 189//2776
f 189//2777 149//2777 193//2777
f 189//2778 193//2778 237//2778
f 237//2779 193//2779 238//2779
f 193//2780 194//2780 238//2780
f 238//2781 194//2781 239//2781
f 194//2782 195//2782 239//2782
f 239//2783 195//2783 240//2783
f 195//2784 196//2784 240//2784
f 240//2785 196//2785 241//2785
f 196//2786 197//2786 241//2786
f 241//2787 197//2787 242//2787
f 197//2788 155//2788 242//2788
f 242//2789 155//2789 199//2789
f 155//2790 154//2790 199//2790
f 199//2791 154//2791 198//2791
f 198//2792 154//2792 200//2792
f 198//2793 200//2793 245//2793
f 245//2794 200//2794 246//2794
f 245//2795 246//2795 300//2795
f 300//2796 246//2796 301//2796
f 246//2797 247//2797 301//2797
f 301//2798 247//2798 302//2798
f 247//2799 248//2799 302//2799
f 302//2800 248//2800 303//2800
f 248//2801 249//2801 303//2801
f 303//2802 249//2802 304//2802
f 249//2803 250//2803 304//2803
f 304//2804 250//2804 305//2804
f 250//2805 251//2805 305//2805
f 305//2806 251//2806 306//2806
f 251//2807 252//2807 306//2807
f 306//2808 252//2808 307//2808
f 252//2809 253//2809 307//2809
f 307//2810 253//2810 308//2810
f 253//2811 254//2811 308//2811
f 308//2812 254//2812 309//2812
f 309//2813 254//2813 310//2813
f 309//2814 310//2814 366//2814
f 366//2815 310//2815 367//2815
f 366//2816 367//2816 432//2816
f 432//2817 367//2817 433//2817
f 367//2818 368//2818 433//2818
f 433//2819 368//2819 434//2819
f 368//2820 369//2820 434//2820
f 434//2821 369//2821 435//2821
f 369//2822 370//2822 435//2822
f 435//2823 370//2823 436//2823
f 370//2824 371//2824 436//2824
f 436//2825 371//2825 437//2825
f 371//2826 372//2826 437//2826
f 437//2827 372//2827 438//2827
f 372//2828 373//2828 438//2828
f 438//2829 373//2829 439//2829
f 373//2830 374//2830 439//2830
f 439//2831 374//2831 440//2831
f 374//2832 375//2832 440//2832
f 440//2833 375//2833 441//2833
f 375//2834 376//2834 441//2834
f 441//2835 376//2835 442//2835
f 376//2836 377//2836 442//2836
f 442//2837 377//2837 443//2837
f 443//2838 377//2838 444//2838
f 443//2839 444//2839 511//2839
f 511//2840 444//2840 445//2840
f 444//2841 379//2841 445//2841
f 445//2842 379//2842 446//2842
f 379//2843 380//2843 446//2843
f 446//2844 380//2844 447//2844
f 380//2845 381//2845 447//2845
f 447//2846 381//2846 448//2846
f 381//2847 382//2847 448//2847
f 448//2848 382//2848 449//2848
f 382//2849 383//2849 449//2849
f 449//2850 383//2850 450//2850
f 383//2851 384//2851 450//2851
f 450//2852 384//2852 451//2852
f 384//2853 385//2853 451//2853
f 451//2854 385//2854 452//2854
f 385//2855 386//2855 452//2855
f 452//2856 386//2856 453//2856
f 386//2857 387//2857 453//2857
f 453//2858 387//2858 454//2858
f 387//2859 388//2859 454//2859
f 454//2860 388//2860 455//2860
f 388//2861 389//2861 455//2861
f 455//2862 389//2862 456//2862
f 389//2863 390//2863 456//2863
f 456//2864 390//2864 457//2864
f 457//2865 390//2865 458//2865
f 457//2866 458//2866 526//2866
f 526//2867 458//2867 527//2867
f 526//2868 527//2868 604//2868
f 604//2869 527//2869 605//2869
f 604//2870 605//2870 684//2870
f 684//2871 605//2871 685//2871
f 684//2872 685//2872 771//2872
f 771//2873 685//2873 772//2873
f 771//2874 772//2874 861//2874
f 861//2875 772//2875 862//2875
f 861//2876 862//2876 958//2876
f 958//2877 862//2877 959//2877
f 958//2878 959//2878 1058//2878
f 1058//2879 959//2879 1059//2879
f 1058//2880 1059//2880 1165//2880
f 1165//2881 1059//2881 1166//2881
f 1165//2882 1166//2882 1275//2882
f 1275//2883 1166//2883 1276//2883
f 1275//2884 1274//2884 1165//2884
f 1274//2885 1164//2885 1165//2885
f 1165//2886 1164//2886 1058//2886
f 1164//2887 1057//2887 1058//2887
f 1058//2888 1057//2888 958//2888
f 1057//2889 957//2889 958//2889
f 958//2890 957//2890 861//2890
f 957//2891 860//2891 861//2891
f 861//2892 860//2892 771//2892
f 860//2893 770//2893 771//2893
f 771//2894 770//2894 684//2894
f 770//2895 683//2895 684//2895
f 684//2896 683//2896 604//2896
f 683//2897 603//2897 604//2897
f 604//2898 603//2898 526//2898
f 603//2899 525//2899 526//2899
f 526//2900 525//2900 457//2900
f 525//2901 524//2901 457//2901
f 524//2902 456//2902 457//2902
f 524//2903 523//2903 456//2903
f 523//2904 455//2904 456//2904
f 523//2905 522//2905 455//2905
f 522//2906 454//2906 455//2906
f 522//2907 521//2907 454//2907
f 521//2908 453//2908 454//2908
f 521//2909 520//2909 453//2909
f 520//2910 452//2910 453//2910
f 520//2911 519//2911 452//2911
f 519//2912 451//2912 452//2912
f 519//2913 518//2913 451//2913
f 518//2914 450//2914 451//2914
f 518//2915 517//2915 450//2915
f 517//2916 449//2916 450//2916
f 517//2917 516//2917 449//2917
f 516//2918 448//2918 449//2918
f 516//2919 515//2919 448//2919
f 515//2920 447//2920 448//2920
f 515//2921 514//2921 447//2921
f 514//2922 446//2922 447//2922
f 514//2923 513//2923 446//2923
f 513//2924 445//2924 446//2924
f 513//2925 512//2925 445//2925
f 512//2926 511//2926 445//2926
f 512//2927 587//2927 511//2927
f 587//2928 510//2928 511//2928
f 511//2929 510//2929 443//2929
f 510//2930 509//2930 443//2930
f 509//2931 442//2931 443//2931
f 509//2932 508//2932 442//2932
f 508//2933 441//2933 442//2933
f 508//2934 507//2934 441//2934
f 507//2935 440//2935 441//2935
f 507//2936 506//2936 440//2936
f 506//2937 439//2937 440//2937
f 506//2938 505//2938 439//2938
f 505//2939 438//2939 439//2939
f 505//2940 504//2940 438//2940
f 504//2941 437//2941 438//2941
f 504//2942 503//2942 437//2942
f 503//2943 436//2943 437//2943
f 503//2944 502//2944 436//2944
f 502//2945 435//2945 436//2945
f 502//2946 501//2946 435//2946
f 501//2947 434//2947 435//2947
f 501//2948 500//2948 434//2948
f 500//2949 433//2949 434//2949
f 500//2950 499//2950 433//2950
f 499//2951 432//2951 433//2951
f 499//2952 498//2952 432//2952
f 498//2953 431//2953 432//2953
f 432//2954 431//2954 366//2954
f 431//2955 365//2955 366//2955
f 366//2956 365//2956 309//2956
f 365//2957 364//2957 309//2957
f 364//2958 308//2958 309//2958
f 364//2959 363//2959 308//2959
f 363//2960 307//2960 308//2960
f 363//2961 362//2961 307//2961
f 362//2962 306//2962 307//2962
f 362//2963 361//2963 306//2963
f 361//2964 305//2964 306//2964
f 361//2965 360//2965 305//2965
f 360//2966 304//2966 305//2966
f 360//2967 359//2967 304//2967
f 359//2968 303//2968 304//2968
f 359//2969 358//2969 303//2969
f 358//2970 302//2970 303//2970
f 358//2971 357//2971 302//2971
f 357//2972 301//2972 302//2972
f 357//2973 356//2973 301//2973
f 356//2974 300//2974 301//2974
f 356//2975 355//2975 300//2975
f 355//2976 299//2976 300//2976
f 300//2977 299//2977 245//2977
f 299//2978 243//2978 245//2978
f 245//2979 243//2979 198//2979
f 243//2980 244//2980 198//2980
f 244//2981 199//2981 198//2981
f 244//2982 296//2982 199//2982
f 296//2983 242//2983 199//2983
f 296//2984 295//2984 242//2984
f 295//2985 241//2985 242//2985
f 295//2986 294//2986 241//2986
f 294//2987 240//2987 241//2987
f 294//2988 293//2988 240//2988
f 293//2989 239//2989 240//2989
f 293//2990 292//2990 239//2990
f 292//2991 238//2991 239//2991
f 292//2992 291//2992 238//2992
f 291//2993 237//2993 238//2993
f 291//2994 290//2994 237//2994
f 290//2995 236//2995 237//2995
f 237//2996 236//2996 189//2996
f 236//2997 188//2997 189//2997
f 189//2998 188//2998 115//2998
f 236//2999 192//2999 188//2999
f 192//3000 236//3000 286//3000
f 286//3001 236//3001 290//3001
f 286//3002 290//3002 344//3002
f 344//3003 290//3003 345//3003
f 290//3004 291//3004 345//3004
f 345//3005 291//3005 346//3005
f 291//3006 292//3006 346//3006
f 346//3007 292//3007 347//3007
f 292//3008 293//3008 347//3008
f 347//3009 293//3009 348//3009
f 293//3010 294//3010 348//3010
f 348//3011 294//3011 349//3011
f 294//3012 295//3012 349//3012
f 349//3013 295//3013 350//3013
f 295//3014 296//3014 350//3014
f 350//3015 296//3015 351//3015
f 296//3016 244//3016 351//3016
f 351//3017 244//3017 298//3017
f 244//3018 243//3018 298//3018
f 298//3019 243//3019 297//3019
f 297//3020 243//3020 299//3020
f 297//3021 299//3021 354//3021
f 354//3022 299//3022 355//3022
f 354//3023 355//3023 419//3023
f 419//3024 355//3024 420//3024
f 355//3025 356//3025 420//3025
f 420//3026 356//3026 421//3026
f 356//3027 357//3027 421//3027
f 421//3028 357//3028 422//3028
f 357//3029 358//3029 422//3029
f 422//3030 358//3030 423//3030
f 358//3031 359//3031 423//3031
f 423//3032 359//3032 424//3032
f 359//3033 360//3033 424//3033
f 424//3034 360//3034 425//3034
f 360//3035 361//3035 425//3035
f 425//3036 361//3036 426//3036
f 361//3037 362//3037 426//3037
f 426//3038 362//3038 427//3038
f 362//3039 363//3039 427//3039
f 427//3040 363//3040 428//3040
f 363//3041 364//3041 428//3041
f 428//3042 364//3042 429//3042
f 364//3043 365//3043 429//3043
f 429//3044 365//3044 430//3044
f 430//3045 365//3045 431//3045
f 430//3046 431//3046 497//3046
f 497//3047 431//3047 498//3047
f 497//3048 498//3048 573//3048
f 573//3049 498//3049 574//3049
f 498//3050 499//3050 574//3050
f 574//3051 499//3051 575//3051
f 499//3052 500//3052 575//3052
f 575//3053 500//3053 576//3053
f 500//3054 501//3054 576//3054
f 576//3055 501//3055 577//3055
f 501//3056 502//3056 577//3056
f 577//3057 502//3057 578//3057
f 502//3058 503//3058 578//3058
f 578//3059 503//3059 579//3059
f 503//3060 504//3060 579//3060
f 579//3061 504//3061 580//3061
f 504//3062 505//3062 580//3062
f 580//3063 505//3063 581//3063
f 505//3064 506//3064 581//3064
f 581//3065 506//3065 582//3065
f 506//3066 507//3066 582//3066
f 582//3067 507//3067 583//3067
f 507//3068 508//3068 583//3068
f 583//3069 508//3069 584//3069
f 508//3070 509//3070 584//3070
f 584//3071 509//3071 585//3071
f 509//3072 510//3072 585//3072
f 585//3073 510//3073 586//3073
f 586//3074 510//3074 587//3074
f 586//3075 587//3075 665//3075
f 665//3076 587//3076 588//3076
f 587//3077 512//3077 588//3077
f 588//3078 512//3078 589//3078
f 512//3079 513//3079 589//3079
f 589//3080 513//3080 590//3080
f 513//3081 514//3081 590//3081
f 590//3082 514//3082 591//3082
f 514//3083 515//3083 591//3083
f 591//3084 515//3084 592//3084
f 515//3085 516//3085 592//3085
f 592//3086 516//3086 593//3086
f 516//3087 517//3087 593//3087
f 593//3088 517//3088 594//3088
f 517//3089 518//3089 594//3089
f 594//3090 518//3090 595//3090
f 518//3091 519//3091 595//3091
f 595//3092 519//3092 596//3092
f 519//3093 520//3093 596//3093
f 596//3094 520//3094 597//3094
f 520//3095 521//3095 597//3095
f 597//3096 521//3096 598//3096
f 521//3097 522//3097 598//3097
f 598//3098 522//3098 599//3098
f 522//3099 523//3099 599//3099
f 599//3100 523//3100 600//3100
f 523//3101 524//3101 600//3101
f 600//3102 524//3102 601//3102
f 524//3103 525//3103 601//3103
f 601//3104 525//3104 602//3104
f 602//3105 525//3105 603//3105
f 602//3106 603//3106 682//3106
f 682//3107 603//3107 683//3107
f 682//3108 683//3108 769//3108
f 769//3109 683//3109 770//3109
f 769//3110 770//3110 859//3110
f 859//3111 770//3111 860//3111
f 859//3112 860//3112 956//3112
f 956//3113 860//3113 957//3113
f 956//3114 957//3114 1056//3114
f 1056//3115 957//3115 1057//3115
f 1056//3116 1057//3116 1163//3116
f 1163//3117 1057//3117 1164//3117
f 1163//3118 1164//3118 1273//3118
f 1273//3119 1164//3119 1274//3119
f 1273//3120 1272//3120 1163//3120
f 1272//3121 1162//3121 1163//3121
f 1163//3122 1162//3122 1056//3122
f 1162//3123 1055//3123 1056//3123
f 1056//3124 1055//3124 956//3124
f 1055//3125 955//3125 956//3125
f 956//3126 955//3126 859//3126
f 955//3127 858//3127 859//3127
f 859//3128 858//3128 769//3128
f 858//3129 768//3129 769//3129
f 769//3130 768//3130 682//3130
f 768//3131 681//3131 682//3131
f 682//3132 681//3132 602//3132
f 681//3133 680//3133 602//3133
f 680//3134 601//3134 602//3134
f 680//3135 679//3135 601//3135
f 679//3136 600//3136 601//3136
f 679//3137 678//3137 600//3137
f 678//3138 599//3138 600//3138
f 678//3139 677//3139 599//3139
f 677//3140 598//3140 599//3140
f 677//3141 676//3141 598//3141
f 676//3142 597//3142 598//3142
f 676//3143 675//3143 597//3143
f 675//3144 596//3144 597//3144
f 675//3145 674//3145 596//3145
f 674//3146 595//3146 596//3146
f 674//3147 673//3147 595//3147
f 673//3148 594//3148 595//3148
f 673//3149 672//3149 594//3149
f 672//3150 593//3150 594//3150
f 672//3151 671//3151 593//3151
f 671//3152 592//3152 593//3152
f 671//3153 670//3153 592//3153
f 670//3154 591//3154 592//3154
f 670//3155 669//3155 591//3155
f 669//3156 590//3156 591//3156
f 669//3157 668//3157 590//3157
f 668//3158 589//3158 590//3158
f 668//3159 667//3159 589//3159
f 667//3160 588//3160 589//3160
f 667//3161 666//3161 588//3161
f 666//3162 665//3162 588//3162
f 666//3163 750//3163 665//3163
f 750//3164 664//3164 665//3164
f 665//3165 664//3165 586//3165
f 664//3166 663//3166 586//3166
f 663//3167 585//3167 586//3167
f 663//3168 662//3168 585//3168
f 662//3169 584//3169 585//3169
f 662//3170 661//3170 584//3170
f 661//3171 583//3171 584//3171
f 661//3172 660//3172 583//3172
f 660//3173 582//3173 583//3173
f 660//3174 659//3174 582//3174
f 659//3175 581//3175 582//3175
f 659//3176 658//3176 581//3176
f 658//3177 580//3177 581//3177
f 658//3178 657//3178 580//3178
f 657//3179 579//3179 580//3179
f 657//3180 656//3180 579//3180
f 656//3181 578//3181 579//3181
f 656//3182 655//3182 578//3182
f 655//3183 577//3183 578//3183
f 655//3184 654//3184 577//3184
f 654//3185 576//3185 577//3185
f 654//3186 653//3186 576//3186
f 653//3187 575//3187 576//3187
f 653//3188 652//3188 575//3188
f 652//3189 574//3189 575//3189
f 652//3190 651//3190 574//3190
f 651//3191 573//3191 574//3191
f 651//3192 650//3192 573//3192
f 650//3193 572//3193 573//3193
f 573//3194 572//3194 497//3194
f 572//3195 496//3195 497//3195
f 497//3196 496//3196 430//3196
f 496//3197 495//3197 430//3197
f 495//3198 429//3198 430//3198
f 495//3199 494//3199 429//3199
f 494//3200 428//3200 429//3200
f 494//3201 493//3201 428//3201
f 493//3202 427//3202 428//3202
f 493//3203 492//3203 427//3203
f 492//3204 426//3204 427//3204
f 492//3205 491//3205 426//3205
f 491//3206 425//3206 426//3206
f 491//3207 490//3207 425//3207
f 490//3208 424//3208 425//3208
f 490//3209 489//3209 424//3209
f 489//3210 423//3210 424//3210
f 489//3211 488//3211 423//3211
f 488//3212 422//3212 423//3212
f 488//3213 487//3213 422//3213
f 487//3214 421//3214 422//3214
f 487//3215 486//3215 421//3215
f 486//3216 420//3216 421//3216
f 486//3217 485//3217 420//3217
f 485//3218 419//3218 420//3218
f 485//3219 484//3219 419//3219
f 484//3220 418//3220 419//3220
f 419//3221 418//3221 354//3221
f 418//3222 352//3222 354//3222
f 354//3223 352//3223 297//3223
f 352//3224 353//3224 297//3224
f 353//3225 298//3225 297//3225
f 353//3226 415//3226 298//3226
f 415//3227 351//3227 298//3227
f 415//3228 414//3228 351//3228
f 414//3229 350//3229 351//3229
f 414//3230 413//3230 350//3230
f 413//3231 349//3231 350//3231
f 413//3232 412//3232 349//3232
f 412//3233 348//3233 349//3233
f 412//3234 411//3234 348//3234
f 411//3235 347//3235 348//3235
f 411//3236 410//3236 347//3236
f 410//3237 346//3237 347//3237
f 410//3238 409//3238 346//3238
f 409//3239 345//3239 346//3239
f 409//3240 408//3240 345//3240
f 408//3241 344//3241 345//3241
f 408//3242 407//3242 344//3242
f 407//3243 343//3243 344//3243
f 344//3244 343//3244 286//3244
f 343//3245 285//3245 286//3245
f 286//3246 285//3246 192//3246
f 343//3247 289//3247 285//3247
f 289//3248 343//3248 403//3248
f 403//3249 343//3249 407//3249
f 403//3250 407//3250 471//3250
f 471//3251 407//3251 472//3251
f 407//3252 408//3252 472//3252
f 472//3253 408//3253 473//3253
f 408//3254 409//3254 473//3254
f 473//3255 409//3255 474//3255
f 409//3256 410//3256 474//3256
f 474//3257 410//3257 475//3257
f 410//3258 411//3258 475//3258
f 475//3259 411//3259 476//3259
f 411//3260 412//3260 476//3260
f 476//3261 412//3261 477//3261
f 412//3262 413//3262 477//3262
f 477//3263 413//3263 478//3263
f 413//3264 414//3264 478//3264
f 478//3265 414//3265 479//3265
f 414//3266 415//3266 479//3266
f 479//3267 415//3267 480//3267
f 415//3268 353//3268 480//3268
f 480//3269 353//3269 417//3269
f 353//3270 352//3270 417//3270
f 417//3271 352//3271 416//3271
f 416//3272 352//3272 418//3272
f 416//3273 418//3273 483//3273
f 483//3274 418//3274 484//3274
f 483//3275 484//3275 558//3275
f 558//3276 484//3276 559//3276
f 484//3277 485//3277 559//3277
f 559//3278 485//3278 560//3278
f 485//3279 486//3279 560//3279
f 560//3280 486//3280 561//3280
f 486//3281 487//3281 561//3281
f 561//3282 487//3282 562//3282
f 487//3283 488//3283 562//3283
f 562//3284 488//3284 563//3284
f 488//3285 489//3285 563//3285
f 563//3286 489//3286 564//3286
f 489//3287 490//3287 564//3287
f 564//3288 490//3288 565//3288
f 490//3289 491//3289 565//3289
f 565//3290 491//3290 566//3290
f 491//3291 492//3291 566//3291
f 566//3292 492//3292 567//3292
f 492//3293 493//3293 567//3293
f 567//3294 493//3294 568//3294
f 493//3295 494//3295 568//3295
f 568//3296 494//3296 569//3296
f 494//3297 495//3297 569//3297
f 569//3298 495//3298 570//3298
f 495//3299 496//3299 570//3299
f 570//3300 496//3300 571//3300
f 571//3301 496//3301 572//3301
f 571//3302 572//3302 649//3302
f 649//3303 572//3303 650//3303
f 649//3304 650//3304 734//3304
f 734//3305 650//3305 735//3305
f 650//3306 651//3306 735//3306
f 735//3307 651//3307 736//3307
f 651//3308 652//3308 736//3308
f 736//3309 652//3309 737//3309
f 652//3310 653//3310 737//3310
f 737//3311 653//3311 738//3311
f 653//3312 654//3312 738//3312
f 738//3313 654//3313 739//3313
f 654//3314 655//3314 739//3314
f 739//3315 655//3315 740//3315
f 655//3316 656//3316 740//3316
f 740//3317 656//3317 741//3317
f 656//3318 657//3318 741//3318
f 741//3319 657//3319 742//3319
f 657//3320 658//3320 742//3320
f 742//3321 658//3321 743//3321
f 658//3322 659//3322 743//3322
f 743//3323 659//3323 744//3323
f 659//3324 660//3324 744//3324
f 744//3325 660//3325 745//3325
f 660//3326 661//3326 745//3326
f 745//3327 661//3327 746//3327
f 661//3328 662//3328 746//3328
f 746//3329 662//3329 747//3329
f 662//3330 663//3330 747//3330
f 747//3331 663//3331 748//3331
f 663//3332 664//3332 748//3332
f 748//3333 664//3333 749//3333
f 749//3334 664//3334 750//3334
f 749//3335 750//3335 838//3335
f 838//3336 750//3336 751//3336
f 750//3337 666//3337 751//3337
f 751//3338 666//3338 752//3338
f 666//3339 667//3339 752//3339
f 752//3340 667//3340 753//3340
f 667//3341 668//3341 753//3341
f 753//3342 668//3342 754//3342
f 668//3343 669//3343 754//3343
f 754//3344 669//3344 755//3344
f 669//3345 670//3345 755//3345
f 755//3346 670//3346 756//3346
f 670//3347 671//3347 756//3347
f 756//3348 671//3348 757//3348
f 671//3349 672//3349 757//3349
f 757//3350 672//3350 758//3350
f 672//3351 673//3351 758//3351
f 758//3352 673//3352 759//3352
f 673//3353 674//3353 759//3353
f 759//3354 674//3354 760//3354
f 674//3355 675//3355 760//3355
f 760//3356 675//3356 761//3356
f 675//3357 676//3357 761//3357
f 761//3358 676//3358 762//3358
f 676//3359 677//3359 762//3359
f 762//3360 677//3360 763//3360
f 677//3361 678//3361 763//3361
f 763//3362 678//3362 764//3362
f 678//3363 679//3363 764//3363
f 764//3364 679//3364 765//3364
f 679//3365 680//3365 765//3365
f 765//3366 680//3366 766//3366
f 680//3367 681//3367 766//3367
f 766//3368 681//3368 767//3368
f 767//3369 681//3369 768//3369
f 767//3370 768//3370 857//3370
f 857//3371 768//3371 858//3371
f 857//3372 858//3372 954//3372
f 954//3373 858//3373 955//3373
f 954//3374 955//3374 1054//3374
f 1054//3375 955//3375 1055//3375
f 1054//3376 1055//3376 1161//3376
f 1161//3377 1055//3377 1162//3377
f 1161//3378 1162//3378 1271//3378
f 1271//3379 1162//3379 1272//3379
f 1271//3380 1270//3380 1161//3380
f 1270//3381 1160//3381 1161//3381
f 1161//3382 1160//3382 1054//3382
f 1160//3383 1053//3383 1054//3383
f 1054//3384 1053//3384 954//3384
f 1053//3385 953//3385 954//3385
f 954//3386 953//3386 857//3386
f 953//3387 856//3387 857//3387
f 857//3388 856//3388 767//3388
f 856//3389 855//3389 767//3389
f 855//3390 766//3390 767//3390
f 855//3391 854//3391 766//3391
f 854//3392 765//3392 766//3392
f 854//3393 853//3393 765//3393
f 853//3394 764//3394 765//3394
f 853//3395 852//3395 764//3395
f 852//3396 763//3396 764//3396
f 852//3397 851//3397 763//3397
f 851//3398 762//3398 763//3398
f 851//3399 850//3399 762//3399
f 850//3400 761//3400 762//3400
f 850//3401 849//3401 761//3401
f 849//3402 760//3402 761//3402
f 849//3403 848//3403 760//3403
f 848//3404 759//3404 760//3404
f 848//3405 847//3405 759//3405
f 847//3406 758//3406 759//3406
f 847//3407 846//3407 758//3407
f 846//3408 757//3408 758//3408
f 846//3409 845//3409 757//3409
f 845//3410 756//3410 757//3410
f 845//3411 844//3411 756//3411
f 844//3412 755//3412 756//3412
f 844//3413 843//3413 755//3413
f 843//3414 754//3414 755//3414
f 843//3415 842//3415 754//3415
f 842//3416 753//3416 754//3416
f 842//3417 841//3417 753//3417
f 841//3418 752//3418 753//3418
f 841//3419 840//3419 752//3419
f 840//3420 751//3420 752//3420
f 840//3421 839//3421 751//3421
f 839//3422 838//3422 751//3422
f 839//3423 933//3423 838//3423
f 933//3424 837//3424 838//3424
f 838//3425 837//3425 749//3425
f 837//3426 836//3426 749//3426
f 836//3427 748//3427 749//3427
f 836//3428 835//3428 748//3428
f 835//3429 747//3429 748//3429
f 835//3430 834//3430 747//3430
f 834//3431 746//3431 747//3431
f 834//3432 833//3432 746//3432
f 833//3433 745//3433 746//3433
f 833//3434 832//3434 745//3434
f 832//3435 744//3435 745//3435
f 832//3436 831//3436 744//3436
f 831//3437 743//3437 744//3437
f 831//3438 830//3438 743//3438
f 830//3439 742//3439 743//3439
f 830//3440 829//3440 742//3440
f 829//3441 741//3441 742//3441
f 829//3442 828//3442 741//3442
f 828//3443 740//3443 741//3443
f 828//3444 827//3444 740//3444
f 827//3445 739//3445 740//3445
f 827//3446 826//3446 739//3446
f 826//3447 738//3447 739//3447
f 826//3448 825//3448 738//3448
f 825//3449 737//3449 738//3449
f 825//3450 824//3450 737//3450
f 824//3451 736//3451 737//3451
f 824//3452 823//3452 736//3452
f 823//3453 735//3453 736//3453
f 823//3454 822//3454 735//3454
f 822//3455 734//3455 735//3455
f 822//3456 821//3456 734//3456
f 821//3457 733//3457 734//3457
f 734//3458 733//3458 649//3458
f 733//3459 648//3459 649//3459
f 649//3460 648//3460 571//3460
f 648//3461 647//3461 571//3461
f 647//3462 570//3462 571//3462
f 647//3463 646//3463 570//3463
f 646//3464 569//3464 570//3464
f 646//3465 645//3465 569//3465
f 645//3466 568//3466 569//3466
f 645//3467 644//3467 568//3467
f 644//3468 567//3468 568//3468
f 644//3469 643//3469 567//3469
f 643//3470 566//3470 567//3470
f 643//3471 642//3471 566//3471
f 642//3472 565//3472 566//3472
f 642//3473 641//3473 565//3473
f 641//3474 564//3474 565//3474
f 641//3475 640//3475 564//3475
f 640//3476 563//3476 564//3476
f 640//3477 639//3477 563//3477
f 639//3478 562//3478 563//3478
f 639//3479 638//3479 562//3479
f 638//3480 561//3480 562//3480
f 638//3481 637//3481 561//3481
f 637//3482 560//3482 561//3482
f 637//3483 636//3483 560//3483
f 636//3484 559//3484 560//3484
f 636//3485 635//3485 559//3485
f 635//3486 558//3486 559//3486
f 635//3487 634//3487 558//3487
f 634//3488 557//3488 558//3488
f 558//3489 557//3489 483//3489
f 557//3490 481//3490 483//3490
f 483//3491 481//3491 416//3491
f 481//3492 482//3492 416//3492
f 482//3493 417//3493 416//3493
f 482//3494 554//3494 417//3494
f 554//3495 480//3495 417//3495
f 554//3496 553//3496 480//3496
f 553//3497 479//3497 480//3497
f 553//3498 552//3498 479//3498
f 552//3499 478//3499 479//3499
f 552//3500 551//3500 478//3500
f 551//3501 477//3501 478//3501
f 551//3502 550//3502 477//3502
f 550//3503 476//3503 477//3503
f 550//3504 549//3504 476//3504
f 549//3505 475//3505 476//3505
f 549//3506 548//3506 475//3506
f 548//3507 474//3507 475//3507
f 548//3508 547//3508 474//3508
f 547//3509 473//3509 474//3509
f 547//3510 546//3510 473//3510
f 546//3511 472//3511 473//3511
f 546//3512 545//3512 472//3512
f 545//3513 471//3513 472//3513
f 545//3514 544//3514 471//3514
f 544//3515 470//3515 471//3515
f 471//3516 470//3516 403//3516
f 470//3517 402//3517 403//3517
f 403//3518 402//3518 289//3518
f 470//3519 406//3519 402//3519
f 406//3520 470//3520 540//3520
f 540//3521 470//3521 544//3521
f 540//3522 544//3522 619//3522
f 619//3523 544//3523 620//3523
f 544//3524 545//3524 620//3524
f 620//3525 545//3525 621//3525
f 545//3526 546//3526 621//3526
f 621//3527 546//3527 622//3527
f 546//3528 547//3528 622//3528
f 622//3529 547//3529 623//3529
f 547//3530 548//3530 623//3530
f 623//3531 548//3531 624//3531
f 548//3532 549//3532 624//3532
f 624//3533 549//3533 625//3533
f 549//3534 550//3534 625//3534
f 625//3535 550//3535 626//3535
f 550//3536 551//3536 626//3536
f 626//3537 551//3537 627//3537
f 551//3538 552//3538 627//3538
f 627//3539 552//3539 628//3539
f 552//3540 553//3540 628//3540
f 628//3541 553//3541 629//3541
f 553//3542 554//3542 629//3542
f 629//3543 554//3543 630//3543
f 554//3544 482//3544 630//3544
f 630//3545 482//3545 556//3545
f 482//3546 481//3546 556//3546
f 556//3547 481//3547 555//3547
f 555//3548 481//3548 557//3548
f 555//3549 557//3549 633//3549
f 633//3550 557//3550 634//3550
f 633//3551 634//3551 717//3551
f 717//3552 634//3552 718//3552
f 634//3553 635//3553 718//3553
f 718//3554 635//3554 719//3554
f 635//3555 636//3555 719//3555
f 719//3556 636//3556 720//3556
f 636//3557 637//3557 720//3557
f 720//3558 637//3558 721//3558
f 637//3559 638//3559 721//3559
f 721//3560 638//3560 722//3560
f 638//3561 639//3561 722//3561
f 722//3562 639//3562 723//3562
f 639//3563 640//3563 723//3563
f 723//3564 640//3564 724//3564
f 640//3565 641//3565 724//3565
f 724//3566 641//3566 725//3566
f 641//3567 642//3567 725//3567
f 725//3568 642//3568 726//3568
f 642//3569 643//3569 726//3569
f 726//3570 643//3570 727//3570
f 643//3571 644//3571 727//3571
f 727//3572 644//3572 728//3572
f 644//3573 645//3573 728//3573
f 728//3574 645//3574 729//3574
f 645//3575 646//3575 729//3575
f 729//3576 646//3576 730//3576
f 646//3577 647//3577 730//3577
f 730//3578 647//3578 731//3578
f 647//3579 648//3579 731//3579
f 731//3580 648//3580 732//3580
f 732//3581 648//3581 733//3581
f 732//3582 733//3582 820//3582
f 820//3583 733//3583 821//3583
f 820//3584 821//3584 915//3584
f 915//3585 821//3585 916//3585
f 821//3586 822//3586 916//3586
f 916//3587 822//3587 917//3587
f 822//3588 823//3588 917//3588
f 917//3589 823//3589 918//3589
f 823//3590 824//3590 918//3590
f 918//3591 824//3591 919//3591
f 824//3592 825//3592 919//3592
f 919//3593 825//3593 920//3593
f 825//3594 826//3594 920//3594
f 920//3595 826//3595 921//3595
f 826//3596 827//3596 921//3596
f 921//3597 827//3597 922//3597
f 827//3598 828//3598 922//3598
f 922//3599 828//3599 923//3599
f 828//3600 829//3600 923//3600
f 923//3601 829//3601 924//3601
f 829//3602 830//3602 924//3602
f 924//3603 830//3603 925//3603
f 830//3604 831//3604 925//3604
f 925//3605 831//3605 926//3605
f 831//3606 832//3606 926//3606
f 926//3607 832//3607 927//3607
f 832//3608 833//3608 927//3608
f 927//3609 833//3609 928//3609
f 833//3610 834//3610 928//3610
f 928//3611 834//3611 929//3611
f 834//3612 835//3612 929//3612
f 929//3613 835//3613 930//3613
f 835//3614 836//3614 930//3614
f 930//3615 836//3615 931//3615
f 836//3616 837//3616 931//3616
f 931//3617 837//3617 932//3617
f 932//3618 837//3618 933//3618
f 932//3619 933//3619 1031//3619
f 1031//3620 933//3620 934//3620
f 933//3621 839//3621 934//3621
f 934//3622 839//3622 935//3622
f 839//3623 840//3623 935//3623
f 935//3624 840//3624 936//3624
f 840//3625 841//3625 936//3625
f 936//3626 841//3626 937//3626
f 841//3627 842//3627 937//3627
f 937//3628 842//3628 938//3628
f 842//3629 843//3629 938//3629
f 938//3630 843//3630 939//3630
f 843//3631 844//3631 939//3631
f 939//3632 844//3632 940//3632
f 844//3633 845//3633 940//3633
f 940//3634 845//3634 941//3634
f 845//3635 846//3635 941//3635
f 941//3636 846//3636 942//3636
f 846//3637 847//3637 942//3637
f 942//3638 847//3638 943//3638
f 847//3639 848//3639 943//3639
f 943//3640 848//3640 944//3640
f 848//3641 849//3641 944//3641
f 944//3642 849//3642 945//3642
f 849//3643 850//3643 945//3643
f 945//3644 850//3644 946//3644
f 850//3645 851//3645 946//3645
f 946//3646 851//3646 947//3646
f 851//3647 852//3647 947//3647
f 947//3648 852//3648 948//3648
f 852//3649 853//3649 948//3649
f 948//3650 853//3650 949//3650
f 853//3651 854//3651 949//3651
f 949//3652 854//3652 950//3652
f 854//3653 855//3653 950//3653
f 950//3654 855//3654 951//3654
f 855//3655 856//3655 951//3655
f 951//3656 856//3656 952//3656
f 952//3657 856//3657 953//3657
f 952//3658 953//3658 1052//3658
f 1052//3659 953//3659 1053//3659
f 1052//3660 1053//3660 1159//3660
f 1159//3661 1053//3661 1160//3661
f 1159//3662 1160//3662 1269//3662
f 1269//3663 1160//3663 1270//3663
f 1269//3664 1268//3664 1159//3664
f 1268//3665 1158//3665 1159//3665
f 1159//3666 1158//3666 1052//3666
f 1158//3667 1051//3667 1052//3667
f 1052//3668 1051//3668 952//3668
f 1051//3669 1050//3669 952//3669
f 1050//3670 951//3670 952//3670
f 1050//3671 1049//3671 951//3671
f 1049//3672 950//3672 951//3672
f 1049//3673 1048//3673 950//3673
f 1048//3674 949//3674 950//3674
f 1048//3675 1047//3675 949//3675
f 1047//3676 948//3676 949//3676
f 1047//3677 1046//3677 948//3677
f 1046//3678 947//3678 948//3678
f 1046//3679 1045//3679 947//3679
f 1045//3680 946//3680 947//3680
f 1045//3681 1044//3681 946//3681
f 1044//3682 945//3682 946//3682
f 1044//3683 1043//3683 945//3683
f 1043//3684 944//3684 945//3684
f 1043//3685 1042//3685 944//3685
f 1042//3686 943//3686 944//3686
f 1042//3687 1041//3687 943//3687
f 1041//3688 942//3688 943//3688
f 1041//3689 1040//3689 942//3689
f 1040//3690 941//3690 942//3690
f 1040//3691 1039//3691 941//3691
f 1039//3692 940//3692 941//3692
f 1039//3693 1038//3693 940//3693
f 1038//3694 939//3694 940//3694
f 1038//3695 1037//3695 939//3695
f 1037//3696 938//3696 939//3696
f 1037//3697 1036//3697 938//3697
f 1036//3698 937//3698 938//3698
f 1036//3699 1035//3699 937//3699
f 1035//3700 936//3700 937//3700
f 1035//3701 1034//3701 936//3701
f 1034//3702 935//3702 936//3702
f 1034//3703 1033//3703 935//3703
f 1033//3704 934//3704 935//3704
f 1033//3705 1032//3705 934//3705
f 1032//3706 1031//3706 934//3706
f 1032//3707 1136//3707 1031//3707
f 1136//3708 1030//3708 1031//3708
f 1031//3709 1030//3709 932//3709
f 1030//3710 1029//3710 932//3710
f 1029//3711 931//3711 932//3711
f 1029//3712 1028//3712 931//3712
f 1028//3713 930//3713 931//3713
f 1028//3714 1027//3714 930//3714
f 1027//3715 929//3715 930//3715
f 1027//3716 1026//3716 929//3716
f 1026//3717 928//3717 929//3717
f 1026//3718 1025//3718 928//3718
f 1025//3719 927//3719 928//3719
f 1025//3720 1024//3720 927//3720
f 1024//3721 926//3721 927//3721
f 1024//3722 1023//3722 926//3722
f 1023//3723 925//3723 926//3723
f 1023//3724 1022//3724 925//3724
f 1022//3725 924//3725 925//3725
f 1022//3726 1021//3726 924//3726
f 1021//3727 923//3727 924//3727
f 1021//3728 1020//3728 923//3728
f 1020//3729 922//3729 923//3729
f 1020//3730 1019//3730 922//3730
f 1019//3731 921//3731 922//3731
f 1019//3732 1018//3732 921//3732
f 1018//3733 920//3733 921//3733
f 1018//3734 1017//3734 920//3734
f 1017//3735 919//3735 920//3735
f 1017//3736 1016//3736 919//3736
f 1016//3737 918//3737 919//3737
f 1016//3738 1015//3738 918//3738
f 1015//3739 917//3739 918//3739
f 1015//3740 1014//3740 917//3740
f 1014//3741 916//3741 917//3741
f 1014//3742 1013//3742 916//3742
f 1013//3743 915//3743 916//3743
f 1013//3744 1012//3744 915//3744
f 1012//3745 914//3745 915//3745
f 915//3746 914//3746 820//3746
f 914//3747 819//3747 820//3747
f 820//3748 819//3748 732//3748
f 819//3749 818//3749 732//3749
f 818//3750 731//3750 732//3750
f 818//3751 817//3751 731//3751
f 817//3752 730//3752 731//3752
f 817//3753 816//3753 730//3753
f 816//3754 729//3754 730//3754
f 816//3755 815//3755 729//3755
f 815//3756 728//3756 729//3756
f 815//3757 814//3757 728//3757
f 814//3758 727//3758 728//3758
f 814//3759 813//3759 727//3759
f 813//3760 726//3760 727//3760
f 813//3761 812//3761 726//3761
f 812//3762 725//3762 726//3762
f 812//3763 811//3763 725//3763
f 811//3764 724//3764 725//3764
f 811//3765 810//3765 724//3765
f 810//3766 723//3766 724//3766
f 810//3767 809//3767 723//3767
f 809//3768 722//3768 723//3768
f 809//3769 808//3769 722//3769
f 808//3770 721//3770 722//3770
f 808//3771 807//3771 721//3771
f 807//3772 720//3772 721//3772
f 807//3773 806//3773 720//3773
f 806//3774 719//3774 720//3774
f 806//3775 805//3775 719//3775
f 805//3776 718//3776 719//3776
f 805//3777 804//3777 718//3777
f 804//3778 717//3778 718//3778
f 804//3779 803//3779 717//3779
f 803//3780 716//3780 717//3780
f 717//3781 716//3781 633//3781
f 716//3782 631//3782 633//3782
f 633//3783 631//3783 555//3783
f 631//3784 632//3784 555//3784
f 632//3785 556//3785 555//3785
f 632//3786 713//3786 556//3786
f 713//3787 630//3787 556//3787
f 713//3788 712//3788 630//3788
f 712//3789 629//3789 630//3789
f 712//3790 711//3790 629//3790
f 711//3791 628//3791 629//3791
f 711//3792 710//3792 628//3792
f 710//3793 627//3793 628//3793
f 710//3794 709//3794 627//3794
f 709//3795 626//3795 627//3795
f 709//3796 708//3796 626//3796
f 708//3797 625//3797 626//3797
f 708//3798 707//3798 625//3798
f 707//3799 624//3799 625//3799
f 707//3800 706//3800 624//3800
f 706//3801 623//3801 624//3801
f 706//3802 705//3802 623//3802
f 705//3803 622//3803 623//3803
f 705//3804 704//3804 622//3804
f 704//3805 621//3805 622//3805
f 704//3806 703//3806 621//3806
f 703//3807 620//3807 621//3807
f 703//3808 702//3808 620//3808
f 702//3809 619//3809 620//3809
f 702//3810 701//3810 619//3810
f 701//3811 618//3811 619//3811
f 619//3812 618//3812 540//3812
f 618//3813 539//3813 540//3813
f 540//3814 539//3814 406//3814
f 701//3815 702//3815 787//3815
f 787//3816 702//3816 788//3816
f 702//3817 703//3817 788//3817
f 788//3818 703//3818 789//3818
f 703//3819 704//3819 789//3819
f 789//3820 704//3820 790//3820
f 704//3821 705//3821 790//3821
f 790//3822 705//3822 791//3822
f 705//3823 706//3823 791//3823
f 791//3824 706//3824 792//3824
f 706//3825 707//3825 792//3825
f 792//3826 707//3826 793//3826
f 707//3827 708//3827 793//3827
f 793//3828 708//3828 794//3828
f 708//3829 709//3829 794//3829
f 794//3830 709//3830 795//3830
f 709//3831 710//3831 795//3831
f 795//3832 710//3832 796//3832
f 710//3833 711//3833 796//3833
f 796//3834 711//3834 797//3834
f 711//3835 712//3835 797//3835
f 797//3836 712//3836 798//3836
f 712//3837 713//3837 798//3837
f 798//3838 713//3838 799//3838
f 713//3839 632//3839 799//3839
f 799//3840 632//3840 715//3840
f 632//3841 631//3841 715//3841
f 715//3842 631//3842 714//3842
f 714//3843 631//3843 716//3843
f 714//3844 716//3844 802//3844
f 802//3845 716//3845 803//3845
f 802//3846 803//3846 896//3846
f 896//3847 803//3847 897//3847
f 803//3848 804//3848 897//3848
f 897//3849 804//3849 898//3849
f 804//3850 805//3850 898//3850
f 898//3851 805//3851 899//3851
f 805//3852 806//3852 899//3852
f 899//3853 806//3853 900//3853
f 806//3854 807//3854 900//3854
f 900//3855 807//3855 901//3855
f 807//3856 808//3856 901//3856
f 901//3857 808//3857 902//3857
f 808//3858 809//3858 902//3858
f 902//3859 809//3859 903//3859
f 809//3860 810//3860 903//3860
f 903//3861 810//3861 904//3861
f 810//3862 811//3862 904//3862
f 904//3863 811//3863 905//3863
f 811//3864 812//3864 905//3864
f 905//3865 812//3865 906//3865
f 812//3866 813//3866 906//3866
f 906//3867 813//3867 907//3867
f 813//3868 814//3868 907//3868
f 907//3869 814//3869 908//3869
f 814//3870 815//3870 908//3870
f 908//3871 815//3871 909//3871
f 815//3872 816//3872 909//3872
f 909//3873 816//3873 910//3873
f 816//3874 817//3874 910//3874
f 910//3875 817//3875 911//3875
f 817//3876 818//3876 911//3876
f 911//3877 818//3877 912//3877
f 818//3878 819//3878 912//3878
f 912//3879 819//3879 913//3879
f 913//3880 819//3880 914//3880
f 913//3881 914//3881 1011//3881
f 1011//3882 914//3882 1012//3882
f 1011//3883 1012//3883 1116//3883
f 1116//3884 1012//3884 1117//3884
f 1012//3885 1013//3885 1117//3885
f 1117//3886 1013//3886 1118//3886
f 1013//3887 1014//3887 1118//3887
f 1118//3888 1014//3888 1119//3888
f 1014//3889 1015//3889 1119//3889
f 1119//3890 1015//3890 1120//3890
f 1015//3891 1016//3891 1120//3891
f 1120//3892 1016//3892 1121//3892
f 1016//3893 1017//3893 1121//3893
f 1121//3894 1017//3894 1122//3894
f 1017//3895 1018//3895 1122//3895
f 1122//3896 1018//3896 1123//3896
f 1018//3897 1019//3897 1123//3897
f 1123//3898 1019//3898 1124//3898
f 1019//3899 1020//3899 1124//3899
f 1124//3900 1020//3900 1125//3900
f 1020//3901 1021//3901 1125//3901
f 1125//3902 1021//3902 1126//3902
f 1021//3903 1022//3903 1126//3903
f 1126//3904 1022//3904 1127//3904
f 1022//3905 1023//3905 1127//3905
f 1127//3906 1023//3906 1128//3906
f 1023//3907 1024//3907 1128//3907
f 1128//3908 1024//3908 1129//3908
f 1024//3909 1025//3909 1129//3909
f 1129//3910 1025//3910 1130//3910
f 1025//3911 1026//3911 1130//3911
f 1130//3912 1026//3912 1131//3912
f 1026//3913 1027//3913 1131//3913
f 1131//3914 1027//3914 1132//3914
f 1027//3915 1028//3915 1132//3915
f 1132//3916 1028//3916 1133//3916
f 1028//3917 1029//3917 1133//3917
f 1133//3918 1029//3918 1134//3918
f 1029//3919 1030//3919 1134//3919
f 1134//3920 1030//3920 1135//3920
f 1135//3921 1030//3921 1136//3921
f 1135//3922 1136//3922 1244//3922
f 1244//3923 1136//3923 1137//3923
f 1136//3924 1032//3924 1137//3924
f 1137//3925 1032//3925 1138//3925
f 1032//3926 1033//3926 1138//3926
f 1138//3927 1033//3927 1139//3927
f 1033//3928 1034//3928 1139//3928
f 1139//3929 1034//3929 1140//3929
f 1034//3930 1035//3930 1140//3930
f 1140//3931 1035//3931 1141//3931
f 1035//3932 1036//3932 1141//3932
f 1141//3933 1036//3933 1142//3933
f 1036//3934 1037//3934 1142//3934
f 1142//3935 1037//3935 1143//3935
f 1037//3936 1038//3936 1143//3936
f 1143//3937 1038//3937 1144//3937
f 1038//3938 1039//3938 1144//3938
f 1144//3939 1039//3939 1145//3939
f 1039//3940 1040//3940 1145//3940
f 1145//3941 1040//3941 1146//3941
f 1040//3942 1041//3942 1146//3942
f 1146//3943 1041//3943 1147//3943
f 1041//3944 1042//3944 1147//3944
f 1147//3945 1042//3945 1148//3945
f 1042//3946 1043//3946 1148//3946
f 1148//3947 1043//3947 1149//3947
f 1043//3948 1044//3948 1149//3948
f 1149//3949 1044//3949 1150//3949
f 1044//3950 1045//3950 1150//3950
f 1150//3951 1045//3951 1151//3951
f 1045//3952 1046//3952 1151//3952
f 1151//3953 1046//3953 1152//3953
f 1046//3954 1047//3954 1152//3954
f 1152//3955 1047//3955 1153//3955
f 1047//3956 1048//3956 1153//3956
f 1153//3957 1048//3957 1154//3957
f 1048//3958 1049//3958 1154//3958
f 1154//3959 1049//3959 1155//3959
f 1049//3960 1050//3960 1155//3960
f 1155//3961 1050//3961 1156//3961
f 1050//3962 1051//3962 1156//3962
f 1156//3963 1051//3963 1157//3963
f 1157//3964 1051//3964 1158//3964
f 1157//3965 1158//3965 1267//3965
f 1267//3966 1158//3966 1268//3966
f 1267//3967 1266//3967 1157//3967
f 1266//3968 1265//3968 1157//3968
f 1265//3969 1156//3969 1157//3969
f 1265//3970 1264//3970 1156//3970
f 1264//3971 1155//3971 1156//3971
f 1264//3972 1263//3972 1155//3972
f 1263//3973 1154//3973 1155//3973
f 1263//3974 1262//3974 1154//3974
f 1262//3975 1153//3975 1154//3975
f 1262//3976 1261//3976 1153//3976
f 1261//3977 1152//3977 1153//3977
f 1261//3978 1260//3978 1152//3978
f 1260//3979 1151//3979 1152//3979
f 1260//3980 1259//3980 1151//3980
f 1259//3981 1150//3981 1151//3981
f 1259//3982 1258//3982 1150//3982
f 1258//3983 1149//3983 1150//3983
f 1258//3984 1257//3984 1149//3984
f 1257//3985 1148//3985 1149//3985
f 1257//3986 1256//3986 1148//3986
f 1256//3987 1147//3987 1148//3987
f 1256//3988 1255//3988 1147//3988
f 1255//3989 1146//3989 1147//3989
f 1255//3990 1254//3990 1146//3990
f 1254//3991 1145//3991 1146//3991
f 1254//3992 1253//3992 1145//3992
f 1253//3993 1144//3993 1145//3993
f 1253//3994 1252//3994 1144//3994
f 1252//3995 1143//3995 1144//3995
f 1252//3996 1251//3996 1143//3996
f 1251//3997 1142//3997 1143//3997
f 1251//3998 1250//3998 1142//3998
f 1250//3999 1141//3999 1142//3999
f 1250//4000 1249//4000 1141//4000
f 1249//4001 1140//4001 1141//4001
f 1249//4002 1248//4002 1140//4002
f 1248//4003 1139//4003 1140//4003
f 1248//4004 1247//4004 1139//4004
f 1247//4005 1138//4005 1139//4005
f 1247//4006 1246//4006 1138//4006
f 1246//4007 1137//4007 1138//4007
f 1246//4008 1245//4008 1137//4008
f 1245//4009 1244//4009 1137//4009
f 1245//4010 1359//4010 1244//4010
f 1359//4011 1243//4011 1244//4011
f 1244//4012 1243//4012 1135//4012
f 1243//4013 1242//4013 1135//4013
f 1242//4014 1134//4014 1135//4014
f 1242//4015 1241//4015 1134//4015
f 1241//4016 1133//4016 1134//4016
f 1241//4017 1240//4017 1133//4017
f 1240//4018 1132//4018 1133//4018
f 1240//4019 1239//4019 1132//4019
f 1239//4020 1131//4020 1132//4020
f 1239//4021 1238//4021 1131//4021
f 1238//4022 1130//4022 1131//4022
f 1238//4023 1237//4023 1130//4023
f 1237//4024 1129//4024 1130//4024
f 1237//4025 1236//4025 1129//4025
f 1236//4026 1128//4026 1129//4026
f 1236//4027 1235//4027 1128//4027
f 1235//4028 1127//4028 1128//4028
f 1235//4029 1234//4029 1127//4029
f 1234//4030 1126//4030 1127//4030
f 1234//4031 1233//4031 1126//4031
f 1233//4032 1125//4032 1126//4032
f 1233//4033 1232//4033 1125//4033
f 1232//4034 1124//4034 1125//4034
f 1232//4035 1231//4035 1124//4035
f 1231//4036 1123//4036 1124//4036
f 1231//4037 1230//4037 1123//4037
f 1230//4038 1122//4038 1123//4038
f 1230//4039 1229//4039 1122//4039
f 1229//4040 1121//4040 1122//4040
f 1229//4041 1228//4041 1121//4041
f 1228//4042 1120//4042 1121//4042
f 1228//4043 1227//4043 1120//4043
f 1227//4044 1119//4044 1120//4044
f 1227//4045 1226//4045 1119//4045
f 1226//4046 1118//4046 1119//4046
f 1226//4047 1225//4047 1118//4047
f 1225//4048 1117//4048 1118//4048
f 1225//4049 1224//4049 1117//4049
f 1224//4050 1116//4050 1117//4050
f 1224//4051 1223//4051 1116//4051
f 1223//4052 1115//4052 1116//4052
f 1116//4053 1115//4053 1011//4053
f 1115//4054 1010//4054 1011//4054
f 1011//4055 1010//4055 913//4055
f 1010//4056 1009//4056 913//4056
f 1009//4057 912//4057 913//4057
f 1009//4058 1008//4058 912//4058
f 1008//4059 911//4059 912//4059
f 1008//4060 1007//4060 911//4060
f 1007//4061 910//4061 911//4061
f 1007//4062 1006//4062 910//4062
f 1006//4063 909//4063 910//4063
f 1006//4064 1005//4064 909//4064
f 1005//4065 908//4065 909//4065
f 1005//4066 1004//4066 908//4066
f 1004//4067 907//4067 908//4067
f 1004//4068 1003//4068 907//4068
f 1003//4069 906//4069 907//4069
f 1003//4070 1002//4070 906//4070
f 1002//4071 905//4071 906//4071
f 1002//4072 1001//4072 905//4072
f 1001//4073 904//4073 905//4073
f 1001//4074 1000//4074 904//4074
f 1000//4075 903//4075 904//4075
f 1000//4076 999//4076 903//4076
f 999//4077 902//4077 903//4077
f 999//4078 998//4078 902//4078
f 998//4079 901//4079 902//4079
f 998//4080 997//4080 901//4080
f 997//4081 900//4081 901//4081
f 997//4082 996//4082 900//4082
f 996//4083 899//4083 900//4083
f 996//4084 995//4084 899//4084
f 995//4085 898//4085 899//4085
f 995//4086 994//4086 898//4086
f 994//4087 897//4087 898//4087
f 994//4088 993//4088 897//4088
f 993//4089 896//4089 897//4089
f 993//4090 992//4090 896//4090
f 992//4091 895//4091 896//4091
f 896//4092 895//4092 802//4092
f 895//4093 800//4093 802//4093
f 802//4094 800//4094 714//4094
f 800//4095 801//4095 714//4095
f 801//4096 715//4096 714//4096
f 801//4097 892//4097 715//4097
f 892//4098 799//4098 715//4098
f 892//4099 891//4099 799//4099
f 891//4100 798//4100 799//4100
f 891//4101 890//4101 798//4101
f 890//4102 797//4102 798//4102
f 890//4103 889//4103 797//4103
f 889//4104 796//4104 797//4104
f 889//4105 888//4105 796//4105
f 888//4106 795//4106 796//4106
f 888//4107 887//4107 795//4107
f 887//4108 794//4108 795//4108
f 887//4109 886//4109 794//4109
f 886//4110 793//4110 794//4110
f 886//4111 885//4111 793//4111
f 885//4112 792//4112 793//4112
f 885//4113 884//4113 792//4113
f 884//4114 791//4114 792//4114
f 884//4115 883//4115 791//4115
f 883//4116 790//4116 791//4116
f 883//4117 882//4117 790//4117
f 882//4118 789//4118 790//4118
f 882//4119 881//4119 789//4119
f 881//4120 788//4120 789//4120
f 881//4121 880//4121 788//4121
f 880//4122 787//4122 788//4122
f 880//4123 881//4123 976//4123
f 976//4124 881//4124 977//4124
f 881//4125 882//4125 977//4125
f 977//4126 882//4126 978//4126
f 882//4127 883//4127 978//4127
f 978//4128 883//4128 979//4128
f 883//4129 884//4129 979//4129
f 979//4130 884//4130 980//4130
f 884//4131 885//4131 980//4131
f 980//4132 885//4132 981//4132
f 885//4133 886//4133 981//4133
f 981//4134 886//4134 982//4134
f 886//4135 887//4135 982//4135
f 982//4136 887//4136 983//4136
f 887//4137 888//4137 983//4137
f 983//4138 888//4138 984//4138
f 888//4139 889//4139 984//4139
f 984//4140 889//4140 985//4140
f 889//4141 890//4141 985//4141
f 985//4142 890//4142 986//4142
f 890//4143 891//4143 986//4143
f 986//4144 891//4144 987//4144
f 891//4145 892//4145 987//4145
f 987//4146 892//4146 988//4146
f 892//4147 801//4147 988//4147
f 988//4148 801//4148 894//4148
f 801//4149 800//4149 894//4149
f 894//4150 800//4150 893//4150
f 893//4151 800//4151 895//4151
f 893//4152 895//4152 991//4152
f 991//4153 895//4153 992//4153
f 991//4154 992//4154 1095//4154
f 1095//4155 992//4155 1096//4155
f 992//4156 993//4156 1096//4156
f 1096//4157 993//4157 1097//4157
f 993//4158 994//4158 1097//4158
f 1097//4159 994//4159 1098//4159
f 994//4160 995//4160 1098//4160
f 1098//4161 995//4161 1099//4161
f 995//4162 996//4162 1099//4162
f 1099//4163 996//4163 1100//4163
f 996//4164 997//4164 1100//4164
f 1100//4165 997//4165 1101//4165
f 997//4166 998//4166 1101//4166
f 1101//4167 998//4167 1102//4167
f 998//4168 999//4168 1102//4168
f 1102//4169 999//4169 1103//4169
f 999//4170 1000//4170 1103//4170
f 1103//4171 1000//4171 1104//4171
f 1000//4172 1001//4172 1104//4172
f 1104//4173 1001//4173 1105//4173
f 1001//4174 1002//4174 1105//4174
f 1105//4175 1002//4175 1106//4175
f 1002//4176 1003//4176 1106//4176
f 1106//4177 1003//4177 1107//4177
f 1003//4178 1004//4178 1107//4178
f 1107//4179 1004//4179 1108//4179
f 1004//4180 1005//4180 1108//4180
f 1108//4181 1005//4181 1109//4181
f 1005//4182 1006//4182 1109//4182
f 1109//4183 1006//4183 1110//4183
f 1006//4184 1007//4184 1110//4184
f 1110//4185 1007//4185 1111//4185
f 1007//4186 1008//4186 1111//4186
f 1111//4187 1008//4187 1112//4187
f 1008//4188 1009//4188 1112//4188
f 1112//4189 1009//4189 1113//4189
f 1009//4190 1010//4190 1113//4190
f 1113//4191 1010//4191 1114//4191
f 1114//4192 1010//4192 1115//4192
f 1114//4193 1115//4193 1222//4193
f 1222//4194 1115//4194 1223//4194
f 1222//4195 1223//4195 1337//4195
f 1337//4196 1223//4196 1338//4196
f 1223//4197 1224//4197 1338//4197
f 1338//4198 1224//4198 1339//4198
f 1224//4199 1225//4199 1339//4199
f 1339//4200 1225//4200 1340//4200
f 1225//4201 1226//4201 1340//4201
f 1340//4202 1226//4202 1341//4202
f 1226//4203 1227//4203 1341//4203
f 1341//4204 1227//4204 1342//4204
f 1227//4205 1228//4205 1342//4205
f 1342//4206 1228//4206 1343//4206
f 1228//4207 1229//4207 1343//4207
f 1343//4208 1229//4208 1344//4208
f 1229//4209 1230//4209 1344//4209
f 1344//4210 1230//4210 1345//4210
f 1230//4211 1231//4211 1345//4211
f 1345//4212 1231//4212 1346//4212
f 1231//4213 1232//4213 1346//4213
f 1346//4214 1232//4214 1347//4214
f 1232//4215 1233//4215 1347//4215
f 1347//4216 1233//4216 1348//4216
f 1233//4217 1234//4217 1348//4217
f 1348//4218 1234//4218 1349//4218
f 1234//4219 1235//4219 1349//4219
f 1349//4220 1235//4220 1350//4220
f 1235//4221 1236//4221 1350//4221
f 1350//4222 1236//4222 1351//4222
f 1236//4223 1237//4223 1351//4223
f 1351//4224 1237//4224 1352//4224
f 1237//4225 1238//4225 1352//4225
f 1352//4226 1238//4226 1353//4226
f 1238//4227 1239//4227 1353//4227
f 1353//4228 1239//4228 1354//4228
f 1239//4229 1240//4229 1354//4229
f 1354//4230 1240//4230 1355//4230
f 1240//4231 1241//4231 1355//4231
f 1355//4232 1241//4232 1356//4232
f 1241//4233 1242//4233 1356//4233
f 1356//4234 1242//4234 1357//4234
f 1242//4235 1243//4235 1357//4235
f 1357//4236 1243//4236 1358//4236
f 1358//4237 1243//4237 1359//4237
f 1337//4238 1336//4238 1222//4238
f 1336//4239 1221//4239 1222//4239
f 1222//4240 1221//4240 1114//4240
f 1221//4241 1220//4241 1114//4241
f 1220//4242 1113//4242 1114//4242
f 1220//4243 1219//4243 1113//4243
f 1219//4244 1112//4244 1113//4244
f 1219//4245 1218//4245 1112//4245
f 1218//4246 1111//4246 1112//4246
f 1218//4247 1217//4247 1111//4247
f 1217//4248 1110//4248 1111//4248
f 1217//4249 1216//4249 1110//4249
f 1216//4250 1109//4250 1110//4250
f 1216//4251 1215//4251 1109//4251
f 1215//4252 1108//4252 1109//4252
f 1215//4253 1214//4253 1108//4253
f 1214//4254 1107//4254 1108//4254
f 1214//4255 1213//4255 1107//4255
f 1213//4256 1106//4256 1107//4256
f 1213//4257 1212//4257 1106//4257
f 1212//4258 1105//4258 1106//4258
f 1212//4259 1211//4259 1105//4259
f 1211//4260 1104//4260 1105//4260
f 1211//4261 1210//4261 1104//4261
f 1210//4262 1103//4262 1104//4262
f 1210//4263 1209//4263 1103//4263
f 1209//4264 1102//4264 1103//4264
f 1209//4265 1208//4265 1102//4265
f 1208//4266 1101//4266 1102//4266
f 1208//4267 1207//4267 1101//4267
f 1207//4268 1100//4268 1101//4268
f 1207//4269 1206//4269 1100//4269
f 1206//4270 1099//4270 1100//4270
f 1206//4271 1205//4271 1099//4271
f 1205//4272 1098//4272 1099//4272
f 1205//4273 1204//4273 1098//4273
f 1204//4274 1097//4274 1098//4274
f 1204//4275 1203//4275 1097//4275
f 1203//4276 1096//4276 1097//4276
f 1203//4277 1202//4277 1096//4277
f 1202//4278 1095//4278 1096//4278
f 1202//4279 1201//4279 1095//4279
f 1201//4280 1094//4280 1095//4280
f 1095//4281 1094//4281 991//4281
f 1094//4282 989//4282 991//4282
f 991//4283 989//4283 893//4283
f 989//4284 990//4284 893//4284
f 990//4285 894//4285 893//4285
f 990//4286 1091//4286 894//4286
f 1091//4287 988//4287 894//4287
f 1091//4288 1090//4288 988//4288
f 1090//4289 987//4289 988//4289
f 1090//4290 1089//4290 987//4290
f 1089//4291 986//4291 987//4291
f 1089//4292 1088//4292 986//4292
f 1088//4293 985//4293 986//4293
f 1088//4294 1087//4294 985//4294
f 1087//4295 984//4295 985//4295
f 1087//4296 1086//4296 984//4296
f 1086//4297 983//4297 984//4297
f 1086//4298 1085//4298 983//4298
f 1085//4299 982//4299 983//4299
f 1085//4300 1084//4300 982//4300
f 1084//4301 981//4301 982//4301
f 1084//4302 1083//4302 981//4302
f 1083//4303 980//4303 981//4303
f 1083//4304 1082//4304 980//4304
f 1082//4305 979//4305 980//4305
f 1082//4306 1081//4306 979//4306
f 1081//4307 978//4307 979//4307
f 1081//4308 1080//4308 978//4308
f 1080//4309 977//4309 978//4309
f 1080//4310 1079//4310 977//4310
f 1079//4311 976//4311 977//4311
f 1079//4312 1080//4312 1185//4312
f 1185//4313 1080//4313 1186//4313
f 1080//4314 1081//4314 1186//4314
f 1186//4315 1081//4315 1187//4315
f 1081//4316 1082//4316 1187//4316
f 1187//4317 1082//4317 1188//4317
f 1082//4318 1083//4318 1188//4318
f 1188//4319 1083//4319 1189//4319
f 1083//4320 1084//4320 1189//4320
f 1189//4321 1084//4321 1190//4321
f 1084//4322 1085//4322 1190//4322
f 1190//4323 1085//4323 1191//4323
f 1085//4324 1086//4324 1191//4324
f 1191//4325 1086//4325 1192//4325
f 1086//4326 1087//4326 1192//4326
f 1192//4327 1087//4327 1193//4327
f 1087//4328 1088//4328 1193//4328
f 1193//4329 1088//4329 1194//4329
f 1088//4330 1089//4330 1194//4330
f 1194//4331 1089//4331 1195//4331
f 1089//4332 1090//4332 1195//4332
f 1195//4333 1090//4333 1196//4333
f 1090//4334 1091//4334 1196//4334
f 1196//4335 1091//4335 1197//4335
f 1091//4336 990//4336 1197//4336
f 1197//4337 990//4337 1093//4337
f 990//4338 989//4338 1093//4338
f 1093//4339 989//4339 1092//4339
f 1092//4340 989//4340 1094//4340
f 1092//4341 1094//4341 1200//4341
f 1200//4342 1094//4342 1201//4342
f 1200//4343 1201//4343 1314//4343
f 1314//4344 1201//4344 1315//4344
f 1201//4345 1202//4345 1315//4345
f 1315//4346 1202//4346 1316//4346
f 1202//4347 1203//4347 1316//4347
f 1316//4348 1203//4348 1317//4348
f 1203//4349 1204//4349 1317//4349
f 1317//4350 1204//4350 1318//4350
f 1204//4351 1205//4351 1318//4351
f 1318//4352 1205//4352 1319//4352
f 1205//4353 1206//4353 1319//4353
f 1319//4354 1206//4354 1320//4354
f 1206//4355 1207//4355 1320//4355
f 1320//4356 1207//4356 1321//4356
f 1207//4357 1208//4357 1321//4357
f 1321//4358 1208//4358 1322//4358
f 1208//4359 1209//4359 1322//4359
f 1322//4360 1209//4360 1323//4360
f 1209//4361 1210//4361 1323//4361
f 1323//4362 1210//4362 1324//4362
f 1210//4363 1211//4363 1324//4363
f 1324//4364 1211//4364 1325//4364
f 1211//4365 1212//4365 1325//4365
f 1325//4366 1212//4366 1326//4366
f 1212//4367 1213//4367 1326//4367
f 1326//4368 1213//4368 1327//4368
f 1213//4369 1214//4369 1327//4369
f 1327//4370 1214//4370 1328//4370
f 1214//4371 1215//4371 1328//4371
f 1328//4372 1215//4372 1329//4372
f 1215//4373 1216//4373 1329//4373
f 1329//4374 1216//4374 1330//4374
f 1216//4375 1217//4375 1330//4375
f 1330//4376 1217//4376 1331//4376
f 1217//4377 1218//4377 1331//4377
f 1331//4378 1218//4378 1332//4378
f 1218//4379 1219//4379 1332//4379
f 1332//4380 1219//4380 1333//4380
f 1219//4381 1220//4381 1333//4381
f 1333//4382 1220//4382 1334//4382
f 1220//4383 1221//4383 1334//4383
f 1334//4384 1221//4384 1335//4384
f 1335//4385 1221//4385 1336//4385
f 1314//4386 1313//4386 1200//4386
f 1313//4387 1198//4387 1200//4387
f 1200//4388 1198//4388 1092//4388
f 1198//4389 1199//4389 1092//4389
f 1199//4390 1093//4390 1092//4390
f 1199//4391 1310//4391 1093//4391
f 1310//4392 1197//4392 1093//4392
f 1310//4393 1309//4393 1197//4393
f 1309//4394 1196//4394 1197//4394
f 1309//4395 1308//4395 1196//4395
f 1308//4396 1195//4396 1196//4396
f 1308//4397 1307//4397 1195//4397
f 1307//4398 1194//4398 1195//4398
f 1307//4399 1306//4399 1194//4399
f 1306//4400 1193//4400 1194//4400
f 1306//4401 1305//4401 1193//4401
f 1305//4402 1192//4402 1193//4402
f 1305//4403 1304//4403 1192//4403
f 1304//4404 1191//4404 1192//4404
f 1304//4405 1303//4405 1191//4405
f 1303//4406 1190//4406 1191//4406
f 1303//4407 1302//4407 1190//4407
f 1302//4408 1189//4408 1190//4408
f 1302//4409 1301//4409 1189//4409
f 1301//4410 1188//4410 1189//4410
f 1301//4411 1300//4411 1188//4411
f 1300//4412 1187//4412 1188//4412
f 1300//4413 1299//4413 1187//4413
f 1299//4414 1186//4414 1187//4414
f 1299//4415 1298//4415 1186//4415
f 1298//4416 1185//4416 1186//4416
f 1298//4417 1299//4417 1414//4417
f 1414//4418 1299//4418 1415//4418
f 1299//4419 1300//4419 1415//4419
f 1415//4420 1300//4420 1416//4420
f 1300//4421 1301//4421 1416//4421
f 1416//4422 1301//4422 1417//4422
f 1301//4423 1302//4423 1417//4423
f 1417//4424 1302//4424 1418//4424
f 1302//4425 1303//4425 1418//4425
f 1418//4426 1303//4426 1419//4426
f 1303//4427 1304//4427 1419//4427
f 1419//4428 1304//4428 1420//4428
f 1304//4429 1305//4429 1420//4429
f 1420//4430 1305//4430 1421//4430
f 1305//4431 1306//4431 1421//4431
f 1421//4432 1306//4432 1422//4432
f 1306//4433 1307//4433 1422//4433
f 1422//4434 1307//4434 1423//4434
f 1307//4435 1308//4435 1423//4435
f 1423//4436 1308//4436 1424//4436
f 1308//4437 1309//4437 1424//4437
f 1424//4438 1309//4438 1425//4438
f 1309//4439 1310//4439 1425//4439
f 1425//4440 1310//4440 1426//4440
f 1310//4441 1199//4441 1426//4441
f 1426//4442 1199//4442 1312//4442
f 1199//4443 1198//4443 1312//4443
f 1312//4444 1198//4444 1311//4444
f 1311//4445 1198//4445 1313//4445
