# Blender 4.1.0
# www.blender.org
mtllib 0625中国天眼-其他.mtl
o 天眼-其他
v 32.530502 -206.376022 -253.832001
v 36.581001 -206.376022 -253.279999
v 31.831100 -206.376022 -248.376999
v 32.530502 -209.519028 -253.832001
v 32.180801 -206.376022 -251.104004
v 34.555801 -206.376022 -253.556000
v 33.812801 -206.376022 -248.106995
v 36.187702 -206.376022 -250.557999
v 36.581001 -209.519028 -253.279999
v 31.831100 -209.519028 -248.376999
v 35.794502 -209.519028 -247.835999
v 35.794502 -206.376022 -247.835999
v 31.831100 -203.255020 -248.376999
v 32.180801 -203.255020 -251.104004
v 34.555801 -203.255020 -253.556000
v 33.812801 -203.255020 -248.106995
v 36.187702 -203.255020 -250.557999
v 36.581001 -203.255020 -253.279999
v 35.794502 -203.255020 -247.835999
v 31.831100 -200.134018 -248.376999
v 35.794502 -200.134018 -247.835999
v 32.530502 -200.134018 -253.832001
v 36.581001 -200.134018 -253.279999
v 32.530502 -203.255020 -253.832001
v 31.831100 -197.013031 -248.376999
v 32.530403 -200.135025 -253.830994
v 32.530502 -197.013031 -253.832001
v 34.555801 -197.013031 -253.556000
v 32.180801 -197.013031 -251.104004
v 33.812801 -197.013031 -248.106995
v 36.187702 -197.013031 -250.557999
v 36.581001 -193.892029 -253.279999
v 32.530502 -193.892029 -253.832001
v 31.831100 -193.892029 -248.376999
v 36.581001 -197.013031 -253.279999
v 35.794502 -197.013031 -247.835999
v 35.794502 -193.892029 -247.835999
v 31.831100 -190.771027 -248.376999
v 32.530502 -190.771027 -253.832001
v 32.180801 -190.771027 -251.104004
v 34.555801 -190.771027 -253.556000
v 33.812801 -190.771027 -248.106995
v 36.187702 -190.771027 -250.557999
v 36.581001 -187.650024 -253.279999
v 32.530502 -187.650024 -253.832001
v 31.831100 -187.650024 -248.376999
v 36.581001 -190.771027 -253.279999
v 35.794502 -190.771027 -247.835999
v 35.794502 -187.650024 -247.835999
v 31.831100 -184.529022 -248.376999
v 32.530502 -184.529022 -253.832001
v 32.180801 -184.529022 -251.104004
v 34.555801 -184.529022 -253.556000
v 33.812801 -184.529022 -248.106995
v 36.187702 -184.529022 -250.557999
v 36.581001 -181.408020 -253.279999
v 32.530502 -181.408020 -253.832001
v 31.831100 -181.408020 -248.376999
v 36.581001 -184.529022 -253.279999
v 35.794502 -184.529022 -247.835999
v 35.794502 -181.408020 -247.835999
v 31.831100 -178.287018 -248.376999
v 32.530502 -178.287018 -253.832001
v 32.180801 -178.287018 -251.104004
v 34.555801 -178.287018 -253.556000
v 33.812801 -178.287018 -248.106995
v 36.187702 -178.287018 -250.557999
v 36.581001 -175.166031 -253.279999
v 32.530502 -175.166031 -253.832001
v 31.831100 -175.166031 -248.376999
v 36.581001 -178.287018 -253.279999
v 35.794502 -178.287018 -247.835999
v 35.794502 -175.166031 -247.835999
v 31.831100 -172.045029 -248.376999
v 32.530502 -172.045029 -253.832001
v 32.180801 -172.045029 -251.104004
v 34.555801 -172.045029 -253.556000
v 33.812801 -172.045029 -248.106995
v 36.187702 -172.045029 -250.557999
v 36.581001 -168.924026 -253.279999
v 36.581001 -172.045029 -253.279999
v 35.794502 -172.045029 -247.835999
v 32.530502 -168.924026 -253.832001
v 31.831100 -168.924026 -248.376999
v 35.794502 -168.924026 -247.835999
v 32.530502 -166.103027 -253.832001
v 32.180801 -166.103027 -251.104004
v 34.555801 -166.103027 -253.556000
v 33.812801 -166.103027 -248.106995
v 36.187702 -166.103027 -250.557999
v 36.581001 -166.103027 -253.279999
v 35.794502 -166.103027 -247.835999
v 31.831100 -166.103027 -248.376999
v 32.180801 -200.134018 -251.104004
v 34.555801 -200.134018 -253.556000
v 33.812801 -200.134018 -248.106995
v 36.187702 -200.134018 -250.557999
v 32.180801 -193.892029 -251.104004
v 34.555801 -193.892029 -253.556000
v 33.812801 -193.892029 -248.106995
v 36.187702 -193.892029 -250.557999
v 32.180801 -187.650024 -251.104004
v 34.555801 -187.650024 -253.556000
v 33.812801 -187.650024 -248.106995
v 36.187702 -187.650024 -250.557999
v 32.180801 -181.408020 -251.104004
v 34.555801 -181.408020 -253.556000
v 33.812801 -181.408020 -248.106995
v 36.187702 -181.408020 -250.557999
v 32.180801 -175.166031 -251.104004
v 34.555801 -175.166031 -253.556000
v 33.812801 -175.166031 -248.106995
v 36.187702 -175.166031 -250.557999
v 32.180801 -168.924026 -251.104004
v 34.555801 -168.924026 -253.556000
v 33.812801 -168.924026 -248.106995
v 36.187702 -168.924026 -250.557999
v 64.427505 -209.199020 -247.653992
v 68.375504 -209.199020 -246.593002
v 63.043201 -209.199020 -242.330994
v 64.427505 -212.016022 -247.653992
v 64.427505 -206.282028 -247.653992
v 68.375504 -206.282028 -246.593002
v 63.043201 -206.282028 -242.330994
v 64.427505 -203.115021 -247.653992
v 63.735302 -209.199020 -244.991989
v 63.735302 -203.115021 -244.991989
v 66.401505 -209.199020 -247.123001
v 64.974701 -209.199020 -241.811996
v 67.640900 -209.199020 -243.942993
v 68.375504 -212.016022 -246.593002
v 66.906204 -209.199020 -241.292999
v 66.906204 -206.282028 -241.292999
v 68.375504 -203.115021 -246.593002
v 67.640900 -203.115021 -243.942993
v 66.401505 -203.115021 -247.123001
v 64.974701 -203.115021 -241.811996
v 68.375504 -199.948029 -246.593002
v 64.427505 -199.948029 -247.653992
v 63.043201 -199.948029 -242.330994
v 63.043201 -203.115021 -242.330994
v 66.906204 -203.115021 -241.292999
v 63.043201 -212.016022 -242.330994
v 64.427505 -196.781021 -247.653992
v 63.735302 -196.781021 -244.991989
v 66.401505 -196.781021 -247.123001
v 64.974701 -196.781021 -241.811996
v 67.640900 -196.781021 -243.942993
v 68.375504 -193.614029 -246.593002
v 64.427505 -193.614029 -247.653992
v 63.043201 -193.614029 -242.330994
v 68.375504 -196.781021 -246.593002
v 63.043201 -196.781021 -242.330994
v 66.906204 -196.781021 -241.292999
v 66.906204 -199.948029 -241.292999
v 64.427505 -190.447021 -247.653992
v 63.735302 -190.447021 -244.991989
v 66.401505 -190.447021 -247.123001
v 64.974701 -190.447021 -241.811996
v 67.640900 -190.447021 -243.942993
v 68.375504 -187.280029 -246.593002
v 64.427505 -187.280029 -247.653992
v 63.043201 -187.280029 -242.330994
v 68.375504 -190.447021 -246.593002
v 63.043201 -190.447021 -242.330994
v 66.906204 -190.447021 -241.292999
v 66.906204 -193.614029 -241.292999
v 64.427505 -184.113022 -247.653992
v 63.735302 -184.113022 -244.991989
v 66.401505 -184.113022 -247.123001
v 64.974701 -184.113022 -241.811996
v 67.640900 -184.113022 -243.942993
v 66.906204 -187.280029 -241.292999
v 66.906204 -212.016022 -241.292999
v 63.043201 -184.113022 -242.330994
v 66.906204 -184.113022 -241.292999
v 64.427505 -180.946030 -247.653992
v 68.375504 -180.946030 -246.593002
v 63.043201 -180.946030 -242.330994
v 68.375504 -184.113022 -246.593002
v 66.906204 -180.946030 -241.292999
v 63.043201 -177.779022 -242.330994
v 63.735302 -177.779022 -244.991989
v 66.401505 -177.779022 -247.123001
v 64.974701 -177.779022 -241.811996
v 67.640900 -177.779022 -243.942993
v 66.906204 -177.779022 -241.292999
v 63.043201 -174.612030 -242.330994
v 66.906204 -174.612030 -241.292999
v 64.427505 -174.612030 -247.653992
v 68.375504 -174.612030 -246.593002
v 64.427505 -177.779022 -247.653992
v 68.375504 -177.779022 -246.593002
v 64.427399 -174.612030 -247.653000
v 64.427505 -171.445023 -247.653992
v 68.375504 -171.445023 -246.593002
v 63.043201 -171.445023 -242.330994
v 64.427505 -168.624023 -247.653992
v 63.735302 -174.612030 -244.991989
v 63.735302 -168.624023 -244.991989
v 66.401505 -174.612030 -247.123001
v 64.974701 -174.612030 -241.811996
v 67.640900 -174.612030 -243.942993
v 66.906204 -171.445023 -241.292999
v 63.043201 -168.624023 -242.330994
v 66.401505 -168.624023 -247.123001
v 64.974701 -168.624023 -241.811996
v 67.640900 -168.624023 -243.942993
v 68.375504 -168.624023 -246.593002
v 66.906204 -168.624023 -241.292999
v 64.427505 -166.103027 -247.653992
v 63.735302 -166.103027 -244.991989
v 66.401505 -166.103027 -247.123001
v 64.974701 -166.103027 -241.811996
v 67.640900 -166.103027 -243.942993
v 68.375504 -166.103027 -246.593002
v 66.906204 -166.103027 -241.292999
v 63.043201 -166.103027 -242.330994
v 63.735302 -206.282028 -244.991989
v 66.401505 -206.282028 -247.123001
v 64.974701 -206.282028 -241.811996
v 67.640900 -206.282028 -243.942993
v 63.735302 -199.948029 -244.991989
v 66.401505 -199.948029 -247.123001
v 64.974701 -199.948029 -241.811996
v 67.640900 -199.948029 -243.942993
v 63.735302 -193.614029 -244.991989
v 66.401505 -193.614029 -247.123001
v 64.974701 -193.614029 -241.811996
v 67.640900 -193.614029 -243.942993
v 63.735302 -187.280029 -244.991989
v 66.401505 -187.280029 -247.123001
v 64.974701 -187.280029 -241.811996
v 67.640900 -187.280029 -243.942993
v 63.735302 -180.946030 -244.991989
v 66.401505 -180.946030 -247.123001
v 64.974701 -180.946030 -241.811996
v 67.640900 -180.946030 -243.942993
v 63.735302 -171.445023 -244.991989
v 66.401505 -171.445023 -247.123001
v 64.974701 -171.445023 -241.811996
v 67.640900 -171.445023 -243.942993
v 93.637711 -194.225021 -238.171997
v 97.423210 -194.225021 -236.627991
v 91.602104 -194.225021 -233.061996
v 93.637711 -197.027023 -238.171997
v 93.637711 -191.423019 -238.171997
v 97.423210 -191.423019 -236.627991
v 91.602104 -191.423019 -233.061996
v 93.637711 -188.743027 -238.171997
v 92.619904 -194.225021 -235.616989
v 92.619904 -188.743027 -235.616989
v 95.530502 -194.225021 -237.399994
v 93.454208 -194.225021 -232.306992
v 96.364708 -194.225021 -234.089996
v 97.423210 -197.027023 -236.627991
v 95.306206 -194.225021 -231.552002
v 95.306206 -191.423019 -231.552002
v 97.423210 -188.743027 -236.627991
v 96.364708 -188.743027 -234.089996
v 95.530502 -188.743027 -237.399994
v 93.454208 -188.743027 -232.306992
v 93.637711 -186.063019 -238.171997
v 97.423210 -186.063019 -236.627991
v 91.602104 -186.063019 -233.061996
v 91.602104 -188.743027 -233.061996
v 95.306206 -188.743027 -231.552002
v 91.602104 -197.027023 -233.061996
v 95.306206 -186.063019 -231.552002
v 91.602104 -183.383026 -233.061996
v 92.619904 -183.383026 -235.616989
v 95.530502 -183.383026 -237.399994
v 93.454208 -183.383026 -232.306992
v 96.364708 -183.383026 -234.089996
v 95.306206 -197.027023 -231.552002
v 95.306206 -183.383026 -231.552002
v 93.637711 -183.383026 -238.171997
v 97.423210 -183.383026 -236.627991
v 93.637711 -180.453018 -238.171997
v 92.619904 -180.453018 -235.616989
v 95.530502 -180.453018 -237.399994
v 93.454208 -180.453018 -232.306992
v 96.364708 -180.453018 -234.089996
v 97.423210 -180.453018 -236.627991
v 91.602104 -180.453018 -233.061996
v 93.637711 -177.523026 -238.171997
v 97.423210 -177.523026 -236.627991
v 91.602104 -177.523026 -233.061996
v 95.306206 -180.453018 -231.552002
v 95.306206 -177.523026 -231.552002
v 91.602104 -174.593018 -233.061996
v 92.619904 -174.593018 -235.616989
v 95.530502 -174.593018 -237.399994
v 93.454208 -174.593018 -232.306992
v 96.364708 -174.593018 -234.089996
v 91.602104 -171.663025 -233.061996
v 95.306206 -171.663025 -231.552002
v 93.637711 -171.663025 -238.171997
v 97.423210 -171.663025 -236.627991
v 93.637711 -174.593018 -238.171997
v 97.423210 -174.593018 -236.627991
v 95.306206 -174.593018 -231.552002
v 91.602104 -168.733017 -233.061996
v 93.637711 -168.733017 -238.171997
v 92.619904 -168.733017 -235.616989
v 97.423210 -168.733017 -236.627991
v 96.364708 -168.733017 -234.089996
v 95.530502 -168.733017 -237.399994
v 93.454208 -168.733017 -232.306992
v 95.306206 -168.733017 -231.552002
v 93.637711 -166.103027 -238.171997
v 92.619904 -166.103027 -235.616989
v 95.530502 -166.103027 -237.399994
v 93.454208 -166.103027 -232.306992
v 96.364708 -166.103027 -234.089996
v 97.423210 -166.103027 -236.627991
v 96.456505 -166.103027 -234.315002
v 95.306206 -166.103027 -231.552002
v 91.602104 -166.103027 -233.061996
v 92.619904 -191.423019 -235.616989
v 95.530502 -191.423019 -237.399994
v 93.454208 -191.423019 -232.306992
v 96.364708 -191.423019 -234.089996
v 92.619904 -186.063019 -235.616989
v 95.530502 -186.063019 -237.399994
v 93.454208 -186.063019 -232.306992
v 96.364708 -186.063019 -234.089996
v 92.619904 -177.523026 -235.616989
v 95.530502 -177.523026 -237.399994
v 93.454208 -177.523026 -232.306992
v 96.364708 -177.523026 -234.089996
v 92.619904 -171.663025 -235.616989
v 95.530502 -171.663025 -237.399994
v 93.454208 -171.663025 -232.306992
v 96.364708 -171.663025 -234.089996
v 122.745003 -178.919022 -224.547989
v 126.318008 -178.919022 -222.561996
v 120.111008 -178.919022 -219.718994
v 122.745003 -182.923019 -224.547989
v 126.318008 -182.923019 -222.561996
v 121.784004 -182.923019 -222.850998
v 122.559006 -182.923019 -218.358994
v 120.111008 -182.923019 -219.718994
v 124.531006 -182.923019 -223.554993
v 122.745003 -186.023026 -224.547989
v 124.531006 -178.919022 -223.554993
v 121.428009 -178.919022 -222.132996
v 121.859009 -178.919022 -218.746994
v 124.963005 -178.919022 -220.168991
v 123.608009 -182.923019 -217.776001
v 126.318008 -186.023026 -222.561996
v 122.745003 -175.415024 -224.547989
v 126.318008 -175.415024 -222.561996
v 120.111008 -175.415024 -219.718994
v 122.745003 -171.911026 -224.547989
v 123.608009 -178.919022 -217.776001
v 120.111008 -186.023026 -219.718994
v 123.608009 -175.415024 -217.776001
v 120.111008 -171.911026 -219.718994
v 121.428009 -171.911026 -222.132996
v 124.531006 -171.911026 -223.554993
v 121.859009 -171.911026 -218.746994
v 124.963005 -171.911026 -220.168991
v 126.318008 -171.911026 -222.561996
v 123.608009 -186.023026 -217.776001
v 123.608009 -171.911026 -217.776001
v 120.111008 -168.407028 -219.718994
v 122.745003 -168.407028 -224.547989
v 126.318008 -168.407028 -222.561996
v 122.745003 -166.103027 -224.547989
v 123.608009 -168.407028 -217.776001
v 120.111008 -166.103027 -219.718994
v 124.531006 -166.103027 -223.554993
v 121.428009 -166.103027 -222.132996
v 121.859009 -166.103027 -218.746994
v 124.963005 -166.103027 -220.168991
v 126.318008 -166.103027 -222.561996
v 123.608009 -166.103027 -217.776001
v 124.963005 -182.923019 -220.168991
v 121.428009 -175.415024 -222.132996
v 124.531006 -175.415024 -223.554993
v 121.859009 -175.415024 -218.746994
v 124.963005 -175.415024 -220.168991
v 121.428009 -168.407028 -222.132996
v 124.531006 -168.407028 -223.554993
v 121.859009 -168.407028 -218.746994
v 124.963005 -168.407028 -220.168991
v 148.756012 -186.857025 -208.222000
v 152.073013 -186.857025 -205.832993
v 145.577011 -186.857025 -203.733994
v 148.756012 -190.024017 -208.222000
v 148.756012 -184.690018 -208.222000
v 147.166000 -184.690018 -205.977997
v 150.414001 -184.690018 -207.026993
v 147.199005 -184.690018 -202.564987
v 150.447006 -184.690018 -203.613998
v 148.822006 -186.857025 -201.395996
v 152.073013 -190.024017 -205.832993
v 152.073013 -184.690018 -205.832993
v 145.577011 -190.024017 -203.733994
v 145.577011 -184.690018 -203.733994
v 148.756012 -182.023026 -208.222000
v 152.073013 -182.023026 -205.832993
v 145.577011 -182.023026 -203.733994
v 148.822006 -184.690018 -201.395996
v 148.822006 -182.023026 -201.395996
v 145.577011 -179.120026 -203.733994
v 147.166000 -179.120026 -205.977997
v 150.414001 -179.120026 -207.026993
v 147.199005 -179.120026 -202.564987
v 150.447006 -179.120026 -203.613998
v 148.822006 -190.024017 -201.395996
v 148.822006 -179.120026 -201.395996
v 148.756012 -179.120026 -208.222000
v 152.073013 -179.120026 -205.832993
v 148.756012 -176.217026 -208.222000
v 147.166000 -176.217026 -205.977997
v 150.414001 -176.217026 -207.026993
v 147.199005 -176.217026 -202.564987
v 150.447006 -176.217026 -203.613998
v 152.073013 -176.217026 -205.832993
v 148.756012 -173.314026 -208.222000
v 152.073013 -173.314026 -205.832993
v 145.577011 -173.314026 -203.733994
v 145.577011 -176.217026 -203.733994
v 148.822006 -176.217026 -201.395996
v 148.822006 -173.314026 -201.395996
v 145.577011 -171.077026 -203.733994
v 147.166000 -171.077026 -205.977997
v 150.414001 -171.077026 -207.026993
v 147.199005 -171.077026 -202.564987
v 150.447006 -171.077026 -203.613998
v 148.822006 -171.077026 -201.395996
v 148.756012 -171.077026 -208.222000
v 152.073013 -171.077026 -205.832993
v 148.756012 -168.840027 -208.222000
v 147.166000 -168.840027 -205.977997
v 150.414001 -168.840027 -207.026993
v 147.199005 -168.840027 -202.564987
v 150.447006 -168.840027 -203.613998
v 152.073013 -168.840027 -205.832993
v 150.423004 -168.840027 -203.580002
v 145.577011 -168.840027 -203.733994
v 148.822006 -168.840027 -201.395996
v 148.756012 -166.103027 -208.222000
v 147.166000 -166.103027 -205.977997
v 150.414001 -166.103027 -207.026993
v 147.199005 -166.103027 -202.564987
v 150.447006 -166.103027 -203.613998
v 152.073013 -166.103027 -205.832993
v 145.577011 -166.103027 -203.733994
v 148.822006 -166.103027 -201.395996
v 147.199005 -186.857025 -202.564987
v 150.447006 -186.857025 -203.613998
v 150.414001 -186.857025 -207.026993
v 147.166000 -186.857025 -205.977997
v 147.166000 -182.023026 -205.977997
v 150.414001 -182.023026 -207.026993
v 147.199005 -182.023026 -202.564987
v 150.447006 -182.023026 -203.613998
v 147.166000 -173.314026 -205.977997
v 150.414001 -173.314026 -207.026993
v 147.199005 -173.314026 -202.564987
v 150.447006 -173.314026 -203.613998
v -2.043920 -203.666031 -255.899994
v 2.044080 -203.666031 -255.899994
v -1.999920 -203.666031 -250.399994
v -2.043920 -207.133026 -255.899994
v 2.044080 -207.133026 -255.899994
v -1.999920 -207.133026 -250.399994
v -2.043920 -210.600021 -255.899994
v 2.000080 -207.133026 -250.399994
v -1.999920 -210.600021 -250.399994
v 2.000080 -203.666031 -250.399994
v -1.999920 -200.199020 -250.399994
v 2.000080 -200.199020 -250.399994
v -2.043920 -200.199020 -255.899994
v 2.044080 -200.199020 -255.899994
v -2.043920 -196.232025 -255.899994
v 2.044080 -196.232025 -255.899994
v -1.999920 -196.232025 -250.399994
v -2.043920 -192.843018 -255.899994
v 2.044080 -192.843018 -255.899994
v -1.999920 -192.843018 -250.399994
v -2.043920 -189.454025 -255.899994
v 2.044080 -189.454025 -255.899994
v -1.999920 -189.454025 -250.399994
v -2.043920 -186.065018 -255.899994
v 2.044080 -186.065018 -255.899994
v -1.999920 -186.065018 -250.399994
v -2.043920 -182.676025 -255.899994
v 2.044080 -182.676025 -255.899994
v -1.999920 -182.676025 -250.399994
v -2.043920 -179.287018 -255.899994
v 2.044080 -179.287018 -255.899994
v -1.999920 -179.287018 -250.399994
v -2.043920 -175.916031 -255.899994
v 2.044080 -175.916031 -255.899994
v -1.999920 -175.916031 -250.399994
v -2.043920 -172.545029 -255.899994
v 2.044080 -172.545029 -255.899994
v -1.999920 -172.545029 -250.399994
v -2.043920 -169.174026 -255.899994
v 2.044080 -169.174026 -255.899994
v -1.999920 -169.174026 -250.399994
v -2.043920 -166.103027 -255.899994
v 2.044080 -166.103027 -255.899994
v -1.999920 -166.103027 -250.399994
v 2.000080 -166.103027 -250.399994
v 2.000080 -169.174026 -250.399994
v 2.000080 -172.545029 -250.399994
v 2.000080 -175.916031 -250.399994
v 2.000080 -179.287018 -250.399994
v 2.000080 -182.676025 -250.399994
v 2.000080 -186.065018 -250.399994
v 2.000080 -189.454025 -250.399994
v 2.000080 -192.843018 -250.399994
v 2.000080 -196.232025 -250.399994
v 2.044080 -210.600021 -255.899994
v 2.000080 -210.600021 -250.399994
v -2.021920 -203.666031 -253.149994
v 0.000077 -203.666031 -255.899994
v 0.000077 -203.666031 -250.399994
v 2.022080 -203.666031 -253.149994
v -2.021920 -207.133026 -253.149994
v 0.000077 -207.133026 -255.899994
v 0.000077 -207.133026 -250.399994
v 2.022080 -207.133026 -253.149994
v -2.021920 -200.199020 -253.149994
v 0.000077 -200.199020 -255.899994
v 0.000077 -200.199020 -250.399994
v 2.022080 -200.199020 -253.149994
v -2.021920 -196.232025 -253.149994
v 0.000077 -196.232025 -255.899994
v 0.000077 -196.232025 -250.399994
v 2.022080 -196.232025 -253.149994
v -2.021920 -192.843018 -253.149994
v 0.000077 -192.843018 -255.899994
v 0.000077 -192.843018 -250.399994
v 2.022080 -192.843018 -253.149994
v -2.021920 -189.454025 -253.149994
v 0.000077 -189.454025 -255.899994
v 0.000077 -189.454025 -250.399994
v 2.022080 -189.454025 -253.149994
v -2.021920 -186.065018 -253.149994
v 0.000077 -186.065018 -255.899994
v 0.000077 -186.065018 -250.399994
v 2.022080 -186.065018 -253.149994
v -2.021920 -182.676025 -253.149994
v 0.000077 -182.676025 -255.899994
v 0.000077 -182.676025 -250.399994
v 2.022080 -182.676025 -253.149994
v -2.021920 -179.287018 -253.149994
v 0.000077 -179.287018 -255.899994
v 0.000077 -179.287018 -250.399994
v 2.022080 -179.287018 -253.149994
v -2.021920 -172.545029 -253.149994
v 0.000077 -172.545029 -255.899994
v 0.000077 -172.545029 -250.399994
v 2.022080 -172.545029 -253.149994
v -2.021920 -175.916031 -253.149994
v 0.000077 -175.916031 -255.899994
v 0.000077 -175.916031 -250.399994
v 2.022080 -175.916031 -253.149994
v -2.021920 -169.174026 -253.149994
v 0.000077 -169.174026 -255.899994
v 0.000077 -169.174026 -250.399994
v 2.022080 -169.174026 -253.149994
v -2.021920 -166.103027 -253.149994
v 0.000077 -166.103027 -255.899994
v 0.000077 -166.103027 -250.399994
v 2.022080 -166.103027 -253.149994
v 172.639008 -173.918030 -188.914993
v 175.623001 -173.918030 -186.121994
v 168.913010 -173.918030 -184.869995
v 172.639008 -171.313019 -188.914993
v 172.639008 -176.523026 -188.914993
v 170.776001 -171.313019 -186.891998
v 174.131012 -171.313019 -187.517990
v 170.373001 -171.313019 -183.502991
v 173.728012 -171.313019 -184.128998
v 171.833008 -173.918030 -182.135986
v 175.623001 -171.313019 -186.121994
v 175.623001 -176.523026 -186.121994
v 168.913010 -171.313019 -184.869995
v 168.913010 -176.523026 -184.869995
v 172.639008 -168.708023 -188.914993
v 175.623001 -168.708023 -186.121994
v 168.913010 -168.708023 -184.869995
v 171.833008 -171.313019 -182.135986
v 171.833008 -168.708023 -182.135986
v 168.913010 -166.103027 -184.869995
v 170.776001 -166.103027 -186.891998
v 174.131012 -166.103027 -187.517990
v 170.373001 -166.103027 -183.502991
v 173.728012 -166.103027 -184.128998
v 171.833008 -176.523026 -182.135986
v 171.833008 -166.103027 -182.135986
v 172.639008 -166.103027 -188.914993
v 175.623001 -166.103027 -186.121994
v 170.373001 -173.918030 -183.502991
v 173.728012 -173.918030 -184.128998
v 174.131012 -173.918030 -187.517990
v 170.776001 -173.918030 -186.891998
v 170.776001 -168.708023 -186.891998
v 174.131012 -168.708023 -187.517990
v 170.373001 -168.708023 -183.502991
v 173.728012 -168.708023 -184.128998
v 194.964005 -179.043030 -165.757996
v 197.594009 -179.043030 -162.627991
v 190.782013 -179.043030 -162.184998
v 194.964005 -181.523026 -165.757996
v 194.964005 -176.455017 -165.757996
v 192.873016 -176.455017 -163.972000
v 196.279007 -176.455017 -164.192993
v 192.069016 -176.455017 -160.653992
v 195.475006 -176.455017 -160.875992
v 193.356003 -179.043030 -159.122986
v 197.594009 -181.523026 -162.627991
v 197.594009 -176.455017 -162.627991
v 194.964005 -173.867020 -165.757996
v 197.594009 -173.867020 -162.627991
v 190.782013 -173.867020 -162.184998
v 190.782013 -176.455017 -162.184998
v 193.356003 -176.455017 -159.122986
v 190.782013 -181.523026 -162.184998
v 193.356003 -173.867020 -159.122986
v 190.782013 -171.279022 -162.184998
v 192.873016 -171.279022 -163.972000
v 196.279007 -171.279022 -164.192993
v 192.069016 -171.279022 -160.653992
v 195.475006 -171.279022 -160.875992
v 193.356003 -181.523026 -159.122986
v 197.594009 -171.279022 -162.627991
v 194.964005 -171.279022 -165.757996
v 197.594009 -168.691025 -162.627991
v 194.964005 -168.691025 -165.757996
v 190.782013 -168.691025 -162.184998
v 193.356003 -171.279022 -159.122986
v 193.356003 -168.691025 -159.122986
v 190.782013 -166.103027 -162.184998
v 194.964005 -166.103027 -165.757996
v 192.873016 -166.134018 -163.972000
v 196.279007 -166.103027 -164.192993
v 192.873016 -166.103027 -163.972000
v 192.069016 -166.103027 -160.653992
v 195.475006 -166.103027 -160.875992
v 197.594009 -168.742020 -162.627991
v 193.356003 -166.103027 -159.122986
v 197.594009 -166.103027 -162.627991
v 192.069016 -179.043030 -160.653992
v 195.475006 -179.043030 -160.875992
v 196.279007 -179.043030 -164.192993
v 192.873016 -179.043030 -163.972000
v 192.873016 -173.867020 -163.972000
v 196.279007 -173.867020 -164.192993
v 192.069016 -173.867020 -160.653992
v 195.475006 -173.867020 -160.875992
v 192.873016 -168.691025 -163.972000
v 196.279007 -168.691025 -164.192993
v 192.069016 -168.691025 -160.653992
v 195.475006 -168.691025 -160.875992
v 213.413010 -180.838028 -141.241989
v 215.624008 -180.838028 -137.803986
v 208.810013 -180.838028 -138.230988
v 213.413010 -183.985031 -141.241989
v 215.624008 -183.985031 -137.803986
v 208.810013 -183.985031 -138.230988
v 213.413010 -187.523026 -141.241989
v 211.112015 -183.985031 -139.736984
v 214.518005 -183.985031 -139.522995
v 209.892014 -183.985031 -136.548996
v 213.299011 -183.985031 -136.334991
v 215.624008 -187.523026 -137.803986
v 210.973007 -183.985031 -134.865997
v 210.973007 -180.838028 -134.865997
v 215.624008 -177.691025 -137.803986
v 208.810013 -187.523026 -138.230988
v 213.413010 -177.691025 -141.241989
v 211.112015 -177.691025 -139.736984
v 213.299011 -177.691025 -136.334991
v 214.518005 -177.691025 -139.522995
v 209.892014 -177.691025 -136.548996
v 213.413010 -174.544022 -141.241989
v 215.624008 -174.544022 -137.803986
v 208.810013 -174.544022 -138.230988
v 208.810013 -177.691025 -138.230988
v 210.973007 -177.691025 -134.865997
v 210.973007 -187.523026 -134.865997
v 210.973007 -174.544022 -134.865997
v 208.810013 -171.397018 -138.230988
v 210.973007 -171.397018 -134.865997
v 213.413010 -171.397018 -141.241989
v 215.624008 -171.397018 -137.803986
v 215.624008 -168.600021 -137.803986
v 213.299011 -174.544022 -136.334991
v 214.518005 -174.544022 -139.522995
v 211.112015 -174.544022 -139.736984
v 209.892014 -174.544022 -136.548996
v 210.973007 -168.600021 -134.865997
v 208.810013 -168.600021 -138.230988
v 213.413010 -168.600021 -141.241989
v 211.112015 -168.600021 -139.736984
v 214.518005 -168.600021 -139.522995
v 209.892014 -168.600021 -136.548996
v 213.299011 -168.600021 -136.334991
v 213.413010 -166.103027 -141.241989
v 211.112015 -166.103027 -139.736984
v 214.518005 -166.103027 -139.522995
v 209.892014 -166.103027 -136.548996
v 213.299011 -166.103027 -136.334991
v 215.624008 -166.103027 -137.803986
v 208.810013 -166.103027 -138.230988
v 210.973007 -166.103027 -134.865997
v 211.112015 -180.838028 -139.736984
v 214.518005 -180.838028 -139.522995
v 209.892014 -180.838028 -136.548996
v 213.299011 -180.838028 -136.334991
v 211.112015 -171.397018 -139.736984
v 214.518005 -171.397018 -139.522995
v 209.892014 -171.397018 -136.548996
v 213.299011 -171.397018 -136.334991
v 229.614014 -181.163025 -112.985992
v 231.391006 -181.163025 -109.304993
v 224.680008 -181.163025 -110.554993
v 229.614014 -178.091019 -112.985992
v 229.614014 -184.524017 -112.985992
v 227.147003 -178.091019 -111.770988
v 230.503006 -178.091019 -111.144989
v 225.550018 -178.091019 -108.753990
v 228.905014 -178.091019 -108.128990
v 226.419006 -181.163025 -106.952988
v 231.391006 -178.091019 -109.304993
v 231.391006 -184.524017 -109.304993
v 224.680008 -178.091019 -110.554993
v 224.680008 -184.524017 -110.554993
v 229.614014 -175.019028 -112.985992
v 231.391006 -175.019028 -109.304993
v 224.680008 -175.019028 -110.554993
v 226.419006 -178.091019 -106.952988
v 226.419006 -175.019028 -106.952988
v 224.680008 -171.947021 -110.554993
v 227.147003 -171.947021 -111.770988
v 230.503006 -171.947021 -111.144989
v 225.550018 -171.947021 -108.753990
v 228.905014 -171.947021 -108.128990
v 226.419006 -184.524017 -106.952988
v 224.680008 -168.875031 -110.554993
v 226.419006 -168.875031 -106.952988
v 229.614014 -168.875031 -112.985992
v 231.391006 -168.875031 -109.304993
v 229.614014 -171.947021 -112.985992
v 231.391006 -171.947021 -109.304993
v 226.419006 -171.947021 -106.952988
v 229.614014 -166.103027 -112.985992
v 227.147003 -166.103027 -111.770988
v 224.680008 -166.103027 -110.554993
v 230.503006 -166.103027 -111.144989
v 225.550018 -166.103027 -108.753990
v 228.905014 -166.103027 -108.128990
v 231.391006 -166.103027 -109.304993
v 226.419006 -166.103027 -106.952988
v 229.673004 -168.875031 -112.864990
v 225.550018 -181.163025 -108.753990
v 228.905014 -181.163025 -108.128990
v 230.503006 -181.163025 -111.144989
v 227.147003 -181.163025 -111.770988
v 227.147003 -175.019028 -111.770988
v 230.503006 -175.019028 -111.144989
v 225.550018 -175.019028 -108.753990
v 228.905014 -175.019028 -108.128990
v 227.147003 -168.875031 -111.770988
v 230.503006 -168.875031 -111.144989
v 225.550018 -168.875031 -108.753990
v 228.905014 -168.875031 -108.128990
v 242.752014 -187.187012 -81.024284
v 243.999008 -187.187012 -77.131195
v 237.528015 -187.187012 -79.304390
v 242.752014 -189.854004 -81.024284
v 243.999008 -189.854004 -77.131195
v 237.528015 -189.854004 -79.304390
v 242.752014 -192.521011 -81.024284
v 240.140015 -187.187012 -80.164391
v 243.376007 -187.187012 -79.077782
v 238.138016 -187.187012 -77.399689
v 241.374008 -187.187012 -76.313194
v 238.748016 -189.854004 -75.495087
v 243.999008 -192.521011 -77.131195
v 242.752014 -184.520004 -81.024284
v 243.999008 -184.520004 -77.131195
v 237.528015 -184.520004 -79.304390
v 242.752014 -182.393005 -81.024284
v 240.140015 -182.393005 -80.164391
v 238.748016 -184.520004 -75.495087
v 238.748016 -187.187012 -75.495087
v 237.528015 -192.521011 -79.304390
v 237.528015 -182.393005 -79.304390
v 243.376007 -182.393005 -79.077782
v 238.138016 -182.393005 -77.399689
v 241.374008 -182.393005 -76.313194
v 243.999008 -179.678009 -77.131195
v 242.752014 -179.678009 -81.024284
v 237.528015 -179.678009 -79.304390
v 243.999008 -182.393005 -77.131195
v 238.748016 -182.393005 -75.495087
v 238.748016 -179.678009 -75.495087
v 237.528015 -176.963013 -79.304390
v 242.752014 -176.963013 -81.024284
v 240.140015 -176.963013 -80.164391
v 243.376007 -176.963013 -79.077782
v 238.138016 -176.963013 -77.399689
v 241.374008 -176.963013 -76.313194
v 243.999008 -174.248001 -77.131195
v 242.752014 -174.248001 -81.024284
v 237.528015 -174.248001 -79.304390
v 243.999008 -176.963013 -77.131195
v 238.748016 -176.963013 -75.495087
v 238.748016 -174.248001 -75.495087
v 237.528015 -171.533005 -79.304390
v 242.752014 -171.533005 -81.024284
v 240.140015 -171.533005 -80.164391
v 243.376007 -171.533005 -79.077782
v 238.138016 -171.533005 -77.399689
v 241.374008 -171.533005 -76.313194
v 243.999008 -168.818008 -77.131195
v 242.752014 -168.818008 -81.024284
v 237.528015 -168.818008 -79.304390
v 243.999008 -171.533005 -77.131195
v 238.748016 -171.533005 -75.495087
v 238.748016 -168.818008 -75.495087
v 237.528015 -166.103012 -79.304390
v 242.752014 -166.103012 -81.024284
v 240.140015 -166.103012 -80.164391
v 243.376007 -166.103012 -79.077782
v 238.138016 -166.103012 -77.399689
v 241.374008 -166.103012 -76.313194
v 238.748016 -192.521011 -75.495087
v 238.138016 -189.854004 -77.399689
v 241.374008 -189.854004 -76.313194
v 243.376007 -189.854004 -79.077782
v 240.140015 -189.854004 -80.164391
v 238.748016 -166.103012 -75.495087
v 240.140015 -166.226013 -80.164391
v 243.999008 -166.103012 -77.131195
v 240.140015 -184.520004 -80.164391
v 243.376007 -184.520004 -79.077782
v 238.138016 -184.520004 -77.399689
v 241.374008 -184.520004 -76.313194
v 240.140015 -179.678009 -80.164391
v 243.376007 -179.678009 -79.077782
v 238.138016 -179.678009 -77.399689
v 241.374008 -179.678009 -76.313194
v 240.140015 -174.248001 -80.164391
v 243.376007 -174.248001 -79.077782
v 238.138016 -174.248001 -77.399689
v 241.374008 -174.248001 -76.313194
v 240.140015 -168.818008 -80.164391
v 243.376007 -168.818008 -79.077782
v 238.138016 -168.818008 -77.399689
v 241.374008 -168.818008 -76.313194
v 251.469009 -191.521011 -47.504684
v 252.179016 -191.521011 -43.478786
v 246.060013 -191.521011 -46.506489
v 251.469009 -194.521011 -47.504684
v 252.179016 -194.521011 -43.478786
v 246.060013 -194.521011 -46.506489
v 251.469009 -197.521011 -47.504684
v 248.765015 -191.521011 -47.005589
v 251.824005 -191.521011 -45.491787
v 246.408005 -191.521011 -44.536884
v 249.467010 -191.521011 -43.022987
v 246.755005 -194.521011 -42.567184
v 252.179016 -197.521011 -43.478786
v 251.469009 -188.521011 -47.504684
v 252.179016 -188.521011 -43.478786
v 246.060013 -188.521011 -46.506489
v 251.469009 -185.960007 -47.504684
v 248.765015 -185.960007 -47.005589
v 246.755005 -188.521011 -42.567184
v 246.755005 -191.521011 -42.567184
v 246.060013 -197.521011 -46.506489
v 246.060013 -185.960007 -46.506489
v 251.824005 -185.960007 -45.491787
v 246.408005 -185.960007 -44.536884
v 249.467010 -185.960007 -43.022987
v 252.179016 -185.960007 -43.478786
v 246.755005 -197.521011 -42.567184
v 246.408005 -194.521011 -44.536884
v 249.467010 -194.521011 -43.022987
v 251.824005 -194.521011 -45.491787
v 248.765015 -194.521011 -47.005589
v 246.755005 -185.960007 -42.567184
v 246.045013 -188.521011 -46.503590
v 246.060013 -183.399002 -46.506489
v 246.755005 -183.399002 -42.567184
v 251.469009 -183.399002 -47.504684
v 252.179016 -183.399002 -43.478786
v 246.060013 -180.838013 -46.506489
v 251.469009 -180.838013 -47.504684
v 248.765015 -180.838013 -47.005589
v 246.755005 -180.838013 -42.567184
v 246.408005 -180.838013 -44.536884
v 249.467010 -180.838013 -43.022987
v 251.824005 -180.838013 -45.491787
v 252.179016 -180.838013 -43.478786
v 251.469009 -177.831009 -47.504684
v 248.765015 -177.831009 -47.005589
v 251.824005 -177.831009 -45.491787
v 246.408005 -177.831009 -44.536884
v 249.467010 -177.831009 -43.022987
v 252.179016 -177.831009 -43.478786
v 246.060013 -177.831009 -46.506489
v 251.469009 -174.824005 -47.504688
v 252.179016 -174.824005 -43.478790
v 246.060013 -174.824005 -46.506493
v 246.755005 -177.831009 -42.567184
v 246.755005 -174.824005 -42.567188
v 246.060013 -171.817001 -46.506493
v 248.765015 -171.817001 -47.005592
v 251.824005 -171.817001 -45.491791
v 246.408005 -171.817001 -44.536888
v 249.467010 -171.817001 -43.022991
v 251.469009 -171.817001 -47.504688
v 246.755005 -171.817001 -42.567188
v 251.469009 -168.810013 -47.504688
v 252.179016 -168.810013 -43.478790
v 246.060013 -168.810013 -46.506493
v 252.179016 -171.817001 -43.478790
v 246.755005 -168.810013 -42.567188
v 246.060013 -166.103012 -46.506493
v 248.765015 -166.103012 -47.005592
v 251.824005 -166.103012 -45.491791
v 246.408005 -166.103012 -44.536888
v 249.467010 -166.103012 -43.022991
v 251.469009 -166.103012 -47.504688
v 246.755005 -166.103012 -42.567188
v 252.179016 -166.103012 -43.478790
v 248.765015 -188.521011 -47.005589
v 251.824005 -188.521011 -45.491787
v 246.408005 -188.521011 -44.536884
v 249.467010 -188.521011 -43.022987
v 248.765015 -183.399002 -47.005589
v 251.824005 -183.399002 -45.491787
v 246.408005 -183.399002 -44.536884
v 249.467010 -183.399002 -43.022987
v 248.765015 -174.824005 -47.005592
v 251.824005 -174.824005 -45.491791
v 246.408005 -174.824005 -44.536888
v 249.467010 -174.824005 -43.022991
v 248.765015 -168.810013 -47.005592
v 251.824005 -168.810013 -45.491791
v 246.408005 -168.810013 -44.536888
v 249.467010 -168.810013 -43.022991
v 255.467010 -189.676010 -15.265186
v 255.649017 -189.676010 -11.181286
v 249.974014 -189.676010 -14.975986
v 255.467010 -193.099014 -15.265186
v 255.649017 -193.099014 -11.181286
v 249.974014 -193.099014 -14.975986
v 255.467010 -196.522003 -15.265185
v 252.721008 -193.099014 -15.120586
v 255.558014 -193.099014 -13.223286
v 250.064011 -193.099014 -12.977986
v 252.901016 -193.099014 -11.080585
v 255.649017 -196.522003 -11.181285
v 250.153015 -193.099014 -10.979986
v 250.153015 -189.676010 -10.979986
v 255.649017 -186.253006 -11.181286
v 250.153015 -196.522003 -10.979985
v 249.974014 -196.522003 -14.975986
v 255.467010 -186.253006 -15.265186
v 252.721008 -186.253006 -15.120586
v 255.558014 -186.253006 -13.223286
v 250.064011 -186.253006 -12.977986
v 252.901016 -186.253006 -11.080585
v 255.649017 -183.263016 -11.181286
v 255.467010 -183.263016 -15.265186
v 249.974014 -183.263016 -14.975986
v 249.974014 -186.253006 -14.975986
v 250.153015 -186.253006 -10.979986
v 250.153015 -183.263016 -10.979986
v 249.974014 -180.273010 -14.975987
v 255.467010 -180.273010 -15.265187
v 252.721008 -180.273010 -15.120587
v 255.558014 -180.273010 -13.223287
v 250.064011 -180.273010 -12.977987
v 252.901016 -180.273010 -11.080586
v 255.649017 -177.283005 -11.181287
v 255.467010 -177.283005 -15.265187
v 249.974014 -177.283005 -14.975987
v 255.649017 -180.273010 -11.181287
v 250.153015 -180.273010 -10.979987
v 250.153015 -177.283005 -10.979987
v 249.974014 -174.293015 -14.975987
v 255.649017 -174.293015 -11.181287
v 250.153015 -174.293015 -10.979987
v 252.721008 -174.293015 -15.120587
v 250.064011 -174.293015 -12.977987
v 252.901016 -174.293015 -11.080586
v 255.558014 -174.293015 -13.223287
v 255.467010 -171.303009 -15.265187
v 255.649017 -171.303009 -11.181287
v 249.974014 -171.303009 -14.975987
v 255.467010 -174.293015 -15.265187
v 250.153015 -171.303009 -10.979987
v 249.974014 -168.553009 -14.975988
v 252.721008 -168.553009 -15.120588
v 250.064011 -168.553009 -12.977988
v 252.901016 -168.553009 -11.080587
v 255.558014 -168.553009 -13.223288
v 250.153015 -168.553009 -10.979988
v 255.649017 -168.553009 -11.181288
v 255.467010 -168.553009 -15.265188
v 255.467010 -166.103012 -15.265188
v 252.721008 -166.103012 -15.120588
v 255.558014 -166.103012 -13.223288
v 250.064011 -166.103012 -12.977988
v 252.901016 -166.103012 -11.080587
v 255.649017 -166.103012 -11.181288
v 249.974014 -166.103012 -14.975988
v 250.153015 -166.103012 -10.979988
v 252.721008 -189.676010 -15.120586
v 255.558014 -189.676010 -13.223286
v 250.064011 -189.676010 -12.977986
v 252.901016 -189.676010 -11.080585
v 252.721008 -183.263016 -15.120586
v 255.558014 -183.263016 -13.223286
v 250.064011 -183.263016 -12.977986
v 252.901016 -183.263016 -11.080585
v 252.721008 -177.283005 -15.120587
v 255.558014 -177.283005 -13.223287
v 250.064011 -177.283005 -12.977987
v 252.901016 -177.283005 -11.080586
v 252.721008 -171.303009 -15.120587
v 255.558014 -171.303009 -13.223287
v 250.064011 -171.303009 -12.977987
v 252.901016 -171.303009 -11.080586
v 255.442017 -214.075012 15.455116
v 255.164017 -214.075012 19.533716
v 249.952011 -214.075012 15.125418
v 255.442017 -211.351013 15.455116
v 255.442017 -217.299011 15.455116
v 255.164017 -217.299011 19.533718
v 249.952011 -217.299011 15.125418
v 255.442017 -220.523010 15.455116
v 255.303009 -214.075012 17.494417
v 252.697006 -214.075012 15.290217
v 249.816010 -214.075012 17.120817
v 252.422012 -214.075012 19.324917
v 249.680008 -217.299011 19.116117
v 255.164017 -220.523010 19.533718
v 255.164017 -211.351013 19.533716
v 249.952011 -211.351013 15.125418
v 255.442017 -208.627014 15.455116
v 249.680008 -211.351013 19.116116
v 255.164017 -208.627014 19.533716
v 249.680008 -214.075012 19.116116
v 249.952011 -220.523010 15.125418
v 249.952011 -208.627014 15.125418
v 249.816010 -208.627014 17.120817
v 252.422012 -208.627014 19.324917
v 255.303009 -208.627014 17.494417
v 252.697006 -208.627014 15.290217
v 249.680008 -208.627014 19.116116
v 249.680008 -220.523010 19.116117
v 249.680008 -205.903015 19.116116
v 249.952011 -205.903015 15.125417
v 255.442017 -205.903015 15.455115
v 255.164017 -205.903015 19.533716
v 255.442017 -203.085007 15.455115
v 249.952011 -203.085007 15.125417
v 249.816010 -203.085007 17.120817
v 252.422012 -203.085007 19.324917
v 255.303009 -203.085007 17.494417
v 252.697006 -203.085007 15.290216
v 255.164017 -203.085007 19.533716
v 249.680008 -203.085007 19.116116
v 249.680008 -200.267014 19.116116
v 249.952011 -200.267014 15.125417
v 255.442017 -200.267014 15.455115
v 255.164017 -200.267014 19.533716
v 249.952011 -197.449005 15.125417
v 249.816010 -197.449005 17.120817
v 255.442017 -197.449005 15.455115
v 249.680008 -197.449005 19.116116
v 252.422012 -197.449005 19.324917
v 255.303009 -197.449005 17.494417
v 252.697006 -197.449005 15.290216
v 249.952011 -194.098007 15.125416
v 249.680008 -194.098007 19.116116
v 255.442017 -194.098007 15.455114
v 255.164017 -194.098007 19.533716
v 255.442017 -190.747009 15.455114
v 255.303009 -190.747009 17.494417
v 252.697006 -190.747009 15.290215
v 249.816010 -190.747009 17.120817
v 252.422012 -190.747009 19.324917
v 255.164017 -197.449005 19.533716
v 255.164017 -190.747009 19.533716
v 249.952011 -190.747009 15.125416
v 249.680008 -190.747009 19.116116
v 249.680008 -187.396011 19.116114
v 255.442017 -187.396011 15.455114
v 255.164017 -187.396011 19.533714
v 249.952011 -187.396011 15.125416
v 255.442017 -184.045013 15.455114
v 255.164017 -184.045013 19.533714
v 255.371017 -184.045013 16.496714
v 252.422012 -184.045013 19.324915
v 249.816010 -184.045013 17.120815
v 252.697006 -184.045013 15.290215
v 249.952011 -184.045013 15.125416
v 249.680008 -180.694016 19.116114
v 249.952011 -180.694016 15.125415
v 255.442017 -180.694016 15.455113
v 255.164017 -180.694016 19.533714
v 249.680008 -184.045013 19.116114
v 249.952011 -177.343002 15.125415
v 249.680008 -177.343002 19.116114
v 252.422012 -177.343002 19.324915
v 255.303009 -177.343002 17.494415
v 252.697006 -177.343002 15.290215
v 249.816010 -177.343002 17.120815
v 255.164017 -177.343002 19.533714
v 249.680008 -174.458008 19.116114
v 255.442017 -177.343002 15.455113
v 255.164017 -174.458008 19.533714
v 255.442017 -174.458008 15.455113
v 249.952011 -174.458008 15.125415
v 255.442017 -171.573013 15.455113
v 255.303009 -171.573013 17.494415
v 252.697006 -171.573013 15.290215
v 249.816010 -171.573013 17.120815
v 252.422012 -171.573013 19.324915
v 255.164017 -171.573013 19.533714
v 249.952011 -171.573013 15.125415
v 255.442017 -168.688004 15.455112
v 249.680008 -171.573013 19.116114
v 249.952011 -168.688004 15.125414
v 249.680008 -168.688004 19.116114
v 255.164017 -168.688004 19.533714
v 255.442017 -166.103012 15.455112
v 249.952011 -166.103012 15.125414
v 252.697006 -166.103012 15.290214
v 249.816010 -166.103012 17.120815
v 252.422012 -166.103012 19.324915
v 255.371017 -166.103012 16.496714
v 249.680008 -166.103012 19.116114
v 255.164017 -166.103012 19.533714
v 255.164017 -169.189011 19.533714
v 249.816010 -217.299011 17.120819
v 252.422012 -217.299011 19.324919
v 255.303009 -217.299011 17.494419
v 252.697006 -217.299011 15.290217
v 252.697006 -205.903015 15.290216
v 255.303009 -205.903015 17.494417
v 249.816010 -205.903015 17.120817
v 252.422012 -205.903015 19.324917
v 252.697006 -200.267014 15.290216
v 255.303009 -200.267014 17.494417
v 249.816010 -200.267014 17.120817
v 252.422012 -200.267014 19.324917
v 252.697006 -187.396011 15.290215
v 255.303009 -187.396011 17.494415
v 249.816010 -187.396011 17.120815
v 252.422012 -187.396011 19.324915
v 252.422012 -180.694016 19.324915
v 249.816010 -180.694016 17.120815
v 255.371017 -180.694016 16.496714
v 252.697006 -180.694016 15.290215
v 252.697006 -174.458008 15.290215
v 255.303009 -174.458008 17.494415
v 249.816010 -174.458008 17.120815
v 252.422012 -174.458008 19.324915
v 252.697006 -168.688004 15.290214
v 255.303009 -168.688004 17.494415
v 249.816010 -168.688004 17.120815
v 252.422012 -168.688004 19.324915
v 252.697006 -211.351013 15.290217
v 255.303009 -211.351013 17.494417
v 249.816010 -211.351013 17.120817
v 252.422012 -211.351013 19.324917
v 246.166016 -207.339005 46.036217
v 245.254013 -207.339005 50.442917
v 251.561005 -207.339005 47.102619
v 246.166016 -210.933014 46.036217
v 245.254013 -210.933014 50.442917
v 251.561005 -210.933014 47.102619
v 246.166016 -214.527008 46.036217
v 245.710007 -207.339005 48.239620
v 248.864014 -207.339005 46.569416
v 251.096008 -207.339005 49.354019
v 247.942017 -207.339005 51.024120
v 250.630005 -210.933014 51.605320
v 251.561005 -214.527008 47.102619
v 250.630005 -204.265015 51.605320
v 250.630005 -207.339005 51.605320
v 251.561005 -204.265015 47.102619
v 246.166016 -204.265015 46.036217
v 245.254013 -204.265015 50.442917
v 246.166016 -201.191010 46.036217
v 245.710007 -201.191010 48.239620
v 251.561005 -201.191010 47.102619
v 251.096008 -201.191010 49.354019
v 248.864014 -201.191010 46.569416
v 247.942017 -201.191010 51.024120
v 245.254013 -214.527008 50.442917
v 245.254013 -201.191010 50.442917
v 251.561005 -198.117004 47.102619
v 250.630005 -201.191010 51.605320
v 246.166016 -198.117004 46.036217
v 245.254013 -198.117004 50.442917
v 246.166016 -195.043015 46.036217
v 245.710007 -195.043015 48.239620
v 248.864014 -195.043015 46.569416
v 251.096008 -195.043015 49.354019
v 247.942017 -195.043015 51.024120
v 250.630005 -192.469009 51.605320
v 251.561005 -192.469009 47.102619
v 246.166016 -192.469009 46.036217
v 245.254013 -192.469009 50.442917
v 245.254013 -195.043015 50.442917
v 251.561005 -195.043015 47.102619
v 250.630005 -198.117004 51.605320
v 250.630005 -214.527008 51.605320
v 251.096008 -210.933014 49.354019
v 248.864014 -210.933014 46.569416
v 245.710007 -210.933014 48.239620
v 247.942017 -210.933014 51.024120
v 246.166016 -189.895004 46.036217
v 245.710007 -189.895004 48.239620
v 250.630005 -195.043015 51.605320
v 250.630005 -189.895004 51.605320
v 251.096008 -189.895004 49.354019
v 247.942017 -189.895004 51.024120
v 248.864014 -189.895004 46.569416
v 245.254013 -187.321014 50.442917
v 246.166016 -187.321014 46.036217
v 251.561005 -187.321014 47.102619
v 245.254013 -189.895004 50.442917
v 251.561005 -189.895004 47.102619
v 250.630005 -187.321014 51.605320
v 251.561005 -184.147003 47.102619
v 251.096008 -184.147003 49.354019
v 248.864014 -184.147003 46.569416
v 245.710007 -184.147003 48.239620
v 247.942017 -184.147003 51.024120
v 250.630005 -180.973007 51.605320
v 250.630005 -184.147003 51.605320
v 246.166016 -184.147003 46.036217
v 251.561005 -180.973007 47.102619
v 245.254013 -184.147003 50.442917
v 246.166016 -180.973007 46.036217
v 245.254013 -180.973007 50.442917
v 246.166016 -177.799011 46.036217
v 245.710007 -177.799011 48.239620
v 248.864014 -177.799011 46.569416
v 251.096008 -177.799011 49.354019
v 247.942017 -177.799011 51.024120
v 251.561005 -177.799011 47.102619
v 251.561005 -174.625015 47.102615
v 250.630005 -174.625015 51.605316
v 246.166016 -174.625015 46.036213
v 245.254013 -174.625015 50.442913
v 246.166016 -171.451004 46.036213
v 245.254013 -177.799011 50.442917
v 250.630005 -177.799011 51.605320
v 251.561005 -171.451004 47.102615
v 245.254013 -171.451004 50.442913
v 245.710007 -171.451004 48.239616
v 247.942017 -171.451004 51.024117
v 251.096008 -171.451004 49.354015
v 248.864014 -171.451004 46.569412
v 250.630005 -171.451004 51.605316
v 251.561005 -168.277008 47.102615
v 246.166016 -168.277008 46.036213
v 245.254013 -168.277008 50.442913
v 246.166016 -166.103012 46.036213
v 245.710007 -166.103012 48.239616
v 247.942017 -166.103012 51.024117
v 251.096008 -166.103012 49.354015
v 248.864014 -166.103012 46.569412
v 250.630005 -168.277008 51.605316
v 251.561005 -166.103012 47.102615
v 245.254013 -166.103012 50.442913
v 250.630005 -166.103012 51.605316
v 248.864014 -204.265015 46.569416
v 251.096008 -204.265015 49.354019
v 245.710007 -204.265015 48.239620
v 247.942017 -204.265015 51.024120
v 245.710007 -198.117004 48.239620
v 248.864014 -198.117004 46.569416
v 248.864014 -192.469009 46.569416
v 251.096008 -192.469009 49.354019
v 245.710007 -192.469009 48.239620
v 247.942017 -192.469009 51.024120
v 248.864014 -187.321014 46.569416
v 251.096008 -187.321014 49.354019
v 245.710007 -187.321014 48.239620
v 247.942017 -187.321014 51.024120
v 248.864014 -180.973007 46.569416
v 251.096008 -180.973007 49.354019
v 245.710007 -180.973007 48.239620
v 247.942017 -180.973007 51.024120
v 248.864014 -168.277008 46.569412
v 251.096008 -168.277008 49.354015
v 245.710007 -168.277008 48.239616
v 247.942017 -168.277008 51.024117
v 248.864014 -174.625015 46.569412
v 251.096008 -174.625015 49.354015
v 245.710007 -174.625015 48.239616
v 247.942017 -174.625015 51.024117
v 243.995010 -215.277008 77.129623
v 242.756012 -215.277008 81.025314
v 238.740005 -215.277008 75.504623
v 237.528015 -215.277008 79.316521
v 241.368011 -215.277008 76.317123
v 243.375015 -215.277008 79.077522
v 238.134018 -215.277008 77.410622
v 240.142014 -215.277008 80.170914
v 242.756012 -217.522003 81.025314
v 242.756012 -213.032013 81.025314
v 243.995010 -217.522003 77.129623
v 243.995010 -213.032013 77.129623
v 238.740005 -213.032013 75.504623
v 243.995010 -209.787003 77.129623
v 241.368011 -209.787003 76.317123
v 243.375015 -209.787003 79.077522
v 238.134018 -209.787003 77.410622
v 240.142014 -209.787003 80.170914
v 237.528015 -213.032013 79.316521
v 242.756012 -209.787003 81.025314
v 237.528015 -217.522003 79.316521
v 238.740005 -217.522003 75.504623
v 238.740005 -209.787003 75.504623
v 237.528015 -209.787003 79.316521
v 243.995010 -206.542007 77.129623
v 241.368011 -206.542007 76.317123
v 243.375015 -206.542007 79.077522
v 238.134018 -206.542007 77.410622
v 240.142014 -206.542007 80.170914
v 242.756012 -206.542007 81.025314
v 237.528015 -206.542007 79.316521
v 238.740005 -206.542007 75.504623
v 243.995010 -203.297012 77.129623
v 242.756012 -203.297012 81.025314
v 238.740005 -203.297012 75.504623
v 237.528015 -203.297012 79.316521
v 238.740005 -199.931015 75.504623
v 238.134018 -199.931015 77.410622
v 241.368011 -199.931015 76.317123
v 243.375015 -199.931015 79.077522
v 240.142014 -199.931015 80.170914
v 237.528015 -199.931015 79.316521
v 238.740005 -196.565002 75.504623
v 237.528015 -196.565002 79.316521
v 243.995010 -196.565002 77.129623
v 242.756012 -196.565002 81.025314
v 243.995010 -199.931015 77.129623
v 242.756012 -199.931015 81.025314
v 238.740005 -193.199005 75.504623
v 238.134018 -193.199005 77.410622
v 243.995010 -193.199005 77.129623
v 241.368011 -193.199005 76.317123
v 242.756012 -193.199005 81.025314
v 243.375015 -193.199005 79.077522
v 240.142014 -193.199005 80.170914
v 237.528015 -193.199005 79.316521
v 238.740005 -189.833008 75.504623
v 237.528015 -189.833008 79.316521
v 243.995010 -189.833008 77.129623
v 242.756012 -189.833008 81.025314
v 238.740005 -186.467010 75.504623
v 238.134018 -186.467010 77.410622
v 243.995010 -186.467010 77.129623
v 241.368011 -186.467010 76.317123
v 237.528015 -186.467010 79.316521
v 240.142014 -186.467010 80.170914
v 243.375015 -186.467010 79.077522
v 238.740005 -183.101013 75.504623
v 237.528015 -183.101013 79.316521
v 243.995010 -183.101013 77.129623
v 242.756012 -183.101013 81.025314
v 242.756012 -186.467010 81.025314
v 238.740005 -180.585007 75.504623
v 238.134018 -180.585007 77.410622
v 243.995010 -180.585007 77.129623
v 241.368011 -180.585007 76.317123
v 237.528015 -180.585007 79.316521
v 240.142014 -180.585007 80.170914
v 243.375015 -180.585007 79.077522
v 242.756012 -180.585007 81.025314
v 243.995010 -178.069016 77.129623
v 241.368011 -178.069016 76.317123
v 243.375015 -178.069016 79.077522
v 238.134018 -178.069016 77.410622
v 240.142014 -178.069016 80.170914
v 242.756012 -178.069016 81.025314
v 238.740005 -178.069016 75.504623
v 243.995010 -175.553009 77.129623
v 242.756012 -175.553009 81.025314
v 238.740005 -175.553009 75.504623
v 237.528015 -178.069016 79.316521
v 237.528015 -175.553009 79.316521
v 238.740005 -172.303009 75.504623
v 238.134018 -172.303009 77.410622
v 241.368011 -172.303009 76.317123
v 243.375015 -172.303009 79.077522
v 240.142014 -172.303009 80.170914
v 237.528015 -172.303009 79.316521
v 243.995010 -172.303009 77.129623
v 242.756012 -172.303009 81.025314
v 243.995010 -169.053009 77.129623
v 241.368011 -169.053009 76.317123
v 243.375015 -169.053009 79.077522
v 238.134018 -169.053009 77.410622
v 240.142014 -169.053009 80.170914
v 242.756012 -169.053009 81.025314
v 238.740005 -169.053009 75.504623
v 237.528015 -169.053009 79.316521
v 243.995010 -166.103012 77.129623
v 241.368011 -166.103012 76.317123
v 243.375015 -166.103012 79.077522
v 238.134018 -166.103012 77.410622
v 240.142014 -166.103012 80.170914
v 242.756012 -166.103012 81.025314
v 238.740005 -166.103012 75.504623
v 237.528015 -166.103012 79.316521
v 241.368011 -213.032013 76.317123
v 243.375015 -213.032013 79.077522
v 238.134018 -213.032013 77.410622
v 240.142014 -213.032013 80.170914
v 241.368011 -203.297012 76.317123
v 243.375015 -203.297012 79.077522
v 238.134018 -203.297012 77.410622
v 240.142014 -203.297012 80.170914
v 241.368011 -196.565002 76.317123
v 243.375015 -196.565002 79.077522
v 238.134018 -196.565002 77.410622
v 240.142014 -196.565002 80.170914
v 241.368011 -189.833008 76.317123
v 243.375015 -189.833008 79.077522
v 238.134018 -189.833008 77.410622
v 240.142014 -189.833008 80.170914
v 241.368011 -183.101013 76.317123
v 243.375015 -183.101013 79.077522
v 238.134018 -183.101013 77.410622
v 240.142014 -183.101013 80.170914
v 241.368011 -175.553009 76.317123
v 243.375015 -175.553009 79.077522
v 238.134018 -175.553009 77.410622
v 240.142014 -175.553009 80.170914
v 228.113007 -196.998993 103.301018
v 226.214005 -196.998993 107.381020
v 233.120010 -196.998993 105.578018
v 228.113007 -201.005997 103.301018
v 226.214005 -201.005997 107.381020
v 233.120010 -201.005997 105.578018
v 228.113007 -201.001999 103.301018
v 228.113007 -204.520996 103.301018
v 230.617004 -196.998993 104.440018
v 231.180008 -201.005997 109.746017
v 233.120010 -204.520996 105.578018
v 230.617004 -201.005997 104.440018
v 232.150009 -201.005997 107.662018
v 227.164017 -201.005997 105.341019
v 228.697006 -201.005997 108.564018
v 226.214005 -204.520996 107.381020
v 227.164017 -196.998993 105.341019
v 228.113007 -193.792999 103.301018
v 226.214005 -193.792999 107.381020
v 233.120010 -193.792999 105.578018
v 228.113007 -190.586990 103.301018
v 231.180008 -193.792999 109.746017
v 231.180008 -196.998993 109.746017
v 226.214005 -190.586990 107.381020
v 227.164017 -190.586990 105.341019
v 228.697006 -190.586990 108.564018
v 232.150009 -190.586990 107.662018
v 230.617004 -190.586990 104.440018
v 233.120010 -190.586990 105.578018
v 231.180008 -190.586990 109.746017
v 228.113007 -187.380997 103.301018
v 226.214005 -187.380997 107.381020
v 233.120010 -187.380997 105.578018
v 228.113007 -184.207993 103.301018
v 231.180008 -187.380997 109.746017
v 231.180008 -204.520996 109.746017
v 228.697006 -196.998993 108.564018
v 226.214005 -184.207993 107.381020
v 230.617004 -184.207993 104.440018
v 232.150009 -184.207993 107.662018
v 227.164017 -184.207993 105.341019
v 228.697006 -184.207993 108.564018
v 228.113007 -181.034988 103.301018
v 226.214005 -181.034988 107.381020
v 233.120010 -181.034988 105.578018
v 233.120010 -184.207993 105.578018
v 231.180008 -184.207993 109.746017
v 228.697006 -187.380997 108.564018
v 232.150009 -187.380997 107.662018
v 230.617004 -187.380997 104.440018
v 227.164017 -187.380997 105.341019
v 231.180008 -181.034988 109.746017
v 226.214005 -177.862000 107.381020
v 233.120010 -187.380997 105.578018
v 228.113007 -177.862000 103.301018
v 233.120010 -177.862000 105.578018
v 228.113007 -174.688995 103.301018
v 230.617004 -181.034988 104.440018
v 232.150009 -181.034988 107.662018
v 227.164017 -181.034988 105.341019
v 228.697006 -181.034988 108.564018
v 231.180008 -177.862000 109.746017
v 226.214005 -174.688995 107.381020
v 230.617004 -174.688995 104.440018
v 232.150009 -174.688995 107.662018
v 227.164017 -174.688995 105.341019
v 228.697006 -174.688995 108.564018
v 233.120010 -177.862000 105.578018
v 233.120010 -171.515991 105.578018
v 231.180008 -171.515991 109.746017
v 228.113007 -171.515991 103.301018
v 226.214005 -171.515991 107.381020
v 233.120010 -174.688995 105.578018
v 231.180008 -174.688995 109.746017
v 226.214005 -168.342987 107.381020
v 228.113007 -168.342987 103.301018
v 233.120010 -168.342987 105.578018
v 228.113007 -166.102997 103.301018
v 230.617004 -171.515991 104.440018
v 232.150009 -171.515991 107.662018
v 227.164017 -171.515991 105.341019
v 228.697006 -171.515991 108.564018
v 231.180008 -168.342987 109.746017
v 226.214005 -166.102997 107.381020
v 230.617004 -166.102997 104.440018
v 232.150009 -166.102997 107.662018
v 227.164017 -166.102997 105.341019
v 228.697006 -166.102997 108.564018
v 233.120010 -166.102997 105.578018
v 231.180008 -166.102997 109.746017
v 226.214005 -168.342987 107.381020
v 230.617004 -193.792999 104.440018
v 232.150009 -193.792999 107.662018
v 227.164017 -193.792999 105.341019
v 228.697006 -193.792999 108.564018
v 233.093018 -187.380997 105.636017
v 233.093018 -184.207993 105.636017
v 233.093018 -181.034988 105.636017
v 233.093018 -177.862000 105.636017
v 233.093018 -174.688995 105.636017
v 233.093018 -171.515991 105.636017
v 233.093018 -168.342987 105.636017
v 230.617004 -177.862000 104.440018
v 232.150009 -177.862000 107.662018
v 227.164017 -177.862000 105.341019
v 228.697006 -177.862000 108.564018
v 230.617004 -168.342987 104.440018
v 232.150009 -168.342987 107.662018
v 227.164017 -168.342987 105.341019
v 228.697006 -168.342987 108.564018
v 217.910004 -213.520996 134.176025
v 215.742004 -213.520996 137.642029
v 213.223007 -213.520996 131.298019
v 216.826004 -210.190994 135.909027
v 215.567017 -210.190994 132.737015
v 212.163010 -210.190994 132.993027
v 213.422012 -210.190994 136.166016
v 211.103012 -213.520996 134.689026
v 217.910004 -206.662994 134.176025
v 215.742004 -206.662994 137.642029
v 213.223007 -206.662994 131.298019
v 217.910004 -210.190994 134.176025
v 215.742004 -210.190994 137.642029
v 213.223007 -210.190994 131.298019
v 217.910004 -216.520996 134.176025
v 216.826004 -213.520996 135.909027
v 215.567017 -213.520996 132.737015
v 212.163010 -213.520996 132.993027
v 213.422012 -213.520996 136.166016
v 215.742004 -216.520996 137.642029
v 211.103012 -216.520996 134.689026
v 211.103012 -210.190994 134.689026
v 213.223007 -216.520996 131.298019
v 211.103012 -206.662994 134.689026
v 213.223007 -203.634995 131.298019
v 212.163010 -203.634995 132.993027
v 215.567017 -203.634995 132.737015
v 216.826004 -203.634995 135.909027
v 213.422012 -203.634995 136.166016
v 211.103012 -203.634995 134.689026
v 213.223007 -200.606995 131.298019
v 211.103012 -200.606995 134.689026
v 217.910004 -200.606995 134.176025
v 215.742004 -200.606995 137.642029
v 217.910004 -203.634995 134.176025
v 215.742004 -203.634995 137.642029
v 216.826004 -206.662994 135.909027
v 215.567017 -206.662994 132.737015
v 212.163010 -206.662994 132.993027
v 213.422012 -206.662994 136.166016
v 213.223007 -197.578995 131.298019
v 212.163010 -197.578995 132.993027
v 217.910004 -197.578995 134.176025
v 215.567017 -197.578995 132.737015
v 216.826004 -197.578995 135.909027
v 213.422012 -197.578995 136.166016
v 215.742004 -197.578995 137.642029
v 211.103012 -197.578995 134.689026
v 217.910004 -194.235001 134.176025
v 215.742004 -194.235001 137.642029
v 213.223007 -194.235001 131.298019
v 217.910004 -190.890991 134.176025
v 211.103012 -194.235001 134.689026
v 217.910004 -200.356995 134.176025
v 211.103012 -190.890991 134.689026
v 212.163010 -190.890991 132.993027
v 213.423004 -190.890991 136.166016
v 216.826004 -190.890991 135.909027
v 215.567017 -190.890991 132.737015
v 213.223007 -190.890991 131.298019
v 211.103012 -200.776993 134.689026
v 215.742004 -190.890991 137.642029
v 217.910004 -187.546997 134.176025
v 216.826004 -187.546997 135.909027
v 215.567017 -187.546997 132.737015
v 212.163010 -187.546997 132.993027
v 213.423004 -187.546997 136.166016
v 215.742004 -187.546997 137.642029
v 213.223007 -187.546997 131.298019
v 217.910004 -184.202988 134.176025
v 211.103012 -187.546997 134.689026
v 213.223007 -184.202988 131.298019
v 211.103012 -184.202988 134.689026
v 213.223007 -180.858994 131.298019
v 217.910004 -180.858994 134.176025
v 215.742004 -184.202988 137.642029
v 212.093018 -180.858994 133.105026
v 215.567017 -180.858994 132.737015
v 212.163010 -180.858994 132.993027
v 217.356003 -180.858994 135.062027
v 213.423004 -180.858994 136.166016
v 211.103012 -180.858994 134.689026
v 215.742004 -180.858994 137.642029
v 217.910004 -177.514999 134.176025
v 216.826004 -177.514999 135.909027
v 215.567017 -177.514999 132.737015
v 212.163010 -177.514999 132.993027
v 213.423004 -177.514999 136.166016
v 215.742004 -177.514999 137.642029
v 213.223007 -177.514999 131.298019
v 211.103012 -177.514999 134.689026
v 217.910004 -174.586990 134.176025
v 216.826004 -174.586990 135.909027
v 215.567017 -174.586990 132.737015
v 212.163010 -174.586990 132.993027
v 213.423004 -174.586990 136.166016
v 215.742004 -174.586990 137.642029
v 211.103012 -174.586990 134.689026
v 213.223007 -174.586990 131.298019
v 217.910004 -171.658997 134.176025
v 215.743011 -171.658997 137.642029
v 213.223007 -171.658997 131.298019
v 211.103012 -171.658997 134.689026
v 213.223007 -168.730988 131.298019
v 212.163010 -168.730988 132.993027
v 215.567017 -168.730988 132.737015
v 216.826004 -168.730988 135.909027
v 213.423004 -168.730988 136.166016
v 211.103012 -168.730988 134.689026
v 217.910004 -168.730988 134.176025
v 215.743011 -168.730988 137.642029
v 217.910004 -166.102997 134.176025
v 217.205017 -166.102997 135.303024
v 215.567017 -166.102997 132.737015
v 213.423004 -166.102997 136.166016
v 212.534012 -166.102997 132.400024
v 213.223007 -166.102997 131.298019
v 215.743011 -166.102997 137.642029
v 211.103012 -166.102997 134.689026
v 215.743011 -168.783997 137.642029
v 215.567017 -200.606995 132.737015
v 216.826004 -200.606995 135.909027
v 212.163010 -200.606995 132.993027
v 213.422012 -200.606995 136.166016
v 215.567017 -171.658997 132.737015
v 216.826004 -171.658997 135.909027
v 212.163010 -171.658997 132.993027
v 213.423004 -171.658997 136.166016
v 215.567017 -184.202988 132.737015
v 216.826004 -184.202988 135.909027
v 212.163010 -184.202988 132.993027
v 213.423004 -184.202988 136.166016
v 200.276016 -205.912994 159.320023
v 197.692017 -205.912994 162.488022
v 195.987015 -205.912994 155.878021
v 193.458008 -205.912994 158.977020
v 198.131012 -205.912994 157.599030
v 198.984009 -205.912994 160.904022
v 194.722015 -205.912994 157.427017
v 195.575012 -205.912994 160.733017
v 197.692017 -208.524994 162.488022
v 197.692017 -203.300995 162.488022
v 200.276016 -208.524994 159.320023
v 200.276016 -203.300995 159.320023
v 195.987015 -203.300995 155.878021
v 200.276016 -200.386993 159.320023
v 198.131012 -200.386993 157.599030
v 198.984009 -200.386993 160.904022
v 194.722015 -200.386993 157.427017
v 195.575012 -200.386993 160.733017
v 197.692017 -197.472992 162.488022
v 200.276016 -197.472992 159.320023
v 195.987015 -197.472992 155.878021
v 197.692017 -200.386993 162.488022
v 195.987015 -200.386993 155.878021
v 193.458008 -200.386993 158.977020
v 193.458008 -203.300995 158.977020
v 195.987015 -208.524994 155.878021
v 193.458008 -208.524994 158.977020
v 200.276016 -194.558990 159.320023
v 198.131012 -194.558990 157.599030
v 198.984009 -194.558990 160.904022
v 194.722015 -194.558990 157.427017
v 195.575012 -194.558990 160.733017
v 197.692017 -191.644989 162.488022
v 200.276016 -191.644989 159.320023
v 195.987015 -191.644989 155.878021
v 197.692017 -194.558990 162.488022
v 195.987015 -194.558990 155.878021
v 193.458008 -194.558990 158.977020
v 193.458008 -197.472992 158.977020
v 200.276016 -188.730988 159.320023
v 198.131012 -188.730988 157.599030
v 198.984009 -188.730988 160.904022
v 194.722015 -188.730988 157.427017
v 195.575012 -188.730988 160.733017
v 197.692017 -185.816986 162.488022
v 200.276016 -185.816986 159.320023
v 195.987015 -185.816986 155.878021
v 197.692017 -188.730988 162.488022
v 195.987015 -188.730988 155.878021
v 193.458008 -188.730988 158.977020
v 193.458008 -191.644989 158.977020
v 200.276016 -182.903000 159.320023
v 198.131012 -182.903000 157.599030
v 198.984009 -182.903000 160.904022
v 194.722015 -182.903000 157.427017
v 195.575012 -182.903000 160.733017
v 197.692017 -179.988998 162.488022
v 200.276016 -179.988998 159.320023
v 195.987015 -179.988998 155.878021
v 197.692017 -182.903000 162.488022
v 195.987015 -182.903000 155.878021
v 193.458008 -182.903000 158.977020
v 193.458008 -185.816986 158.977020
v 200.276016 -177.074997 159.320023
v 197.692017 -177.074997 162.488022
v 195.987015 -177.074997 155.878021
v 200.276016 -174.160995 159.320023
v 198.131012 -179.988998 157.599030
v 198.131012 -174.160995 157.599030
v 198.984009 -179.988998 160.904022
v 194.722015 -179.988998 157.427017
v 195.575012 -179.988998 160.733017
v 193.458008 -177.074997 158.977020
v 193.458008 -179.988998 158.977020
v 195.987015 -174.160995 155.878021
v 198.984009 -174.160995 160.904022
v 194.722015 -174.160995 157.427017
v 195.575012 -174.160995 160.733017
v 197.692017 -174.160995 162.488022
v 193.458008 -174.160995 158.977020
v 195.987015 -171.246994 155.878021
v 193.458008 -171.246994 158.977020
v 200.276016 -171.246994 159.320023
v 197.692017 -171.246994 162.488022
v 195.987015 -168.524994 155.878021
v 200.276016 -168.524994 159.320023
v 198.131012 -168.524994 157.599030
v 193.458008 -168.524994 158.977020
v 194.722015 -168.524994 157.427017
v 195.575012 -168.524994 160.733017
v 198.984009 -168.524994 160.904022
v 197.692017 -168.524994 162.488022
v 200.276016 -166.102997 159.320023
v 198.131012 -166.102997 157.599030
v 198.984009 -166.102997 160.904022
v 194.722015 -166.102997 157.427017
v 195.575012 -166.102997 160.733017
v 197.692017 -166.102997 162.488022
v 195.987015 -166.102997 155.878021
v 193.458008 -166.102997 158.977020
v 198.131012 -203.300995 157.599030
v 198.984009 -203.300995 160.904022
v 194.722015 -203.300995 157.427017
v 195.575012 -203.300995 160.733017
v 198.131012 -171.246994 157.599030
v 198.984009 -171.246994 160.904022
v 194.722015 -171.246994 157.427017
v 195.575012 -171.246994 160.733017
v 198.131012 -197.472992 157.599030
v 198.984009 -197.472992 160.904022
v 194.722015 -197.472992 157.427017
v 195.575012 -197.472992 160.733017
v 198.131012 -191.644989 157.599030
v 198.984009 -191.644989 160.904022
v 194.722015 -191.644989 157.427017
v 195.575012 -191.644989 160.733017
v 198.131012 -185.816986 157.599030
v 198.984009 -185.816986 160.904022
v 194.722015 -185.816986 157.427017
v 195.575012 -185.816986 160.733017
v 198.131012 -177.074997 157.599030
v 198.984009 -177.074997 160.904022
v 194.722015 -177.074997 157.427017
v 195.575012 -177.074997 160.733017
v 178.475006 -208.718994 183.413025
v 175.510010 -208.718994 186.227020
v 174.656006 -208.718994 179.454025
v 171.755005 -208.718994 182.208023
v 176.566010 -208.718994 181.434021
v 176.992004 -208.718994 184.820023
v 173.206009 -208.718994 180.831024
v 173.633011 -208.718994 184.218018
v 175.510010 -211.522995 186.227020
v 175.510010 -205.914993 186.227020
v 171.755005 -211.522995 182.208023
v 171.755005 -205.914993 182.208023
v 174.656006 -211.522995 179.454025
v 174.656006 -205.914993 179.454025
v 178.475006 -211.522995 183.413025
v 178.475006 -205.914993 183.413025
v 178.475006 -203.110992 183.413025
v 176.566010 -203.110992 181.434021
v 176.992004 -203.110992 184.820023
v 173.206009 -203.110992 180.831024
v 173.633011 -203.110992 184.218018
v 175.510010 -203.110992 186.227020
v 174.656006 -203.110992 179.454025
v 178.475006 -200.001999 183.413025
v 176.566010 -200.001999 181.434021
v 176.992004 -200.001999 184.820023
v 173.206009 -200.001999 180.831024
v 173.633011 -200.001999 184.218018
v 171.755005 -203.110992 182.208023
v 175.510010 -200.001999 186.227020
v 178.475006 -196.892990 183.413025
v 175.510010 -196.892990 186.227020
v 174.656006 -196.892990 179.454025
v 174.656006 -200.001999 179.454025
v 171.755005 -200.001999 182.208023
v 171.755005 -196.892990 182.208023
v 174.656006 -193.783997 179.454025
v 176.566010 -193.783997 181.434021
v 176.992004 -193.783997 184.820023
v 173.206009 -193.783997 180.831024
v 173.633011 -193.783997 184.218018
v 171.755005 -193.783997 182.208023
v 174.656006 -190.674988 179.454025
v 171.755005 -190.674988 182.208023
v 178.475006 -190.674988 183.413025
v 175.510010 -190.674988 186.228027
v 178.475006 -193.783997 183.413025
v 175.510010 -193.783997 186.228027
v 178.475006 -187.565994 183.413025
v 176.566010 -187.565994 181.434021
v 174.656006 -187.565994 179.454025
v 176.992004 -187.565994 184.820023
v 173.206009 -187.565994 180.831024
v 173.633011 -187.565994 184.218018
v 175.510010 -187.565994 186.228027
v 171.755005 -187.565994 182.208023
v 174.656006 -184.457001 179.454025
v 171.755005 -184.457001 182.208023
v 178.475006 -184.457001 183.413025
v 175.510010 -184.457001 186.228027
v 174.656006 -181.347992 179.454025
v 178.475006 -181.347992 183.413025
v 176.566010 -181.347992 181.434021
v 171.755005 -181.347992 182.208023
v 173.206009 -181.347992 180.831024
v 173.633011 -181.347992 184.218018
v 176.992004 -181.347992 184.820023
v 175.510010 -181.347992 186.228027
v 178.475006 -178.238998 183.413025
v 176.566010 -178.238998 181.434021
v 176.992004 -178.238998 184.820023
v 173.206009 -178.238998 180.831024
v 173.633011 -178.238998 184.218018
v 175.510010 -178.238998 186.228027
v 174.656006 -178.238998 179.454025
v 178.475006 -175.129990 183.413025
v 175.510010 -175.129990 186.228027
v 174.656006 -175.129990 179.454025
v 171.755005 -178.238998 182.208023
v 171.755005 -175.129990 182.208023
v 174.656006 -172.020996 179.454025
v 176.566010 -172.020996 181.434021
v 176.992004 -172.020996 184.820023
v 173.206009 -172.020996 180.831024
v 173.633011 -172.020996 184.218018
v 171.755005 -172.020996 182.208023
v 178.475006 -172.020996 183.413025
v 175.510010 -172.020996 186.228027
v 171.755005 -168.911987 182.208023
v 174.656006 -168.911987 179.454025
v 178.475006 -168.911987 183.413025
v 175.510010 -168.911987 186.228027
v 174.656006 -166.102997 179.454025
v 178.475006 -166.102997 183.413025
v 176.566010 -166.102997 181.434021
v 171.755005 -166.102997 182.208023
v 176.992004 -166.102997 184.820023
v 173.206009 -166.102997 180.831024
v 173.633011 -166.102997 184.218018
v 175.510010 -166.102997 186.228027
v 176.566010 -205.914993 181.434021
v 176.992004 -205.914993 184.820023
v 173.206009 -205.914993 180.831024
v 173.633011 -205.914993 184.218018
v 176.566010 -196.892990 181.434021
v 176.992004 -196.892990 184.820023
v 173.206009 -196.892990 180.831024
v 173.633011 -196.892990 184.218018
v 176.566010 -168.911987 181.434021
v 176.992004 -168.911987 184.820023
v 173.206009 -168.911987 180.831024
v 173.633011 -168.911987 184.218018
v 176.566010 -190.674988 181.434021
v 176.992004 -190.674988 184.820023
v 173.206009 -190.674988 180.831024
v 173.633011 -190.674988 184.218018
v 176.566010 -184.457001 181.434021
v 176.992004 -184.457001 184.820023
v 173.206009 -184.457001 180.831024
v 173.633011 -184.457001 184.218018
v 176.566010 -175.129990 181.434021
v 176.992004 -175.129990 184.820023
v 173.206009 -175.129990 180.831024
v 173.633011 -175.129990 184.218018
v 152.069000 -210.070999 205.827026
v 148.760010 -210.070999 208.228027
v 148.803009 -210.070999 201.401031
v 150.436005 -206.738998 203.614029
v 150.414001 -206.738998 207.027023
v 147.184006 -206.738998 202.576019
v 147.163010 -206.738998 205.989029
v 145.565002 -210.070999 203.750031
v 152.069000 -203.406998 205.827026
v 148.760010 -203.406998 208.228027
v 148.803009 -203.406998 201.401031
v 152.069000 -206.738998 205.827026
v 148.760010 -206.738998 208.228027
v 148.803009 -206.738998 201.401031
v 152.069000 -213.521988 205.827026
v 150.436005 -210.070999 203.614029
v 150.414001 -210.070999 207.027023
v 147.184006 -210.070999 202.576019
v 147.163010 -210.070999 205.989029
v 148.760010 -213.521988 208.228027
v 148.803009 -213.521988 201.401031
v 145.565002 -213.521988 203.750031
v 145.565002 -206.738998 203.750031
v 145.565002 -203.406998 203.750031
v 148.803009 -200.414993 201.401031
v 150.436005 -200.414993 203.614029
v 147.184006 -200.414993 202.576019
v 147.163010 -200.414993 205.989029
v 150.414001 -200.414993 207.027023
v 145.565002 -200.414993 203.750031
v 152.069000 -197.422989 205.827026
v 148.760010 -197.422989 208.228027
v 148.803009 -197.422989 201.401031
v 152.069000 -200.414993 205.827026
v 148.760010 -200.414993 208.228027
v 145.565002 -197.422989 203.750031
v 148.803009 -194.431000 201.401031
v 150.436005 -194.431000 203.614029
v 147.184006 -194.431000 202.576019
v 147.163010 -194.431000 205.989029
v 150.414001 -194.431000 207.027023
v 145.565002 -194.431000 203.750031
v 152.069000 -191.438995 205.827026
v 148.760010 -191.438995 208.228027
v 148.803009 -191.438995 201.401031
v 152.069000 -194.431000 205.827026
v 148.760010 -194.431000 208.228027
v 145.565002 -191.438995 203.750031
v 145.565002 -188.446991 203.750031
v 148.803009 -188.446991 201.401031
v 150.436005 -188.446991 203.614029
v 147.184006 -188.446991 202.576019
v 147.163010 -188.446991 205.989029
v 150.414001 -188.446991 207.027023
v 152.069000 -185.454987 205.827026
v 148.760010 -185.454987 208.228027
v 148.803009 -185.454987 201.401031
v 152.069000 -188.446991 205.827026
v 148.760010 -188.446991 208.228027
v 145.565002 -185.454987 203.750031
v 148.760010 -182.462997 208.228027
v 147.163010 -182.462997 205.989029
v 150.414001 -182.462997 207.027023
v 150.436005 -182.462997 203.614029
v 147.184006 -182.462997 202.576019
v 152.069000 -182.462997 205.827026
v 148.803009 -182.462997 201.401031
v 152.069000 -179.130997 205.827026
v 150.436005 -179.130997 203.614029
v 150.414001 -179.130997 207.027023
v 147.184006 -179.130997 202.576019
v 147.163010 -179.130997 205.989029
v 145.565002 -182.462997 203.750031
v 148.760010 -179.130997 208.228027
v 145.565002 -179.130997 203.750031
v 148.803009 -179.130997 201.401031
v 152.069000 -175.798996 205.827026
v 150.436005 -175.798996 203.614029
v 150.414001 -175.798996 207.027023
v 147.184006 -175.798996 202.576019
v 147.163010 -175.798996 205.989029
v 148.760010 -175.798996 208.228027
v 145.565002 -175.798996 203.750031
v 148.803009 -175.798996 201.401031
v 152.069000 -172.466995 205.827026
v 148.760010 -172.466995 208.228027
v 148.803009 -172.466995 201.401031
v 145.565002 -172.466995 203.750031
v 148.803009 -169.134995 201.401031
v 150.436005 -169.134995 203.614029
v 147.184006 -169.134995 202.576019
v 147.163010 -169.134995 205.989029
v 150.414001 -169.134995 207.027023
v 145.565002 -169.134995 203.750031
v 148.760010 -169.134995 208.228027
v 147.162003 -175.797989 205.988022
v 152.069000 -169.134995 205.827026
v 152.069000 -166.102997 205.827026
v 150.436005 -166.102997 203.614029
v 150.414001 -166.102997 207.027023
v 147.184006 -166.102997 202.576019
v 147.163010 -166.102997 205.989029
v 148.760010 -166.102997 208.228027
v 148.803009 -166.102997 201.401031
v 145.565002 -166.102997 203.750031
v 150.436005 -197.422989 203.614029
v 150.414001 -197.422989 207.027023
v 147.184006 -197.422989 202.576019
v 147.163010 -197.422989 205.989029
v 150.436005 -203.406998 203.614029
v 150.414001 -203.406998 207.027023
v 147.184006 -203.406998 202.576019
v 147.163010 -203.406998 205.989029
v 150.436005 -191.438995 203.614029
v 150.414001 -191.438995 207.027023
v 147.184006 -191.438995 202.576019
v 147.163010 -191.438995 205.989029
v 150.436005 -185.454987 203.614029
v 150.414001 -185.454987 207.027023
v 147.184006 -185.454987 202.576019
v 147.163010 -185.454987 205.989029
v 150.436005 -172.466995 203.614029
v 150.414001 -172.466995 207.027023
v 147.184006 -172.466995 202.576019
v 147.163010 -172.466995 205.989029
v 122.887009 -209.891998 224.479019
v 119.280006 -209.891998 226.403030
v 120.260002 -209.891998 219.647018
v 116.730003 -209.891998 221.529022
v 121.573006 -209.891998 222.063019
v 121.083008 -209.891998 225.441025
v 118.495003 -209.891998 220.588028
v 118.005005 -209.891998 223.966019
v 119.280006 -213.518997 226.403030
v 119.280006 -206.264999 226.403030
v 116.730003 -213.518997 221.529022
v 116.730003 -206.264999 221.529022
v 120.260002 -213.518997 219.647018
v 120.260002 -206.264999 219.647018
v 122.887009 -213.518997 224.479019
v 122.887009 -206.264999 224.479019
v 122.887009 -203.120987 224.479019
v 121.573006 -203.120987 222.063019
v 121.083008 -203.120987 225.441025
v 118.495003 -203.120987 220.588028
v 118.005005 -203.120987 223.966019
v 119.280006 -199.976990 226.403030
v 122.887009 -199.976990 224.479019
v 120.260002 -199.976990 219.647018
v 119.280006 -203.120987 226.403030
v 120.260002 -203.120987 219.647018
v 116.730003 -203.120987 221.529022
v 116.730003 -199.976990 221.529022
v 120.260002 -196.832993 219.647018
v 122.887009 -196.832993 224.479019
v 121.573006 -196.832993 222.063019
v 121.083008 -196.832993 225.441025
v 118.495003 -196.832993 220.588028
v 118.005005 -196.832993 223.966019
v 119.280006 -193.688995 226.403030
v 122.887009 -193.688995 224.479019
v 120.260002 -193.688995 219.647018
v 119.280006 -196.832993 226.403030
v 116.730003 -196.832993 221.529022
v 116.730003 -193.688995 221.529022
v 120.260002 -190.544998 219.647018
v 119.280006 -190.544998 226.403030
v 116.730003 -190.544998 221.529022
v 121.573006 -190.544998 222.063019
v 118.495003 -190.544998 220.588028
v 118.005005 -190.544998 223.966019
v 121.083008 -190.544998 225.441025
v 122.887009 -190.544998 224.479019
v 122.887009 -187.401001 224.479019
v 119.280006 -187.401001 226.403030
v 120.260002 -187.401001 219.647018
v 116.730003 -187.401001 221.529022
v 120.260002 -184.256989 219.647018
v 121.573006 -184.256989 222.063019
v 118.495003 -184.256989 220.588028
v 118.005005 -184.256989 223.966019
v 121.083008 -184.256989 225.441025
v 116.730003 -184.256989 221.529022
v 119.280006 -184.256989 226.403030
v 122.887009 -184.256989 224.479019
v 122.887009 -181.112991 224.479019
v 119.280006 -181.112991 226.403030
v 120.260002 -181.112991 219.647018
v 116.730003 -181.112991 221.529022
v 120.260002 -178.050995 219.647018
v 121.573006 -178.050995 222.063019
v 118.495003 -178.050995 220.588028
v 118.005005 -178.050995 223.966019
v 121.083008 -178.050995 225.441025
v 116.730003 -178.050995 221.529022
v 119.280006 -178.050995 226.403030
v 122.887009 -178.050995 224.479019
v 122.887009 -174.988998 224.479019
v 119.280006 -174.988998 226.403030
v 120.260002 -174.988998 219.647018
v 116.730003 -174.988998 221.529022
v 120.260002 -171.926987 219.647018
v 121.573006 -171.926987 222.063019
v 118.495003 -171.926987 220.588028
v 118.005005 -171.926987 223.966019
v 121.083008 -171.926987 225.441025
v 116.730003 -171.926987 221.529022
v 122.887009 -168.864990 224.479019
v 119.280006 -168.864990 226.403030
v 120.260002 -168.864990 219.647018
v 122.887009 -171.926987 224.479019
v 119.280006 -171.926987 226.403030
v 121.083008 -178.254990 225.441025
v 119.280006 -174.987991 226.402023
v 116.730003 -168.864990 221.529022
v 120.260002 -166.102997 219.647018
v 121.573006 -166.102997 222.063019
v 118.495003 -166.102997 220.588028
v 118.005005 -166.102997 223.966019
v 121.083008 -166.102997 225.441025
v 116.730003 -166.102997 221.529022
v 122.887009 -166.102997 224.479019
v 119.280006 -166.102997 226.403030
v 121.573006 -206.264999 222.063019
v 121.083008 -206.264999 225.441025
v 118.495003 -206.264999 220.588028
v 118.005005 -206.264999 223.966019
v 121.573006 -181.112991 222.063019
v 121.083008 -181.112991 225.441025
v 118.495003 -181.112991 220.588028
v 118.005005 -181.112991 223.966019
v 121.573006 -199.976990 222.063019
v 121.083008 -199.976990 225.441025
v 118.495003 -199.976990 220.588028
v 118.005005 -199.976990 223.966019
v 121.573006 -193.688995 222.063019
v 121.083008 -193.688995 225.441025
v 118.495003 -193.688995 220.588028
v 118.005005 -193.688995 223.966019
v 121.573006 -187.401001 222.063019
v 121.083008 -187.401001 225.441025
v 118.495003 -187.401001 220.588028
v 118.005005 -187.401001 223.966019
v 121.573006 -168.864990 222.063019
v 121.083008 -168.864990 225.441025
v 118.495003 -168.864990 220.588028
v 118.005005 -168.864990 223.966019
v 121.573006 -174.988998 222.063019
v 121.083008 -174.988998 225.441025
v 118.495003 -174.988998 220.588028
v 118.005005 -174.988998 223.966019
v 93.468605 -199.521988 238.225021
v 89.653008 -199.521988 239.693024
v 91.453506 -199.521988 233.108032
v 93.468605 -196.314987 238.225021
v 89.653008 -196.314987 239.693024
v 91.453506 -196.314987 233.108032
v 93.468605 -193.107986 238.225021
v 92.461105 -199.521988 235.667023
v 92.461105 -193.107986 235.667023
v 91.560799 -193.107986 238.959030
v 89.586800 -193.107986 233.826019
v 88.686501 -193.107986 237.118027
v 91.560799 -199.521988 238.959030
v 89.586800 -199.521988 233.826019
v 88.686501 -199.521988 237.118027
v 89.653008 -202.521988 239.693024
v 87.720001 -199.521988 234.543030
v 87.720001 -196.314987 234.543030
v 89.653008 -193.107986 239.693024
v 93.468605 -202.521988 238.225021
v 89.653008 -189.901001 239.693024
v 93.468605 -189.901001 238.225021
v 91.453506 -189.901001 233.108032
v 91.453506 -193.107986 233.108032
v 87.720001 -193.107986 234.543030
v 91.453506 -202.521988 233.108032
v 87.720001 -202.521988 234.543030
v 87.720001 -189.901001 234.543030
v 91.453506 -186.694000 233.108032
v 93.468605 -186.694000 238.225021
v 92.461105 -186.694000 235.667023
v 91.560799 -186.694000 238.959030
v 89.586800 -186.694000 233.826019
v 88.686501 -186.694000 237.118027
v 89.653008 -183.487000 239.693024
v 93.468605 -183.487000 238.225021
v 91.453506 -183.487000 233.108032
v 93.468605 -180.279999 238.225021
v 89.653008 -186.694000 239.693024
v 87.720001 -186.694000 234.543030
v 87.720001 -183.487000 234.543030
v 91.453506 -180.279999 233.108032
v 89.653008 -180.279999 239.693024
v 87.720001 -180.279999 234.543030
v 92.461105 -180.279999 235.667023
v 89.586800 -180.279999 233.826019
v 88.686501 -180.279999 237.118027
v 91.560799 -180.279999 238.959030
v 93.468605 -177.072998 238.225021
v 89.653008 -177.072998 239.693024
v 91.453506 -177.072998 233.108032
v 87.720001 -177.072998 234.543030
v 91.453506 -174.171997 233.108032
v 92.461006 -174.171997 235.667023
v 89.586800 -174.171997 233.826019
v 88.686501 -174.171997 237.118027
v 91.560799 -174.171997 238.959030
v 87.720001 -174.171997 234.543030
v 89.653008 -174.171997 239.693024
v 93.468605 -174.171997 238.225021
v 93.468605 -171.270996 238.225021
v 89.653008 -171.270996 239.693024
v 91.453506 -171.270996 233.108032
v 87.720001 -171.270996 234.543030
v 91.453506 -168.536987 233.108032
v 92.461006 -168.536987 235.667023
v 89.586800 -168.536987 233.826019
v 88.686501 -168.536987 237.118027
v 91.560799 -168.536987 238.959030
v 87.720001 -168.536987 234.543030
v 89.653008 -168.536987 239.693024
v 93.468605 -168.536987 238.225021
v 93.468605 -166.102997 238.225021
v 92.461006 -166.102997 235.667023
v 91.560799 -166.102997 238.959030
v 89.586800 -166.102997 233.826019
v 88.686501 -166.102997 237.118027
v 89.653008 -166.102997 239.693024
v 91.453506 -166.102997 233.108032
v 87.720001 -166.102997 234.543030
v 92.461105 -196.314987 235.667023
v 91.560799 -196.314987 238.959030
v 89.586800 -196.314987 233.826019
v 88.686501 -196.314987 237.118027
v 92.461006 -177.072998 235.667023
v 91.560799 -177.072998 238.959030
v 89.586800 -177.072998 233.826019
v 88.686501 -177.072998 237.118027
v 92.461006 -171.270996 235.667023
v 91.560799 -171.270996 238.959030
v 89.586800 -171.270996 233.826019
v 88.686501 -171.270996 237.118027
v 92.461105 -189.901001 235.667023
v 91.560799 -189.901001 238.959030
v 89.586800 -189.901001 233.826019
v 88.686501 -189.901001 237.118027
v 92.461105 -183.487000 235.667023
v 91.560799 -183.487000 238.959030
v 89.586800 -183.487000 233.826019
v 88.686501 -183.487000 237.118027
v 64.236305 -190.856995 247.712021
v 60.272701 -190.856995 248.712021
v 62.847603 -190.856995 242.390030
v 58.969303 -190.856995 243.369034
v 63.542004 -190.856995 245.051025
v 62.254501 -190.856995 248.212021
v 60.908504 -190.856995 242.879028
v 59.621002 -190.856995 246.041031
v 60.272701 -193.823990 248.712021
v 60.272701 -187.889999 248.712021
v 58.969303 -193.823990 243.369034
v 58.969303 -187.889999 243.369034
v 62.847603 -193.823990 242.390030
v 62.847603 -187.889999 242.390030
v 64.236305 -193.823990 247.712021
v 64.236305 -187.889999 247.712021
v 64.236305 -185.422989 247.712021
v 63.542004 -185.422989 245.051025
v 62.254501 -185.422989 248.212021
v 60.908504 -185.422989 242.879028
v 59.621002 -185.422989 246.041031
v 60.272701 -185.422989 248.712021
v 62.847603 -185.422989 242.390030
v 58.969303 -185.422989 243.369034
v 64.236305 -181.558990 247.712021
v 63.542004 -181.558990 245.051025
v 62.254501 -181.558990 248.212021
v 60.908504 -181.558990 242.879028
v 59.621002 -181.558990 246.041031
v 60.272701 -181.558990 248.712021
v 62.847603 -181.558990 242.390030
v 58.969303 -181.558990 243.369034
v 64.236305 -177.694992 247.712021
v 63.542004 -177.694992 245.051025
v 62.254501 -177.694992 248.212021
v 60.908504 -177.694992 242.879028
v 59.621002 -177.694992 246.041031
v 60.272701 -177.694992 248.712021
v 58.969303 -177.694992 243.369034
v 62.847603 -177.694992 242.390030
v 64.236305 -173.830994 247.712021
v 60.272701 -173.830994 248.712021
v 62.847603 -173.830994 242.390030
v 58.969303 -173.830994 243.369034
v 62.847603 -169.966995 242.390030
v 63.542004 -169.966995 245.051025
v 62.254501 -169.966995 248.212021
v 60.908504 -169.966995 242.879028
v 59.621002 -169.966995 246.041031
v 58.969303 -169.966995 243.369034
v 60.272701 -169.966995 248.712021
v 64.236305 -169.966995 247.712021
v 64.236305 -166.102997 247.712021
v 63.542004 -166.102997 245.051025
v 62.254501 -166.102997 248.212021
v 60.908504 -166.102997 242.879028
v 59.621002 -166.102997 246.041031
v 60.272701 -166.102997 248.712021
v 62.847603 -166.102997 242.390030
v 58.969303 -166.102997 243.369034
v 63.542004 -187.889999 245.051025
v 62.254501 -187.889999 248.212021
v 60.908504 -187.889999 242.879028
v 59.621002 -187.889999 246.041031
v 63.542004 -173.830994 245.051025
v 62.254501 -173.830994 248.212021
v 60.908504 -173.830994 242.879028
v 59.621002 -173.830994 246.041031
v 32.685101 -178.161987 253.825027
v 28.623602 -178.161987 254.290024
v 32.015903 -178.161987 248.366028
v 32.685101 -184.519989 253.825027
v 32.350502 -181.340988 251.095032
v 30.654402 -181.340988 254.057022
v 28.332701 -181.340988 251.555023
v 29.035402 -181.340988 248.707031
v 32.015903 -184.519989 248.366028
v 32.685101 -174.982986 253.825027
v 32.350502 -174.982986 251.095032
v 28.623602 -184.519989 254.290024
v 28.041801 -178.161987 248.820023
v 32.015903 -174.982986 248.366028
v 30.654402 -174.982986 254.057022
v 30.028902 -174.982986 248.593033
v 28.332701 -174.982986 251.555023
v 28.623602 -174.982986 254.290024
v 28.041801 -184.519989 248.820023
v 28.041801 -174.982986 248.820023
v 32.685101 -171.672989 253.825027
v 32.350502 -171.672989 251.095032
v 30.654402 -171.672989 254.057022
v 30.028902 -171.672989 248.593033
v 28.332701 -171.672989 251.555023
v 28.623602 -171.672989 254.290024
v 32.685101 -168.362991 253.825027
v 28.623602 -168.362991 254.290024
v 32.015903 -168.362991 248.366028
v 32.015903 -171.672989 248.366028
v 28.041801 -171.672989 248.820023
v 28.041801 -168.362991 248.820023
v 32.015903 -166.102997 248.366028
v 32.350502 -166.102997 251.095032
v 30.654402 -166.102997 254.057022
v 30.028902 -166.102997 248.593033
v 28.332701 -166.102997 251.555023
v 28.041801 -166.102997 248.820023
v 32.685101 -166.102997 253.825027
v 28.623602 -166.102997 254.290024
v 32.350502 -178.161987 251.095032
v 30.654402 -178.161987 254.057022
v 30.028902 -178.161987 248.593033
v 28.332701 -178.161987 251.555023
v 32.350502 -168.362991 251.095032
v 30.654402 -168.362991 254.057022
v 30.028902 -168.362991 248.593033
v 28.332701 -168.362991 251.555023
v 32.685101 -181.340988 253.825027
v 28.623602 -181.340988 254.290024
v 32.015903 -181.340988 248.366028
v 28.041801 -181.340988 248.820023
v 2.044000 -178.271988 255.914032
v -2.043900 -178.271988 255.886032
v 2.038170 -178.271988 250.414032
v 2.044000 -183.521988 255.914032
v 2.041080 -181.021988 253.164032
v 0.000047 -181.021988 255.900024
v 0.038220 -181.021988 250.400024
v -2.002820 -181.021988 253.136032
v -2.043900 -183.521988 255.886032
v 2.038170 -183.521988 250.414032
v -1.961730 -183.521988 250.386032
v -1.961730 -178.271988 250.386032
v 2.038170 -175.521988 250.414032
v -1.961730 -175.521988 250.386032
v 2.044000 -175.521988 255.914032
v -2.043900 -175.521988 255.886032
v 2.044000 -172.347000 255.914032
v 2.041080 -178.271988 253.164032
v 2.041080 -172.347000 253.164032
v 0.000047 -178.271988 255.900024
v 0.038220 -178.271988 250.400024
v -2.002820 -178.271988 253.136032
v -2.043900 -181.021988 255.886032
v 2.044000 -181.021988 255.914032
v 2.038170 -181.021988 250.414032
v -1.961730 -172.347000 250.386032
v -1.961730 -181.021988 250.386032
v 2.038170 -172.347000 250.414032
v 2.038170 -180.896988 250.414032
v 0.000047 -172.347000 255.900024
v 0.038220 -172.347000 250.400024
v -2.002820 -172.347000 253.136032
v -2.043900 -172.347000 255.886032
v 2.038170 -169.074997 250.414032
v -1.961730 -169.074997 250.386032
v 2.044000 -169.074997 255.914032
v -2.043900 -169.074997 255.886032
v 2.038170 -166.102997 250.414032
v 2.044000 -166.102997 255.914032
v 2.041080 -166.102997 253.164032
v -1.961730 -166.102997 250.386032
v 0.038220 -166.102997 250.400024
v -2.002820 -166.102997 253.136032
v 0.000047 -166.102997 255.900024
v -2.043900 -166.102997 255.886032
v 2.041090 -175.521988 253.164032
v 0.000048 -175.521988 255.900024
v 0.038221 -175.521988 250.400024
v -2.002820 -175.521988 253.136032
v 2.041080 -169.074997 253.164032
v 0.000047 -169.074997 255.900024
v 0.038220 -169.074997 250.400024
v -2.002820 -169.074997 253.136032
v -28.625200 -177.520996 254.305023
v -32.683102 -177.520996 253.810028
v -28.002802 -177.520996 248.840027
v -31.973402 -177.520996 248.356033
v -28.314001 -177.520996 251.572021
v -30.654202 -177.520996 254.057022
v -29.988102 -177.520996 248.598022
v -32.328300 -177.520996 251.083023
v -32.683102 -180.520996 253.810028
v -32.683102 -174.520996 253.810028
v -31.973402 -180.520996 248.356033
v -31.973402 -174.520996 248.356033
v -28.002802 -180.520996 248.840027
v -28.002802 -174.520996 248.840027
v -28.625200 -180.520996 254.305023
v -28.625200 -174.520996 254.305023
v -28.625200 -171.441986 254.305023
v -28.314001 -171.441986 251.572021
v -30.654202 -171.441986 254.057022
v -29.988102 -171.441986 248.598022
v -32.328300 -171.441986 251.083023
v -32.683102 -168.362991 253.810028
v -28.625200 -168.362991 254.305023
v -28.002802 -168.362991 248.840027
v -32.683102 -171.441986 253.810028
v -28.002802 -171.441986 248.840027
v -31.973402 -171.441986 248.356033
v -28.625200 -166.102997 254.305023
v -28.314001 -166.102997 251.572021
v -30.654202 -166.102997 254.057022
v -29.988102 -166.102997 248.598022
v -32.328300 -166.102997 251.083023
v -31.973402 -168.362991 248.356033
v -28.002802 -166.102997 248.840027
v -32.683102 -166.102997 253.810028
v -31.973402 -166.102997 248.356033
v -28.314001 -174.520996 251.572021
v -30.654202 -174.520996 254.057022
v -29.988102 -174.520996 248.598022
v -32.328300 -174.520996 251.083023
v -28.314001 -168.362991 251.572021
v -30.654202 -168.362991 254.057022
v -29.988102 -168.362991 248.598022
v -32.328300 -168.362991 251.083023
v -60.271805 -184.769989 248.709030
v -64.237000 -184.769989 247.715027
v -58.976204 -184.769989 243.364029
v -62.856003 -184.769989 242.391022
v -59.624004 -184.769989 246.037033
v -62.254402 -184.769989 248.212021
v -60.916103 -184.769989 242.877029
v -63.546501 -184.769989 245.053024
v -64.237000 -187.521988 247.715027
v -64.237000 -181.517990 247.715027
v -62.856003 -187.521988 242.391022
v -62.856003 -181.517990 242.391022
v -58.976204 -187.521988 243.364029
v -58.976204 -181.517990 243.364029
v -60.271805 -187.521988 248.709030
v -60.271805 -181.517990 248.709030
v -60.271805 -179.265991 248.709030
v -59.624004 -179.265991 246.037033
v -62.254402 -179.265991 248.212021
v -60.916103 -179.265991 242.877029
v -63.546501 -179.265991 245.053024
v -64.237000 -179.265991 247.715027
v -58.976204 -179.265991 243.364029
v -62.856003 -179.265991 242.391022
v -60.271805 -176.008987 248.709030
v -59.624004 -176.008987 246.037033
v -62.254402 -176.008987 248.212021
v -60.916103 -176.008987 242.877029
v -63.546501 -176.008987 245.053024
v -64.237000 -176.008987 247.715027
v -62.856003 -176.008987 242.391022
v -58.976204 -176.008987 243.364029
v -60.271805 -172.606995 248.709030
v -64.237000 -172.606995 247.715027
v -58.976204 -172.606995 243.364029
v -62.856003 -172.606995 242.391022
v -58.976204 -169.204987 243.364029
v -59.624004 -169.204987 246.037033
v -60.916103 -169.204987 242.877029
v -63.546501 -169.204987 245.053024
v -62.254402 -169.204987 248.212021
v -62.856003 -169.204987 242.391022
v -60.271805 -169.204987 248.709030
v -64.237000 -169.204987 247.715027
v -63.546501 -175.891998 245.053024
v -62.856003 -172.629990 242.391022
v -64.237000 -166.102997 247.715027
v -63.546501 -166.102997 245.053024
v -62.254402 -166.102997 248.212021
v -59.624004 -166.102997 246.037033
v -60.916103 -166.102997 242.877029
v -60.271805 -166.102997 248.709030
v -58.976204 -166.102997 243.364029
v -62.856003 -166.102997 242.391022
v -59.624004 -181.517990 246.037033
v -62.254402 -181.517990 248.212021
v -60.916103 -181.517990 242.877029
v -63.546501 -181.517990 245.053024
v -59.624004 -172.606995 246.037033
v -62.254402 -172.606995 248.212021
v -60.916103 -172.606995 242.877029
v -63.546501 -172.606995 245.053024
v -89.635002 -189.088989 239.709030
v -93.444008 -189.088989 238.225021
v -87.678711 -189.088989 234.569031
v -91.405609 -189.088989 233.116028
v -88.656906 -189.088989 237.139023
v -91.539505 -189.088989 238.967026
v -89.542206 -189.088989 233.843033
v -92.424805 -189.088989 235.671021
v -93.444008 -192.520996 238.225021
v -93.444008 -185.656998 238.225021
v -89.635002 -192.520996 239.709030
v -89.635002 -185.656998 239.709030
v -87.678711 -185.656998 234.569031
v -89.635002 -182.224991 239.709030
v -88.656906 -182.224991 237.139023
v -91.539505 -182.224991 238.967026
v -89.542206 -182.224991 233.843033
v -92.424805 -182.224991 235.671021
v -91.405609 -185.656998 233.116028
v -93.444008 -182.224991 238.225021
v -91.405609 -192.520996 233.116028
v -87.678711 -192.520996 234.569031
v -87.678711 -182.224991 234.569031
v -91.405609 -182.224991 233.116028
v -89.635002 -179.483994 239.709030
v -88.656906 -179.483994 237.139023
v -91.539505 -179.483994 238.967026
v -89.542206 -179.483994 233.843033
v -92.424805 -179.483994 235.671021
v -93.444008 -179.483994 238.225021
v -91.405609 -179.483994 233.116028
v -87.678711 -179.483994 234.569031
v -89.635002 -176.742996 239.709030
v -93.444008 -176.742996 238.225021
v -87.678711 -176.742996 234.569031
v -91.405609 -176.742996 233.116028
v -87.678711 -174.001999 234.569031
v -88.656906 -174.001999 237.139023
v -91.539505 -174.001999 238.967026
v -89.542206 -174.001999 233.843033
v -92.424805 -174.001999 235.671021
v -91.405609 -174.001999 233.116028
v -87.678711 -171.260986 234.569031
v -91.405609 -171.260986 233.116028
v -89.635002 -171.260986 239.709030
v -93.444008 -171.260986 238.225021
v -89.635002 -174.001999 239.709030
v -93.444008 -174.001999 238.225021
v -87.678711 -168.531998 234.569031
v -89.635002 -168.531998 239.709030
v -88.656906 -168.531998 237.139023
v -93.444008 -168.531998 238.225021
v -92.424805 -168.531998 235.671021
v -91.539505 -168.531998 238.967026
v -89.542206 -168.531998 233.843033
v -91.405609 -168.531998 233.116028
v -89.635002 -166.102997 239.709030
v -88.656906 -166.102997 237.139023
v -91.539505 -166.102997 238.967026
v -89.542206 -166.102997 233.843033
v -92.424805 -166.102997 235.671021
v -93.444008 -166.102997 238.225021
v -87.678711 -166.102997 234.569031
v -91.405609 -166.102997 233.116028
v -88.656906 -185.656998 237.139023
v -91.539505 -185.656998 238.967026
v -89.542206 -185.656998 233.843033
v -92.424805 -185.656998 235.671021
v -88.656906 -171.260986 237.139023
v -91.539505 -171.260986 238.967026
v -89.542206 -171.260986 233.843033
v -92.424805 -171.260986 235.671021
v -88.656906 -176.742996 237.139023
v -91.539505 -176.742996 238.967026
v -89.542206 -176.742996 233.843033
v -92.424805 -176.742996 235.671021
v -119.285004 -193.523987 226.413025
v -122.881004 -193.523987 224.469025
v -116.709007 -193.523987 221.554031
v -120.228004 -193.523987 219.652023
v -117.997009 -193.523987 223.983032
v -121.083008 -193.523987 225.441025
v -118.468002 -193.523987 220.603027
v -121.554008 -193.523987 222.060028
v -122.881004 -196.523987 224.469025
v -122.881004 -190.544998 224.469025
v -119.285004 -190.544998 226.413025
v -116.709007 -190.544998 221.554031
v -119.285004 -187.565994 226.413025
v -119.285004 -196.523987 226.413025
v -117.997009 -187.565994 223.983032
v -121.083008 -187.565994 225.441025
v -118.468002 -187.565994 220.603027
v -121.554008 -187.565994 222.060028
v -120.228004 -190.544998 219.652023
v -122.881004 -187.565994 224.469025
v -116.709007 -196.523987 221.554031
v -116.709007 -187.565994 221.554031
v -116.709007 -184.586990 221.554031
v -120.228004 -184.586990 219.652023
v -119.285004 -184.586990 226.413025
v -122.881004 -184.586990 224.469025
v -120.228004 -187.565994 219.652023
v -116.709007 -181.607986 221.554031
v -119.285004 -181.607986 226.413025
v -117.997009 -181.607986 223.983032
v -121.083008 -181.607986 225.441025
v -118.468002 -181.607986 220.603027
v -121.554008 -181.607986 222.060028
v -120.228004 -196.523987 219.652023
v -120.228004 -181.607986 219.652023
v -119.285004 -178.446991 226.413025
v -122.881004 -178.446991 224.469025
v -116.709007 -178.446991 221.554031
v -122.881004 -181.607986 224.469025
v -120.228004 -178.446991 219.652023
v -116.709007 -175.285995 221.554031
v -120.228004 -175.285995 219.652023
v -119.285004 -175.285995 226.413025
v -122.881004 -175.285995 224.469025
v -119.285004 -172.125000 226.413025
v -122.881004 -172.125000 224.469025
v -121.554008 -178.446991 222.060028
v -121.083008 -178.446991 225.441025
v -117.997009 -178.446991 223.983032
v -118.468002 -178.446991 220.603027
v -120.228004 -172.125000 219.652023
v -116.709007 -172.125000 221.554031
v -117.997009 -172.125000 223.983032
v -121.554008 -172.125000 222.060028
v -121.083008 -172.125000 225.441025
v -118.468002 -172.125000 220.603027
v -119.285004 -168.963989 226.413025
v -122.881004 -168.963989 224.469025
v -116.709007 -168.963989 221.554031
v -119.285004 -166.102997 226.413025
v -120.228004 -168.963989 219.652023
v -116.709007 -166.102997 221.554031
v -117.997009 -166.102997 223.983032
v -121.083008 -166.102997 225.441025
v -118.468002 -166.102997 220.603027
v -121.554008 -166.102997 222.060028
v -122.881004 -166.102997 224.469025
v -120.228004 -166.102997 219.652023
v -117.997009 -190.544998 223.983032
v -121.083008 -190.544998 225.441025
v -118.468002 -190.544998 220.603027
v -121.554008 -190.544998 222.060028
v -117.997009 -168.963989 223.983032
v -121.083008 -168.963989 225.441025
v -118.468002 -168.963989 220.603027
v -121.554008 -168.963989 222.060028
v -117.997009 -184.586990 223.983032
v -121.083008 -184.586990 225.441025
v -118.468002 -184.586990 220.603027
v -121.554008 -184.586990 222.060028
v -117.997009 -175.285995 223.983032
v -121.083008 -175.285995 225.441025
v -118.468002 -175.285995 220.603027
v -121.554008 -175.285995 222.060028
v -175.508011 -196.651001 186.229019
v -178.462006 -196.651001 183.403030
v -171.737015 -196.651001 182.224030
v -174.628006 -196.651001 179.459030
v -173.623001 -196.651001 184.227020
v -176.985016 -196.651001 184.816025
v -173.183014 -196.651001 180.842026
v -176.545013 -196.651001 181.431030
v -178.462006 -199.517990 183.403030
v -178.462006 -193.783997 183.403030
v -174.628006 -199.517990 179.459030
v -174.628006 -193.783997 179.459030
v -171.737015 -199.517990 182.224030
v -171.737015 -193.783997 182.224030
v -175.508011 -199.517990 186.229019
v -175.508011 -193.783997 186.229019
v -175.508011 -190.916992 186.229019
v -173.623001 -190.916992 184.227020
v -176.985016 -190.916992 184.816025
v -173.183014 -190.916992 180.842026
v -176.545013 -190.916992 181.431030
v -178.462006 -190.916992 183.403030
v -171.737015 -190.916992 182.224030
v -174.628006 -190.916992 179.459030
v -175.508011 -188.049988 186.229019
v -173.623001 -188.049988 184.227020
v -176.985016 -188.049988 184.816025
v -173.183014 -188.049988 180.842026
v -176.545013 -188.049988 181.431030
v -178.462006 -188.049988 183.403030
v -175.508011 -185.182999 186.229019
v -178.462006 -185.182999 183.403030
v -171.737015 -185.182999 182.224030
v -171.737015 -188.049988 182.224030
v -174.628006 -188.049988 179.459030
v -174.628006 -185.182999 179.459030
v -171.737015 -181.872986 182.224030
v -173.623001 -181.872986 184.227020
v -173.183014 -181.872986 180.842026
v -176.545013 -181.872986 181.431030
v -176.985016 -181.872986 184.816025
v -174.628006 -181.872986 179.459030
v -175.508011 -178.562988 186.229019
v -178.462006 -178.562988 183.403030
v -171.737015 -178.562988 182.224030
v -175.508011 -181.872986 186.229019
v -178.462006 -181.872986 183.403030
v -174.628006 -178.562988 179.459030
v -178.462006 -175.252991 183.403030
v -175.508011 -175.252991 186.229019
v -171.737015 -175.252991 182.224030
v -175.508011 -172.102997 186.229019
v -173.623001 -178.562988 184.227020
v -173.623001 -172.102997 184.227020
v -176.985016 -178.562988 184.816025
v -173.183014 -178.562988 180.842026
v -176.545013 -178.562988 181.431030
v -174.628006 -175.252991 179.459030
v -178.462006 -172.102997 183.403030
v -174.628006 -172.102997 179.459030
v -171.737015 -172.102997 182.224030
v -176.985016 -172.102997 184.816025
v -173.183014 -172.102997 180.842026
v -176.545013 -172.102997 181.431030
v -178.462006 -168.952988 183.403030
v -175.508011 -168.952988 186.229019
v -171.737015 -168.952988 182.224030
v -174.628006 -168.952988 179.459030
v -171.737015 -166.102997 182.224030
v -175.508011 -166.102997 186.229019
v -173.623001 -166.102997 184.227020
v -176.985016 -166.102997 184.816025
v -173.183014 -166.102997 180.842026
v -176.545013 -166.102997 181.431030
v -174.628006 -166.102997 179.459030
v -178.462006 -166.102997 183.403030
v -173.623001 -193.783997 184.227020
v -176.985016 -193.783997 184.816025
v -173.183014 -193.783997 180.842026
v -176.545013 -193.783997 181.431030
v -173.623001 -185.182999 184.227020
v -176.985016 -185.182999 184.816025
v -173.183014 -185.182999 180.842026
v -176.545013 -185.182999 181.431030
v -173.623001 -175.252991 184.227020
v -176.985016 -175.252991 184.816025
v -173.183014 -175.252991 180.842026
v -176.545013 -175.252991 181.431030
v -173.623001 -168.952988 184.227020
v -176.985016 -168.952988 184.816025
v -173.183014 -168.952988 180.842026
v -176.545013 -168.952988 181.431030
v -197.688004 -197.681000 162.485016
v -200.280014 -197.681000 159.323029
v -193.462006 -197.681000 158.965027
v -195.998016 -197.681000 155.871017
v -195.575012 -197.681000 160.725021
v -198.984009 -197.681000 160.904022
v -194.730011 -197.681000 157.418030
v -198.139008 -197.681000 157.597015
v -200.280014 -200.518997 159.323029
v -200.280014 -194.842987 159.323029
v -195.998016 -200.518997 155.871017
v -195.998016 -194.842987 155.871017
v -193.462006 -200.518997 158.965027
v -193.462006 -194.842987 158.965027
v -197.688004 -200.518997 162.485016
v -197.688004 -194.842987 162.485016
v -197.688004 -192.004990 162.485016
v -195.575012 -192.004990 160.725021
v -198.984009 -192.004990 160.904022
v -194.730011 -192.004990 157.418030
v -198.139008 -192.004990 157.597015
v -200.280014 -192.004990 159.323029
v -193.462006 -192.004990 158.965027
v -195.998016 -192.004990 155.871017
v -197.688004 -189.166992 162.485016
v -195.575012 -189.166992 160.725021
v -198.984009 -189.166992 160.904022
v -194.730011 -189.166992 157.418030
v -198.139008 -189.166992 157.597015
v -200.280014 -189.166992 159.323029
v -197.688004 -186.328995 162.485016
v -200.280014 -186.328995 159.323029
v -193.462006 -186.328995 158.965027
v -193.462006 -189.166992 158.965027
v -195.998016 -189.166992 155.871017
v -195.998016 -186.328995 155.871017
v -193.462006 -183.304993 158.965027
v -195.575012 -183.304993 160.725021
v -194.730011 -183.304993 157.418030
v -198.139008 -183.304993 157.597015
v -198.984009 -183.304993 160.904022
v -195.998016 -183.304993 155.871017
v -197.688004 -180.280991 162.485016
v -200.280014 -180.280991 159.323029
v -193.462006 -180.280991 158.965027
v -197.688004 -183.304993 162.485016
v -200.280014 -183.304993 159.323029
v -195.998016 -180.280991 155.871017
v -193.462006 -177.256989 158.965027
v -195.575012 -177.256989 160.725021
v -198.984009 -177.256989 160.904022
v -194.730011 -177.256989 157.418030
v -198.139008 -177.256989 157.597015
v -197.688004 -177.256989 162.485016
v -200.280014 -177.256989 159.323029
v -195.998016 -177.256989 155.871017
v -197.688004 -174.232986 162.485016
v -195.575012 -174.232986 160.725021
v -198.984009 -174.232986 160.904022
v -194.730011 -174.232986 157.418030
v -198.139008 -174.232986 157.597015
v -200.280014 -174.232986 159.323029
v -195.998016 -174.232986 155.871017
v -193.462006 -174.232986 158.965027
v -197.688004 -171.209000 162.485016
v -200.280014 -171.209000 159.323029
v -193.462006 -171.209000 158.965027
v -195.998016 -171.209000 155.871017
v -193.462006 -168.505997 158.965027
v -195.575012 -168.505997 160.725021
v -194.730011 -168.505997 157.418030
v -198.139008 -168.505997 157.597015
v -198.984009 -168.505997 160.904022
v -195.998016 -168.505997 155.871017
v -200.280014 -168.505997 159.323029
v -197.688004 -168.505997 162.485016
v -197.688004 -166.102997 162.485016
v -195.575012 -166.102997 160.725021
v -198.984009 -166.102997 160.904022
v -194.730011 -166.102997 157.418030
v -198.139008 -166.102997 157.597015
v -193.462006 -166.102997 158.965027
v -200.280014 -166.102997 159.323029
v -195.998016 -166.102997 155.871017
v -195.575012 -194.842987 160.725021
v -198.984009 -194.842987 160.904022
v -194.730011 -194.842987 157.418030
v -198.139008 -194.842987 157.597015
v -195.575012 -171.209000 160.725021
v -198.984009 -171.209000 160.904022
v -194.730011 -171.209000 157.418030
v -198.139008 -171.209000 157.597015
v -195.575012 -186.328995 160.725021
v -198.984009 -186.328995 160.904022
v -194.730011 -186.328995 157.418030
v -198.139008 -186.328995 157.597015
v -195.575012 -180.280991 160.725021
v -198.984009 -180.280991 160.904022
v -194.730011 -180.280991 157.418030
v -198.139008 -180.280991 157.597015
v -215.747009 -199.468994 137.637024
v -217.912018 -199.468994 134.170029
v -211.105011 -199.468994 134.686020
v -213.224014 -199.468994 131.294022
v -213.426010 -199.468994 136.162018
v -216.829010 -199.468994 135.904022
v -212.165009 -199.468994 132.990021
v -215.568008 -199.468994 132.732025
v -217.912018 -202.522995 134.170029
v -217.912018 -196.914993 134.170029
v -215.747009 -202.522995 137.637024
v -215.747009 -196.914993 137.637024
v -211.105011 -196.914993 134.686020
v -215.747009 -193.360992 137.637024
v -216.300003 -193.360992 136.752014
v -213.426010 -193.360992 136.162018
v -213.224014 -196.914993 131.294022
v -211.105011 -202.522995 134.686020
v -211.105011 -193.360992 134.686020
v -212.165009 -193.360992 132.990021
v -217.912018 -193.360992 134.170029
v -217.912018 -190.306992 134.170029
v -215.747009 -190.306992 137.637024
v -211.105011 -190.306992 134.686020
v -213.224014 -193.360992 131.294022
v -213.224014 -190.306992 131.294022
v -211.105011 -187.076996 134.686020
v -212.165009 -187.076996 132.990021
v -215.747009 -187.076996 137.637024
v -216.829010 -187.076996 135.904022
v -213.426010 -187.076996 136.162018
v -215.568008 -187.076996 132.732025
v -213.224014 -202.522995 131.294022
v -215.568008 -193.360992 132.732025
v -213.224014 -187.076996 131.294022
v -211.105011 -183.847000 134.686020
v -213.224014 -183.847000 131.294022
v -215.747009 -183.847000 137.637024
v -217.912018 -183.847000 134.170029
v -217.912018 -187.076996 134.170029
v -211.105011 -180.616989 134.686020
v -212.165009 -180.616989 132.990021
v -215.747009 -180.616989 137.637024
v -213.224014 -180.616989 131.294022
v -215.568008 -180.616989 132.732025
v -217.359009 -180.616989 135.055023
v -217.912018 -180.616989 134.170029
v -213.426010 -180.616989 136.162018
v -215.747009 -177.386993 137.637024
v -217.912018 -177.386993 134.170029
v -211.105011 -177.386993 134.686020
v -213.224014 -177.386993 131.294022
v -211.105011 -174.490997 134.686020
v -212.165009 -174.490997 132.990021
v -213.224014 -174.490997 131.294022
v -215.568008 -174.490997 132.732025
v -216.829010 -174.490997 135.904022
v -213.426010 -174.490997 136.162018
v -211.105011 -171.594986 134.686020
v -213.224014 -171.594986 131.294022
v -215.747009 -171.594986 137.637024
v -217.912018 -171.594986 134.170029
v -215.747009 -174.490997 137.637024
v -217.912018 -174.490997 134.170029
v -217.912018 -168.698990 134.170029
v -216.829010 -168.698990 135.904022
v -213.426010 -168.698990 136.162018
v -212.165009 -168.698990 132.990021
v -215.568008 -168.698990 132.732025
v -215.747009 -168.698990 137.637024
v -213.224014 -168.698990 131.294022
v -211.105011 -168.698990 134.686020
v -215.747009 -166.102997 137.637024
v -217.208008 -166.102997 135.297028
v -213.426010 -166.102997 136.162018
v -215.568008 -166.102997 132.732025
v -212.165009 -166.102997 132.990021
v -211.105011 -166.102997 134.686020
v -217.912018 -166.102997 134.170029
v -213.224014 -166.102997 131.294022
v -217.912018 -177.177994 134.170029
v -213.426010 -196.914993 136.162018
v -216.829010 -196.914993 135.904022
v -212.165009 -196.914993 132.990021
v -215.568008 -196.914993 132.732025
v -213.426010 -190.306992 136.162018
v -216.829010 -190.306992 135.904022
v -212.165009 -190.306992 132.990021
v -215.568008 -190.306992 132.732025
v -213.426010 -177.386993 136.162018
v -216.829010 -177.386993 135.904022
v -212.165009 -177.386993 132.990021
v -215.568008 -177.386993 132.732025
v -213.426010 -183.847000 136.162018
v -216.829010 -183.847000 135.904022
v -212.165009 -183.847000 132.990021
v -215.568008 -183.847000 132.732025
v -213.426010 -171.594986 136.162018
v -216.829010 -171.594986 135.904022
v -212.165009 -171.594986 132.990021
v -215.568008 -171.594986 132.732025
v -231.339005 -198.871994 109.538017
v -232.961014 -198.871994 105.786018
v -226.308014 -198.871994 107.314018
v -227.896011 -198.871994 103.643021
v -232.150009 -195.222000 107.662018
v -228.823013 -195.222000 108.426018
v -227.102005 -195.222000 105.479019
v -230.429016 -195.222000 104.715019
v -226.308014 -192.588989 107.314018
v -227.896011 -192.588989 103.643021
v -231.339005 -192.588989 109.538017
v -232.961014 -192.588989 105.786018
v -231.339005 -195.222000 109.538017
v -232.961014 -195.222000 105.786018
v -226.308014 -195.222000 107.314018
v -231.339005 -202.521988 109.538017
v -232.150009 -198.871994 107.662018
v -232.961014 -202.521988 105.786018
v -230.429016 -198.871994 104.715019
v -227.896011 -202.521988 103.643021
v -227.896011 -195.222000 103.643021
v -227.102005 -198.871994 105.479019
v -226.308014 -202.521988 107.314018
v -228.823013 -198.871994 108.426018
v -228.823013 -192.588989 108.426018
v -232.150009 -192.588989 107.662018
v -227.102005 -192.588989 105.479019
v -230.429016 -192.588989 104.715019
v -226.308014 -189.955994 107.314018
v -227.102005 -189.955994 105.479019
v -230.429016 -189.955994 104.715019
v -232.150009 -189.955994 107.662018
v -228.823013 -189.955994 108.426018
v -227.896011 -189.955994 103.643021
v -232.961014 -189.955994 105.786018
v -232.961014 -187.322998 105.786018
v -231.339005 -187.322998 109.538017
v -226.308014 -187.322998 107.314018
v -231.339005 -189.955994 109.538017
v -228.823013 -187.322998 108.426018
v -232.150009 -187.322998 107.662018
v -227.102005 -187.322998 105.479019
v -230.429016 -187.322998 104.715019
v -227.896011 -187.322998 103.643021
v -226.308014 -184.162994 107.314018
v -227.102005 -184.162994 105.479019
v -230.429016 -184.162994 104.715019
v -232.150009 -184.162994 107.662018
v -228.823013 -184.162994 108.426018
v -227.896011 -184.162994 103.643021
v -232.961014 -184.162994 105.786018
v -231.339005 -184.162994 109.538017
v -232.961014 -181.002991 105.786018
v -231.339005 -181.002991 109.538017
v -226.308014 -181.002991 107.314018
v -228.823013 -181.002991 108.426018
v -232.150009 -181.002991 107.662018
v -227.102005 -181.002991 105.479019
v -230.429016 -181.002991 104.715019
v -227.896011 -181.002991 103.643021
v -226.308014 -177.842987 107.314018
v -227.102005 -177.842987 105.479019
v -230.429016 -177.842987 104.715019
v -232.150009 -177.842987 107.662018
v -228.823013 -177.842987 108.426018
v -226.308014 -174.682999 107.314018
v -227.896011 -174.682999 103.643021
v -231.339005 -174.682999 109.538017
v -232.961014 -174.682999 105.786018
v -231.339005 -177.842987 109.538017
v -232.961014 -177.842987 105.786018
v -227.896011 -177.842987 103.643021
v -228.823013 -174.682999 108.426018
v -232.150009 -174.682999 107.662018
v -227.102005 -174.682999 105.479019
v -230.429016 -174.682999 104.715019
v -231.339005 -171.522995 109.538017
v -232.961014 -171.522995 105.786018
v -226.308014 -171.522995 107.314018
v -232.150009 -171.522995 107.662018
v -228.823013 -171.522995 108.426018
v -227.102005 -171.522995 105.479019
v -230.429016 -171.522995 104.715019
v -232.961014 -168.362991 105.786018
v -231.339005 -168.362991 109.538017
v -226.308014 -168.362991 107.314018
v -231.339005 -166.102997 109.538017
v -228.823013 -168.362991 108.426018
v -232.150009 -168.362991 107.662018
v -227.102005 -168.362991 105.479019
v -230.429016 -168.362991 104.715019
v -227.896011 -171.522995 103.643021
v -227.896011 -168.362991 103.643021
v -232.961014 -166.102997 105.786018
v -232.150009 -166.102997 107.662018
v -228.823013 -166.102997 108.426018
v -227.102005 -166.102997 105.479019
v -230.429016 -166.102997 104.715019
v -226.308014 -166.102997 107.314018
v -227.896011 -166.102997 103.643021
v -242.735016 -202.712006 81.018417
v -244.016006 -202.712006 77.136520
v -237.526016 -202.712006 79.252518
v -244.016006 -198.902008 77.136520
v -242.735016 -198.902008 81.018417
v -237.526016 -198.902008 79.252518
v -242.735016 -205.522003 81.018417
v -243.375015 -202.712006 79.077415
v -240.130005 -202.712006 80.135414
v -238.153015 -202.712006 77.353317
v -241.398010 -202.712006 76.295319
v -244.016006 -205.522003 77.136520
v -237.526016 -205.522003 79.252518
v -242.735016 -195.592010 81.018417
v -243.375015 -195.592010 79.077415
v -240.130005 -195.592010 80.135414
v -238.153015 -195.592010 77.353317
v -241.398010 -195.592010 76.295319
v -238.779007 -198.902008 75.454117
v -244.016006 -195.592010 77.136520
v -238.780014 -205.522003 75.454224
v -238.779007 -205.522003 75.454117
v -237.526016 -195.592010 79.252518
v -242.735016 -192.282013 81.018417
v -244.016006 -192.282013 77.136520
v -237.526016 -192.282013 79.252518
v -238.779007 -195.592010 75.454117
v -238.779007 -192.282013 75.454117
v -237.526016 -188.972015 79.252518
v -238.153015 -188.972015 77.353317
v -241.398010 -188.972015 76.295319
v -243.375015 -188.972015 79.077415
v -240.130005 -188.972015 80.135414
v -238.779007 -188.972015 75.454117
v -242.735016 -188.972015 81.018417
v -244.016006 -188.972015 77.136520
v -242.735016 -185.630005 81.018417
v -243.375015 -185.630005 79.077522
v -240.130005 -185.630005 80.135414
v -238.153015 -185.630005 77.353317
v -241.398010 -185.630005 76.295319
v -244.016006 -185.630005 77.136520
v -237.526016 -185.630005 79.252518
v -242.735016 -182.288010 81.018417
v -244.016006 -182.288010 77.136520
v -237.526016 -182.288010 79.252518
v -238.779007 -185.630005 75.454117
v -238.779007 -182.288010 75.454117
v -237.526016 -178.946014 79.252518
v -238.153015 -178.946014 77.353317
v -241.398010 -178.946014 76.295319
v -243.375015 -178.946014 79.077522
v -240.130005 -178.946014 80.135521
v -238.779007 -178.946014 75.454117
v -244.016006 -178.946014 77.136520
v -244.016006 -175.604004 77.136520
v -242.735016 -175.604004 81.018417
v -237.526016 -175.604004 79.252518
v -242.735016 -178.946014 81.018417
v -242.735016 -172.337006 81.018417
v -243.375015 -172.337006 79.077522
v -240.130005 -172.337006 80.135521
v -238.153015 -172.337006 77.353317
v -241.398010 -172.337006 76.295319
v -238.779007 -175.604004 75.454117
v -237.526016 -172.337006 79.252518
v -238.779007 -172.337006 75.454117
v -244.016006 -172.337006 77.136520
v -242.735016 -169.070007 81.018417
v -244.016006 -169.070007 77.136520
v -237.526016 -169.070007 79.252518
v -242.735016 -166.103012 81.018417
v -238.780014 -169.070007 75.454117
v -237.526016 -166.103012 79.252518
v -238.153015 -166.103012 77.353317
v -241.398010 -166.103012 76.295319
v -243.375015 -166.103012 79.077522
v -240.130005 -166.103012 80.135521
v -238.780014 -166.103012 75.454117
v -244.016006 -166.103012 77.136520
v -238.779007 -202.712006 75.454117
v -240.130005 -198.902008 80.135414
v -243.375015 -198.902008 79.077415
v -238.153015 -198.902008 77.353317
v -241.398010 -198.902008 76.295319
v -240.130005 -175.604004 80.135521
v -243.375015 -175.604004 79.077522
v -238.153015 -175.604004 77.353317
v -241.398010 -175.604004 76.295319
v -240.130005 -192.282013 80.135414
v -243.375015 -192.282013 79.077415
v -238.153015 -192.282013 77.353317
v -241.398010 -192.282013 76.295319
v -240.130005 -182.288010 80.135521
v -243.375015 -182.288010 79.077522
v -238.153015 -182.288010 77.353317
v -241.398010 -182.288010 76.295319
v -240.130005 -169.070007 80.135521
v -243.375015 -169.070007 79.077522
v -238.153015 -169.070007 77.353317
v -241.398010 -169.070007 76.295319
v -245.269012 -203.093002 50.528820
v -246.115005 -203.093002 46.109215
v -250.661011 -203.093002 51.611717
v -245.692017 -199.661011 48.319019
v -247.965012 -199.661011 51.070217
v -251.094009 -199.661011 49.353718
v -248.821014 -199.661011 46.602516
v -251.526016 -203.093002 47.095818
v -251.526016 -196.996002 47.095718
v -250.661011 -196.996002 51.611618
v -245.269012 -196.996002 50.528820
v -246.115005 -196.996002 46.109215
v -245.269012 -199.661011 50.528820
v -246.115005 -199.661011 46.109215
v -250.661011 -199.661011 51.611618
v -245.269012 -206.525009 50.528820
v -245.692017 -203.093002 48.319019
v -247.965012 -203.093002 51.070217
v -251.094009 -203.093002 49.353718
v -248.821014 -203.093002 46.602516
v -251.526016 -206.525009 47.095818
v -251.526016 -199.661011 47.095718
v -250.661011 -206.525009 51.611618
v -250.661011 -193.810013 51.611618
v -251.094009 -193.810013 49.353718
v -247.965012 -193.810013 51.070217
v -245.692017 -193.810013 48.319019
v -248.821014 -193.810013 46.602516
v -246.115005 -206.525009 46.109215
v -251.526016 -193.810013 47.095718
v -245.269012 -193.810013 50.528820
v -250.661011 -190.624008 51.611618
v -251.526016 -190.624008 47.095718
v -245.269012 -190.624008 50.528820
v -246.115005 -190.624008 46.109215
v -246.115005 -193.810013 46.109215
v -250.661011 -187.438004 51.611618
v -251.526016 -187.438004 47.095718
v -251.094009 -187.438004 49.353718
v -248.821014 -187.438004 46.602516
v -247.965012 -187.438004 51.070217
v -245.692017 -187.438004 48.319019
v -245.269012 -187.438004 50.528820
v -246.115005 -187.438004 46.109215
v -245.269012 -184.252014 50.528820
v -245.692017 -184.252014 48.319019
v -247.965012 -184.252014 51.070217
v -251.094009 -184.252014 49.353718
v -248.821014 -184.252014 46.602516
v -250.661011 -184.252014 51.611618
v -251.526016 -181.066010 47.095718
v -250.661011 -181.066010 51.611618
v -245.269012 -181.066010 50.528820
v -246.115005 -181.066010 46.109215
v -246.115005 -184.252014 46.109215
v -251.526016 -184.252014 47.095718
v -250.661011 -177.880005 51.611618
v -251.094009 -177.880005 49.353718
v -247.965012 -177.880005 51.070217
v -245.692017 -177.880005 48.319019
v -248.821014 -177.880005 46.602417
v -251.526016 -174.694016 47.095715
v -250.661011 -174.694016 51.611614
v -245.269012 -174.694016 50.528816
v -246.115005 -174.694016 46.109211
v -245.269012 -171.508011 50.528816
v -245.269012 -177.880005 50.528820
v -246.115005 -177.880005 46.109215
v -251.526016 -177.880005 47.095718
v -250.661011 -171.508011 51.611614
v -251.094009 -171.508011 49.353714
v -247.965012 -171.508011 51.070213
v -245.692017 -171.508011 48.319016
v -248.821014 -171.508011 46.602413
v -251.526016 -168.322006 47.095715
v -250.661011 -168.322006 51.611614
v -245.269012 -168.322006 50.528816
v -246.115005 -168.322006 46.109211
v -246.115005 -171.508011 46.109211
v -251.526016 -171.508011 47.095715
v -250.661011 -166.103012 51.611614
v -251.094009 -166.103012 49.353714
v -247.965012 -166.103012 51.070213
v -245.692017 -166.103012 48.319016
v -248.821014 -166.103012 46.602413
v -246.115005 -166.103012 46.109211
v -245.269012 -166.103012 50.528816
v -251.526016 -166.103012 47.095715
v -247.965012 -174.694016 51.070213
v -251.094009 -174.694016 49.353714
v -245.692017 -174.694016 48.319016
v -248.821014 -174.694016 46.602512
v -247.965012 -168.322006 51.070213
v -251.094009 -168.322006 49.353714
v -245.692017 -168.322006 48.319016
v -248.821014 -168.322006 46.602413
v -247.965012 -181.066010 51.070217
v -251.094009 -181.066010 49.353718
v -245.692017 -181.066010 48.319019
v -248.821014 -181.066010 46.602516
v -247.965012 -190.624008 51.070217
v -251.094009 -190.624008 49.353718
v -245.692017 -190.624008 48.319019
v -248.821014 -190.624008 46.602516
v -255.180008 -209.779007 19.534117
v -255.424011 -209.779007 15.453418
v -249.692017 -209.779007 19.161715
v -249.931015 -209.779007 15.168817
v -252.436005 -209.779007 19.347916
v -255.302017 -209.779007 17.493816
v -249.812012 -209.779007 17.165318
v -252.677017 -209.779007 15.311116
v -255.424011 -212.535004 15.453418
v -255.424011 -207.023010 15.453417
v -255.180008 -212.535004 19.534117
v -255.180008 -207.023010 19.534117
v -249.692017 -207.023010 19.161715
v -255.180008 -204.267014 19.534117
v -255.302017 -204.267014 17.493816
v -252.436005 -209.975006 19.347916
v -252.436005 -204.267014 19.347916
v -249.812012 -204.267014 17.165318
v -252.677017 -204.267014 15.311115
v -255.424011 -201.511017 15.453417
v -255.180008 -201.511017 19.534117
v -249.692017 -201.511017 19.161715
v -255.424011 -204.267014 15.453417
v -249.692017 -204.267014 19.161715
v -249.692017 -212.535004 19.161715
v -249.931015 -212.535004 15.168817
v -249.931015 -207.023010 15.168816
v -255.180008 -198.507004 19.534117
v -255.302017 -198.507004 17.493816
v -252.436005 -198.507004 19.347916
v -249.812012 -198.507004 17.165318
v -252.677017 -198.507004 15.311115
v -249.931015 -201.511017 15.168816
v -249.931015 -204.267014 15.168816
v -249.931015 -198.507004 15.168816
v -249.692017 -198.507004 19.161715
v -255.180008 -195.503006 19.534117
v -255.424011 -195.503006 15.453416
v -249.692017 -195.503006 19.161715
v -255.424011 -198.507004 15.453417
v -249.931015 -195.503006 15.168815
v -249.931015 -193.124008 15.168815
v -255.180008 -193.124008 19.534117
v -255.302017 -193.124008 17.493816
v -255.424011 -193.124008 15.453416
v -252.677017 -193.124008 15.311114
v -249.931015 -189.945007 15.168815
v -249.692017 -189.945007 19.161715
v -255.180008 -189.945007 19.534117
v -255.424011 -189.945007 15.453416
v -249.692017 -193.124008 19.161715
v -249.812012 -193.124008 17.165318
v -252.436005 -193.124008 19.347916
v -255.180008 -186.766006 19.534115
v -249.692017 -186.766006 19.161713
v -249.812012 -186.766006 17.165316
v -252.436005 -186.766006 19.347914
v -255.302017 -186.766006 17.493814
v -252.677017 -186.766006 15.311114
v -255.180008 -183.587006 19.534115
v -255.424011 -183.587006 15.453416
v -249.692017 -183.587006 19.161713
v -255.424011 -186.766006 15.453416
v -249.931015 -186.766006 15.168815
v -249.931015 -183.587006 15.168815
v -249.692017 -180.408005 19.161713
v -249.812012 -180.408005 17.165316
v -252.436005 -180.408005 19.347914
v -252.677017 -180.408005 15.311113
v -255.242020 -180.408005 18.492014
v -255.180008 -177.229004 19.534115
v -255.424011 -177.229004 15.453415
v -249.692017 -177.229004 19.161713
v -255.180008 -180.408005 19.534115
v -255.424011 -180.408005 15.453415
v -249.931015 -180.408005 15.168814
v -255.302017 -180.408005 17.493814
v -249.931015 -177.229004 15.168814
v -249.692017 -174.375015 19.161713
v -249.812012 -174.375015 17.165316
v -252.436005 -174.375015 19.347914
v -255.302017 -174.375015 17.493814
v -252.677017 -174.375015 15.311113
v -255.180008 -174.375015 19.534115
v -255.180008 -171.521011 19.534115
v -255.424011 -171.521011 15.453415
v -249.692017 -171.521011 19.161713
v -255.424011 -174.375015 15.453415
v -249.931015 -174.375015 15.168814
v -249.931015 -171.521011 15.168814
v -249.692017 -168.667007 19.161713
v -249.812012 -168.667007 17.165316
v -252.677017 -168.667007 15.311112
v -255.302017 -168.667007 17.493814
v -252.436005 -168.667007 19.347914
v -255.424011 -168.667007 15.453414
v -255.180008 -168.667007 19.534115
v -255.180008 -166.113007 19.534115
v -255.259018 -166.113007 18.207514
v -252.436005 -166.113007 19.347914
v -249.812012 -166.113007 17.165316
v -252.677017 -166.113007 15.311112
v -249.931015 -168.667007 15.168813
v -255.424011 -166.113007 15.453414
v -249.692017 -166.113007 19.161713
v -249.931015 -166.113007 15.168813
v -252.436005 -201.511017 19.347916
v -255.302017 -201.511017 17.493816
v -249.812012 -201.511017 17.165215
v -252.677017 -201.511017 15.311115
v -252.677017 -195.503006 15.311114
v -249.812012 -195.503006 17.165318
v -252.436005 -195.503006 19.347916
v -252.436005 -189.945007 19.347916
v -255.302017 -189.945007 17.493816
v -249.812012 -189.945007 17.165318
v -252.677017 -189.945007 15.311114
v -252.436005 -207.023010 19.347916
v -255.302017 -207.023010 17.493816
v -249.812012 -207.023010 17.165318
v -252.677017 -207.023010 15.311115
v -252.436005 -177.229004 19.347914
v -255.302017 -177.229004 17.493814
v -249.812012 -177.229004 17.165316
v -252.677017 -177.229004 15.311113
v -252.436005 -183.587006 19.347914
v -255.302017 -183.587006 17.493814
v -249.812012 -183.587006 17.165316
v -252.677017 -183.587006 15.311114
v -252.436005 -171.521011 19.347914
v -255.302017 -171.521011 17.493814
v -249.812012 -171.521011 17.165316
v -252.677017 -171.521011 15.311113
v -255.656006 -211.554016 -11.201385
v -255.449005 -211.554016 -15.284084
v -250.161011 -211.554016 -10.966185
v -255.552017 -208.953003 -13.242684
v -252.908005 -208.953003 -11.083784
v -250.059006 -208.953003 -12.963584
v -252.703018 -208.953003 -15.122584
v -249.958008 -211.554016 -14.960984
v -255.656006 -211.754013 -11.201385
v -255.656006 -206.352005 -11.201385
v -255.449005 -206.352005 -15.284085
v -250.161011 -206.352005 -10.966186
v -255.656006 -208.953003 -11.201385
v -255.449005 -208.953003 -15.284084
v -250.161011 -208.953003 -10.966185
v -255.656006 -214.554016 -11.201385
v -252.908005 -211.554016 -11.083784
v -255.552017 -211.554016 -13.242684
v -250.059006 -211.554016 -12.963584
v -252.703018 -211.554016 -15.122584
v -255.449005 -214.554016 -15.284084
v -249.958008 -214.554016 -14.960984
v -249.958008 -208.953003 -14.960984
v -250.161011 -214.554016 -10.966185
v -249.958008 -206.352005 -14.960985
v -250.161011 -203.428009 -10.966186
v -252.908005 -203.428009 -11.083785
v -250.059006 -203.428009 -12.963585
v -252.703018 -203.428009 -15.122585
v -255.552017 -203.428009 -13.242685
v -249.958008 -203.428009 -14.960985
v -255.449005 -203.428009 -15.284085
v -255.656006 -203.428009 -11.201385
v -255.656006 -200.504013 -11.201385
v -255.449005 -200.504013 -15.284085
v -250.161011 -200.504013 -10.966186
v -249.958008 -200.504013 -14.960985
v -250.161011 -197.580002 -10.966186
v -252.908005 -197.580002 -11.083785
v -250.059006 -197.580002 -12.963585
v -252.703018 -197.580002 -15.122585
v -255.552017 -197.580002 -13.242685
v -249.958008 -197.580002 -14.960985
v -255.449005 -197.580002 -15.284085
v -255.656006 -197.580002 -11.201385
v -255.656006 -194.656006 -11.201386
v -255.449005 -194.656006 -15.284086
v -250.161011 -194.656006 -10.966187
v -255.656006 -191.732010 -11.201386
v -249.958008 -194.656006 -14.960986
v -250.161011 -191.732010 -10.966187
v -252.908005 -191.732010 -11.083786
v -250.059006 -191.732010 -12.963586
v -252.703018 -191.732010 -15.122586
v -255.552017 -191.732010 -13.242686
v -255.449005 -191.732010 -15.284086
v -249.958008 -191.732010 -14.960986
v -255.656006 -188.808014 -11.201386
v -255.449005 -188.808014 -15.284086
v -250.161011 -188.808014 -10.966187
v -249.958008 -188.808014 -14.960986
v -250.161011 -185.884003 -10.966187
v -252.908005 -185.884003 -11.083786
v -250.059006 -185.884003 -12.963586
v -252.703018 -185.884003 -15.122586
v -255.552017 -185.884003 -13.242686
v -249.958008 -185.884003 -14.960986
v -255.449005 -185.884003 -15.284086
v -255.656006 -185.884003 -11.201386
v -255.656006 -182.960007 -11.201387
v -255.449005 -182.960007 -15.284087
v -250.161011 -182.960007 -10.966187
v -249.958008 -182.960007 -14.960987
v -250.161011 -180.036011 -10.966187
v -252.908005 -180.036011 -11.083787
v -250.059006 -180.036011 -12.963587
v -252.703018 -180.036011 -15.122587
v -255.552017 -180.036011 -13.242687
v -249.958008 -180.036011 -14.960987
v -255.449005 -180.036011 -15.284087
v -255.656006 -180.036011 -11.201387
v -255.656006 -177.112015 -11.201387
v -255.449005 -177.112015 -15.284087
v -250.161011 -177.112015 -10.966187
v -255.656006 -174.188004 -11.201387
v -249.958008 -177.112015 -14.960987
v -250.161011 -174.188004 -10.966187
v -252.908005 -174.188004 -11.083787
v -250.059006 -174.188004 -12.963587
v -252.703018 -174.188004 -15.122587
v -255.552017 -174.188004 -13.242787
v -255.449005 -174.188004 -15.284087
v -249.958008 -174.188004 -14.960987
v -255.656006 -171.264008 -11.201387
v -255.449005 -171.264008 -15.284087
v -250.161011 -171.264008 -10.966187
v -249.958008 -171.264008 -14.960987
v -250.161011 -168.547012 -10.966188
v -252.908005 -168.547012 -11.083788
v -250.059006 -168.547012 -12.963588
v -252.703018 -168.547012 -15.122588
v -255.552017 -168.547012 -13.242788
v -249.958008 -168.547012 -14.960988
v -255.449005 -168.547012 -15.284088
v -255.656006 -168.547012 -11.201388
v -255.656006 -166.130005 -11.201388
v -252.908005 -166.130005 -11.083788
v -255.552017 -166.130005 -13.242788
v -250.059006 -166.130005 -12.963588
v -252.703018 -166.130005 -15.122588
v -255.449005 -166.130005 -15.284088
v -250.161011 -166.130005 -10.966188
v -249.958008 -166.130005 -14.960988
v -252.908005 -177.112015 -11.083787
v -255.552017 -177.112015 -13.242687
v -250.059006 -177.112015 -12.963587
v -252.703018 -177.112015 -15.122587
v -252.908005 -171.264008 -11.083787
v -255.552017 -171.264008 -13.242687
v -250.059006 -171.264008 -12.963587
v -252.703018 -171.264008 -15.122587
v -252.908005 -206.352005 -11.083785
v -255.552017 -206.352005 -13.242685
v -250.059006 -206.352005 -12.963585
v -252.703018 -206.352005 -15.122585
v -252.908005 -200.504013 -11.083785
v -255.552017 -200.504013 -13.242685
v -250.059006 -200.504013 -12.963585
v -252.703018 -200.504013 -15.122585
v -252.908005 -194.656006 -11.083786
v -255.552017 -194.656006 -13.242686
v -250.059006 -194.656006 -12.963586
v -252.703018 -194.656006 -15.122586
v -252.908005 -188.808014 -11.083786
v -255.552017 -188.808014 -13.242686
v -250.059006 -188.808014 -12.963586
v -252.703018 -188.808014 -15.122586
v -252.908005 -182.960007 -11.083787
v -255.552017 -182.960007 -13.242687
v -250.059006 -182.960007 -12.963587
v -252.703018 -182.960007 -15.122587
v -252.205017 -203.196014 -43.483685
v -251.442017 -203.196014 -47.499886
v -246.794006 -203.196014 -42.500587
v -252.205017 -206.522003 -43.483685
v -251.442017 -206.522003 -47.499886
v -246.794006 -206.522003 -42.500587
v -252.205017 -213.522003 -43.483685
v -249.499008 -210.022003 -42.992188
v -251.824005 -210.022003 -45.491787
v -246.420013 -210.022003 -44.465488
v -248.745010 -210.022003 -46.965088
v -251.442017 -213.522003 -47.499886
v -246.047012 -213.522003 -46.430386
v -246.047012 -206.522003 -46.430386
v -246.794006 -213.522003 -42.500587
v -249.499008 -203.196014 -42.992188
v -251.824005 -203.196014 -45.491787
v -246.420013 -203.196014 -44.465488
v -248.745010 -203.196014 -46.965088
v -246.047012 -203.196014 -46.430386
v -251.442017 -199.870010 -47.499886
v -252.205017 -199.870010 -43.483685
v -246.794006 -199.870010 -42.500587
v -252.205017 -196.773010 -43.483685
v -249.499008 -196.773010 -42.992088
v -251.824005 -196.773010 -45.491787
v -246.420013 -196.773010 -44.465488
v -248.745010 -196.773010 -46.965088
v -251.442017 -193.676010 -47.499886
v -252.205017 -193.676010 -43.483685
v -246.794006 -193.676010 -42.500587
v -251.442017 -196.773010 -47.499886
v -246.794006 -196.773010 -42.500587
v -246.047012 -196.773010 -46.430386
v -246.047012 -199.870010 -46.430386
v -246.047012 -193.676010 -46.430386
v -246.794006 -190.579010 -42.500587
v -252.205017 -190.579010 -43.483685
v -249.499008 -190.579010 -42.992088
v -251.824005 -190.579010 -45.491787
v -246.420013 -190.579010 -44.465488
v -248.745010 -190.579010 -46.965088
v -251.442017 -187.482010 -47.499886
v -252.205017 -187.482010 -43.483685
v -246.794006 -187.482010 -42.500587
v -251.442017 -190.579010 -47.499886
v -246.047012 -190.579010 -46.430386
v -246.047012 -187.482010 -46.430386
v -246.794006 -184.385010 -42.500587
v -251.442017 -184.385010 -47.499886
v -246.047012 -184.385010 -46.430386
v -249.499008 -184.385010 -42.992088
v -246.420013 -184.385010 -44.465488
v -248.745010 -184.385010 -46.965088
v -251.824005 -184.385010 -45.491787
v -252.205017 -184.385010 -43.483685
v -252.205017 -181.288010 -43.483685
v -251.442017 -181.288010 -47.499886
v -246.794006 -181.288010 -42.500587
v -246.047012 -181.288010 -46.430386
v -246.794006 -178.191010 -42.500587
v -249.499008 -178.191010 -42.992088
v -246.420013 -178.191010 -44.465488
v -248.745010 -178.191010 -46.965088
v -251.824005 -178.191010 -45.491787
v -246.047012 -178.191010 -46.430386
v -251.442017 -178.191010 -47.499886
v -252.205017 -178.191010 -43.483685
v -252.205017 -175.094009 -43.483688
v -251.442017 -175.094009 -47.499889
v -246.794006 -175.094009 -42.500591
v -246.047012 -175.094009 -46.430389
v -246.794006 -171.997009 -42.500591
v -249.499008 -171.997009 -42.992092
v -246.420013 -171.997009 -44.465492
v -248.745010 -171.997009 -46.965092
v -251.824005 -171.997009 -45.491791
v -246.047012 -171.997009 -46.430389
v -252.205017 -168.900009 -43.483688
v -251.442017 -168.900009 -47.499889
v -246.794006 -168.900009 -42.500591
v -252.205017 -171.997009 -43.483688
v -251.442017 -171.997009 -47.499889
v -246.047012 -168.900009 -46.430389
v -246.794006 -166.103012 -42.500591
v -249.500015 -166.103012 -42.992092
v -246.421005 -166.103012 -44.465492
v -248.745010 -166.103012 -46.965092
v -251.824005 -166.103012 -45.491791
v -246.047012 -166.103012 -46.430389
v -252.205017 -166.103012 -43.483688
v -251.442017 -166.103012 -47.499889
v -249.499008 -206.522003 -42.992188
v -251.824005 -206.522003 -45.491787
v -246.420013 -206.522003 -44.465488
v -248.745010 -206.522003 -46.965088
v -252.205017 -210.022003 -43.483685
v -251.442017 -210.022003 -47.499886
v -246.794006 -210.022003 -42.500587
v -246.047012 -210.022003 -46.430386
v -249.499008 -199.870010 -42.992088
v -251.824005 -199.870010 -45.491787
v -246.420013 -199.870010 -44.465488
v -248.745010 -199.870010 -46.965088
v -249.500015 -168.900009 -42.992092
v -251.824005 -168.900009 -45.491791
v -246.421005 -168.900009 -44.465492
v -248.745010 -168.900009 -46.965092
v -249.499008 -193.676010 -42.992088
v -251.824005 -193.676010 -45.491787
v -246.420013 -193.676010 -44.465488
v -248.745010 -193.676010 -46.965088
v -249.499008 -187.482010 -42.992088
v -251.824005 -187.482010 -45.491787
v -246.420013 -187.482010 -44.465488
v -248.745010 -187.482010 -46.965088
v -249.499008 -181.288010 -42.992088
v -251.824005 -181.288010 -45.491787
v -246.420013 -181.288010 -44.465488
v -248.745010 -181.288010 -46.965088
v -249.499008 -175.094009 -42.992092
v -251.824005 -175.094009 -45.491791
v -246.420013 -175.094009 -44.465492
v -248.745010 -175.094009 -46.965092
v -244.018005 -209.534012 -77.144989
v -242.728012 -209.534012 -81.024094
v -238.785019 -209.534012 -75.450989
v -242.728012 -206.143005 -81.024094
v -244.018005 -206.143005 -77.144989
v -238.785019 -206.143005 -75.450989
v -244.018005 -212.525009 -77.144989
v -243.373016 -209.534012 -79.084488
v -241.402008 -209.534012 -76.297989
v -238.154007 -209.534012 -77.348785
v -240.125015 -209.534012 -80.135384
v -242.728012 -212.525009 -81.024094
v -238.785019 -212.525009 -75.450989
v -244.018005 -203.452011 -77.144989
v -243.373016 -203.452011 -79.084488
v -241.402008 -203.452011 -76.297989
v -238.154007 -203.452011 -77.348785
v -240.125015 -203.452011 -80.135384
v -237.523010 -206.143005 -79.246590
v -242.728012 -203.452011 -81.024094
v -237.523010 -212.525009 -79.246590
v -238.785019 -203.452011 -75.450989
v -237.523010 -203.452011 -79.246590
v -244.018005 -200.885010 -77.144989
v -243.373016 -200.885010 -79.084488
v -241.402008 -200.885010 -76.297989
v -238.154007 -200.885010 -77.348785
v -240.125015 -200.885010 -80.135384
v -242.728012 -200.885010 -81.024094
v -244.018005 -198.318008 -77.144989
v -242.728012 -198.318008 -81.024094
v -238.785019 -198.318008 -75.450989
v -238.785019 -200.885010 -75.450989
v -237.523010 -200.885010 -79.246590
v -237.523010 -198.318008 -79.246590
v -238.785019 -195.257004 -75.450989
v -238.154007 -195.257004 -77.348785
v -240.125015 -195.257004 -80.135384
v -243.373016 -195.257004 -79.084488
v -241.402008 -195.257004 -76.297989
v -237.523010 -198.319016 -79.246788
v -237.523010 -195.257004 -79.246590
v -244.018005 -195.257004 -77.144989
v -242.728012 -195.257004 -81.024094
v -244.018005 -192.196014 -77.144989
v -242.728012 -192.196014 -81.024094
v -238.785019 -192.196014 -75.450989
v -244.018005 -189.135010 -77.144989
v -237.523010 -192.196014 -79.246590
v -238.785019 -189.135010 -75.450989
v -238.154007 -189.135010 -77.348785
v -240.125015 -189.135010 -80.135384
v -243.373016 -189.135010 -79.084488
v -241.402008 -189.135010 -76.297989
v -237.523010 -189.135010 -79.246590
v -244.018005 -186.074005 -77.144989
v -242.728012 -186.074005 -81.024094
v -238.785019 -186.074005 -75.450989
v -242.728012 -189.135010 -81.024094
v -237.523010 -186.074005 -79.246590
v -238.785019 -183.013016 -75.450989
v -238.154007 -183.013016 -77.348785
v -240.125015 -183.013016 -80.135384
v -243.373016 -183.013016 -79.084488
v -241.402008 -183.013016 -76.297989
v -242.728012 -183.013016 -81.024094
v -244.018005 -183.013016 -77.144989
v -240.126007 -189.134003 -80.135590
v -237.523010 -183.013016 -79.246590
v -244.018005 -179.952011 -77.144989
v -243.373016 -179.952011 -79.084488
v -241.402008 -179.952011 -76.297989
v -238.154007 -179.952011 -77.348785
v -240.125015 -179.952011 -80.135384
v -242.728012 -179.952011 -81.024094
v -237.523010 -179.952011 -79.246590
v -238.785019 -179.952011 -75.450989
v -244.018005 -176.891006 -77.144989
v -242.728012 -176.891006 -81.024094
v -238.785019 -176.891006 -75.450989
v -237.523010 -176.891006 -79.246590
v -238.785019 -174.119003 -75.450989
v -238.154007 -174.119003 -77.348785
v -240.125015 -174.119003 -80.135384
v -243.373016 -174.119003 -79.084488
v -241.402008 -174.119003 -76.297989
v -237.523010 -174.119003 -79.246590
v -242.728012 -174.119003 -81.024094
v -244.018005 -174.119003 -77.144989
v -244.018005 -171.347015 -77.144989
v -242.728012 -171.347015 -81.024094
v -238.785019 -171.347015 -75.450989
v -237.523010 -171.347015 -79.246590
v -238.785019 -168.575012 -75.450989
v -238.154007 -168.575012 -77.348785
v -240.125015 -168.575012 -80.135384
v -243.373016 -168.575012 -79.084488
v -241.402008 -168.575012 -76.297989
v -237.523010 -168.575012 -79.246590
v -242.728012 -168.575012 -81.024094
v -244.018005 -168.575012 -77.144989
v -244.018005 -166.103012 -77.144989
v -243.373016 -166.103012 -79.084488
v -241.402008 -166.103012 -76.297989
v -238.154007 -166.103012 -77.348785
v -240.125015 -166.103012 -80.135384
v -242.728012 -166.103012 -81.024094
v -238.785019 -166.103012 -75.450989
v -237.523010 -166.103012 -79.246590
v -237.523010 -209.534012 -79.246590
v -241.402008 -206.143005 -76.297989
v -243.373016 -206.143005 -79.084488
v -238.154007 -206.143005 -77.348785
v -240.125015 -206.143005 -80.135384
v -241.402008 -198.318008 -76.297989
v -243.373016 -198.318008 -79.084488
v -238.154007 -198.318008 -77.348785
v -240.125015 -198.318008 -80.135384
v -241.402008 -192.196014 -76.297989
v -243.373016 -192.196014 -79.084488
v -238.154007 -192.196014 -77.348785
v -240.125015 -192.196014 -80.135384
v -241.402008 -186.074005 -76.297989
v -243.373016 -186.074005 -79.084488
v -238.154007 -186.074005 -77.348785
v -240.125015 -186.074005 -80.135384
v -241.402008 -176.891006 -76.297989
v -243.373016 -176.891006 -79.084488
v -238.154007 -176.891006 -77.348785
v -240.125015 -176.891006 -80.135384
v -241.402008 -171.347015 -76.297989
v -243.373016 -171.347015 -79.084488
v -238.154007 -171.347015 -77.348785
v -240.125015 -171.347015 -80.135384
v -231.353012 -209.595032 -109.372993
v -229.585007 -209.595032 -113.058990
v -226.375015 -209.595032 -107.033989
v -224.645004 -209.595032 -110.639992
v -228.864014 -209.595032 -108.202988
v -230.469009 -209.595032 -111.215988
v -225.510010 -209.595032 -108.836990
v -227.115005 -209.595032 -111.849991
v -229.585007 -212.528030 -113.058990
v -229.585007 -206.662018 -113.058990
v -224.645004 -212.528030 -110.639992
v -224.645004 -206.662018 -110.639992
v -226.375015 -212.528030 -107.033989
v -226.375015 -206.662018 -107.033989
v -231.353012 -212.528030 -109.372993
v -231.353012 -206.662018 -109.372993
v -231.353012 -203.729019 -109.372993
v -230.469009 -203.729019 -111.215988
v -228.864014 -203.729019 -108.202988
v -225.510010 -203.729019 -108.836990
v -227.115005 -203.729019 -111.849991
v -229.585007 -203.729019 -113.058990
v -226.375015 -203.729019 -107.033989
v -224.645004 -203.729019 -110.639992
v -231.353012 -200.796021 -109.372993
v -230.469009 -200.796021 -111.215988
v -228.864014 -200.796021 -108.202988
v -225.510010 -200.796021 -108.836990
v -227.115005 -200.796021 -111.849991
v -229.585007 -200.796021 -113.058990
v -231.353012 -197.615021 -109.372993
v -229.585007 -197.615021 -113.058990
v -226.375015 -197.615021 -107.033989
v -226.375015 -200.796021 -107.033989
v -224.645004 -200.796021 -110.639992
v -224.645004 -197.615021 -110.639992
v -226.375015 -194.434021 -107.033989
v -228.864014 -194.434021 -108.202988
v -225.510010 -194.434021 -108.836990
v -227.115005 -194.434021 -111.849991
v -230.469009 -194.434021 -111.215988
v -227.114014 -200.795029 -111.848991
v -224.645004 -194.434021 -110.639992
v -231.353012 -191.253021 -109.372993
v -229.585007 -191.253021 -113.058990
v -226.375015 -191.253021 -107.033989
v -231.353012 -194.434021 -109.372993
v -229.585007 -194.434021 -113.058990
v -224.645004 -191.253021 -110.639992
v -226.375015 -188.072021 -107.033989
v -228.864014 -188.072021 -108.202988
v -225.510010 -188.072021 -108.836990
v -227.115005 -188.072021 -111.849991
v -230.469009 -188.072021 -111.215988
v -224.645004 -188.072021 -110.639992
v -231.353012 -184.891022 -109.372993
v -229.585007 -184.891022 -113.058990
v -226.375015 -184.891022 -107.033989
v -231.353012 -188.072021 -109.372993
v -229.585007 -188.072021 -113.058990
v -224.645004 -184.891022 -110.640991
v -224.645004 -181.710022 -110.640991
v -226.375015 -181.710022 -107.033989
v -228.864014 -181.710022 -108.202988
v -225.510010 -181.710022 -108.836990
v -227.115005 -181.710022 -111.849991
v -230.469009 -181.710022 -111.215988
v -231.353012 -181.710022 -109.372993
v -229.585007 -181.710022 -113.058990
v -231.353012 -178.529022 -109.372993
v -230.469009 -178.529022 -111.215988
v -228.864014 -178.529022 -108.202988
v -225.510010 -178.529022 -108.836990
v -227.115005 -178.529022 -111.849991
v -229.585007 -178.529022 -113.058990
v -226.375015 -178.529022 -107.033989
v -231.353012 -175.348022 -109.372993
v -229.585007 -175.348022 -113.058990
v -226.375015 -175.348022 -107.033989
v -224.645004 -178.529022 -110.640991
v -224.645004 -175.348022 -110.640991
v -226.375015 -172.167023 -107.033989
v -228.864014 -172.167023 -108.202988
v -225.510010 -172.167023 -108.836990
v -227.115005 -172.167023 -111.849991
v -230.469009 -172.167023 -111.215988
v -224.645004 -172.167023 -110.640991
v -231.353012 -168.986023 -109.372993
v -229.585007 -168.986023 -113.058990
v -226.375015 -168.986023 -107.033989
v -231.353012 -172.167023 -109.372993
v -229.585007 -172.167023 -113.058990
v -224.645004 -168.986023 -110.640991
v -229.585007 -166.105026 -113.058990
v -230.469009 -166.105026 -111.215988
v -228.864014 -166.105026 -108.202988
v -225.510010 -166.105026 -108.836990
v -227.115005 -166.105026 -111.849991
v -231.353012 -166.105026 -109.372993
v -226.375015 -166.105026 -107.033989
v -224.645004 -166.105026 -110.640991
v -228.864014 -206.662018 -108.202988
v -230.469009 -206.662018 -111.215988
v -225.510010 -206.662018 -108.836990
v -227.115005 -206.662018 -111.849991
v -228.864014 -197.615021 -108.202988
v -230.469009 -197.615021 -111.215988
v -225.510010 -197.615021 -108.836990
v -227.115005 -197.615021 -111.849991
v -228.864014 -168.986023 -108.202988
v -230.469009 -168.986023 -111.215988
v -225.510010 -168.986023 -108.836990
v -227.115005 -168.986023 -111.849991
v -228.864014 -191.253021 -108.202988
v -230.469009 -191.253021 -111.215988
v -225.510010 -191.253021 -108.836990
v -227.115005 -191.253021 -111.849991
v -228.864014 -184.891022 -108.202988
v -230.469009 -184.891022 -111.215988
v -225.510010 -184.891022 -108.836990
v -227.115005 -184.891022 -111.849991
v -228.864014 -175.348022 -108.202988
v -230.469009 -175.348022 -111.215988
v -225.510010 -175.348022 -108.836990
v -227.115005 -175.348022 -111.849991
v -215.634003 -207.608032 -137.809998
v -213.402008 -207.608032 -141.234985
v -211.002014 -207.608032 -134.843994
v -215.634003 -214.522018 -137.809998
v -214.518005 -211.065018 -139.522995
v -213.318008 -211.065018 -136.326996
v -209.910004 -211.065018 -136.519989
v -211.110016 -211.065018 -139.714996
v -213.402008 -214.522018 -141.234985
v -211.002014 -214.522018 -134.843994
v -215.634003 -204.151031 -137.809998
v -208.818008 -207.608032 -138.195984
v -213.402008 -204.151031 -141.234985
v -214.518005 -204.151031 -139.522995
v -208.818008 -214.522018 -138.195984
v -211.002014 -204.151031 -134.843994
v -213.318008 -204.151031 -136.326996
v -209.910004 -204.151031 -136.519989
v -211.110016 -204.151031 -139.714996
v -208.818008 -204.151031 -138.195984
v -215.634003 -200.694031 -137.809998
v -214.518005 -200.694031 -139.522995
v -213.318008 -200.694031 -136.326996
v -209.910004 -200.694031 -136.519989
v -211.110016 -200.694031 -139.714996
v -213.402008 -200.694031 -141.234985
v -208.818008 -200.694031 -138.195984
v -211.002014 -200.694031 -134.843994
v -215.634003 -197.413025 -137.809998
v -213.402008 -197.413025 -141.234985
v -211.002014 -197.413025 -134.843994
v -215.634003 -194.132019 -137.809998
v -208.818008 -197.413025 -138.195984
v -211.002014 -194.132019 -134.843994
v -213.318008 -194.132019 -136.326996
v -209.910004 -194.132019 -136.519989
v -211.110016 -194.132019 -139.714996
v -214.518005 -194.132019 -139.522995
v -213.402008 -194.132019 -141.234985
v -208.818008 -194.132019 -138.195984
v -215.634003 -190.851028 -137.809998
v -213.402008 -190.851028 -141.234985
v -211.002014 -190.851028 -134.843994
v -208.818008 -190.851028 -138.195984
v -211.002014 -187.570023 -134.843994
v -213.318008 -187.570023 -136.326996
v -209.910004 -187.570023 -136.519989
v -211.110016 -187.570023 -139.714996
v -214.518005 -187.570023 -139.522995
v -208.818008 -187.570023 -138.195984
v -213.402008 -187.570023 -141.234985
v -215.634003 -187.570023 -137.809998
v -215.634003 -184.289017 -137.809998
v -213.402008 -184.289017 -141.234985
v -211.002014 -184.289017 -134.843994
v -208.818008 -184.289017 -138.195984
v -211.002014 -181.008026 -134.843994
v -213.318008 -181.008026 -136.326996
v -209.910004 -181.008026 -136.519989
v -211.110016 -181.008026 -139.714996
v -214.518005 -181.008026 -139.522995
v -208.818008 -181.008026 -138.195984
v -213.402008 -181.008026 -141.234985
v -215.634003 -181.008026 -137.809998
v -215.634003 -177.727020 -137.809998
v -213.402008 -177.727020 -141.234985
v -211.002014 -177.727020 -134.843994
v -215.634003 -174.446030 -137.809998
v -208.818008 -177.727020 -138.195984
v -211.002014 -174.446030 -134.843994
v -213.318008 -174.446030 -136.326996
v -209.910004 -174.446030 -136.519989
v -211.110016 -174.446030 -139.714996
v -214.518005 -174.446030 -139.522995
v -213.402008 -174.446030 -141.234985
v -208.818008 -174.446030 -138.195984
v -215.634003 -171.165024 -137.809998
v -213.402008 -171.165024 -141.234985
v -211.002014 -171.165024 -134.843994
v -208.818008 -171.165024 -138.195984
v -211.002014 -168.484024 -134.843994
v -213.318008 -168.484024 -136.326996
v -209.910004 -168.484024 -136.519989
v -211.110016 -168.484024 -139.714996
v -214.518005 -168.484024 -139.522995
v -208.815002 -171.172028 -138.199997
v -208.818008 -168.484024 -138.195984
v -213.402008 -168.484024 -141.234985
v -215.634003 -168.484024 -137.809998
v -215.634003 -166.103027 -137.809998
v -214.518005 -166.103027 -139.522995
v -213.318008 -166.103027 -136.326996
v -209.910004 -166.103027 -136.519989
v -211.110016 -166.103027 -139.714996
v -213.402008 -166.103027 -141.234985
v -211.002014 -166.103027 -134.843994
v -208.818008 -166.103027 -138.195984
v -213.318008 -207.608032 -136.326996
v -214.518005 -207.608032 -139.522995
v -209.910004 -207.608032 -136.519989
v -211.110016 -207.608032 -139.714996
v -215.634003 -211.065018 -137.809998
v -213.402008 -211.065018 -141.234985
v -211.002014 -211.065018 -134.843994
v -208.818008 -211.065018 -138.195984
v -213.318008 -197.413025 -136.326996
v -214.518005 -197.413025 -139.522995
v -209.910004 -197.413025 -136.519989
v -211.110016 -197.413025 -139.714996
v -213.318008 -171.165024 -136.326996
v -214.518005 -171.165024 -139.522995
v -209.910004 -171.165024 -136.519989
v -211.110016 -171.165024 -139.714996
v -213.318008 -190.851028 -136.326996
v -214.518005 -190.851028 -139.522995
v -209.910004 -190.851028 -136.519989
v -211.110016 -190.851028 -139.714996
v -213.318008 -184.289017 -136.326996
v -214.518005 -184.289017 -139.522995
v -209.910004 -184.289017 -136.519989
v -211.110016 -184.289017 -139.714996
v -213.318008 -177.727020 -136.326996
v -214.518005 -177.727020 -139.522995
v -209.910004 -177.727020 -136.519989
v -211.110016 -177.727020 -139.714996
v -197.587006 -202.518021 -162.660995
v -194.933014 -202.518021 -165.769989
v -193.376007 -202.518021 -159.122986
v -197.587006 -208.518021 -162.660995
v -196.260010 -205.518021 -164.214996
v -195.481003 -205.518021 -160.891998
v -192.077011 -205.518021 -160.644989
v -192.856003 -205.518021 -163.967987
v -194.933014 -208.518021 -165.769989
v -190.779007 -208.518021 -162.165985
v -190.779007 -202.518021 -162.165985
v -193.376007 -208.518021 -159.122986
v -197.587006 -198.953018 -162.660995
v -194.933014 -198.953018 -165.769989
v -196.260010 -198.953018 -164.214996
v -193.376007 -198.953018 -159.122986
v -192.077011 -198.953018 -160.644989
v -192.856003 -198.953018 -163.967987
v -195.481003 -198.953018 -160.891998
v -190.779007 -198.953018 -162.165985
v -197.587006 -195.388031 -162.660995
v -195.481003 -195.388031 -160.891998
v -197.587006 -192.977020 -162.660995
v -194.933014 -192.977020 -165.769989
v -193.376007 -192.977020 -159.122986
v -194.933014 -195.388031 -165.769989
v -193.376007 -195.388031 -159.122986
v -190.779007 -195.388031 -162.165985
v -192.856003 -195.388031 -163.967987
v -192.077011 -195.388031 -160.644989
v -190.779007 -192.977020 -162.165985
v -193.376007 -189.871017 -159.122986
v -190.779007 -189.871017 -162.165985
v -197.587006 -189.871017 -162.660995
v -194.933014 -189.871017 -165.769989
v -196.260010 -195.388031 -164.214996
v -196.260010 -189.871017 -164.214996
v -192.856003 -189.871017 -163.967987
v -195.481003 -189.871017 -160.891998
v -192.077011 -189.871017 -160.644989
v -197.587006 -186.765030 -162.660995
v -194.933014 -186.765030 -165.769989
v -193.376007 -186.765030 -159.122986
v -197.587006 -183.659027 -162.660995
v -190.779007 -186.765030 -162.165985
v -193.376007 -183.659027 -159.122986
v -192.077011 -183.659027 -160.644989
v -195.481003 -183.659027 -160.891998
v -196.260010 -183.659027 -164.214996
v -192.856003 -183.659027 -163.967987
v -194.933014 -183.659027 -165.769989
v -190.779007 -183.659027 -162.165985
v -197.587006 -180.553024 -162.660995
v -194.933014 -180.553024 -165.769989
v -193.376007 -180.553024 -159.122986
v -195.611008 -180.553024 -164.975998
v -195.481003 -180.553024 -160.891998
v -192.077011 -180.553024 -160.644989
v -192.856003 -180.553024 -163.967987
v -190.779007 -180.553024 -162.165985
v -193.376007 -177.447021 -159.122986
v -190.779007 -177.447021 -162.165985
v -197.587006 -177.447021 -162.660995
v -194.933014 -177.447021 -165.769989
v -195.481003 -177.447021 -160.891998
v -196.260010 -177.447021 -164.214996
v -192.077011 -177.447021 -160.644989
v -192.856003 -177.447021 -163.967987
v -197.587006 -174.536026 -162.660995
v -190.779007 -174.536026 -162.165985
v -192.077011 -174.536026 -160.644989
v -192.856003 -174.536026 -163.967987
v -196.260010 -174.536026 -164.214996
v -195.481003 -174.536026 -160.891998
v -193.376007 -174.536026 -159.122986
v -194.933014 -174.536026 -165.769989
v -190.779007 -171.625031 -162.165985
v -193.376007 -171.625031 -159.122986
v -197.587006 -171.625031 -162.660995
v -194.933014 -171.625031 -165.769989
v -193.376007 -168.714020 -159.122986
v -192.077011 -168.714020 -160.644989
v -197.587006 -168.714020 -162.660995
v -190.779007 -168.714020 -162.165985
v -192.856003 -168.714020 -163.967987
v -196.260010 -168.714020 -164.214996
v -195.481003 -168.714020 -160.891998
v -194.933014 -168.714020 -165.769989
v -197.587006 -166.103027 -162.660995
v -195.796005 -166.103027 -164.758987
v -192.856003 -166.103027 -163.967987
v -191.623016 -166.103027 -161.176987
v -195.481003 -166.103027 -160.891998
v -194.933014 -166.103027 -165.769989
v -193.376007 -166.103027 -159.122986
v -190.779007 -166.103027 -162.165985
v -195.481003 -202.518021 -160.891998
v -196.260010 -202.518021 -164.214996
v -192.077011 -202.518021 -160.644989
v -192.856003 -202.518021 -163.967987
v -197.587006 -205.518021 -162.660995
v -194.933014 -205.518021 -165.769989
v -193.376007 -205.518021 -159.122986
v -190.779007 -205.518021 -162.165985
v -195.481003 -186.765030 -160.891998
v -196.260010 -186.765030 -164.214996
v -192.077011 -186.765030 -160.644989
v -192.856003 -186.765030 -163.967987
v -195.481003 -171.625031 -160.891998
v -196.260010 -171.625031 -164.214996
v -192.077011 -171.625031 -160.644989
v -192.856003 -171.625031 -163.967987
v -172.032013 -205.500031 -181.959000
v -168.738007 -205.500031 -185.023987
v -175.814011 -205.500031 -185.952988
v -172.448013 -205.500031 -189.084991
v -173.923004 -205.500031 -183.955994
v -174.131012 -205.500031 -187.518997
v -170.385010 -205.500031 -183.491989
v -170.593002 -205.500031 -187.054001
v -172.448013 -208.522018 -189.084991
v -172.448013 -202.478027 -189.084991
v -175.814011 -208.522018 -185.952988
v -175.814011 -202.478027 -185.952988
v -172.032013 -202.478027 -181.959000
v -172.032013 -208.522018 -181.959000
v -175.814011 -199.456024 -185.952988
v -173.765015 -199.456024 -187.858994
v -172.448013 -199.456024 -189.084991
v -172.032013 -199.456024 -181.959000
v -168.738007 -199.456024 -185.023987
v -168.738007 -202.478027 -185.023987
v -170.019012 -199.456024 -183.832001
v -173.923004 -199.456024 -183.955994
v -175.814011 -196.978027 -185.952988
v -172.448013 -196.978027 -189.084991
v -172.032013 -196.978027 -181.959000
v -168.738007 -196.978027 -185.023987
v -172.032013 -193.767029 -181.959000
v -168.738007 -208.522018 -185.023987
v -175.814011 -193.767029 -185.952988
v -170.593002 -199.456024 -187.054001
v -168.738007 -193.767029 -185.023987
v -172.032013 -190.556030 -181.959000
v -168.738007 -190.556030 -185.023987
v -175.814011 -190.556030 -185.952988
v -172.032013 -187.345032 -181.959000
v -170.385010 -193.767029 -183.491989
v -170.385010 -187.345032 -183.491989
v -170.593002 -187.345032 -187.054001
v -174.131012 -187.345032 -187.518997
v -173.923004 -187.345032 -183.955994
v -172.448013 -190.556030 -189.084991
v -172.448013 -193.767029 -189.084991
v -175.814011 -187.345032 -185.952988
v -174.131012 -193.767029 -187.518997
v -173.923004 -193.767029 -183.955994
v -170.593002 -193.767029 -187.054001
v -172.448013 -187.345032 -189.084991
v -168.738007 -187.345032 -185.023987
v -172.032013 -184.201019 -181.959000
v -170.385010 -184.201019 -183.491989
v -173.923004 -184.201019 -183.955994
v -174.131012 -184.201019 -187.518997
v -170.593002 -184.201019 -187.054001
v -175.814011 -184.201019 -185.952988
v -172.448013 -181.057022 -189.084991
v -175.814011 -181.057022 -185.952988
v -172.032013 -181.057022 -181.959000
v -168.738007 -181.057022 -185.023987
v -168.738007 -184.201019 -185.023987
v -172.448013 -184.201019 -189.084991
v -175.814011 -177.913025 -185.952988
v -174.131012 -177.913025 -187.518997
v -173.923004 -177.913025 -183.955994
v -170.385010 -177.913025 -183.491989
v -170.593002 -177.913025 -187.054001
v -172.448013 -174.769028 -189.084991
v -175.814011 -174.769028 -185.952988
v -172.032013 -174.769028 -181.959000
v -168.738007 -174.769028 -185.023987
v -172.032013 -177.913025 -181.959000
v -168.738007 -177.913025 -185.023987
v -172.448013 -177.913025 -189.084991
v -175.814011 -171.625031 -185.952988
v -172.032013 -171.625031 -181.959000
v -172.448013 -171.625031 -189.084991
v -168.738007 -171.625031 -185.023987
v -172.032013 -168.481018 -181.959000
v -170.385010 -174.769028 -183.491989
v -173.923004 -174.769028 -183.955994
v -174.131012 -174.769028 -187.518997
v -170.593002 -174.769028 -187.054001
v -175.814011 -168.481018 -185.952988
v -168.738007 -168.481018 -185.023987
v -172.032013 -166.103027 -181.959000
v -170.385010 -171.625031 -183.491989
v -170.385010 -166.103027 -183.491989
v -173.923004 -171.625031 -183.955994
v -174.131012 -171.625031 -187.518997
v -170.593002 -171.625031 -187.054001
v -172.448013 -168.481018 -189.084991
v -175.814011 -166.103027 -185.952988
v -174.131012 -166.103027 -187.518997
v -173.923004 -166.103027 -183.955994
v -170.593002 -166.103027 -187.054001
v -168.738007 -166.103027 -185.023987
v -172.448013 -166.103027 -189.084991
v -175.814011 -171.441025 -185.952988
v -173.923004 -202.478027 -183.955994
v -174.131012 -202.478027 -187.518997
v -170.385010 -202.478027 -183.491989
v -170.593002 -202.478027 -187.054001
v -173.923004 -181.057022 -183.955994
v -174.131012 -181.057022 -187.518997
v -170.385010 -181.057022 -183.491989
v -170.593002 -181.057022 -187.054001
v -173.923004 -168.481018 -183.955994
v -174.131012 -168.481018 -187.518997
v -170.385010 -168.481018 -183.491989
v -170.593002 -168.481018 -187.054001
v -173.923004 -190.556030 -183.955994
v -174.131012 -190.556030 -187.518997
v -170.385010 -190.556030 -183.491989
v -170.593002 -190.556030 -187.054001
v -152.093002 -206.117020 -205.822998
v -148.771011 -206.117020 -208.205994
v -148.852005 -206.117020 -201.378998
v -145.602005 -206.117020 -203.710999
v -150.473007 -206.117020 -203.600998
v -150.432007 -206.117020 -207.013992
v -147.227005 -206.117020 -202.544998
v -147.186005 -206.117020 -205.957993
v -148.771011 -209.525024 -208.205994
v -148.771011 -202.709030 -208.205994
v -145.602005 -209.525024 -203.710999
v -145.602005 -202.709030 -203.710999
v -148.852005 -209.525024 -201.378998
v -148.852005 -202.709030 -201.378998
v -152.093002 -209.525024 -205.822998
v -152.093002 -202.709030 -205.822998
v -152.093002 -199.143021 -205.822998
v -150.473007 -199.143021 -203.600998
v -150.432007 -199.143021 -207.013992
v -147.227005 -199.143021 -202.544998
v -147.186005 -199.143021 -205.957993
v -148.771011 -199.143021 -208.205994
v -148.852005 -199.143021 -201.378998
v -145.602005 -199.143021 -203.710999
v -152.093002 -195.577026 -205.822998
v -150.473007 -195.577026 -203.600998
v -150.432007 -195.577026 -207.013992
v -147.227005 -195.577026 -202.544998
v -147.186005 -195.577026 -205.957993
v -148.771011 -195.577026 -208.205994
v -152.093002 -192.261017 -205.822998
v -148.771011 -192.261017 -208.205994
v -148.852005 -192.261017 -201.378998
v -148.852005 -195.577026 -201.378998
v -145.602005 -195.577026 -203.710999
v -145.602005 -192.261017 -203.710999
v -148.852005 -188.945023 -201.378998
v -147.227005 -188.945023 -202.544998
v -147.186005 -188.945023 -205.957993
v -150.432007 -188.945023 -207.013992
v -150.473007 -188.945023 -203.600998
v -145.602005 -188.945023 -203.710999
v -152.093002 -188.945023 -205.822998
v -148.771011 -188.945023 -208.205994
v -152.093002 -185.603027 -205.822998
v -150.473007 -185.603027 -203.600998
v -150.432007 -185.603027 -207.013992
v -147.227005 -185.603027 -202.544998
v -147.186005 -185.603027 -205.957993
v -148.771011 -185.603027 -208.205994
v -148.852005 -185.603027 -201.378998
v -152.093002 -182.261017 -205.822998
v -148.771011 -182.261017 -208.205994
v -148.852005 -182.261017 -201.378998
v -145.602005 -185.603027 -203.710999
v -145.602005 -182.261017 -203.710999
v -148.852005 -178.919022 -201.378998
v -147.227005 -178.919022 -202.544998
v -147.186005 -178.919022 -205.957993
v -150.432007 -178.919022 -207.013992
v -150.473007 -178.919022 -203.600998
v -145.602005 -178.919022 -203.710999
v -148.771011 -178.919022 -208.205994
v -152.093002 -178.919022 -205.822998
v -152.093002 -175.577026 -205.822998
v -148.771011 -175.577026 -208.205994
v -148.852005 -175.577026 -201.378998
v -145.602005 -175.577026 -203.710999
v -148.852005 -172.319031 -201.378998
v -147.227005 -172.319031 -202.544998
v -147.186005 -172.319031 -205.957993
v -150.432007 -172.319031 -207.013992
v -150.473007 -172.319031 -203.600998
v -145.602005 -172.319031 -203.710999
v -148.771011 -172.319031 -208.205994
v -152.093002 -172.319031 -205.822998
v -152.093002 -169.061020 -205.822998
v -148.771011 -169.061020 -208.205994
v -148.852005 -169.061020 -201.378998
v -145.602005 -169.061020 -203.710999
v -148.852005 -166.103027 -201.378998
v -147.227005 -166.103027 -202.544998
v -147.186005 -166.103027 -205.957993
v -150.432007 -166.103027 -207.013992
v -150.473007 -166.103027 -203.600998
v -145.602005 -166.103027 -203.710999
v -152.093002 -166.103027 -205.822998
v -148.771011 -166.103027 -208.205994
v -150.473007 -202.709030 -203.600998
v -150.432007 -202.709030 -207.013992
v -147.227005 -202.709030 -202.544998
v -147.186005 -202.709030 -205.957993
v -150.473007 -192.261017 -203.600998
v -150.432007 -192.261017 -207.013992
v -147.227005 -192.261017 -202.544998
v -147.186005 -192.261017 -205.957993
v -150.473007 -175.577026 -203.600998
v -150.432007 -175.577026 -207.013992
v -147.227005 -175.577026 -202.544998
v -147.186005 -175.577026 -205.957993
v -150.473007 -182.261017 -203.600998
v -150.432007 -182.261017 -207.013992
v -147.227005 -182.261017 -202.544998
v -147.186005 -182.261017 -205.957993
v -150.473007 -169.061020 -203.600998
v -150.432007 -169.061020 -207.013992
v -147.227005 -169.061020 -202.544998
v -147.186005 -169.061020 -205.957993
v -123.831009 -201.982025 -217.653992
v -119.896004 -201.982025 -219.835999
v -126.542007 -201.982025 -222.440002
v -119.896004 -198.440018 -219.835999
v -123.831009 -198.440018 -217.653992
v -126.542007 -198.440018 -222.440002
v -123.831009 -205.524033 -217.653992
v -121.864006 -201.982025 -218.744995
v -125.187004 -201.982025 -220.046997
v -124.531006 -201.982025 -223.554993
v -121.208008 -201.982025 -222.252991
v -122.521004 -205.524033 -224.669998
v -122.521004 -198.440018 -224.669998
v -119.896004 -205.524033 -219.835999
v -119.896004 -194.898026 -219.835999
v -126.542007 -205.524033 -222.440002
v -126.542007 -194.898026 -222.440002
v -122.521004 -194.898026 -224.669998
v -123.831009 -194.898026 -217.653992
v -123.831009 -191.085022 -217.653992
v -121.864006 -198.440018 -218.744995
v -121.864006 -191.085022 -218.744995
v -125.187004 -198.440018 -220.046997
v -122.521004 -201.982025 -224.669998
v -123.789009 -198.440018 -223.966995
v -119.896004 -191.085022 -219.835999
v -121.208008 -191.085022 -222.252991
v -124.531006 -191.085022 -223.554993
v -125.187004 -191.085022 -220.046997
v -123.831009 -187.856018 -217.653992
v -119.896004 -187.856018 -219.835999
v -126.542007 -187.856018 -222.440002
v -126.542007 -191.085022 -222.440002
v -122.521004 -191.085022 -224.669998
v -121.208008 -198.440018 -222.252991
v -122.521004 -187.856018 -224.669998
v -126.542007 -184.627029 -222.440002
v -124.531006 -184.627029 -223.554993
v -125.187004 -184.627029 -220.046997
v -121.864006 -184.627029 -218.744995
v -121.208008 -184.627029 -222.252991
v -122.521004 -184.627029 -224.669998
v -119.896004 -184.627029 -219.835999
v -126.542007 -186.241028 -222.440002
v -119.896004 -181.398026 -219.835999
v -123.831009 -181.398026 -217.653992
v -126.542007 -181.398026 -222.440002
v -123.831009 -184.627029 -217.653992
v -123.831009 -178.169022 -217.653992
v -121.864006 -178.169022 -218.744995
v -121.208008 -178.169022 -222.252991
v -124.531006 -178.169022 -223.554993
v -125.187004 -178.169022 -220.046997
v -122.521004 -181.398026 -224.669998
v -126.542007 -178.169022 -222.440002
v -122.521004 -178.169022 -224.669998
v -119.896004 -174.940018 -219.835999
v -123.831009 -174.940018 -217.653992
v -126.542007 -174.940018 -222.440002
v -123.831009 -171.711029 -217.653992
v -119.896004 -178.169022 -219.835999
v -122.521004 -174.940018 -224.669998
v -126.542007 -171.711029 -222.440002
v -119.896004 -171.711029 -219.835999
v -122.521004 -171.711029 -224.669998
v -123.831009 -168.482025 -217.653992
v -121.864006 -174.940018 -218.744995
v -125.187004 -174.940018 -220.046997
v -124.531006 -174.940018 -223.554993
v -121.208008 -174.940018 -222.252991
v -119.896004 -168.482025 -219.835999
v -126.542007 -176.554016 -222.440002
v -122.521004 -168.482025 -224.669998
v -126.542007 -168.482025 -222.440002
v -123.831009 -166.103027 -217.653992
v -121.864006 -171.711029 -218.744995
v -121.864006 -166.103027 -218.744995
v -125.187004 -171.711029 -220.046997
v -124.531006 -171.711029 -223.554993
v -121.208008 -171.711029 -222.252991
v -119.896004 -166.103027 -219.835999
v -121.208008 -166.103027 -222.252991
v -124.531006 -166.103027 -223.554993
v -125.187004 -166.103027 -220.046997
v -122.521004 -166.103027 -224.669998
v -126.542007 -166.103027 -222.440002
v -121.864006 -167.292023 -223.460999
v -123.831009 -187.856018 -217.653992
v -125.187004 -194.898026 -220.046997
v -124.531006 -194.898026 -223.554993
v -121.864006 -194.898026 -218.744995
v -121.208008 -194.898026 -222.252991
v -125.187004 -168.482025 -220.046997
v -124.531006 -168.482025 -223.554993
v -121.864006 -168.482025 -218.744995
v -121.208008 -168.482025 -222.252991
v -125.187004 -187.856018 -220.046997
v -124.531006 -187.856018 -223.554993
v -121.864006 -187.856018 -218.744995
v -121.208008 -187.856018 -222.252991
v -125.187004 -181.398026 -220.046997
v -124.531006 -181.398026 -223.554993
v -121.864006 -181.398026 -218.744995
v -121.208008 -181.398026 -222.252991
v -97.424606 -206.523026 -236.631989
v -93.636108 -206.523026 -238.167999
v -95.317505 -206.523026 -231.550995
v -91.610504 -206.523026 -233.054001
v -96.371109 -206.523026 -234.091995
v -95.530304 -206.523026 -237.399994
v -93.464005 -206.523026 -232.302994
v -92.623299 -206.523026 -235.610992
v -93.636108 -209.523026 -238.167999
v -93.636108 -203.523026 -238.167999
v -91.610603 -209.523026 -233.054001
v -91.610603 -203.523026 -233.054001
v -95.317505 -209.523026 -231.550995
v -95.317505 -203.523026 -231.550995
v -97.424606 -209.523026 -236.631989
v -97.424606 -203.523026 -236.631989
v -97.424606 -200.528030 -236.631989
v -95.530304 -200.528030 -237.399994
v -96.371109 -200.528030 -234.091995
v -93.464005 -200.528030 -232.302994
v -92.623299 -200.528030 -235.610992
v -93.636108 -200.528030 -238.167999
v -95.317505 -200.528030 -231.550995
v -97.424606 -197.533020 -236.631989
v -93.636108 -197.533020 -238.167999
v -95.317505 -197.533020 -231.550995
v -91.610603 -200.528030 -233.054001
v -91.610603 -197.533020 -233.054001
v -95.317505 -194.353027 -231.550995
v -93.464005 -194.353027 -232.302994
v -96.371109 -194.353027 -234.091995
v -97.424606 -191.173019 -236.631989
v -93.636108 -191.173019 -238.167999
v -95.317505 -191.173019 -231.550995
v -97.424606 -194.353027 -236.631989
v -93.636108 -194.353027 -238.167999
v -91.610603 -194.353027 -233.054001
v -92.623299 -194.353027 -235.610992
v -91.610603 -191.173019 -233.054001
v -93.636108 -188.743027 -238.167999
v -95.530304 -194.353027 -237.399994
v -95.530304 -188.743027 -237.399994
v -91.610603 -188.743027 -233.054001
v -93.464104 -188.743027 -232.302994
v -92.623299 -188.743027 -235.610992
v -96.371109 -188.743027 -234.091995
v -95.317505 -188.743027 -231.550995
v -97.424606 -186.313019 -236.631989
v -93.636108 -186.313019 -238.167999
v -95.317604 -186.313019 -231.550995
v -97.424606 -188.743027 -236.631989
v -91.610603 -186.313019 -233.054001
v -95.317604 -183.383026 -231.550995
v -93.464104 -183.383026 -232.302994
v -96.371109 -183.383026 -234.091995
v -95.530403 -183.383026 -237.399994
v -92.623299 -183.383026 -235.610992
v -97.424606 -183.383026 -236.631989
v -97.424606 -180.453018 -236.631989
v -93.636108 -180.453018 -238.167999
v -95.317604 -180.453018 -231.550995
v -97.424606 -177.523026 -236.631989
v -93.636108 -183.383026 -238.167999
v -91.610603 -180.453018 -233.054001
v -93.636108 -177.523026 -238.167999
v -91.610603 -183.383026 -233.054001
v -95.317604 -177.523026 -231.550995
v -91.610603 -177.523026 -233.054001
v -97.424706 -174.593018 -236.631989
v -93.636108 -174.593018 -238.167999
v -95.317604 -174.593018 -231.550995
v -97.424706 -171.663025 -236.631989
v -95.530403 -177.523026 -237.399994
v -96.371109 -177.523026 -234.091995
v -93.464104 -177.523026 -232.302994
v -92.623405 -177.523026 -235.610992
v -91.610603 -174.593018 -233.054001
v -95.317604 -171.663025 -231.550995
v -93.464104 -171.663025 -232.302994
v -95.530403 -171.663025 -237.399994
v -96.371109 -171.663025 -234.091995
v -92.623405 -171.663025 -235.610992
v -93.636108 -168.733017 -238.167999
v -97.424706 -168.733017 -236.631989
v -95.317604 -168.733017 -231.550995
v -93.636108 -171.663025 -238.167999
v -91.610603 -171.663025 -233.054001
v -91.610603 -168.733017 -233.054001
v -95.317604 -166.103027 -231.550995
v -94.112801 -166.103027 -232.039993
v -96.371109 -166.103027 -234.091995
v -92.623405 -166.103027 -235.610992
v -96.193001 -166.103027 -237.130997
v -97.424706 -166.103027 -236.631989
v -91.610603 -166.103027 -233.054001
v -93.636108 -166.103027 -238.167999
v -96.371109 -203.523026 -234.091995
v -95.530304 -203.523026 -237.399994
v -93.464005 -203.523026 -232.302994
v -92.623299 -203.523026 -235.610992
v -96.371109 -191.173019 -234.091995
v -95.530304 -191.173019 -237.399994
v -93.464005 -191.173019 -232.302994
v -92.623299 -191.173019 -235.610992
v -96.371109 -186.313019 -234.091995
v -95.530403 -186.313019 -237.399994
v -93.464104 -186.313019 -232.302994
v -92.623299 -186.313019 -235.610992
v -96.371109 -180.453018 -234.091995
v -95.530403 -180.453018 -237.399994
v -93.464104 -180.453018 -232.302994
v -92.623299 -180.453018 -235.610992
v -96.371109 -197.533020 -234.091995
v -95.530304 -197.533020 -237.399994
v -93.464005 -197.533020 -232.302994
v -92.623299 -197.533020 -235.610992
v -96.371109 -174.593018 -234.091995
v -95.530403 -174.593018 -237.399994
v -93.464104 -174.593018 -232.302994
v -92.623405 -174.593018 -235.610992
v -96.371109 -168.733017 -234.091995
v -95.530403 -168.733017 -237.399994
v -93.464104 -168.733017 -232.302994
v -92.623405 -168.733017 -235.610992
v -68.379303 -207.807022 -246.608002
v -64.429199 -207.807022 -247.660995
v -66.920204 -207.807022 -241.304993
v -63.055202 -207.807022 -242.334991
v -67.649803 -207.807022 -243.955994
v -66.404297 -207.807022 -247.134003
v -64.987701 -207.807022 -241.819992
v -63.742203 -207.807022 -244.998001
v -64.429199 -211.021027 -247.660995
v -64.429306 -204.593018 -247.660995
v -68.379303 -211.021027 -246.608002
v -68.379303 -204.593018 -246.608002
v -66.920204 -204.593018 -241.304993
v -68.379303 -201.379028 -246.608002
v -66.404297 -201.379028 -247.134003
v -67.649803 -201.379028 -243.955994
v -64.987701 -201.379028 -241.819992
v -63.742203 -201.379028 -244.998001
v -63.055202 -204.593018 -242.334991
v -64.429306 -201.379028 -247.660995
v -63.055202 -211.021027 -242.334991
v -66.920204 -211.021027 -241.304993
v -68.379303 -198.375031 -246.608002
v -64.429306 -198.375031 -247.660995
v -66.920204 -198.375031 -241.304993
v -68.379303 -195.371017 -246.608002
v -66.920204 -201.379028 -241.304993
v -63.055202 -201.379028 -242.334991
v -63.055202 -198.375031 -242.334991
v -66.920204 -195.371017 -241.304993
v -64.987701 -195.371017 -241.819992
v -63.742203 -195.371017 -244.998001
v -66.404297 -195.371017 -247.134003
v -67.649803 -195.371017 -243.955994
v -64.429306 -195.371017 -247.660995
v -63.055202 -195.371017 -242.334991
v -68.379303 -192.367020 -246.608002
v -64.429306 -192.367020 -247.660995
v -66.920204 -192.367020 -241.304993
v -63.055202 -192.367020 -242.334991
v -66.920204 -189.363022 -241.304993
v -64.987701 -189.363022 -241.819992
v -63.742203 -189.363022 -244.998001
v -66.404297 -189.363022 -247.134003
v -67.649803 -189.363022 -243.955994
v -63.055202 -189.363022 -242.334991
v -68.379303 -186.359024 -246.608002
v -64.429306 -186.359024 -247.660995
v -66.920204 -186.359024 -241.304993
v -68.379303 -189.363022 -246.608002
v -64.429306 -189.363022 -247.660995
v -63.055202 -186.359024 -242.334991
v -66.920204 -183.355026 -241.304993
v -64.987701 -183.355026 -241.819992
v -63.742203 -183.355026 -244.998001
v -66.404297 -183.355026 -247.134003
v -67.649803 -183.355026 -243.955994
v -63.055202 -183.355026 -242.334991
v -68.379303 -180.351028 -246.608002
v -64.429306 -180.351028 -247.660995
v -66.920204 -180.351028 -241.304993
v -68.379303 -177.347031 -246.608002
v -68.379303 -183.355026 -246.608002
v -64.429306 -183.355026 -247.660995
v -63.055202 -180.351028 -242.334991
v -64.429306 -177.347031 -247.660995
v -66.920204 -177.347031 -241.304993
v -63.055202 -177.347031 -242.334991
v -64.987701 -177.347031 -241.819992
v -63.742203 -177.347031 -244.998001
v -66.404297 -177.347031 -247.134003
v -67.649803 -177.347031 -243.955994
v -68.379303 -174.343018 -246.608002
v -64.429306 -174.343018 -247.660995
v -66.920204 -174.343018 -241.304993
v -63.055202 -174.343018 -242.334991
v -66.920204 -171.339020 -241.304993
v -63.055202 -171.339020 -242.334991
v -64.429306 -171.339020 -247.660995
v -68.379303 -171.339020 -246.608002
v -68.379303 -168.571030 -246.608002
v -66.404297 -174.343018 -247.134003
v -67.649803 -174.343018 -243.955994
v -64.987701 -174.343018 -241.819992
v -63.742203 -174.343018 -244.998001
v -64.429306 -168.571030 -247.660995
v -66.404297 -168.571030 -247.134003
v -66.920204 -168.571030 -241.304993
v -64.987701 -168.571030 -241.819992
v -67.649803 -168.571030 -243.955994
v -63.742203 -168.571030 -244.998001
v -63.055202 -168.571030 -242.334991
v -68.379303 -166.103027 -246.608002
v -66.404297 -166.103027 -247.134003
v -67.649803 -166.103027 -243.955994
v -64.987701 -166.103027 -241.819992
v -63.742203 -166.103027 -244.998001
v -64.429306 -166.103027 -247.660995
v -63.742203 -171.339020 -244.998001
v -66.404297 -171.339020 -247.134003
v -67.649803 -171.339020 -243.955994
v -64.987701 -171.339020 -241.819992
v -66.920204 -166.103027 -241.304993
v -63.055202 -166.103027 -242.334991
v -67.649803 -204.593018 -243.955994
v -66.404297 -204.593018 -247.134003
v -64.987701 -204.593018 -241.819992
v -63.742203 -204.593018 -244.998001
v -67.649803 -198.375031 -243.955994
v -66.404297 -198.375031 -247.134003
v -64.987701 -198.375031 -241.819992
v -63.742203 -198.375031 -244.998001
v -67.649803 -192.367020 -243.955994
v -66.404297 -192.367020 -247.134003
v -64.987701 -192.367020 -241.819992
v -63.742203 -192.367020 -244.998001
v -67.649803 -186.359024 -243.955994
v -66.404297 -186.359024 -247.134003
v -64.987701 -186.359024 -241.819992
v -63.742203 -186.359024 -244.998001
v -67.649803 -180.351028 -243.955994
v -66.404297 -180.351028 -247.134003
v -64.987701 -180.351028 -241.819992
v -63.742203 -180.351028 -244.998001
v -36.577602 -206.412018 -253.278000
v -32.527599 -206.412018 -253.834991
v -35.785000 -206.412018 -247.834991
v -36.181301 -203.303024 -250.556992
v -34.552605 -203.303024 -253.556992
v -33.803604 -203.303024 -248.108002
v -32.174900 -203.303024 -251.108002
v -31.822201 -206.412018 -248.379990
v -36.577503 -200.178024 -253.278000
v -32.527599 -200.178024 -253.834991
v -35.784901 -200.178024 -247.834991
v -36.577602 -203.303024 -253.278000
v -32.527599 -203.303024 -253.834991
v -35.785000 -203.303024 -247.834991
v -36.577602 -209.521027 -253.278000
v -36.181301 -206.412018 -250.556992
v -34.552605 -206.412018 -253.556992
v -33.803604 -206.412018 -248.108002
v -32.174900 -206.412018 -251.108002
v -32.527599 -209.521027 -253.834991
v -35.785000 -209.521027 -247.834991
v -31.822201 -209.521027 -248.379990
v -31.822201 -203.303024 -248.379990
v -31.822201 -200.178024 -248.379990
v -35.784901 -197.053024 -247.834991
v -36.181202 -197.053024 -250.556992
v -33.803604 -197.053024 -248.108002
v -32.174900 -197.053024 -251.108002
v -34.552605 -197.053024 -253.556992
v -31.822201 -197.053024 -248.379990
v -31.822201 -193.928024 -248.379990
v -35.784901 -193.928024 -247.834991
v -36.577503 -193.928024 -253.278000
v -32.527599 -193.928024 -253.834991
v -36.577503 -197.053024 -253.278000
v -32.527599 -197.053024 -253.834991
v -36.577503 -190.803024 -253.278000
v -36.181202 -190.803024 -250.556992
v -34.552605 -190.803024 -253.556992
v -33.803604 -190.803024 -248.108002
v -32.174900 -190.803024 -251.108002
v -35.784901 -190.803024 -247.834991
v -31.822201 -190.803024 -248.379990
v -32.527599 -190.803024 -253.834991
v -32.527599 -187.678024 -253.834991
v -36.577503 -187.678024 -253.278000
v -35.784901 -187.678024 -247.834991
v -36.577503 -184.553024 -253.278000
v -31.822201 -187.678024 -248.379990
v -35.784901 -184.553024 -247.834991
v -36.181202 -184.553024 -250.556992
v -34.552605 -184.553024 -253.556992
v -33.803604 -184.553024 -248.108002
v -32.174900 -184.553024 -251.108002
v -32.527599 -181.428024 -253.834991
v -36.577503 -181.428024 -253.278000
v -35.784901 -181.428024 -247.834991
v -32.527599 -184.553024 -253.834991
v -31.822201 -184.553024 -248.379990
v -31.822201 -181.428024 -248.379990
v -35.784901 -178.303024 -247.834991
v -31.822201 -178.303024 -248.379990
v -36.181202 -178.303024 -250.556992
v -33.803604 -178.303024 -248.108002
v -32.174900 -178.303024 -251.108002
v -34.552605 -178.303024 -253.556992
v -32.527599 -178.303024 -253.834991
v -36.577503 -178.303024 -253.278000
v -36.577503 -175.178024 -253.278000
v -32.527599 -175.178024 -253.834991
v -35.784901 -175.178024 -247.834991
v -31.822201 -175.178024 -248.379990
v -35.784901 -172.053024 -247.834991
v -36.181202 -172.053024 -250.556992
v -31.822201 -172.053024 -248.379990
v -33.803604 -172.053024 -248.108002
v -32.174900 -172.053024 -251.108002
v -34.552605 -172.053024 -253.556992
v -36.577503 -168.928024 -253.278000
v -32.527599 -168.928024 -253.834991
v -35.784901 -168.928024 -247.834991
v -36.577503 -172.053024 -253.278000
v -32.527599 -172.053024 -253.834991
v -31.822201 -168.928024 -248.379990
v -35.784901 -166.103027 -247.834991
v -36.181202 -166.103027 -250.556992
v -33.803501 -166.103027 -248.108002
v -32.174900 -166.103027 -251.108002
v -34.552605 -166.103027 -253.556992
v -31.822201 -166.103027 -248.379990
v -35.652203 -175.178024 -247.854004
v -36.577503 -166.103027 -253.278000
v -32.527599 -166.103027 -253.834991
v -36.181202 -200.178024 -250.556992
v -34.552605 -200.178024 -253.556992
v -33.803604 -200.178024 -248.108002
v -32.174900 -200.178024 -251.108002
v -36.181202 -168.928024 -250.556992
v -34.552605 -168.928024 -253.556992
v -33.803501 -168.928024 -248.108002
v -32.174900 -168.928024 -251.108002
v -36.181202 -193.928024 -250.556992
v -34.552605 -193.928024 -253.556992
v -33.803604 -193.928024 -248.108002
v -32.174900 -193.928024 -251.108002
v -36.181202 -187.678024 -250.556992
v -34.552605 -187.678024 -253.556992
v -33.803604 -187.678024 -248.108002
v -32.174900 -187.678024 -251.108002
v -36.181202 -181.428024 -250.556992
v -34.552605 -181.428024 -253.556992
v -33.803604 -181.428024 -248.108002
v -32.174900 -181.428024 -251.108002
v -36.181202 -175.178024 -250.556992
v -34.552605 -175.178024 -253.556992
v -33.803604 -175.178024 -248.108002
v -32.174900 -175.178024 -251.108002
v -148.753006 -194.517990 208.222031
v -152.067001 -194.517990 205.829025
v -145.569000 -194.517990 203.738022
v -147.161011 -191.517990 205.980026
v -150.410004 -191.517990 207.026031
v -147.190002 -191.517990 202.567032
v -150.439011 -191.517990 203.613022
v -148.812012 -194.517990 201.396027
v -148.753006 -188.586990 208.222031
v -152.067001 -188.586990 205.829025
v -145.569000 -188.586990 203.738022
v -148.753006 -191.517990 208.222031
v -152.067001 -191.517990 205.829025
v -145.569000 -191.517990 203.738022
v -148.753006 -197.517990 208.222031
v -147.161011 -194.517990 205.980026
v -150.410004 -194.517990 207.026031
v -147.190002 -194.517990 202.567032
v -150.439011 -194.517990 203.613022
v -152.067001 -197.517990 205.829025
v -145.569000 -197.517990 203.738022
v -148.812012 -197.517990 201.396027
v -148.812012 -191.517990 201.396027
v -148.812012 -188.586990 201.396027
v -145.569000 -185.655991 203.738022
v -147.161011 -185.655991 205.980026
v -147.190002 -185.655991 202.567032
v -150.439011 -185.655991 203.613022
v -150.410004 -185.655991 207.026031
v -148.812012 -185.655991 201.396027
v -152.067001 -185.655991 205.829025
v -148.753006 -185.655991 208.222031
v -148.753006 -182.724991 208.222031
v -152.067001 -182.724991 205.829025
v -145.569000 -182.724991 203.738022
v -148.812012 -182.724991 201.396027
v -145.569000 -179.793991 203.738022
v -147.161011 -179.793991 205.980026
v -147.190002 -179.793991 202.567032
v -150.439011 -179.793991 203.613022
v -150.410004 -179.793991 207.026031
v -148.812012 -179.793991 201.396027
v -152.067001 -179.793991 205.829025
v -148.753006 -179.793991 208.222031
v -148.753006 -176.862991 208.222031
v -152.067001 -176.862991 205.829025
v -145.569000 -176.862991 203.738022
v -148.812012 -176.862991 201.396027
v -145.569000 -174.097992 203.738022
v -147.161011 -174.097992 205.980026
v -150.410004 -174.097992 207.026031
v -147.190002 -174.097992 202.567032
v -150.439011 -174.097992 203.613022
v -148.753006 -174.097992 208.222031
v -148.812012 -174.097992 201.396027
v -152.067001 -174.097992 205.829025
v -152.067001 -171.332993 205.829025
v -148.753006 -171.332993 208.222031
v -145.569000 -171.332993 203.738022
v -148.812012 -171.332993 201.396027
v -145.569000 -168.567993 203.738022
v -148.753006 -168.567993 208.222031
v -147.161011 -168.567993 205.980026
v -150.410004 -168.567993 207.026031
v -147.190002 -168.567993 202.567032
v -150.439011 -168.567993 203.613022
v -148.812012 -168.567993 201.396027
v -152.067001 -168.567993 205.829025
v -148.753006 -166.102997 208.222031
v -147.161011 -166.102997 205.980026
v -150.410004 -166.102997 207.026031
v -147.190002 -166.102997 202.567032
v -150.439011 -166.102997 203.613022
v -152.067001 -166.102997 205.829025
v -145.569000 -166.102997 203.738022
v -148.812012 -166.102997 201.396027
v -147.161011 -188.586990 205.980026
v -150.410004 -188.586990 207.026031
v -147.190002 -188.586990 202.567032
v -150.439011 -188.586990 203.613022
v -147.161011 -176.862991 205.980026
v -150.410004 -176.862991 207.026031
v -147.190002 -176.862991 202.567032
v -150.439011 -176.862991 203.613022
v -147.161011 -182.724991 205.980026
v -150.410004 -182.724991 207.026031
v -147.190002 -182.724991 202.567032
v -150.439011 -182.724991 203.613022
v -147.161011 -171.332993 205.980026
v -150.410004 -171.332993 207.026031
v -147.190002 -171.332993 202.567032
v -150.439011 -171.332993 203.613022
v 87.094803 -183.565018 -221.264999
v 90.772003 -192.518021 -232.263992
v -213.495010 -185.839005 100.617020
v -225.743011 -196.500992 106.389023
v 225.328018 -194.211014 41.826618
v 245.514008 -211.508011 44.849117
v -200.518005 -183.564987 127.814018
v -214.770004 -196.612991 136.899017
v -59.337002 -175.049988 236.806030
v -61.802200 -182.321991 246.644028
v -88.528900 -179.429993 224.070023
v -93.056305 -188.605988 235.529022
v 203.327011 -179.430023 -129.240997
v 213.550003 -188.452026 -135.738998
v 61.906704 -194.644028 -220.276001
v 67.991402 -213.775024 -241.927002
v -220.797012 -190.635010 -71.741386
v -239.140015 -206.472015 -77.701088
v -223.716003 -186.836014 72.689720
v -239.209015 -199.774002 77.723724
v 29.704302 -177.565994 240.475021
v 30.829102 -184.289993 249.581024
v 213.495010 -185.839005 100.617020
v 229.564011 -199.826996 108.190018
v 179.559006 -194.643997 141.819016
v 199.054016 -215.776993 157.218018
v 59.337105 -175.049988 236.806030
v 61.665005 -181.917999 246.096024
v 12.189200 -298.265015 -33.609379
v 12.362101 -302.494019 -34.085876
v 106.126007 -278.906006 34.482327
v 109.941002 -288.932007 35.721924
v 87.531403 -285.954010 28.440722
v 89.835800 -293.482025 29.189425
v 96.886505 -282.598999 31.480324
v 99.777405 -291.031006 32.419624
v 115.238007 -274.878998 37.443020
v 119.642006 -285.386017 38.874226
v 81.540802 -258.598022 -129.298996
v 82.594002 -261.938019 -130.968994
v 87.741005 -252.079025 -137.832993
v 88.818604 -255.175034 -139.525986
v 92.815605 -246.280029 -144.815994
v 93.920609 -249.212021 -146.539993
v 59.630901 -277.240021 -99.107880
v 60.465900 -281.122009 -100.495979
v 53.948200 -281.064026 -91.283981
v 54.693703 -284.948029 -92.545380
v 107.364006 -227.050034 -164.806992
v 108.797005 -230.082031 -167.006989
v 78.071602 -288.966003 25.367022
v 79.645004 -294.790009 25.878223
v 102.608002 -233.789032 -158.285995
v 103.899002 -236.731033 -160.278000
v 97.781906 -240.172028 -151.644989
v 98.964104 -243.076019 -153.477997
v 70.796204 -268.547028 -114.501984
v 71.749298 -272.162018 -116.043983
v 192.842010 -178.227997 145.900024
v 219.365005 -202.739990 165.966019
v 65.283607 -273.035004 -106.912979
v 66.154205 -276.676025 -108.337982
v 59.595402 -183.564987 230.201019
v 62.154900 -191.448990 240.087021
v 69.508301 -185.181000 226.090027
v 73.374001 -195.479996 238.664032
v 199.981003 -176.763000 137.850021
v 225.807007 -199.589996 155.652023
v 42.355701 -287.703003 -75.318687
v 42.945900 -291.712006 -76.368187
v 48.180504 -284.558014 -83.338181
v 48.840004 -288.454010 -84.478981
v 58.883003 -293.951019 19.132324
v 59.719303 -298.125000 19.404024
v 76.224205 -263.725006 -121.978981
v 77.298004 -267.441010 -123.697983
v 68.518303 -291.633026 22.263023
v 69.369209 -295.254028 22.539425
v 39.412605 -297.528015 12.806024
v 39.972801 -301.757019 12.987924
v 36.257000 -290.627014 -66.793274
v 36.761105 -294.667999 -67.721977
v 30.316502 -293.062012 -58.613480
v 30.747101 -297.225006 -59.446083
v 24.320200 -295.150024 -50.349876
v 24.666502 -299.353027 -51.066780
v -18.562601 -182.384018 -237.973999
v -21.295502 -209.235031 -273.008972
v 0.000040 -205.966019 -218.672989
v 0.000040 -212.954025 -226.093002
v 76.767105 -270.523010 -105.660980
v 77.845001 -274.322021 -107.143982
v -28.951502 -181.942017 -237.274002
v -33.238003 -208.880020 -272.404968
v 18.294802 -296.879028 -42.053177
v 18.553802 -301.082001 -42.648582
v -12.391800 -205.791031 -218.487000
v -12.804901 -212.651031 -225.770996
v -6.200720 -213.212021 -211.524002
v -6.338660 -217.955032 -216.228989
v 71.220802 -274.878998 -98.026878
v 72.225899 -278.758026 -99.410278
v -39.373402 -181.337021 -236.235001
v -45.410004 -209.139023 -272.452972
v 6.107900 -299.276001 -25.235378
v 6.193991 -303.494019 -25.591078
v 0.000040 -299.929016 -16.817278
v 0.000040 -304.129028 -17.052778
v 130.340012 -202.653030 -179.397995
v 132.084000 -205.363022 -181.796997
v -43.581802 -172.947021 -241.722992
v -51.074402 -202.680023 -283.279968
v 54.097401 -285.954010 -74.458580
v 54.842606 -289.893005 -75.484184
v 126.142006 -210.202026 -173.618988
v 127.822006 -213.001022 -175.931000
v 121.792007 -217.500031 -167.631989
v 123.402008 -220.373032 -169.847992
v 117.297005 -224.537033 -161.445999
v 118.905006 -227.615021 -163.658997
v 112.662003 -231.306030 -155.065994
v 114.204002 -234.473022 -157.188995
v -57.610703 -202.482025 -214.293991
v -60.938004 -214.177032 -226.670990
v -53.241001 -210.062027 -208.037994
v -55.305702 -218.208023 -216.105988
v -36.889202 -232.610031 -186.472000
v -37.387402 -235.752029 -188.990997
v 107.891006 -237.797028 -148.498993
v 109.391006 -241.102020 -150.562988
v -24.650501 -205.222031 -217.983002
v -25.630901 -213.385025 -226.653000
v -18.451601 -212.843033 -211.181000
v -18.891401 -217.915024 -216.213989
v 102.992004 -244.004028 -141.755997
v 104.363007 -247.254028 -143.642990
v 97.968903 -249.920029 -134.841995
v 99.197403 -253.054031 -136.532990
v 92.828804 -255.536026 -127.767982
v 93.971710 -258.682007 -129.340988
v 6.200350 -182.708023 -238.367996
v 7.117800 -209.743027 -273.638977
v -30.835302 -239.655029 -178.478989
v -31.232601 -242.743027 -180.779999
v -12.406301 -258.353027 -152.773987
v -12.557901 -261.510010 -154.641998
v 48.250900 -288.966003 -66.411583
v 48.937103 -293.076019 -67.355980
v -68.134102 -201.386032 -212.229996
v -72.342400 -213.824020 -225.338989
v 87.577606 -260.846008 -120.539986
v 88.678299 -264.124023 -122.054985
v -6.200270 -182.708023 -238.367996
v -7.113030 -209.605026 -273.458984
v 82.221603 -265.843018 -113.167984
v 83.296501 -269.319000 -114.647980
v -53.950603 -172.025024 -240.285004
v -63.202503 -201.525024 -281.491028
v -36.867901 -204.310028 -217.112991
v -38.512901 -213.426025 -226.800003
v -30.699701 -212.105026 -210.496994
v -31.602303 -218.342026 -216.685989
v -24.482901 -219.565033 -203.547989
v -24.821600 -222.602020 -206.362991
v -18.460501 -227.019028 -195.860992
v -18.682901 -229.755020 -198.220993
v -72.406204 -193.452026 -218.113998
v -77.920403 -208.185028 -234.724991
v -63.772900 -209.079025 -206.056000
v -66.694901 -218.659027 -215.496994
v -54.662106 -223.404022 -193.242996
v -55.444702 -226.602020 -196.008987
v -59.354305 -216.489029 -199.623001
v -61.134502 -222.983032 -205.610992
v 59.879105 -282.598999 -82.416481
v 60.681503 -286.386017 -83.520775
v -60.083805 -179.430023 -233.312988
v -66.819298 -199.545029 -259.467010
v -42.868504 -211.004028 -209.474991
v -44.331501 -218.205032 -216.623993
v -48.701603 -231.034027 -185.718994
v -49.317001 -233.953033 -188.065994
v -42.660801 -238.298019 -177.860001
v -43.211803 -241.376022 -180.157990
v -82.886604 -191.923019 -215.720993
v -89.424606 -207.062027 -232.735992
v -78.569710 -200.030029 -209.892990
v -83.718803 -213.139023 -223.649002
v -30.712303 -226.281021 -195.176987
v -31.129702 -229.356033 -197.829987
v -36.673401 -218.650024 -202.699997
v -37.406700 -223.022018 -206.751999
v -24.668802 -233.547028 -187.315994
v -24.973600 -236.433029 -189.629990
v -92.828705 -255.536026 -127.767982
v -94.129402 -259.115997 -129.557983
v -48.366302 -243.617020 -168.972992
v -48.929104 -246.451035 -170.938995
v -69.829506 -215.330032 -197.476990
v -72.171005 -222.550018 -204.097992
v -65.173203 -222.347031 -191.192001
v -66.542900 -227.020020 -195.209991
v -54.447201 -236.552032 -176.970993
v -55.052605 -239.183029 -178.938995
v -60.437103 -229.092026 -184.672989
v -61.155403 -231.815033 -186.867996
v 36.391701 -293.951019 -50.088779
v 36.902702 -298.078003 -50.792080
v -64.887505 -257.454010 -140.523987
v -65.762299 -260.925018 -142.418991
v -82.221504 -265.843018 -113.167984
v -83.373711 -269.569000 -114.753983
v -12.251700 -220.115021 -204.057999
v -12.413301 -223.019028 -206.750000
v -71.698502 -239.401031 -166.692993
v -72.690399 -242.713028 -168.998993
v -97.416901 -181.710022 -218.474991
v -106.864006 -199.332031 -239.662003
v -101.468002 -173.104019 -223.559998
v -112.968002 -192.722031 -248.895996
v -93.281708 -190.147018 -213.031998
v -100.593002 -205.051025 -229.729996
v -6.107800 -300.220001 -8.406677
v -6.193530 -304.434021 -8.524668
v -132.679001 -181.215027 -199.492996
v -144.777008 -197.737030 -217.682999
v -130.340012 -202.653030 -179.397995
v -136.244003 -211.832031 -187.523987
v -84.603706 -206.277023 -201.325989
v -89.241104 -217.584030 -212.360992
v -89.000298 -198.352020 -207.306000
v -94.941505 -211.593033 -221.144989
v -80.215302 -213.894028 -195.075989
v -83.170303 -221.774033 -202.263000
v -75.621506 -221.008026 -188.883987
v -77.277603 -225.848022 -193.019989
v -124.954002 -197.366028 -188.873993
v -131.733002 -208.074020 -199.120987
v -103.531006 -188.138031 -210.060989
v -111.950005 -203.438019 -227.142990
v -126.142006 -210.202026 -173.618988
v -130.620010 -217.664032 -179.782990
v -105.094002 -202.348022 -195.577988
v -110.059006 -211.908020 -204.817993
v -66.118797 -234.427032 -175.819000
v -66.918602 -237.263031 -177.945999
v -60.079700 -241.699020 -167.964996
v -60.780701 -244.519028 -169.924988
v -53.999603 -248.628021 -159.711990
v -54.642502 -251.589020 -161.613998
v 30.393200 -295.916016 -41.832581
v 30.822102 -300.092010 -42.422878
v -99.314209 -196.414032 -204.446991
v -105.457008 -208.562027 -217.091995
v -116.339005 -212.893021 -177.149994
v -119.953003 -219.505020 -182.653000
v -106.365005 -215.325027 -180.448990
v -109.290009 -221.247025 -185.410995
v -90.498207 -212.185028 -192.425995
v -93.710709 -219.717026 -199.256989
v -94.968208 -204.433029 -198.565994
v -99.657402 -214.527023 -208.371002
v -85.949608 -219.398026 -186.325989
v -87.953903 -224.514023 -190.670990
v -76.544106 -233.014023 -173.450989
v -77.603004 -236.238022 -175.850998
v -45.525303 -188.732025 -229.233002
v -49.511902 -205.259018 -249.306992
v -51.607903 -195.759018 -221.934998
v -55.293400 -209.739029 -237.785004
v -92.420906 -235.968033 -161.299988
v -93.525208 -238.787033 -163.226990
v -47.268200 -203.521027 -215.835999
v -49.776501 -214.320023 -227.289001
v -92.815506 -246.280029 -144.815994
v -93.973404 -249.352020 -146.621994
v -65.678703 -246.533020 -158.580994
v -66.577003 -249.905029 -160.750000
v -59.547504 -253.247025 -150.199997
v -60.350403 -256.662018 -152.224991
v -41.407200 -269.960022 -125.089981
v -41.954105 -273.525024 -126.741982
v -76.387505 -254.965027 -139.276993
v -77.320007 -258.077026 -140.976990
v -81.540710 -258.598022 -129.298996
v -82.568108 -261.856018 -130.927994
v -100.665009 -210.203018 -189.529999
v -104.114006 -217.405029 -196.023987
v -111.208008 -171.143021 -220.414993
v -124.055008 -190.914017 -245.877991
v -109.410004 -194.211029 -201.375000
v -116.474007 -206.751022 -214.376999
v -96.273506 -217.482025 -183.501999
v -98.585800 -222.706024 -187.908997
v -91.657303 -224.539032 -177.259995
v -92.965508 -227.744019 -179.789993
v -86.926804 -231.338028 -170.782990
v -88.018501 -234.243027 -172.927994
v -71.087799 -250.935028 -149.057999
v -72.002007 -254.162033 -150.974991
v 145.526001 -170.124023 -200.298996
v 147.838013 -172.826019 -203.480988
v -36.391701 -293.951019 -50.088779
v -36.910801 -298.143005 -50.803280
v -107.891006 -237.797028 -148.498993
v -109.369003 -241.054031 -150.532990
v -112.662003 -231.306030 -155.064987
v -114.228004 -234.522034 -157.221985
v -115.109009 -199.986023 -192.341995
v -120.976006 -210.179031 -202.145996
v -110.703003 -207.952026 -186.389999
v -114.820007 -215.685028 -193.321991
v -97.219109 -229.345032 -167.897995
v -98.511208 -232.393021 -170.128998
v -87.522102 -242.246033 -154.585999
v -88.498802 -244.950027 -156.310989
v -82.518005 -248.233032 -147.685989
v -83.477707 -251.120026 -149.402985
v -70.127007 -261.262024 -130.630997
v -71.004707 -264.532013 -132.265991
v -120.599007 -205.434021 -183.010986
v -125.535004 -213.842026 -190.500992
v -111.917007 -220.112030 -171.071991
v -114.646004 -225.478027 -175.242996
v -82.113205 -237.840027 -164.102997
v -83.121300 -240.759033 -166.117996
v -97.968803 -249.920029 -134.841995
v -99.331711 -253.396027 -136.717987
v -102.992004 -244.004028 -141.755997
v -104.420006 -247.390030 -143.721985
v -48.802902 -217.371033 -201.513992
v -50.056202 -222.954025 -206.688995
v -97.781906 -240.172028 -151.644989
v -98.991707 -243.144028 -153.520996
v -87.741005 -252.079025 -137.832993
v -88.843903 -255.248032 -139.565994
v -76.224106 -263.725006 -121.978981
v -77.215103 -267.154022 -123.564980
v 65.589203 -278.906006 -90.275688
v 66.477104 -282.682007 -91.497780
v -107.364006 -227.050034 -164.806992
v -108.954002 -230.414032 -167.247986
v -102.608002 -233.789032 -158.285995
v -103.903008 -236.739029 -160.282990
v -77.167801 -244.005020 -157.310989
v -78.141602 -247.085022 -159.295990
v -18.294302 -298.783020 -25.179878
v -18.553699 -303.020020 -25.536978
v -172.710007 -209.078995 129.218018
v -177.836014 -215.284988 133.053024
v -165.354004 -216.488998 126.611023
v -168.691010 -220.858002 129.166016
v -98.890404 -263.313019 105.484032
v -100.159004 -266.691010 106.837029
v -79.208710 -272.470001 98.620827
v -80.283401 -276.167023 99.958923
v -65.283501 -273.035004 -106.912979
v -66.158607 -276.694000 -108.345985
v -42.881702 -225.178024 -194.154999
v -43.456200 -228.194031 -196.755997
v -70.912399 -227.865021 -182.452988
v -71.805504 -230.735031 -184.750992
v -81.296402 -226.344025 -179.997986
v -82.425903 -229.489029 -182.498993
v -101.898003 -222.440033 -174.291000
v -103.843002 -226.685028 -177.615997
v -59.732605 -279.454010 92.615730
v -60.554504 -283.299011 93.889923
v -49.890400 -282.410004 89.420227
v -50.589901 -286.368011 90.673630
v -39.883400 -285.037018 86.044228
v -40.448803 -289.077026 87.264030
v -29.934700 -287.266022 82.598923
v -30.359402 -291.341003 83.770729
v -153.566010 -174.497986 190.285019
v -164.353012 -186.754990 203.651031
v -212.107010 -197.366013 79.356415
v -223.993011 -208.426010 83.803421
v -179.867004 -207.813995 121.249023
v -186.169006 -215.093994 125.497025
v -157.443008 -229.091995 113.880020
v -159.354004 -231.873993 115.262024
v -118.398003 -256.646027 101.758026
v -119.996002 -260.108002 103.131027
v -217.436005 -194.861008 70.649521
v -230.625015 -206.680008 74.934517
v -213.495010 -173.103989 121.223022
v -230.149017 -186.606995 130.679016
v -199.981003 -176.763000 137.850021
v -215.113007 -190.138000 148.281021
v -69.624207 -279.454010 85.429024
v -70.606804 -283.398010 86.634529
v -59.807804 -282.643005 82.318527
v -60.638805 -286.569000 83.462227
v -39.823902 -287.991028 75.601929
v -40.381302 -292.021027 76.660027
v -148.564011 -212.104996 152.251022
v -152.221008 -217.325989 155.999023
v -162.889008 -181.941986 174.942017
v -172.747009 -192.952988 185.529022
v -186.936005 -200.029999 123.625023
v -195.634003 -209.336990 129.377014
v -193.854004 -198.351990 115.401024
v -203.626007 -208.349991 121.218018
v -179.867004 -201.386002 131.650024
v -187.205002 -209.600998 137.020020
v -120.451004 -234.093994 144.678024
v -122.106003 -237.311996 146.667023
v -207.229004 -181.709991 119.490021
v -221.062012 -193.839996 127.466019
v -200.684006 -190.146988 117.517021
v -212.714005 -201.545990 124.562019
v -164.613007 -196.647995 156.437027
v -171.192001 -204.507996 162.689026
v -107.025002 -189.475998 207.086029
v -112.050003 -198.373001 216.809021
v -186.320007 -186.554993 143.952026
v -197.425003 -197.673996 152.532028
v -186.782013 -206.276993 113.147018
v -194.250015 -214.524994 117.671021
v -172.202011 -221.007996 108.361023
v -174.987015 -224.582001 110.113022
v -88.698608 -275.272003 81.229027
v -89.913208 -279.041016 82.341232
v -79.391602 -278.987000 78.124733
v -80.481209 -282.816010 79.196922
v -69.626503 -282.410004 75.081024
v -70.599709 -286.357025 76.130424
v -171.570007 -188.731995 158.694016
v -180.442001 -198.490997 166.900024
v -146.347000 -190.473999 180.395020
v -152.656006 -198.684998 188.172028
v -154.895004 -182.383987 181.614029
v -163.568008 -192.597000 191.783020
v -49.750805 -288.229004 68.476227
v -50.458401 -292.329010 69.450127
v -200.518005 -196.414001 107.026024
v -211.088013 -206.766998 112.667023
v -97.909103 -274.212006 73.902924
v -99.255707 -277.984009 74.919327
v -49.604702 -290.569000 57.873825
v -50.292305 -294.597015 58.676025
v -145.126007 -182.707993 189.200027
v -153.268005 -192.959000 199.815018
v -20.056402 -266.208008 137.736023
v -20.338303 -269.950012 139.672028
v -10.027500 -268.547028 134.247025
v -10.166901 -272.279999 136.113022
v -155.985001 -189.989990 172.664017
v -163.756012 -199.455002 181.265030
v -110.302002 -227.388992 162.381027
v -111.701004 -230.272995 164.441025
v -59.580605 -275.904999 102.794029
v -60.413105 -279.761017 104.230026
v -69.317108 -272.470001 105.807030
v -70.263710 -276.191010 107.252029
v -49.767502 -278.987000 99.647827
v -50.469803 -282.923004 101.054031
v -30.026602 -268.281006 131.772018
v -30.423403 -271.826019 133.514023
v -20.039501 -270.834015 128.403015
v -20.308401 -274.469025 130.126022
v -10.026300 -273.035004 124.867027
v -10.163301 -276.765015 126.573029
v -120.349007 -227.388992 155.083023
v -121.991005 -230.492996 157.199020
v -79.961403 -252.537003 141.674026
v -81.041710 -255.948990 143.588028
v -30.058401 -272.737000 122.275032
v -30.475401 -276.520020 123.971031
v -40.026802 -269.960022 125.538033
v -40.589001 -273.752014 127.302032
v -20.036001 -275.169006 118.830025
v -20.316301 -279.019012 120.493027
v -178.343002 -180.496994 160.794022
v -188.988007 -191.269989 170.391022
v -199.981003 -202.348007 96.453125
v -209.371017 -211.849014 100.982018
v -206.879013 -194.211014 98.606224
v -218.719009 -205.325989 104.250023
v -154.895004 -244.005005 81.909119
v -156.832001 -247.057007 82.933517
v -157.443008 -204.309998 153.978027
v -162.278015 -210.584991 158.707016
v -193.854004 -191.922989 125.802025
v -205.466003 -203.419998 133.338028
v -186.782013 -193.451996 133.899017
v -196.873016 -203.903000 141.133026
v -49.874001 -271.210022 119.156029
v -50.539501 -274.829010 120.746025
v -40.030201 -274.212006 115.954025
v -40.574501 -277.941010 117.531029
v -30.038700 -276.871002 112.607025
v -30.462502 -280.777008 114.196030
v -20.008001 -279.167023 109.112030
v -20.809002 -286.222015 113.481026
v 0.000046 -282.598999 101.872025
v 0.000040 -286.600006 103.315025
v -219.177017 -183.639008 92.079018
v -234.568008 -196.534012 98.545219
v -206.181015 -199.986008 87.949120
v -216.928009 -210.410004 92.533226
v -199.118011 -207.952011 85.723022
v -207.923004 -217.148010 89.513916
v -192.116013 -215.325012 83.466522
v -199.466003 -223.564011 86.659920
v -179.054016 -187.757996 151.415024
v -188.515015 -197.677994 159.415024
v -172.202011 -195.758987 149.215027
v -179.473007 -204.023987 155.515030
v -120.348007 -240.401001 134.028015
v -121.941010 -243.582993 135.802017
v -130.059006 -233.546997 137.042023
v -131.791000 -236.657990 138.867020
v -110.302002 -246.929993 130.764023
v -111.702003 -250.063995 132.423019
v -49.843903 -275.272003 109.459030
v -50.544804 -279.143005 110.998032
v -39.984802 -278.131012 106.229027
v -40.535202 -281.959015 107.691025
v -29.972700 -280.658020 102.824028
v -30.389402 -284.559021 104.253029
v -199.118011 -169.671997 147.661026
v -216.021011 -184.074997 160.196030
v -177.340012 -229.345016 78.688316
v -181.506012 -234.733017 80.537018
v -169.580002 -235.968018 76.170624
v -172.241013 -239.671005 77.365921
v -153.566010 -248.233017 70.977516
v -155.537003 -251.419006 71.888420
v -106.823006 -275.169006 55.776020
v -108.280006 -278.923004 56.536922
v -68.997902 -289.133026 43.375526
v -69.959000 -293.161011 43.979626
v -148.813004 -225.177994 131.869019
v -150.831009 -228.231003 133.657028
v -110.030006 -252.537003 119.827019
v -111.514008 -255.942001 121.443031
v -99.835403 -258.353027 116.305031
v -101.211006 -261.912018 117.907028
v -19.996700 -286.072021 89.461128
v -20.274700 -290.049011 90.704826
v -78.903206 -169.671997 235.002029
v -83.739204 -180.070999 249.405029
v -79.330399 -281.710999 67.719826
v -80.451302 -285.691010 68.676628
v -69.317108 -216.488998 196.386032
v -70.219604 -219.307999 198.943024
v -69.762703 -231.033997 178.876022
v -70.647507 -233.963989 181.145020
v -69.523300 -276.134003 95.690628
v -70.467003 -279.882019 96.989525
v -29.850700 -290.090027 72.089821
v -30.265100 -294.116028 73.090233
v -218.479004 -189.413010 81.424522
v -232.470016 -201.543015 86.638725
v -191.097015 -220.112015 72.616623
v -198.239014 -228.338013 75.330719
v -168.242004 -240.172012 65.208717
v -170.431015 -243.297012 66.057220
v -60.190502 -243.616989 165.131027
v -61.015701 -246.957001 167.395020
v -49.873901 -227.864990 189.289017
v -50.525402 -230.840988 191.761017
v -50.190002 -248.627991 160.950027
v -50.845604 -251.875000 163.052017
v -160.210007 -246.280014 62.602722
v -162.439011 -249.707016 63.473824
v -124.578003 -268.547028 51.021420
v -126.193008 -272.029022 51.683022
v -97.300301 -281.064026 42.140423
v -98.676300 -285.039001 42.736324
v -78.537704 -287.703003 36.038128
v -79.639603 -291.740021 36.543724
v -29.972803 -217.481995 205.044022
v -30.364502 -220.324997 207.724030
v -10.006100 -284.558014 95.741928
v -10.147100 -288.567017 97.090530
v -100.189003 -227.018997 169.306030
v -101.568008 -230.142990 171.635025
v -100.376007 -234.093994 159.264023
v -101.607002 -236.966003 161.218018
v -157.808014 -211.003998 144.272018
v -161.677002 -216.175995 147.809021
v -224.599014 -181.215012 83.406723
v -240.927017 -194.388016 89.470123
v -225.116013 -175.298004 93.987724
v -241.935013 -188.395004 101.010017
v -219.526016 -171.142990 112.953018
v -236.673004 -184.510986 121.776024
v -161.670013 -174.181992 183.749023
v -172.647003 -186.008987 196.225021
v -137.563004 -198.369995 178.790024
v -142.581009 -205.605988 185.312027
v -110.030006 -220.114990 172.288025
v -111.951004 -223.957001 175.295029
v -110.508003 -234.293991 152.101028
v -111.895004 -237.235001 154.010025
v -213.669006 -179.617996 111.010017
v -229.136017 -192.619995 119.046021
v -212.974014 -191.759003 90.059723
v -226.123016 -203.598007 95.620018
v -207.229004 -188.138000 109.089020
v -220.273010 -199.980988 115.956024
v -197.064011 -217.500015 64.029716
v -205.370010 -226.667007 66.728722
v -198.246002 -212.893005 74.935318
v -206.898010 -222.183014 78.205414
v -192.842010 -178.227997 145.900024
v -206.929016 -191.246994 156.557022
v -193.545013 -185.181000 135.972015
v -206.543015 -197.616989 145.103027
v -193.545013 -204.432999 104.823021
v -201.699005 -213.044998 109.238022
v -109.202003 -257.699005 109.116028
v -110.614006 -261.033020 110.528030
v -107.025002 -269.960022 76.861229
v -108.440002 -273.529999 77.877625
v -59.337002 -290.090027 50.666824
v -60.178001 -294.202026 51.384922
v -39.712502 -290.569000 65.060921
v -40.276001 -294.691010 65.983925
v -192.842010 -210.203003 94.163223
v -200.468002 -218.515015 97.886726
v -185.747009 -179.429993 153.438019
v -197.466003 -190.750992 163.118027
v -186.320007 -212.184998 102.483017
v -192.613007 -219.350998 105.944023
v -184.883011 -222.440018 81.109818
v -190.828003 -229.593018 83.717720
v -183.730011 -227.050018 70.224617
v -188.727005 -233.225006 72.134415
v -179.559006 -194.643997 141.819016
v -188.122009 -203.925995 148.583023
v -179.054016 -219.398010 100.221024
v -183.500015 -224.845993 102.709023
v -170.709015 -181.336990 167.975021
v -180.952011 -192.217987 178.054016
v -19.930901 -289.133026 79.024826
v -20.213303 -293.228027 80.144028
v 0.000077 -285.954010 92.036026
v 0.000040 -289.969025 93.328133
v -10.004701 -287.703003 85.830231
v -10.146600 -291.783020 87.047234
v -78.071503 -288.966003 25.367022
v -79.184402 -293.086029 25.728624
v -172.567001 -202.481995 139.505020
v -179.042007 -210.080002 144.739029
v -171.570007 -226.344009 97.836922
v -174.664001 -230.426010 99.601227
v -88.673706 -278.131012 70.854523
v -89.901299 -281.981018 71.835320
v -88.528900 -280.658020 60.280128
v -89.755104 -284.546021 61.115025
v 0.000040 -296.113007 -50.570580
v 0.000040 -300.325012 -51.289879
v -6.108140 -297.371002 -42.108677
v -6.195200 -301.610016 -42.708878
v -12.189200 -298.265015 -33.609379
v -12.362600 -302.508026 -34.087479
v 110.703003 -207.952026 -186.389999
v 112.046005 -210.474030 -188.649994
v 106.365005 -215.325027 -180.448990
v 107.789001 -218.210022 -182.865997
v -59.002201 -291.816010 40.031128
v -59.831203 -295.915009 40.593525
v -68.592606 -290.627014 32.725723
v -69.554901 -294.704010 33.184826
v -49.315804 -292.529999 47.271526
v -50.016701 -296.687012 47.943226
v -39.549202 -292.768005 54.434925
v -40.108200 -296.905029 55.204128
v 101.898003 -222.440033 -174.291000
v 103.291008 -225.481033 -176.672989
v 97.219109 -229.345032 -167.897995
v 98.443298 -232.232025 -170.011993
v 92.420906 -235.968033 -161.299988
v 93.480209 -238.673019 -163.147995
v 87.522102 -242.246033 -154.585999
v 88.563004 -245.127029 -156.423996
v -29.718302 -292.529999 61.509926
v -30.140902 -296.689026 62.384426
v -19.839100 -291.816010 68.484825
v -20.120100 -295.948029 69.454628
v -9.927581 -290.627014 75.348320
v -10.066501 -294.692017 76.402229
v 0.000073 -288.966003 82.089325
v 0.000040 -293.064026 83.253227
v 82.518005 -248.233032 -147.685989
v 83.587402 -251.450027 -149.599991
v 76.387604 -254.965027 -139.276993
v 77.450211 -258.512024 -141.213989
v 70.127007 -261.262024 -130.630997
v 71.065506 -264.758026 -132.378998
v 64.733101 -266.208008 -123.218987
v 65.560608 -269.612000 -124.794983
v -58.978603 -293.062012 29.599825
v -59.818302 -297.234009 30.021223
v -68.518204 -291.633026 22.262924
v -69.489601 -295.767029 22.578524
v -49.319401 -294.019012 36.889023
v -50.018303 -298.185028 37.411724
v -39.587399 -294.497009 44.095627
v -40.150303 -298.685028 44.722626
v -29.704102 -294.497009 51.276127
v -30.126101 -298.680023 52.004425
v -19.842901 -294.019012 58.304924
v -20.124500 -298.191010 59.132225
v 59.261303 -270.834015 -115.658981
v 60.025402 -274.326019 -117.150986
v 53.637302 -275.169006 -107.912979
v 54.360104 -278.877014 -109.366982
v 47.947803 -279.167023 -100.033981
v 48.605305 -282.996002 -101.405983
v 42.202400 -282.789001 -92.136978
v 42.788002 -286.714020 -93.415482
v -9.925631 -293.062012 65.238922
v -10.066600 -297.225006 66.165627
v 0.000031 -291.633026 72.044426
v 0.000040 -295.734009 73.057426
v -49.270302 -295.150024 26.439024
v -49.970604 -299.345001 26.814724
v 36.406303 -286.072021 -84.129280
v 36.918701 -290.098022 -85.313278
v 30.325102 -289.133026 -75.647377
v 30.746101 -293.147003 -76.697685
v 12.208901 -295.868011 -50.528782
v 12.381300 -300.045013 -51.242081
v 6.108221 -297.371002 -42.108677
v 6.194911 -301.592010 -42.706280
v 0.000040 -298.511017 -33.637081
v 0.000040 -302.749023 -34.114582
v -58.882900 -293.951019 19.132324
v -59.717201 -298.115021 19.403324
v -39.577301 -295.868011 33.702526
v -40.140202 -300.076019 34.181824
v -29.724602 -296.113007 40.912525
v -30.146902 -300.319000 41.493626
v -19.822901 -295.868011 48.054924
v -20.105001 -300.079010 48.738724
v -6.107820 -299.276001 -25.235378
v -6.194170 -303.507019 -25.592178
v -12.208401 -299.681000 -16.803379
v -12.380200 -303.898010 -17.039778
v 120.599007 -205.434021 -183.010986
v 122.238007 -208.226028 -185.498001
v 116.339005 -212.893021 -177.149994
v 117.891006 -215.732025 -179.513000
v 111.917007 -220.112030 -171.071991
v 113.353004 -222.936020 -173.266998
v 23.569201 -267.858002 -133.928986
v 23.874500 -271.328003 -135.663986
v 17.905001 -272.048004 -126.132980
v 18.154802 -275.844025 -127.892982
v 12.218901 -275.904999 -118.181984
v 12.390100 -279.771027 -119.837982
v 6.113390 -279.454010 -110.037979
v 6.196150 -283.237000 -111.526985
v -9.919531 -295.150024 55.029026
v -10.060801 -299.352020 55.812325
v 0.000056 -293.951019 61.913326
v 0.000040 -298.122009 62.791725
v -39.519001 -296.879028 23.268425
v -40.080303 -301.095001 23.598825
v -49.177200 -295.916016 15.978723
v -49.877106 -300.128021 16.206123
v 0.000040 -282.643005 -101.750984
v 0.000040 -286.478027 -103.131981
v -6.113660 -285.504028 -93.222275
v -6.198491 -289.465027 -94.515686
v 18.217501 -294.019012 -58.832981
v 18.474501 -298.166016 -59.662880
v 24.204201 -291.816010 -67.066483
v 24.547901 -295.960022 -68.018982
v -88.445206 -211.003998 194.667023
v -90.114708 -214.987000 198.341019
v -59.653503 -229.091995 184.928024
v -60.452503 -232.160995 187.404022
v -69.362709 -223.403992 188.466019
v -70.270210 -226.326996 190.932022
v -39.974602 -239.401001 177.001022
v -40.478603 -242.419998 179.233017
v -18.223501 -290.090027 -75.867584
v -18.478600 -294.150024 -76.929482
v -12.219401 -287.991028 -84.571083
v -12.390100 -292.014008 -85.752480
v -24.204102 -291.816010 -67.066483
v -24.545200 -295.928009 -68.011681
v -30.316402 -293.062012 -58.613480
v -30.743502 -297.191010 -59.439178
v -30.034903 -244.004990 172.625031
v -30.422802 -247.155991 174.854019
v -20.049002 -248.233002 167.983017
v -20.322401 -251.616989 170.273026
v -10.032300 -252.078995 163.082016
v -10.167001 -255.463989 165.272018
v 0.000007 -255.535995 157.930023
v 0.000040 -259.082001 160.121017
v -126.342003 -190.473999 194.929031
v -131.731003 -198.597000 203.242020
v 84.603798 -206.277023 -201.325989
v 86.359505 -210.558029 -205.503998
v 80.215302 -213.894028 -195.075989
v 81.469604 -217.239029 -198.126999
v 75.621506 -221.008026 -188.883987
v 76.776711 -224.384033 -191.768997
v 70.912399 -227.865021 -182.452988
v 71.872002 -230.948029 -184.921997
v -117.297005 -198.045990 193.027023
v -121.324005 -204.845993 199.654022
v 0.000037 -300.220001 10.391323
v 0.000040 -304.437012 10.537224
v -9.882661 -300.220001 3.211133
v -10.021400 -304.434021 3.256203
v -0.000075 -178.586990 241.551025
v 0.000040 -183.347992 247.992020
v 66.118797 -234.427032 -175.819000
v 66.932503 -237.312027 -177.981995
v 60.079700 -241.699020 -167.964996
v 60.786400 -244.542023 -169.940994
v 53.999603 -248.628021 -159.711990
v 54.657902 -251.660034 -161.659988
v 47.798801 -255.148026 -151.177994
v 48.417805 -258.452026 -153.134995
v 41.516399 -261.217010 -142.414993
v 42.085701 -264.799011 -144.367996
v -9.917541 -172.815994 245.512024
v -10.212501 -177.957001 252.815033
v -19.822901 -175.297989 243.142029
v -20.274000 -179.286987 248.675034
v -9.919731 -181.214996 239.380020
v -10.125501 -184.976990 244.351028
v 35.308304 -266.824005 -133.411987
v 36.138500 -270.365021 -136.548996
v 29.689302 -271.210022 -125.713982
v 30.072401 -274.710022 -127.336983
v 24.013601 -275.272003 -117.850983
v 24.337101 -278.981018 -119.438980
v 18.308701 -278.987000 -109.868980
v 18.560001 -282.817017 -111.377983
v -0.000036 -186.835999 235.229019
v 0.000041 -190.334991 239.634033
v -29.704502 -177.565994 240.475021
v -30.320702 -181.251999 245.466034
v -19.843000 -183.638992 236.904022
v -20.153902 -186.516998 240.617020
v -9.925541 -189.412994 232.947021
v -10.051201 -191.808990 235.895020
v 12.197600 -282.410004 -101.666985
v 12.364000 -286.262024 -103.053986
v 6.113740 -285.504028 -93.222275
v 6.197710 -289.425018 -94.502586
v 0.000040 -288.229004 -84.641182
v 0.000040 -292.330017 -85.845482
v 0.000411 -194.860992 228.626022
v 0.000040 -197.485992 231.706024
v -39.549202 -179.617996 237.515030
v -40.490902 -183.893997 243.171021
v -49.316200 -173.103989 240.506027
v -51.095104 -179.348999 249.183029
v -29.718601 -185.838989 234.138031
v -30.124001 -188.375992 237.334030
v -6.113640 -290.569000 -75.977776
v -6.198630 -294.608002 -77.033882
v -12.111901 -292.529999 -67.230484
v -12.282801 -296.656006 -68.178780
v -18.217501 -294.019012 -58.832981
v -18.477100 -298.209015 -59.671581
v -24.320101 -295.150024 -50.349876
v -24.664402 -299.329010 -51.062679
v 94.968208 -204.433029 -198.565994
v 96.751007 -208.270020 -202.293991
v 90.498207 -212.185028 -192.425995
v 91.882904 -215.431030 -195.370987
v -9.927401 -197.365997 226.248032
v -10.054100 -199.879990 229.130020
v -0.000066 -202.653000 221.748032
v 0.000040 -205.140991 224.470032
v -49.604702 -181.709991 234.011032
v -50.968903 -186.707993 240.446030
v -29.850401 -194.210999 227.225021
v -30.233303 -196.699997 230.137024
v 85.949707 -219.398026 -186.325989
v 87.122299 -222.391022 -188.867996
v 81.296402 -226.344025 -179.997986
v 82.337105 -229.241028 -182.301987
v 76.544106 -233.014023 -173.450989
v 77.584106 -236.180023 -175.807999
v 71.698608 -239.401031 -166.692993
v 72.666504 -242.633026 -168.944000
v 65.678703 -246.533020 -158.580994
v 66.498108 -249.609024 -160.559998
v 59.547504 -253.247025 -150.199997
v 60.261002 -256.282013 -151.999985
v 53.315399 -259.533020 -141.563995
v 53.993305 -262.833008 -143.363998
v 46.992901 -265.378021 -132.688995
v 47.650501 -269.091003 -134.544998
v -39.712200 -188.138000 230.797028
v -40.358604 -191.198990 234.551025
v -19.930901 -199.985992 223.268021
v -20.184000 -202.524994 226.102020
v -10.004500 -205.433990 218.945023
v -10.127001 -207.944000 221.620026
v -59.595303 -183.564987 230.201019
v -61.424400 -189.198990 237.265030
v 41.407303 -269.960022 -125.089981
v 41.968605 -273.619019 -126.785980
v 35.771103 -274.212006 -117.337982
v 36.252399 -277.901001 -118.916985
v 30.091402 -278.131012 -109.443985
v 30.517601 -282.070007 -110.993980
v 24.375101 -281.710999 -101.415985
v 24.717302 -285.666016 -102.839981
v 18.309200 -285.037018 -93.054085
v 18.567001 -289.051025 -94.364586
v 12.219401 -287.991028 -84.571083
v 12.390000 -292.010010 -85.751381
v 6.113730 -290.569000 -75.977776
v 6.199800 -294.660004 -77.047478
v -12.208901 -295.868011 -50.528782
v -12.381300 -300.047028 -51.242481
v -18.294701 -296.879028 -42.053177
v -18.554802 -301.098022 -42.650879
v -69.305801 -176.763000 232.791031
v -72.572304 -185.093994 243.763031
v -29.935001 -202.347992 219.999023
v -30.309902 -204.882996 222.755020
v -19.996500 -207.951996 215.862030
v -20.248701 -210.571991 218.583023
v -10.006001 -212.892990 211.700027
v -10.133101 -215.593002 214.385025
v -0.000191 -217.500000 207.205032
v 0.000040 -220.248993 209.825027
v -24.358301 -297.528015 -33.526279
v -24.705402 -301.767029 -34.003979
v 100.665009 -210.203018 -189.529999
v 101.903008 -212.788025 -191.860001
v 96.273506 -217.482025 -183.501999
v 97.591003 -220.459030 -186.013000
v 91.657402 -224.539032 -177.259995
v 92.849609 -227.460022 -179.565994
v 86.926903 -231.338028 -170.782990
v 87.961205 -234.090027 -172.814987
v 82.113304 -237.840027 -164.102997
v 83.140900 -240.816025 -166.156998
v 77.167801 -244.005020 -157.310989
v 78.218300 -247.327026 -159.451996
v -79.167603 -178.227997 228.490021
v -83.068207 -187.008987 239.747025
v -69.508209 -185.181000 226.090027
v -71.987206 -191.784988 234.153030
v -59.740704 -191.922989 223.241028
v -61.109001 -196.319000 228.354019
v 71.087898 -250.935028 -149.057999
v 72.023705 -254.238022 -151.020996
v 64.887505 -257.454010 -140.523987
v 65.709206 -260.714020 -142.303986
v 58.605202 -263.523010 -131.761993
v 59.347504 -266.861023 -133.429993
v 53.161804 -268.281006 -124.254982
v 53.863605 -271.822998 -125.894981
v 47.553501 -272.737000 -116.589981
v 48.222401 -276.574005 -118.229980
v 41.886902 -276.871002 -108.756981
v 42.467400 -280.708008 -110.263985
v 36.189701 -280.658020 -100.803986
v 36.677200 -284.439026 -102.161980
v 30.410200 -284.073029 -92.831978
v 30.821701 -287.917999 -94.088280
v 24.332701 -287.266022 -84.419083
v 24.675402 -291.311005 -85.607979
v -39.883400 -204.432999 216.464020
v -40.358002 -206.864990 219.040024
v -49.848602 -198.351990 220.027023
v -50.480900 -200.867996 222.818024
v -20.014002 -215.324997 208.506027
v -20.270401 -218.080002 211.173019
v -29.963001 -210.202988 212.502029
v -30.371002 -213.065994 215.396027
v 18.223501 -290.090027 -75.867584
v 18.477100 -294.126007 -76.923187
v 12.111901 -292.529999 -67.230484
v 12.282701 -296.652008 -68.177979
v 6.108201 -294.497009 -58.942879
v 6.195580 -298.710022 -59.786083
v -59.732605 -207.813995 208.532028
v -60.480900 -210.416992 211.144028
v -49.767502 -213.893997 204.970032
v -50.398399 -216.605988 207.568024
v -30.038803 -224.539001 197.282028
v -30.438501 -227.526993 199.907028
v -10.010700 -220.112000 204.183029
v -10.147800 -223.132996 206.986023
v -0.000095 -224.537003 199.558029
v 0.000040 -227.371002 202.076019
v -88.299210 -282.789001 49.734524
v -89.542603 -286.772003 50.434826
v -69.508209 -285.037018 64.520630
v -70.469704 -288.979004 65.412926
v -79.167603 -284.073029 57.228127
v -80.270607 -288.031006 58.025425
v -39.984901 -219.397995 201.261032
v -40.485401 -222.143997 203.780029
v -10.026300 -233.789001 188.367020
v -10.165001 -237.024002 190.974030
v -0.000124 -237.796997 183.555023
v 0.000040 -240.807999 185.880020
v -107.001007 -181.336990 214.261032
v -113.109009 -191.686996 226.490021
v -88.698608 -195.758987 209.884018
v -91.783707 -202.567001 217.184021
v -97.909004 -188.731995 212.213028
v -102.012001 -196.640991 221.105026
v -59.740704 -285.504028 71.824928
v -60.587704 -289.551025 72.843025
v -49.848602 -285.504028 79.012024
v -50.543304 -289.482025 80.113129
v -29.963001 -284.073029 92.977325
v -30.380701 -288.033020 94.273422
v -10.010401 -281.064026 105.560028
v -10.150801 -285.005005 107.040031
v -79.351006 -202.481995 207.231018
v -81.357803 -207.602997 212.471024
v -69.523300 -209.078995 204.188019
v -70.470001 -211.925995 206.968018
v -59.580502 -215.330002 200.807022
v -60.332005 -218.045990 203.339020
v -20.014301 -282.789001 99.346428
v -20.295902 -286.767029 100.744026
v 0.000069 -278.906006 111.587029
v 0.000040 -282.746002 113.123032
v -96.886406 -282.598999 31.480324
v -98.226402 -286.508026 31.915722
v -78.903206 -286.072021 46.663025
v -80.007301 -290.075012 47.315922
v -87.963799 -284.558014 39.102325
v -89.181801 -288.499023 39.643723
v -49.843903 -221.007996 197.259018
v -50.524803 -224.026993 199.954025
v -10.027500 -240.171997 180.158020
v -10.160600 -243.360001 182.549026
v -20.039501 -235.968002 184.818024
v -20.302301 -239.063004 187.242020
v 0.000350 -244.003998 175.220016
v 0.000040 -247.048996 177.406021
v -69.305801 -287.266022 53.994125
v -70.287300 -291.333008 54.758724
v -59.595303 -287.991028 61.237129
v -60.431004 -292.028015 62.095726
v -69.624207 -201.386002 211.746033
v -70.998703 -205.360992 215.926025
v -79.391602 -194.643997 214.595032
v -81.998108 -201.033997 221.640030
v -116.044006 -181.941986 208.976028
v -122.824005 -192.571991 221.185028
v -97.912209 -196.647995 204.898026
v -101.422005 -203.695999 212.241028
v -88.624298 -203.520996 202.398026
v -90.719002 -208.330994 207.182022
v -79.208603 -210.061996 199.600021
v -80.542007 -213.597992 202.960022
v -19.809200 -297.371002 37.657024
v -20.091803 -301.613007 38.194126
v -9.917491 -296.879028 44.775127
v -10.057800 -301.078003 45.408524
v -39.412502 -297.528015 12.805923
v -39.972603 -301.756012 12.987924
v -59.653503 -222.347000 192.985031
v -60.441402 -225.283997 195.534027
v -40.026703 -233.013992 185.317017
v -40.530003 -235.944000 187.647018
v -10.031100 -246.279999 171.714020
v -10.092100 -250.222000 172.758026
v -20.056301 -242.246002 176.507019
v -20.333200 -245.589996 178.943024
v 0.000031 -249.919998 166.675018
v 0.000040 -253.267990 168.908020
v -19.771400 -298.511017 27.213024
v -20.051100 -302.733002 27.597925
v -29.616402 -298.265015 20.026024
v -30.037401 -302.504028 20.310623
v -9.893810 -298.265015 34.355225
v -10.033800 -302.485016 34.841324
v 0.000025 -297.528015 41.440922
v 0.000040 -301.784027 42.033627
v -133.517014 -174.497986 204.851028
v -142.396011 -186.101990 218.475021
v -116.011009 -189.989990 201.707031
v -121.406006 -198.825989 211.088028
v -106.982002 -197.301987 199.667023
v -110.735008 -204.222992 206.671021
v -97.789207 -204.309998 197.319031
v -100.656006 -210.298996 203.103027
v -29.692501 -297.371002 30.476425
v -30.112902 -301.581024 30.907825
v -69.762703 -263.313019 126.647026
v -70.670403 -266.739014 128.295029
v -19.774302 -299.276001 16.825825
v -20.053802 -303.505005 17.063623
v -29.600801 -298.783020 9.617933
v -30.019701 -303.012024 9.754064
v -9.891611 -299.276001 24.006023
v -10.031501 -303.508026 24.345524
v 0.000042 -298.783020 31.124125
v 0.000040 -303.023010 31.565825
v -79.429298 -263.739014 119.887032
v -80.499710 -267.292999 121.503029
v -59.972103 -262.471008 133.238022
v -60.807304 -266.126007 135.093018
v -50.121902 -261.217010 139.619019
v -50.779804 -264.646027 141.451019
v -9.884911 -299.929016 13.605523
v -10.023401 -304.129028 13.796023
v 0.000058 -299.681000 20.770224
v 0.000040 -303.895020 21.062223
v -126.342003 -259.533020 83.190025
v -127.969009 -262.875000 84.261322
v -108.184006 -262.471008 98.209732
v -109.633003 -265.987000 99.525230
v -89.474609 -263.739014 112.589027
v -90.710609 -267.382019 114.144028
v 0.000357 -231.306000 191.672028
v 0.000040 -234.207001 194.075027
v -10.011701 -227.050003 196.439026
v -10.142100 -230.004990 198.995026
v -97.813004 -180.496994 219.303024
v -102.996002 -190.059998 230.922028
v -106.823006 -172.946991 221.175018
v -114.880005 -185.991989 237.858032
v -88.673798 -187.757996 217.081024
v -92.314209 -195.465988 225.993027
v -40.076401 -259.533020 145.866028
v -40.609699 -262.986023 147.807022
v -30.103001 -257.454010 151.827026
v -30.514902 -260.976013 153.903015
v -20.066101 -254.964996 157.577026
v -20.334902 -258.378998 159.687027
v -141.968002 -258.598022 56.676823
v -143.832001 -261.994019 57.420921
v -184.883011 -172.024994 162.683029
v -197.686005 -183.937988 173.949020
v -177.340012 -172.946991 169.942017
v -189.288010 -184.598999 181.391022
v -150.200012 -255.536011 48.802921
v -152.197006 -258.933014 49.451820
v -124.860008 -263.523010 72.150230
v -126.518005 -267.022003 73.108131
v -106.982002 -266.824005 87.178825
v -108.418007 -270.404022 88.348732
v -116.011009 -265.378021 79.725922
v -117.501007 -268.788025 80.750427
v -39.587502 -171.142990 243.686020
v -40.816105 -176.454987 251.250031
v -230.431015 -172.816010 85.299622
v -248.500015 -186.367004 91.988121
v 0.000256 -210.201996 214.605026
v 0.000040 -212.711990 217.168030
v -49.750805 -190.146988 227.177032
v -50.733604 -193.903000 231.664032
v -97.789108 -267.858002 94.497131
v -99.137505 -271.551025 95.800133
v -88.445206 -268.479004 101.670029
v -89.602608 -271.992004 103.000031
v -78.964798 -268.686005 108.686028
v -80.028297 -272.304016 110.149025
v -69.362709 -268.479004 115.534027
v -70.306107 -272.131012 117.106026
v -59.653503 -267.858002 122.204025
v -60.434704 -271.365021 123.804031
v -39.824001 -196.414001 223.776031
v -40.346500 -198.990997 226.712021
v -19.839201 -191.758987 230.381027
v -20.097801 -194.258987 233.384033
v -165.106003 -203.520996 146.831024
v -170.663010 -210.371002 151.773026
v -128.533005 -205.965988 176.911026
v -132.413010 -212.182999 182.250031
v -49.852501 -266.824005 128.686020
v -50.555702 -270.587006 130.501022
v -39.974503 -265.378021 134.969025
v -40.501400 -268.876007 136.748016
v -30.035002 -263.523010 141.045029
v -30.449303 -267.159027 142.990021
v -20.049101 -261.262024 146.902023
v -20.314802 -264.725006 148.849030
v -138.449005 -205.791000 169.476028
v -142.733002 -212.158997 174.721024
v -108.184006 -205.222000 190.841019
v -111.282005 -211.097992 196.304031
v -89.875298 -258.572998 123.703026
v -91.076210 -262.028015 125.356026
v -79.761703 -258.353027 130.889023
v -80.790710 -261.686005 132.578018
v -70.030304 -257.699005 137.576019
v -71.013901 -261.318024 139.508026
v -10.032300 -258.598022 152.534027
v -10.163301 -261.976013 154.526016
v -124.797005 -266.208008 61.637421
v -126.524010 -269.891998 62.490421
v -116.044006 -268.281006 69.276825
v -117.622009 -271.928009 70.218727
v -60.190502 -256.646027 144.049026
v -61.002399 -260.108002 145.992020
v -50.190105 -255.147995 150.401016
v -50.851604 -258.511017 152.383026
v -40.110401 -253.246994 156.516022
v -40.658302 -256.707001 158.653030
v -30.103102 -250.934998 162.375031
v -30.518402 -254.397003 164.616028
v -97.912109 -271.210022 84.254227
v -99.220802 -274.834015 85.380325
v -97.589005 -172.024994 226.106033
v -104.660004 -184.488998 242.489029
v -79.330399 -186.554993 221.685028
v -82.407608 -193.791000 230.283020
v -69.626503 -193.451996 219.018021
v -71.542107 -198.773987 225.043030
v -152.000000 -252.079010 59.936523
v -154.027008 -255.441010 60.735722
v -179.559006 -213.893997 110.671021
v -184.718002 -220.039993 113.851021
v 0.000013 -274.878998 121.168030
v 0.000040 -278.662018 122.836029
v -59.807899 -200.029999 215.989029
v -60.633400 -202.789993 218.970032
v -49.890503 -206.276993 212.605026
v -50.493301 -208.768997 215.174026
v -39.890804 -212.184998 208.870026
v -40.380501 -214.789001 211.433029
v -20.008200 -222.440002 200.898026
v -20.273401 -225.390991 203.564026
v -146.347000 -246.533005 89.689819
v -148.312012 -249.844009 90.894417
v -128.533005 -250.345001 105.105019
v -130.233002 -253.654999 106.495026
v -90.144005 -252.957993 134.635025
v -91.392006 -256.460022 136.499023
v -100.189003 -252.957993 127.337029
v -101.547005 -256.385010 129.062027
v -129.347000 -245.151001 115.803024
v -131.022003 -248.326004 117.302017
v -120.042007 -246.300995 123.150024
v -121.715004 -249.733002 124.866020
v -90.278404 -246.929993 145.312027
v -91.530899 -250.356003 147.328018
v -100.376007 -247.139999 138.155029
v -101.714005 -250.433990 139.997025
v -80.027901 -246.300995 152.222015
v -81.042404 -249.423004 154.152023
v -70.164299 -251.670990 148.252029
v -71.112404 -255.071991 150.255020
v -60.241703 -250.345001 154.721024
v -61.052303 -253.712997 156.803024
v -40.076302 -246.532990 166.900024
v -40.581699 -249.640991 169.004028
v -136.460007 -253.247009 86.513321
v -138.312012 -256.684021 87.687424
v -127.530006 -255.148010 94.210129
v -129.307999 -258.705017 95.523323
v -70.164398 -245.151001 158.801025
v -71.061005 -248.283997 160.831024
v -50.121902 -241.698990 171.201019
v -50.786804 -244.904999 173.471024
v -30.026602 -237.839996 181.027023
v -30.409201 -240.869995 183.334030
v -172.567001 -215.330002 118.717018
v -176.132004 -219.778000 121.169022
v 0.000046 -295.916016 51.708027
v 0.000040 -300.126007 52.443626
v -144.770004 -217.482025 -148.266998
v -149.343002 -224.351028 -152.948990
v -235.349014 -186.555008 -6.943426
v -260.176025 -206.235016 -7.675935
v -228.625015 -194.644012 -9.192376
v -246.493011 -209.856003 -9.910794
v -157.930008 -217.371002 134.343018
v -160.484009 -220.886993 136.516022
v -139.450012 -219.565002 150.283020
v -141.978012 -223.545990 153.008026
v -99.835503 -219.565002 179.065018
v -101.377007 -222.955002 181.829025
v -98.890404 -212.104996 188.341019
v -100.877007 -216.365997 192.124023
v 0.000069 -270.523010 130.604019
v 0.000040 -274.151001 132.355026
v -221.609009 -202.482010 -11.429585
v -236.501007 -216.090012 -12.197584
v -179.273010 -239.655014 -25.827084
v -182.738007 -244.287018 -26.326283
v -127.768005 -268.686005 -41.514183
v -129.431000 -272.183014 -42.054585
v -118.271004 -272.470001 -44.856380
v -119.849007 -276.107025 -45.455181
v 0.000032 -265.843018 139.884018
v 0.000040 -269.356018 141.732025
v 0.000033 -260.846008 148.996017
v 0.000040 -264.463013 151.062027
v -148.813004 -218.649994 142.432022
v -151.256012 -222.238998 144.769028
v -89.474609 -218.649994 185.544022
v -90.761803 -221.795990 188.213028
v -68.761505 -286.072021 -60.621780
v -69.715401 -290.040009 -61.462681
v -58.543701 -287.703003 -63.557377
v -59.365002 -291.739014 -64.448982
v -200.676010 -223.404007 -7.728524
v -207.776016 -231.308014 -8.001924
v -208.195007 -216.489014 -5.237714
v -217.579010 -226.248016 -5.473823
v -78.964798 -217.371002 191.714020
v -79.963402 -220.119995 194.139023
v -110.508003 -240.821991 141.537018
v -111.916008 -243.891998 143.342026
v -100.461006 -240.821991 148.836029
v -101.737007 -243.880997 150.727020
v -182.338013 -238.298004 -14.388983
v -185.320007 -242.194016 -14.624283
v -142.006012 -263.313019 -27.212282
v -143.839005 -266.710999 -27.563381
v -131.314011 -268.479004 -30.265781
v -133.165009 -272.263000 -30.692381
v -102.763008 -279.454010 -39.817581
v -104.190002 -283.335999 -40.370678
v -92.922104 -282.410004 -43.017479
v -94.209404 -286.322021 -43.613377
v -79.961304 -239.654999 162.518021
v -80.986206 -242.725998 164.600021
v -90.278404 -240.401001 155.875015
v -91.487305 -243.619995 157.962021
v -59.972103 -236.552002 175.176025
v -60.750401 -239.621994 177.449020
v -70.030304 -238.297989 168.967026
v -70.917503 -241.317001 171.108017
v -82.841904 -285.037018 -46.168282
v -83.998001 -289.015015 -46.812580
v -62.574001 -289.133026 -52.217178
v -63.444305 -293.154022 -52.943378
v -72.768105 -287.266022 -49.228680
v -73.796707 -291.326019 -49.924480
v -52.320202 -290.627014 -55.122681
v -53.045605 -294.657013 -55.886879
v -49.852402 -234.427002 181.104019
v -50.543400 -237.675995 183.614029
v -30.058401 -231.337997 189.261017
v -30.437101 -234.251999 191.645020
v -20.036001 -229.345001 192.976028
v -20.300501 -232.371994 195.524017
v -176.050003 -233.789017 67.744316
v -179.851013 -238.837006 69.206917
v -155.985001 -239.401016 92.714523
v -157.914001 -242.361008 93.860817
v -176.134003 -226.281006 -89.521988
v -183.260010 -235.435013 -93.143890
v -186.020004 -219.565018 -86.184486
v -195.034012 -230.204010 -90.360588
v -135.209000 -248.628006 -100.709991
v -136.801010 -251.557022 -101.896988
v -201.974014 -222.347015 2.901897
v -209.064011 -230.153015 3.003747
v -162.889008 -237.840012 84.497620
v -165.070007 -241.025009 85.629120
v -138.449005 -243.616989 108.273018
v -140.195007 -246.690002 109.638023
v -147.333008 -241.699005 100.573021
v -149.368011 -245.037003 101.962021
v -161.670013 -242.246017 73.618317
v -163.763000 -245.382019 74.571220
v -164.658005 -240.401016 -73.041283
v -169.400009 -247.325012 -75.144890
v -170.525009 -233.547012 -81.345192
v -176.724014 -242.037018 -84.302094
v -152.064011 -252.958008 -55.936584
v -154.058014 -256.274017 -56.669983
v -119.504005 -275.272003 -13.579880
v -121.150009 -279.062012 -13.766780
v -113.386002 -278.131012 -5.201259
v -114.925003 -281.906006 -5.271889
v -194.311005 -229.092010 0.411984
v -199.024002 -234.649017 0.421931
v -175.649002 -243.617004 -6.216312
v -177.934006 -246.786011 -6.297172
v -145.249008 -262.471008 -15.864181
v -147.115005 -265.842010 -16.067881
v -134.657013 -267.858002 -18.970678
v -136.393005 -271.310028 -19.215179
v -87.531303 -285.954010 28.440722
v -88.771004 -290.004028 28.843422
v -171.401001 -225.178009 -100.779991
v -177.667007 -233.410019 -104.464989
v -172.711014 -245.151016 -17.657982
v -174.957001 -248.339005 -17.887482
v -125.492004 -272.048004 -21.948580
v -127.236008 -275.828003 -22.253481
v -106.541008 -279.454010 -28.189281
v -108.014008 -283.317017 -28.578979
v -76.655899 -287.991028 -37.755177
v -77.722900 -291.999023 -38.280781
v -56.304504 -291.816010 -43.744080
v -57.103401 -295.956024 -44.364780
v -151.111008 -259.533020 6.960200
v -153.057007 -262.874023 7.049761
v -143.423004 -263.523010 15.020221
v -145.202011 -266.792999 15.206620
v -137.192001 -266.208008 23.487923
v -138.985001 -269.686005 23.794823
v -130.775009 -268.547028 31.948023
v -132.585007 -272.263000 32.390121
v -84.721001 -287.703003 17.007923
v -85.908211 -291.735016 17.246223
v -66.523003 -290.090027 -40.775879
v -67.443207 -294.102020 -41.339977
v -46.376400 -293.062012 -46.945179
v -47.031200 -297.200012 -47.607979
v -243.974014 -173.104004 27.417816
v -277.175018 -196.661011 31.149517
v -237.886017 -181.710007 25.136415
v -264.164001 -201.783005 27.913116
v -217.616013 -206.277008 18.249817
v -230.269012 -218.270004 19.310919
v -178.310013 -241.699005 5.235168
v -180.686005 -244.919006 5.304899
v -189.126007 -185.181030 -142.054993
v -207.012009 -202.694031 -155.488998
v -180.788010 -201.386032 -130.381989
v -192.175003 -214.070023 -138.593994
v -155.972000 -238.298004 -95.534691
v -159.407013 -243.545013 -97.638390
v -150.105011 -245.151016 -87.231384
v -152.711014 -249.406006 -88.745384
v -168.582001 -248.628006 2.002839
v -170.839005 -251.957016 2.029599
v -148.274002 -261.217010 -4.524141
v -150.358002 -264.889008 -4.587750
v -60.197201 -292.529999 -32.294479
v -61.050106 -296.674011 -32.751980
v -143.904007 -251.671005 -78.696785
v -145.928009 -255.211014 -79.803482
v -112.491005 -276.134003 -36.550484
v -114.020004 -279.887024 -37.047279
v -87.806503 -287.266022 -2.945118
v -89.051605 -291.339020 -2.986908
v -40.370201 -295.150024 -38.688778
v -40.942604 -299.335022 -39.237278
v -94.157501 -285.037018 -11.342278
v -95.454208 -288.962006 -11.498379
v -63.992004 -292.768005 -20.792278
v -64.902107 -296.931000 -21.087879
v -54.170502 -294.497009 -24.023478
v -54.937901 -298.669006 -24.363779
v -34.341503 -296.879028 -30.394478
v -34.830605 -301.106018 -30.827280
v -179.549011 -191.923019 -145.490997
v -193.661011 -207.007019 -156.925995
v -175.341003 -200.030029 -139.584991
v -186.388016 -212.632019 -148.378998
v -161.695007 -222.347031 -121.064987
v -167.034012 -229.690033 -125.062988
v -156.959015 -229.092026 -114.545990
v -161.113007 -235.156021 -117.577988
v -189.286011 -231.338013 29.897518
v -194.748016 -238.013016 30.760218
v -163.730011 -250.935013 21.547020
v -165.986008 -254.391006 21.843719
v -125.579002 -272.737000 9.197762
v -127.323006 -276.525024 9.325461
v -116.378006 -276.871002 6.228941
v -118.013008 -280.760010 6.316441
v -67.682800 -292.529999 -9.256228
v -68.639206 -296.663025 -9.387009
v -237.367004 -175.298004 56.282215
v -259.447998 -191.605011 61.517918
v -216.784012 -207.814011 7.630876
v -229.625015 -220.123016 8.082927
v -223.900009 -200.030014 9.863707
v -240.149017 -214.547012 10.579617
v -126.834007 -262.471008 -72.540878
v -128.557999 -266.039001 -73.526978
v -120.091003 -267.858002 -63.801785
v -121.756004 -271.571014 -64.686378
v -114.426003 -272.048004 -56.005684
v -116.030006 -275.861023 -56.790783
v -84.207901 -287.991028 -14.512578
v -85.382301 -292.007019 -14.714979
v -90.548904 -285.504028 -22.992781
v -91.823608 -289.523010 -23.316481
v -180.570007 -227.019012 -78.081284
v -188.379013 -236.837006 -81.457787
v -168.759003 -240.822006 -61.361382
v -174.030014 -248.344009 -63.277882
v -155.901001 -252.958008 -44.127586
v -158.016006 -256.389008 -44.726181
v -209.390015 -215.330017 5.388216
v -219.321014 -225.543015 5.643817
v -128.736008 -271.210022 -10.611780
v -130.425003 -274.769012 -10.750979
v -122.649002 -274.212006 -2.239109
v -124.319008 -277.946014 -2.269599
v -103.487007 -281.064026 23.099422
v -104.923004 -284.963013 23.419922
v -163.878006 -233.014008 95.333725
v -165.990005 -236.017014 96.562317
v -158.517014 -249.920013 51.505322
v -160.712006 -253.381012 52.218624
v -156.835007 -197.301987 163.447021
v -162.842010 -204.858994 169.707016
v -156.835007 -234.427002 103.377022
v -158.745010 -237.282990 104.636017
v -162.411011 -247.140015 -52.770584
v -165.733002 -252.194016 -53.849785
v -163.878006 -189.475998 165.780029
v -172.049011 -198.923996 174.046021
v -165.354004 -210.061996 137.012024
v -169.938004 -215.884995 140.810028
v -165.106003 -222.347000 116.370018
v -166.937012 -224.812988 117.660019
v -164.613007 -227.864990 105.927017
v -166.816010 -230.916000 107.345024
v -143.664001 -254.965012 67.778023
v -145.621002 -258.438019 68.701324
v -141.703003 -260.846008 46.042221
v -143.503006 -264.158020 46.627022
v -135.093002 -182.707993 196.489029
v -142.025009 -192.082993 206.570023
v -136.460007 -190.634995 187.821030
v -142.209000 -198.666000 195.733017
v -148.070007 -205.222000 161.862030
v -152.610001 -211.514999 166.826019
v -147.333008 -198.045990 171.205017
v -153.008011 -205.673996 177.799026
v -148.564011 -231.033997 121.624023
v -150.554001 -234.128998 123.254021
v -145.126007 -250.935013 78.806419
v -147.106003 -254.359009 79.881927
v -139.057007 -212.843002 160.004028
v -142.551010 -218.190002 164.024017
v -224.786011 -182.708008 -79.556694
v -246.689011 -200.511017 -87.308784
v -211.623016 -205.791016 -55.730988
v -225.173004 -218.967010 -59.299290
v -216.381012 -198.370010 -63.786591
v -232.064011 -212.747009 -68.409782
v -161.250015 -253.247009 10.218719
v -163.423004 -256.661011 10.356420
v -205.138016 -205.434006 77.172920
v -215.121017 -215.431015 80.928619
v -185.134003 -236.552017 -2.904612
v -187.872009 -240.050018 -2.947552
v -171.115005 -246.533005 13.460020
v -173.413010 -249.843018 13.640619
v -156.065002 -254.965012 29.609921
v -158.224014 -258.492004 30.019520
v -153.698013 -257.454010 18.287321
v -154.717010 -262.722015 18.408520
v 48.701603 -231.034027 -185.718994
v 49.305202 -233.897034 -188.020996
v 42.660900 -238.298019 -177.860001
v 43.225105 -241.450027 -180.212997
v 36.577003 -245.151031 -169.714996
v 37.071400 -248.465027 -172.008987
v 30.376200 -251.671021 -161.179993
v 30.755802 -254.817032 -163.193985
v -145.908005 -261.262024 26.327520
v -147.886002 -264.804016 26.684422
v -139.564011 -263.725006 34.799721
v -141.480011 -267.347015 35.277622
v -188.519012 -227.389008 -54.725182
v -196.694016 -237.249008 -57.098286
v -178.805008 -234.294006 -58.097183
v -186.191010 -243.972015 -60.496983
v 24.209200 -257.699005 -152.463989
v 24.507402 -260.874023 -154.341995
v 18.002001 -263.313019 -143.464996
v 18.241302 -266.814026 -145.371994
v 11.793701 -268.479004 -134.238998
v 11.956901 -272.195007 -136.097992
v 6.113370 -272.470001 -126.343987
v 6.195420 -276.127014 -128.038986
v -147.964005 -252.537018 -67.616287
v -149.872009 -255.793015 -68.488083
v -238.795013 -180.497009 -25.257389
v -266.968018 -201.792007 -28.237288
v -74.148399 -290.569000 -17.663877
v -75.173210 -294.585022 -17.908077
v -65.113007 -293.062012 10.720122
v -66.037903 -297.225006 10.872424
v -48.095501 -296.113007 -15.627179
v -48.779305 -300.323029 -15.849277
v -30.393200 -295.916016 -41.832581
v -30.823502 -300.106018 -42.424877
v 0.000040 -276.134003 -118.279984
v 0.000040 -279.984009 -119.928986
v -6.113310 -279.454010 -110.037979
v -6.199820 -283.409027 -111.594986
v -12.197600 -282.410004 -101.666985
v -12.368100 -286.358002 -103.088982
v -18.309101 -285.037018 -93.054085
v -18.560001 -288.941010 -94.328781
v -212.470016 -211.004013 -23.961086
v -223.293015 -221.752014 -25.181583
v -187.645004 -234.427017 8.551759
v -190.348007 -237.804016 8.674919
v -180.691010 -239.401016 16.678318
v -183.005005 -242.467010 16.891920
v -24.332701 -287.266022 -84.419083
v -24.675701 -291.316010 -85.609276
v -30.325102 -289.133026 -75.647377
v -30.749302 -293.178009 -76.705582
v -42.346603 -291.633026 -58.285080
v -42.947803 -295.773010 -59.112480
v -36.257000 -290.627014 -66.793274
v -36.761398 -294.671021 -67.722687
v -165.957001 -248.233017 32.841919
v -168.275009 -251.700012 33.300621
v -219.826004 -198.046005 -51.907288
v -235.434006 -212.107010 -55.592686
v -209.681015 -212.105011 -35.849987
v -220.818008 -223.371017 -37.754089
v -243.992004 -171.143005 37.653114
v -273.826019 -192.070007 42.257317
v -224.613007 -189.413010 62.544918
v -240.269012 -202.615005 66.904221
v -218.243011 -197.366013 60.473118
v -230.712006 -208.643005 63.928017
v 74.247505 -207.814026 -203.815994
v 75.851303 -212.302032 -208.218994
v 69.829605 -215.330032 -197.476990
v 71.156303 -219.421021 -201.227997
v 65.173203 -222.347031 -191.192001
v 66.183601 -225.794022 -194.155991
v 60.437103 -229.092026 -184.672989
v 61.116604 -231.668030 -186.748993
v -225.328018 -194.211014 41.826916
v -241.518005 -208.165009 44.831818
v -242.814011 -176.763016 6.022674
v -276.628021 -201.378006 6.861395
v -247.883011 -169.672012 -2.421817
v -286.851013 -196.345016 -2.802515
v 54.447201 -236.552032 -176.970993
v 55.047802 -239.161026 -178.922989
v 48.366402 -243.617020 -168.972992
v 48.962902 -246.621033 -171.056992
v 42.206402 -250.345032 -160.580994
v 42.796001 -253.842026 -162.824997
v 35.974602 -256.646027 -151.916992
v 36.451702 -260.050018 -153.930984
v 29.796803 -262.471008 -143.041992
v 30.173903 -265.794006 -144.852997
v 12.406301 -258.353027 -152.773987
v 12.572401 -261.812012 -154.819992
v 6.208340 -263.739014 -143.677994
v 6.290300 -267.220001 -145.574997
v 0.000040 -268.686005 -134.342987
v 0.000040 -272.120026 -136.059998
v -6.108120 -294.497009 -58.942879
v -6.194210 -298.648010 -59.773582
v 0.000040 -292.768005 -67.285187
v 0.000040 -296.919006 -68.239380
v -218.482010 -202.348007 39.513416
v -230.419006 -213.403015 41.672619
v -224.662018 -198.352005 20.583317
v -240.375015 -212.224014 22.022917
v -218.194016 -204.433014 28.959818
v -230.644012 -216.097015 30.612118
v -211.361008 -210.203003 37.170319
v -221.031006 -219.820007 38.870914
v -97.685707 -284.073029 0.235102
v -99.064400 -288.083008 0.238444
v -100.669006 -282.789001 11.665022
v -102.059006 -286.694000 11.826022
v -64.370804 -284.558014 -71.575279
v -65.274506 -288.553009 -72.580086
v -80.498505 -288.229004 -26.155479
v -81.644402 -292.332001 -26.527880
v -196.908005 -224.539017 32.394817
v -204.217010 -232.873016 33.597122
v -12.218801 -275.904999 -118.181984
v -12.389401 -279.756012 -119.831985
v -6.113290 -272.470001 -126.343987
v -6.194530 -276.091003 -128.021988
v -18.308701 -278.987000 -109.868980
v -18.559301 -282.806000 -111.372986
v -182.246002 -233.789017 48.673122
v -187.493011 -240.520004 50.074520
v -232.082016 -188.732010 -27.539688
v -252.945007 -205.698013 -30.015486
v -203.007004 -221.008011 13.552116
v -210.818008 -229.511017 14.073518
v -24.375002 -281.710999 -101.415985
v -24.703901 -285.512024 -102.783981
v -36.406200 -286.072021 -84.129280
v -36.921604 -290.121002 -85.320084
v -30.410101 -284.073029 -92.831978
v -30.826403 -287.962006 -94.102684
v -42.355701 -287.703003 -75.318687
v -42.946201 -291.715027 -76.368774
v -196.310013 -226.344009 21.695019
v -202.633011 -233.634018 22.393717
v -174.439011 -240.172012 46.135220
v -178.093002 -245.202011 47.101521
v -238.799011 -174.182007 -53.628593
v -267.359009 -195.014008 -60.042587
v -230.023010 -189.476013 -37.793789
v -250.910019 -206.681015 -41.225590
v -214.308014 -210.062012 -13.651984
v -225.945007 -221.468018 -14.393384
v -174.066010 -242.246017 35.468918
v -177.036011 -246.380005 36.074123
v -222.954010 -197.302002 -40.045883
v -239.537018 -211.977005 -43.024487
v -227.684006 -189.990005 -48.001884
v -247.815018 -206.788010 -52.245987
v -28.197701 -298.265015 -21.978477
v -28.597801 -302.496002 -22.290279
v -15.994101 -299.929016 -5.196778
v -16.218300 -304.132019 -5.269607
v -48.250900 -288.966003 -66.411583
v -48.938602 -293.085022 -67.358185
v 63.772900 -209.079025 -206.056000
v 65.463303 -214.621033 -211.517990
v 59.354305 -216.489029 -199.623001
v 60.609901 -221.069031 -203.845993
v 54.662201 -223.404022 -193.242996
v 55.493504 -226.802032 -196.181992
v -107.002007 -272.737000 66.372322
v -108.461006 -276.457001 67.277428
v -79.351006 -275.904999 88.429527
v -80.462502 -279.770020 89.668030
v -97.813004 -276.871002 63.366020
v -99.189804 -280.768005 64.257927
v -106.496002 -277.240021 45.129921
v -107.971008 -281.079010 45.754826
v -97.589005 -279.167023 52.746326
v -98.922798 -282.983002 53.467129
v -236.561005 -172.816010 66.435318
v -257.814026 -188.343002 72.404221
v -10.031100 -263.725006 143.487015
v -10.164701 -267.237000 145.398026
v -39.890804 -281.710999 96.374321
v -40.445004 -285.624023 97.713127
v -10.011800 -277.240021 115.230026
v -10.148701 -281.029999 116.805031
v -148.070007 -236.552002 111.169022
v -150.046005 -239.709991 112.653023
v -157.808014 -223.403992 124.207024
v -159.810013 -226.237991 125.783020
v 36.889202 -232.610031 -186.472000
v 37.398102 -235.819031 -189.044998
v 30.835302 -239.655029 -178.478989
v 31.226101 -242.692032 -180.741989
v 24.730001 -246.301025 -170.189987
v 25.027601 -249.265030 -172.237991
v 18.583601 -252.537033 -161.616989
v 18.811199 -255.629028 -163.594986
v -178.343002 -224.539017 89.532021
v -182.763016 -230.103012 91.750420
v -139.450012 -232.610001 129.176025
v -141.238007 -235.593002 130.833023
v -90.144104 -233.546997 166.042023
v -91.370399 -236.723999 168.301025
v -79.761703 -232.610001 172.542023
v -80.780800 -235.582001 174.747025
v -139.569000 -226.280991 139.849014
v -141.492004 -229.397995 141.776016
v -130.059006 -227.018997 147.604019
v -131.828003 -230.106995 149.612015
v -89.875206 -226.280991 175.954025
v -91.032707 -229.194992 178.220016
v -79.429405 -225.177994 182.280029
v -80.410904 -227.960999 184.532028
v -243.360016 -172.947006 -33.247791
v -275.603027 -195.861008 -37.652885
v -224.714005 -174.182007 -96.975784
v -248.962006 -192.977020 -107.439987
v -228.426010 -174.498001 -87.248695
v -253.724014 -193.823013 -96.911285
v -40.030102 -226.343994 193.407028
v -40.533802 -229.190994 195.839020
v -170.709015 -231.338013 87.072121
v -173.680008 -235.364014 88.587517
v -88.624298 -272.048004 91.519325
v -89.844604 -275.794006 92.779427
v -59.653503 -272.048004 112.568031
v -60.478504 -275.810028 114.124031
v 0.000040 -258.572998 -152.904999
v 0.000040 -261.933014 -154.891998
v -6.208260 -263.739014 -143.677994
v -6.286550 -267.065002 -145.489990
v -11.793600 -268.479004 -134.238998
v -11.949901 -272.037018 -136.017990
v -17.904902 -272.048004 -126.132980
v -18.157301 -275.882019 -127.909981
v -24.013500 -275.272003 -117.850983
v -24.340101 -279.016022 -119.453979
v -236.084015 -174.498001 -63.679592
v -263.666016 -194.885010 -71.119492
v -141.017014 -197.366028 -177.202988
v -149.018005 -208.564026 -187.256989
v -36.189701 -280.658020 -100.803986
v -36.702003 -284.631012 -102.230980
v -30.091402 -278.131012 -109.443985
v -30.519100 -282.084015 -110.998985
v -42.202400 -282.789001 -92.136978
v -42.783501 -286.684021 -93.405777
v -48.180504 -284.558014 -83.338181
v -48.837700 -288.440002 -84.474983
v -198.351013 -178.228027 -138.317993
v -219.138016 -196.906021 -152.814987
v -212.505005 -181.337021 -110.446991
v -233.331009 -199.108032 -121.269989
v -216.715012 -181.942001 -100.855988
v -237.866013 -199.700027 -110.699989
v -218.499008 -199.986008 50.038120
v -230.374008 -210.854004 52.757416
v -54.097401 -285.954010 -74.458580
v -54.850403 -289.934021 -75.495079
v 74.296707 -169.672028 -236.498993
v 87.454208 -199.720032 -278.381012
v 53.241001 -210.062027 -208.037994
v 54.720203 -215.898026 -213.817993
v 48.803001 -217.371033 -201.513992
v 49.767502 -221.668030 -205.496994
v 42.881802 -225.178024 -194.154999
v 43.433304 -228.074020 -196.651993
v -138.264008 -186.836029 -190.304001
v -149.210007 -201.627029 -205.369995
v -157.709015 -194.211029 -166.282990
v -168.777008 -207.841019 -177.952988
v -231.432007 -190.147003 22.885517
v -252.099014 -207.128006 24.929317
v -230.776016 -191.923004 12.168515
v -251.756012 -209.371017 13.274717
v 53.950703 -172.025024 -240.285004
v 63.120106 -201.262024 -281.124023
v 36.868000 -204.310028 -217.112991
v 38.403400 -212.819031 -226.154999
v 30.699701 -212.105026 -210.496994
v 31.470501 -217.431030 -215.781998
v 24.483002 -219.565033 -203.547989
v 24.799200 -222.401031 -206.177002
v 18.460501 -227.019028 -195.860992
v 18.692699 -229.875031 -198.323990
v 12.407201 -234.094025 -187.845993
v 12.559800 -236.974030 -190.156998
v 6.208900 -240.822021 -179.460999
v 6.289790 -243.960022 -181.798996
v 0.000040 -247.140030 -170.768997
v 0.000040 -250.450027 -173.056992
v -204.102005 -210.202011 66.316917
v -213.493011 -219.874008 69.368225
v -185.747009 -217.482010 91.868019
v -191.689011 -224.440018 94.807022
v -155.302002 -183.639023 -179.995987
v -169.352005 -200.252029 -196.278992
v -238.112015 -179.618011 35.782715
v -262.434021 -197.965012 39.437717
v -6.208290 -252.958023 -161.906998
v -6.285440 -256.101013 -163.918991
v -23.569101 -267.858002 -133.928986
v -23.884501 -271.442017 -135.720993
v -18.001902 -263.313019 -143.464996
v -18.249302 -266.931000 -145.435989
v -29.689201 -271.210022 -125.713982
v -30.077600 -274.758026 -127.358986
v -35.771103 -274.212006 -117.337982
v -36.253700 -277.912018 -118.920982
v -199.648010 -196.648026 -108.213989
v -214.171005 -210.952026 -116.085991
v -203.912003 -197.302002 -98.650986
v -218.592010 -211.506027 -105.752991
v -236.504013 -185.181015 3.759404
v -263.982025 -206.697006 4.196196
v -224.431015 -190.474014 -59.922386
v -243.500015 -206.658005 -65.013786
v -225.126007 -196.648010 -29.803185
v -242.015015 -211.401016 -32.038986
v -41.886803 -276.871002 -108.756981
v -42.474304 -280.754028 -110.282982
v -47.947701 -279.167023 -100.033981
v -48.599503 -282.962006 -101.393982
v -59.879105 -282.598999 -82.416481
v -60.728504 -286.608002 -83.585579
v -53.948105 -281.064026 -91.283981
v -54.684002 -284.898010 -92.529083
v -194.483002 -186.555023 -132.716995
v -212.080017 -203.435028 -144.725998
v -227.021011 -195.759003 -19.499786
v -244.378006 -210.726013 -20.990585
v -229.814011 -193.452011 1.461375
v -249.756012 -210.239014 1.588156
v -216.790009 -190.474014 -83.438789
v -234.550018 -206.078003 -90.274490
v 47.268303 -203.521027 -215.835999
v 49.379402 -212.611023 -225.474991
v 42.868504 -211.004028 -209.474991
v 44.093605 -217.034027 -215.461990
v 36.673500 -218.650024 -202.699997
v 37.318104 -222.494019 -206.263000
v 30.712303 -226.281021 -195.176987
v 31.085201 -229.028030 -197.545990
v 24.668802 -233.547028 -187.315994
v 24.967701 -236.376022 -189.584991
v -241.771011 -178.228012 -4.685667
v -274.429016 -202.303009 -5.318565
v -152.332001 -172.816025 -192.793991
v -169.031006 -191.761017 -213.929001
v -234.608017 -181.942001 -45.787289
v -259.179016 -200.997009 -50.582687
v 18.584402 -240.401031 -179.169998
v 18.797199 -243.154022 -181.220993
v 12.375600 -246.930023 -170.623993
v 12.530100 -250.014023 -172.755997
v 6.208370 -252.958023 -161.906998
v 6.295100 -256.492004 -164.168991
v -139.057007 -238.297989 118.817024
v -140.822006 -241.321991 120.325020
v -137.563004 -248.628006 97.470016
v -139.372009 -251.897018 98.751419
v -135.093002 -257.454010 75.546730
v -136.888000 -260.874023 76.550125
v -133.364014 -263.725006 53.880020
v -135.105011 -267.167999 54.583420
v -208.354004 -198.046005 -87.216789
v -223.263016 -212.218018 -93.457993
v -212.415009 -189.990005 -94.994789
v -230.123016 -205.828018 -102.913986
v -169.502014 -246.301010 -29.071783
v -171.750015 -249.568008 -29.457382
v -155.598007 -256.646027 -12.731081
v -157.638000 -260.010010 -12.897881
v -140.716003 -265.378021 3.689790
v -142.623001 -268.973999 3.739810
v -121.854004 -273.035004 29.050522
v -123.504005 -276.731018 29.443823
v -208.307007 -189.476028 -104.627991
v -225.682007 -205.281021 -113.354988
v -172.596008 -240.822006 -49.551483
v -177.895004 -248.215012 -51.072586
v -106.125008 -278.906006 34.482327
v -107.630005 -282.859009 34.971024
v -133.517014 -261.262024 64.463226
v -135.372009 -264.891998 65.358727
v -124.860008 -182.383987 203.436020
v -131.779007 -192.490997 214.709030
v -124.797005 -174.181992 210.539032
v -133.648010 -186.535995 225.472031
v -112.684006 -277.240021 26.086323
v -114.239006 -281.066010 26.446323
v -211.853012 -172.025024 -125.561989
v -235.005005 -190.824020 -139.283997
v -203.945007 -188.732025 -114.133987
v -221.134018 -204.639023 -123.752991
v -190.365005 -194.644028 -126.945992
v -204.768005 -209.371033 -136.550995
v -127.530006 -198.369995 186.080017
v -132.020004 -205.353989 192.631027
v -129.854004 -220.114990 157.885025
v -132.473007 -224.554993 161.070023
v -129.347000 -213.211990 167.482025
v -132.419006 -218.274994 171.459030
v -129.854004 -239.654999 126.268021
v -131.492004 -242.677002 127.861023
v -6.208790 -227.389023 -196.202988
v -6.289250 -230.336029 -198.745987
v -12.407100 -234.094025 -187.845993
v -12.559600 -236.972031 -190.154999
v -18.584301 -240.401031 -179.169998
v -18.797001 -243.152023 -181.219986
v -30.376200 -251.671021 -161.179993
v -30.799002 -255.174026 -163.422989
v -118.398003 -205.791000 184.044022
v -121.876007 -211.834991 189.449020
v -119.314003 -213.211990 174.771027
v -121.952003 -217.925995 178.635025
v -120.042007 -220.297989 165.224030
v -122.193008 -224.246994 168.185028
v -119.314003 -251.670990 112.543022
v -120.959007 -255.140991 114.094025
v -117.297005 -261.217010 90.813423
v -118.942009 -264.882019 92.087425
v -24.730001 -246.301025 -170.189987
v -25.038002 -249.368027 -172.308990
v -35.974503 -256.646027 -151.916992
v -36.439400 -259.963013 -153.879990
v -41.516399 -261.217010 -142.414993
v -42.032402 -264.465027 -144.184998
v -46.992901 -265.378021 -132.688995
v -47.622303 -268.932007 -134.465988
v -115.926003 -270.834015 58.737522
v -117.478004 -274.460999 59.524021
v -115.657005 -273.035004 48.121624
v -117.224007 -276.733002 48.773418
v -109.202003 -212.843002 181.695023
v -111.323006 -216.977997 185.225021
v 31.990803 -298.511017 -10.394378
v 32.441700 -302.718018 -10.540878
v 35.731201 -298.265015 1.206783
v 36.241699 -302.527008 1.224033
v -53.161701 -268.281006 -124.254982
v -53.887104 -271.941010 -125.949982
v -59.261204 -270.834015 -115.658981
v -60.041901 -274.402008 -117.182983
v 43.581802 -172.947021 -241.722992
v 50.908604 -202.022018 -282.361023
v 24.650501 -205.222031 -217.983002
v 25.510101 -212.378021 -225.584000
v 18.451700 -212.843033 -211.181000
v 18.891001 -217.910019 -216.209000
v 28.197802 -298.265015 -21.978477
v 28.597101 -302.488007 -22.289677
v 24.358402 -297.528015 -33.526279
v 24.705002 -301.762024 -34.003479
v 25.887802 -299.276001 -1.989207
v 26.253902 -303.508026 -2.017337
v 12.251700 -220.115021 -204.057999
v 12.418600 -223.113022 -206.836990
v 6.208870 -227.389023 -196.202988
v 6.289250 -230.333023 -198.742996
v -6.208820 -240.822021 -179.460999
v -6.287820 -243.887024 -181.744995
v 0.000040 -234.294022 -188.006989
v 0.000040 -237.540024 -190.610992
v -12.375501 -246.930023 -170.623993
v -12.523801 -249.888031 -172.667999
v -18.583601 -252.537033 -161.616989
v -18.811501 -255.635025 -163.598999
v -29.796701 -262.471008 -143.041992
v -30.187002 -265.909027 -144.915985
v -24.209200 -257.699005 -152.463989
v -24.539200 -261.212006 -154.541992
v 29.600801 -298.783020 9.617933
v 30.019901 -303.013000 9.754104
v 22.112902 -299.276001 -13.607078
v 22.425402 -303.504028 -13.799277
v 15.994201 -299.929016 -5.196778
v 16.218300 -304.130005 -5.269578
v 19.753601 -299.681000 6.418363
v 20.031101 -303.891022 6.508553
v -35.308201 -266.824005 -133.411987
v -35.752502 -270.181000 -135.089996
v -47.553501 -272.737000 -116.589981
v -48.218304 -276.550018 -118.219986
v -53.637302 -275.169006 -107.912979
v -54.364803 -278.901001 -109.375984
v -65.589203 -278.906006 -90.275688
v -66.511108 -282.826019 -91.544685
v -59.630802 -277.240021 -99.107880
v -60.474503 -281.162018 -100.509979
v 12.208401 -299.681000 -16.803379
v 12.380100 -303.896027 -17.039677
v 6.107891 -300.220001 -8.406677
v 6.193570 -304.432007 -8.524608
v 9.882741 -300.220001 3.211133
v 10.021400 -304.434021 3.256203
v 152.332001 -172.816025 -192.793991
v 154.191010 -174.926025 -195.147995
v 66.123207 -186.555023 -225.975998
v 75.095001 -211.868027 -256.636993
v 76.659004 -185.181030 -223.766998
v 86.656105 -209.330032 -252.947998
v 158.952011 -175.298019 -185.054001
v 161.107010 -177.674026 -187.561996
v 168.969009 -169.019028 -181.994995
v 172.341003 -172.392029 -185.626999
v 148.730011 -181.215027 -187.832001
v 150.565002 -183.450027 -190.149994
v 165.379013 -177.566025 -177.087997
v 167.418015 -179.755020 -179.271988
v 175.262009 -171.143021 -173.876999
v 177.830002 -173.651016 -176.424988
v 55.858303 -187.758026 -227.742996
v 63.286400 -212.726028 -258.028992
v 45.525303 -188.732025 -229.233002
v 51.523502 -213.599030 -259.435974
v 35.136902 -189.476028 -230.444000
v 39.634304 -213.728027 -259.938995
v 24.705700 -189.990021 -231.373993
v 27.796001 -213.755020 -260.314972
v 155.302002 -183.639023 -179.994995
v 157.380005 -186.097031 -182.404999
v 144.953003 -189.413025 -182.623993
v 146.843002 -191.883026 -185.005997
v 171.604004 -179.618027 -168.906998
v 173.509003 -181.611023 -170.781998
v 181.263016 -173.104019 -165.585999
v 183.325012 -175.073029 -167.469986
v 97.417007 -181.710022 -218.474991
v 100.860008 -188.133026 -226.197998
v -61.906605 -194.644028 -220.276001
v -66.458801 -208.956024 -236.473999
v 12.363300 -190.474030 -231.962997
v 13.875600 -213.773026 -260.336975
v -70.254898 -178.228027 -231.386002
v -78.018501 -197.923019 -256.955017
v -80.761604 -176.763031 -229.069000
v -89.687401 -196.299026 -254.386002
v 161.666000 -185.839020 -171.952988
v 163.691010 -188.168030 -174.107986
v 151.465012 -191.759018 -174.720993
v 153.397003 -194.205017 -176.949997
v 141.017014 -197.366028 -177.203995
v 142.920013 -200.030029 -179.594986
v 126.878006 -175.298019 -208.356995
v 128.523010 -177.570023 -211.057999
v 136.285004 -172.816025 -204.452988
v 138.059006 -175.065018 -207.112991
v -36.576900 -245.151031 -169.714996
v -37.073105 -248.477020 -172.016998
v -42.206402 -250.345032 -160.580994
v -42.729401 -253.447021 -162.570999
v -47.798801 -255.148026 -151.177994
v -48.372002 -258.208008 -152.990997
v -53.315399 -259.533020 -141.563995
v -54.021603 -262.970001 -143.438995
v -58.605103 -263.523010 -131.761993
v -59.383606 -267.024017 -133.511993
v -64.733002 -266.208008 -123.218987
v -65.560104 -269.609009 -124.793983
v 177.679001 -181.710022 -160.161987
v 179.616013 -183.691025 -161.906998
v 187.195007 -175.050018 -156.701996
v 189.510010 -177.214020 -158.638992
v 167.787003 -188.138031 -163.375992
v 169.734009 -190.321030 -165.270996
v 157.709015 -194.211029 -166.282990
v 159.833008 -196.827026 -168.521988
v 147.358002 -199.986023 -168.911987
v 149.341003 -202.678024 -171.184998
v -70.796104 -268.547028 -114.501984
v -71.719902 -272.051025 -115.995979
v 12.391800 -205.791031 -218.487000
v 12.801201 -212.590027 -225.705994
v 6.200800 -213.212021 -211.524002
v 6.329350 -217.632019 -215.908997
v 0.000039 -220.298019 -204.227997
v 0.000039 -223.279022 -206.990997
v 160.741013 -213.894028 -136.570984
v 167.007004 -222.232025 -141.894989
v 150.647003 -219.398026 -139.320984
v 155.322006 -226.207031 -143.643997
v 140.261002 -224.539032 -141.947998
v 143.526001 -229.766022 -145.251999
v 129.638000 -229.345032 -144.343994
v 131.139008 -232.000031 -146.015991
v 136.787003 -205.434021 -171.250000
v 138.573013 -208.117020 -173.485992
v 192.901016 -176.763031 -147.594986
v 200.006012 -183.273026 -153.030991
v 201.965012 -169.672028 -143.741989
v 213.819016 -179.631027 -152.179993
v 183.522003 -183.565018 -151.206985
v 185.847015 -185.890030 -153.121994
v 118.831009 -233.789032 -146.498993
v 120.287003 -236.654022 -148.293991
v 212.506012 -181.337021 -110.446991
v 221.693008 -189.176025 -115.221992
v 203.945007 -188.732025 -114.133987
v 211.060013 -195.316025 -118.115990
v 173.780014 -190.147018 -154.546997
v 175.718002 -192.267029 -156.269989
v 163.751007 -196.414032 -157.630997
v 165.298004 -198.269028 -159.119995
v 153.530014 -202.348022 -160.386993
v 155.467010 -204.901031 -162.410995
v 143.058014 -207.952026 -162.881989
v 144.932007 -210.676025 -165.015991
v 195.125015 -195.759018 -117.663994
v 201.388016 -202.042023 -121.439987
v 186.003006 -202.482025 -121.011993
v 191.669006 -208.650024 -124.696991
v 176.264008 -209.079025 -124.325989
v 183.576004 -217.752029 -129.483994
v 166.233002 -215.330032 -127.434990
v 174.273010 -225.744019 -133.598984
v 132.529007 -212.893021 -165.386993
v 134.319000 -215.768021 -167.620987
v 198.351013 -178.228027 -138.317993
v 207.796005 -186.715027 -144.904999
v 189.126007 -185.181030 -142.054993
v 192.446014 -188.432022 -144.547989
v 179.549011 -191.923019 -145.490997
v 181.620010 -194.136032 -147.168991
v 156.271011 -221.008026 -130.288986
v 161.802002 -228.831024 -134.899994
v 146.067001 -226.344025 -132.939987
v 150.602005 -233.372025 -137.067993
v 135.562012 -231.338028 -135.446991
v 138.823013 -236.902023 -138.704987
v 124.846008 -235.968033 -137.741989
v 127.831009 -241.610031 -141.034988
v 169.657013 -198.352020 -148.704987
v 169.981003 -198.730026 -148.988998
v 159.501007 -204.433029 -151.679993
v 160.968002 -206.313019 -153.075989
v 149.146011 -210.203018 -154.305984
v 150.993011 -212.805023 -156.215988
v 138.748001 -215.325027 -156.920990
v 140.623001 -218.235031 -159.040985
v 114.007004 -240.172028 -139.856995
v 115.411003 -243.129028 -141.578995
v 216.715012 -181.942001 -100.855988
v 224.827011 -188.752029 -104.630989
v 224.714005 -174.182007 -96.975784
v 234.151016 -181.497009 -101.047989
v 208.307007 -189.476028 -104.627991
v 214.882004 -195.457031 -107.930992
v 128.115005 -220.112030 -159.302994
v 129.860001 -223.110031 -161.473999
v 97.685799 -284.073029 0.235121
v 100.490005 -292.228027 0.241875
v 100.669006 -282.789001 11.664922
v 103.790009 -291.558014 12.026622
v 94.157608 -285.037018 -11.342278
v 96.666298 -292.631012 -11.644479
v 199.648010 -196.648026 -108.213989
v 206.877014 -203.768021 -112.132988
v 190.666016 -203.521027 -111.651993
v 198.687012 -212.083023 -116.348991
v 181.403015 -210.062027 -114.921989
v 190.637009 -220.754028 -120.771988
v 171.512009 -216.489029 -118.135994
v 183.013016 -227.060028 -126.057991
v 161.695007 -222.347031 -121.064987
v 169.700012 -233.355026 -127.057991
v 151.610001 -227.865021 -123.822990
v 156.664001 -235.461029 -127.949989
v 90.549004 -285.504028 -22.992781
v 92.580109 -291.908020 -23.508478
v 86.770508 -285.504028 -34.621677
v 88.446503 -291.018005 -35.290478
v 82.842003 -285.037018 -46.168282
v 83.954506 -288.865021 -46.788280
v 155.043015 -212.185028 -145.531998
v 156.758011 -214.532028 -147.141998
v 141.309006 -233.014023 -126.396988
v 145.764999 -240.363022 -130.382996
v 130.697006 -237.840027 -128.804993
v 134.108002 -244.047028 -132.166992
v 119.974007 -242.246033 -131.007996
v 123.210007 -248.780029 -134.540985
v 165.328003 -206.277023 -142.675995
v 166.822006 -208.141022 -143.964996
v 144.771011 -217.482025 -148.266998
v 146.591003 -220.218033 -150.131989
v 134.272003 -222.440033 -150.768997
v 136.073013 -225.424026 -152.791992
v 123.563004 -227.050034 -153.036987
v 125.230003 -230.112030 -155.100998
v 208.035004 -180.497025 -119.926987
v 217.981003 -189.126022 -125.659988
v 109.046005 -246.280029 -133.022995
v 110.465004 -249.484024 -134.753998
v 220.591003 -182.384003 -91.191986
v 228.340012 -188.792007 -94.395782
v 228.426010 -174.498001 -87.248695
v 238.080017 -181.872009 -90.936195
v 212.415009 -189.990005 -94.994789
v 219.128006 -195.994003 -97.997093
v 216.425003 -172.947021 -116.144989
v 227.939011 -182.148026 -122.323990
v 199.335007 -187.758026 -123.500992
v 206.486008 -194.493027 -127.930992
v 190.365005 -194.644028 -126.945992
v 195.593002 -199.989029 -130.431992
v 180.789001 -201.386032 -130.381989
v 184.161011 -205.143021 -132.814987
v 170.897003 -207.814026 -133.595993
v 176.074005 -214.108032 -137.642990
v -35.136902 -189.476028 -230.444000
v -38.395603 -207.049026 -251.815994
v -24.705601 -189.990021 -231.373993
v -27.801302 -213.795029 -260.364990
v -18.563301 -198.046021 -225.106995
v -19.583200 -208.927032 -237.475998
v -12.363300 -190.474030 -231.962997
v -13.876101 -213.781021 -260.346985
v 203.912003 -197.302002 -98.650986
v 209.149017 -202.370026 -101.184990
v 195.094009 -204.310028 -102.154991
v 203.411011 -213.020020 -106.509987
v 41.935402 -297.371002 -7.203038
v 42.525200 -301.554016 -7.304358
v 45.648399 -296.879028 4.404223
v 46.300503 -301.120026 4.467153
v -30.810501 -197.302017 -224.416000
v -32.611801 -208.837021 -237.535995
v -41.223103 -196.648026 -223.317001
v -43.888702 -209.363022 -237.756989
v 107.612007 -179.618027 -215.399994
v 110.367004 -184.217026 -220.914993
v 117.316002 -177.566025 -212.007996
v 119.478004 -180.837021 -215.912994
v 143.423004 -263.523010 15.020221
v 150.882004 -277.228027 15.801422
v 38.160301 -297.371002 -18.821478
v 38.705399 -301.620026 -19.090378
v 34.341602 -296.879028 -30.394379
v 34.825703 -301.063019 -30.822880
v 129.008011 -255.148010 -92.175880
v 133.511002 -264.053009 -95.392776
v 133.365005 -256.646027 -81.158684
v 138.731003 -266.973022 -84.424278
v 140.716003 -265.378021 3.689800
v 147.514008 -278.197021 3.868061
v 137.792999 -266.824005 -7.646350
v 144.030014 -278.901001 -7.992430
v 134.657013 -267.858002 -18.970678
v 140.006012 -278.497009 -19.724178
v 131.314011 -268.479004 -30.265781
v 136.101013 -278.266998 -31.369282
v 124.448006 -253.247025 -103.046982
v 128.355011 -261.197998 -106.282982
v 119.796005 -250.935028 -113.669991
v 122.854004 -257.340027 -116.571983
v 114.958008 -248.233032 -124.116989
v 117.507004 -253.737030 -126.867981
v 158.201004 -252.079010 40.853920
v 166.092010 -264.652008 42.891720
v 156.065002 -254.965012 29.609921
v 164.221008 -268.288025 31.157221
v 153.698013 -257.454010 18.287321
v 162.206009 -271.706024 19.299622
v 127.768005 -268.686005 -41.514183
v 132.080002 -277.754028 -42.915283
v 124.025009 -268.479004 -52.698586
v 128.126999 -277.359009 -54.441681
v 120.091003 -267.858002 -63.801785
v 123.248009 -274.900024 -65.479279
v 115.971008 -266.824005 -74.806580
v 119.173004 -274.191010 -76.872086
v 151.111008 -259.533020 6.960160
v 159.335007 -273.657013 7.338951
v 148.274002 -261.217010 -4.524161
v 155.632004 -274.180023 -4.748670
v 145.249008 -262.471008 -15.864080
v 151.449005 -273.675018 -16.541281
v 111.673004 -265.378021 -85.695984
v 114.307007 -271.637024 -87.717278
v 107.203003 -263.523010 -96.453278
v 109.069008 -268.110016 -98.132080
v 102.567001 -261.262024 -107.061981
v 103.990005 -264.887024 -108.546982
v 97.773300 -258.598022 -117.504982
v 99.064903 -262.014008 -119.057983
v 142.006012 -263.313019 -27.212282
v 148.007004 -274.440002 -28.362080
v 138.565002 -263.739014 -38.494583
v 143.884003 -273.864014 -39.972382
v 134.728012 -263.739014 -50.303482
v 139.667999 -273.409027 -52.147984
v 130.880005 -263.313019 -61.453884
v 135.769012 -273.148010 -63.749184
v 139.564011 -263.725006 34.799820
v 146.488007 -276.808014 36.526123
v 137.192001 -266.208008 23.487923
v 144.476013 -280.343018 24.735022
v 134.602005 -268.281006 12.162921
v 141.343002 -281.718018 12.772021
v 131.763000 -269.960022 0.725788
v 137.670013 -282.062012 0.758331
v 126.834007 -262.471008 -72.540878
v 131.462006 -272.048004 -75.187683
v 122.615005 -261.217010 -83.492981
v 126.528008 -269.553009 -86.157379
v 118.160004 -259.533020 -94.451683
v 121.055008 -265.891022 -96.765778
v 113.595009 -257.454010 -105.135979
v 116.077003 -263.078003 -107.431984
v 128.736008 -271.210022 -10.611681
v 134.001999 -282.304016 -11.045880
v 125.492004 -272.048004 -21.948481
v 130.165009 -282.178009 -22.765781
v 211.853012 -172.025024 -125.561989
v 224.550003 -182.335022 -133.087997
v 108.855003 -254.965027 -115.687981
v 110.670006 -259.216003 -117.616982
v 103.974007 -252.079025 -126.038994
v 105.411003 -255.563034 -127.780983
v 148.168015 -258.598022 37.594219
v 155.784012 -271.891022 39.526623
v 145.908005 -261.262024 26.327520
v 153.603012 -275.041016 27.716022
v 194.483002 -186.555023 -132.716995
v 200.926010 -192.736023 -137.113998
v 185.064011 -193.452026 -136.262985
v 187.234009 -195.720032 -137.860992
v 175.341003 -200.030029 -139.584991
v 177.095001 -202.030029 -140.980988
v 204.112015 -218.650009 -27.759184
v 217.674011 -233.178009 -29.603584
v 219.879013 -203.521011 -21.742186
v 238.037018 -220.329010 -23.537683
v 221.609009 -202.482010 -11.429485
v 239.829010 -219.130005 -12.369184
v 217.880005 -204.310013 -32.028187
v 233.295013 -218.765015 -34.294086
v 214.931015 -205.222015 -43.916286
v 228.862015 -218.523010 -46.762688
v 211.623016 -205.791016 -55.730988
v 222.949005 -216.805008 -58.713787
v 206.733017 -217.371017 -15.856984
v 220.725006 -232.084015 -16.930285
v 176.571014 -217.371033 -108.685989
v 190.615005 -228.453033 -117.330994
v 181.446014 -218.650009 -97.516190
v 196.587006 -229.566025 -105.652992
v 247.883011 -169.672012 -2.421777
v 273.221008 -187.015015 -2.669346
v 245.196014 -172.025009 -22.941988
v 262.535004 -184.190002 -24.564388
v 207.971008 -205.966003 -67.573784
v 218.696014 -216.588013 -71.058586
v 203.965012 -205.791016 -79.301590
v 210.596008 -212.481003 -81.879692
v 199.696014 -205.222015 -90.804283
v 208.495010 -214.265015 -94.805283
v 149.131012 -258.353027 -35.410782
v 155.798004 -269.902008 -36.993881
v 243.360016 -172.947006 -33.247791
v 256.791016 -182.492004 -35.082787
v 236.561005 -172.816010 66.435417
v 267.915009 -195.722015 75.241020
v 152.483002 -257.699005 -24.089582
v 159.500000 -269.558014 -25.198080
v 145.421005 -258.572998 -47.250183
v 151.296005 -269.019012 -49.158882
v 141.463013 -258.353027 -59.008984
v 147.207001 -268.842010 -61.404785
v 137.521011 -257.699005 -70.138184
v 142.744003 -267.487000 -72.802277
v 51.608002 -195.759018 -221.934998
v 56.348900 -213.742020 -242.322998
v -136.285004 -172.816025 -204.452988
v -151.268005 -191.816025 -226.929993
v 132.679001 -181.215027 -199.492996
v 134.300003 -183.427017 -201.929993
v 141.980011 -178.587021 -195.418991
v 143.716003 -180.770020 -197.807999
v -160.741013 -213.894028 -136.570984
v -167.449005 -222.821030 -142.270996
v -156.271011 -221.008026 -130.287994
v -161.281006 -228.093033 -134.464996
v -146.782013 -234.427032 -117.213989
v -149.120010 -238.162033 -119.080994
v -104.663002 -275.272003 -59.256283
v -106.107002 -279.070007 -60.073879
v -98.834305 -278.987000 -51.363979
v -100.239006 -282.952026 -52.094082
v 123.195007 -183.639023 -203.321991
v 124.849007 -186.104019 -206.052002
v -107.612007 -179.618027 -215.399994
v -118.198006 -197.288025 -236.589996
v -126.878006 -175.298019 -208.356995
v -140.194000 -193.696030 -230.224991
v -86.770401 -285.504028 -34.621677
v -87.966003 -289.437012 -35.098778
v -55.400902 -295.150024 7.570853
v -56.188202 -299.344025 7.678463
v -61.583004 -294.019012 -0.854483
v -62.456203 -298.188019 -0.866639
v -167.787003 -188.138031 -163.375992
v -181.923004 -203.990021 -177.140991
v 41.223202 -196.648026 -223.317001
v 44.806503 -213.741028 -242.727997
v 30.810600 -197.302017 -224.416000
v 33.375202 -213.725021 -243.095993
v -76.659004 -185.181030 -223.766998
v -83.786209 -202.398026 -244.570999
v -66.123207 -186.555023 -225.975998
v -72.156502 -203.577026 -246.595001
v -159.501007 -204.433029 -151.679993
v -167.902008 -215.200027 -159.668991
v -163.751007 -196.414032 -157.630997
v -174.881012 -209.764023 -168.344986
v -136.379013 -239.401031 -119.699989
v -138.169006 -242.543030 -121.271988
v -70.369904 -290.569000 -29.292879
v -71.355209 -294.637024 -29.702978
v -55.858200 -187.758026 -227.742996
v -60.911106 -204.742020 -248.343994
v 18.563301 -198.046021 -225.106995
v 20.036402 -213.762024 -242.970993
v 6.200830 -198.370026 -225.501999
v 6.585900 -210.689026 -239.505997
v -6.200750 -198.370026 -225.501999
v -6.505630 -208.123032 -236.589996
v 128.893005 -189.413025 -194.291992
v 130.575012 -191.884018 -196.826996
v 138.264008 -186.836029 -190.304001
v 140.162003 -189.400024 -192.916000
v 109.410004 -194.211029 -201.375000
v 111.590004 -198.081024 -205.386993
v 119.364006 -191.759018 -198.042999
v 120.909004 -194.241028 -200.606995
v -57.945503 -294.497009 -12.405078
v -58.772400 -298.699005 -12.582077
v -91.261803 -286.072021 8.627023
v -92.544907 -290.093018 8.748352
v -153.530014 -202.348022 -160.387985
v -161.796005 -213.243027 -169.022995
v -140.261002 -224.539032 -141.947998
v -143.492004 -229.711029 -145.217987
v 89.000404 -198.352020 -207.306000
v 91.339401 -203.564026 -212.753998
v 99.314209 -196.414032 -204.446991
v 101.480003 -200.696030 -208.904999
v 78.569801 -200.030029 -209.892990
v 80.867500 -205.879028 -216.030991
v -134.383011 -194.861023 -184.961990
v -142.379013 -206.456024 -195.967987
v 103.531006 -188.138031 -210.060989
v 105.764008 -192.197021 -214.591995
v -96.189003 -272.737000 -81.254379
v -97.504608 -276.467010 -82.365685
v -90.490501 -276.871002 -73.444481
v -91.760406 -280.756012 -74.475182
v -78.891205 -284.073029 -57.608379
v -79.994705 -288.047028 -58.414181
v -41.935303 -297.371002 -7.203038
v -42.533604 -301.614014 -7.305817
v 113.580002 -185.839020 -206.889999
v 115.779007 -189.437027 -210.894989
v 93.281708 -190.147018 -213.031998
v 96.144798 -195.983017 -219.570999
v 82.886604 -191.923019 -215.720993
v 86.199203 -199.594025 -224.341995
v 72.406204 -193.452026 -218.113998
v 77.522102 -207.120026 -233.524994
v -158.952011 -175.298019 -185.054001
v -175.850006 -193.933029 -204.725998
v -147.358002 -199.986023 -168.911987
v -155.467010 -210.992020 -178.207993
v -134.272003 -222.440033 -150.769989
v -137.633011 -228.008026 -154.543991
v -86.056206 -275.169006 -84.358879
v -87.240402 -278.956024 -85.519684
v 57.610802 -202.482025 -214.293991
v 60.002804 -210.890030 -223.192001
v 68.134102 -201.386032 -212.229996
v 70.464905 -208.275024 -219.490997
v 101.469002 -173.104019 -223.559998
v 105.742004 -180.394028 -232.975998
v 60.083900 -179.430023 -233.312988
v 69.127403 -206.437027 -268.429993
v 70.255005 -178.228027 -231.386002
v 80.936401 -205.325027 -266.564972
v 28.951601 -181.942017 -237.274002
v 33.252304 -208.970032 -272.521973
v 39.373402 -181.337021 -236.235001
v 45.328701 -208.765030 -271.965973
v 111.208008 -171.143021 -220.414993
v 114.861008 -176.765030 -227.655991
v 80.761703 -176.763031 -229.069000
v 93.208900 -204.006027 -264.373993
v -74.586205 -282.789001 -68.608681
v -75.603500 -286.646027 -69.544380
v -77.785797 -290.090027 -6.112768
v -78.873505 -294.146027 -6.198257
v -71.263504 -291.816010 2.294832
v -72.276405 -295.963013 2.327472
v -177.679001 -181.710022 -160.161987
v -195.246002 -199.676025 -175.996994
v 49.770603 -180.497025 -234.912994
v 57.289204 -207.764023 -270.399994
v 18.562700 -182.384018 -237.973999
v 21.337502 -209.648026 -273.546997
v -74.247398 -207.814026 -203.815994
v -78.137207 -218.701019 -214.493988
v -123.195007 -183.639023 -203.321991
v -133.425003 -198.888031 -220.205994
v -144.953003 -189.413025 -182.623993
v -155.967010 -203.806030 -196.500992
v -92.454704 -263.725006 -110.186981
v -93.638901 -267.103027 -111.597984
v -148.729004 -181.215027 -187.832001
v -162.562012 -198.069031 -205.302002
v -138.748001 -215.325027 -156.919998
v -143.441010 -222.608032 -162.227997
v -203.327011 -179.430023 -129.240997
v -224.130005 -197.789032 -142.463989
v -185.064011 -193.452026 -136.262985
v -199.394012 -208.431030 -146.813995
v -199.335007 -187.758026 -123.500992
v -216.369003 -203.802032 -134.053986
v -208.035004 -180.497025 -119.926987
v -228.419006 -198.182022 -131.676987
v -175.262009 -171.143021 -173.876999
v -195.671005 -191.073029 -194.125992
v -181.263016 -173.104019 -165.585999
v -202.155014 -193.055023 -184.670990
v -171.604004 -179.618027 -168.906998
v -188.793015 -197.610031 -185.825989
v -151.465012 -191.759018 -174.720993
v -162.449005 -205.665024 -187.391998
v -150.647003 -219.398026 -139.320984
v -155.285004 -226.154022 -143.610992
v -129.638000 -229.345032 -144.343994
v -132.139999 -233.771027 -147.129990
v -195.125015 -195.759018 -117.663994
v -208.933014 -209.611023 -125.989990
v -132.529007 -212.893021 -165.386993
v -137.288010 -220.537033 -171.325989
v -169.657013 -198.352020 -148.704987
v -180.910004 -211.508026 -158.568985
v 12.391100 -174.498016 -244.207001
v 14.440500 -203.358032 -284.597992
v 22.789101 -174.182022 -243.682999
v 26.569601 -203.078018 -284.107971
v -186.003006 -202.482025 -121.011993
v -197.331009 -214.813019 -128.380997
v -146.067001 -226.344025 -132.939987
v -149.364014 -231.453033 -135.940994
v -44.283001 -295.868011 -27.225578
v -44.911102 -300.065002 -27.611778
v -50.324001 -294.019012 -35.506180
v -51.040604 -298.205017 -36.011780
v -12.391001 -174.498016 -244.207001
v -14.446100 -203.438019 -284.708984
v -22.789001 -174.182022 -243.682999
v -26.568001 -203.066025 -284.091980
v 115.109009 -199.986023 -192.341995
v 116.481003 -202.371017 -194.636002
v 124.954002 -197.366028 -188.873993
v 126.554008 -199.893021 -191.291992
v 105.094002 -202.348022 -195.577988
v 106.290009 -204.650024 -197.804001
v -38.160202 -297.371002 -18.821478
v -38.702801 -301.599030 -19.089077
v -31.990803 -298.511017 -10.394378
v -32.446903 -302.767029 -10.542577
v -25.887701 -299.276001 -1.989207
v -26.252401 -303.491028 -2.017227
v -19.753500 -299.681000 6.418393
v -20.031401 -303.896027 6.508663
v -151.610001 -227.865021 -123.822990
v -155.095001 -233.102020 -126.667992
v 134.382004 -194.861023 -184.961990
v 136.211014 -197.512024 -187.478989
v -128.893005 -189.413025 -194.291992
v -137.966003 -202.746017 -207.968994
v -119.364006 -191.759018 -198.042999
v -127.333008 -204.560028 -211.263992
v -195.094009 -204.310028 -102.154991
v -206.993011 -216.772018 -108.385986
v -176.571014 -217.371033 -108.685989
v -184.054016 -226.584030 -113.291992
v -103.974007 -252.079025 -126.038994
v -105.265007 -255.210022 -127.604980
v -114.958008 -248.233032 -124.116989
v -116.257004 -251.039032 -125.519989
v -130.697006 -237.840027 -128.804993
v -132.471008 -241.067032 -130.552994
v -109.046005 -246.280029 -133.022995
v -110.385002 -249.304031 -134.655991
v -119.974007 -242.246033 -131.007996
v -121.425003 -245.177032 -132.592987
v -220.590012 -182.384003 -91.192093
v -241.756012 -199.884003 -99.941986
v -141.179001 -241.699020 -109.042992
v -142.974014 -244.772034 -110.429993
v -130.524002 -246.533020 -111.467987
v -132.239014 -249.773026 -112.932991
v -108.855003 -254.965027 -115.687981
v -110.159004 -258.019012 -117.073982
v -87.577507 -260.846008 -120.539986
v -88.807205 -264.508026 -122.232986
v -199.696014 -205.222015 -90.804283
v -212.450012 -218.328003 -96.603386
v -190.708008 -212.105011 -94.244286
v -200.495010 -222.991013 -99.080887
v -181.446014 -218.650009 -97.516190
v -189.529007 -228.390030 -101.859993
v -161.580002 -231.034027 -103.707993
v -166.157013 -237.578033 -106.645988
v -151.484009 -236.552032 -106.468987
v -154.120010 -240.668030 -108.321991
v -195.144012 -212.843018 -82.807190
v -205.910004 -224.586014 -87.375786
v -136.787003 -205.434021 -171.250000
v -142.878006 -214.581024 -178.875000
v -192.901016 -176.763031 -147.594986
v -213.872009 -195.979019 -163.640991
v -201.965012 -169.672028 -143.741989
v -226.171005 -190.007019 -160.969986
v -97.773209 -258.598022 -117.504982
v -99.013107 -261.877014 -118.994980
v -228.618011 -182.708008 -67.762985
v -251.320007 -200.851013 -74.491989
v -212.549011 -198.370010 -75.581192
v -227.941010 -212.735016 -81.054390
v -203.965012 -205.791016 -79.301590
v -217.076004 -219.020004 -84.399284
v 171.401001 -225.178009 -100.779991
v 181.545013 -238.504028 -106.743988
v 165.946014 -232.610016 -92.706787
v 174.637009 -244.792007 -97.561989
v 166.893005 -223.404022 -111.701988
v 176.000015 -235.595032 -117.796989
v 161.580002 -231.034027 -103.707993
v 169.809006 -242.799026 -108.989990
v -173.780014 -190.147018 -154.546997
v -188.210007 -205.936020 -167.379990
v -113.595009 -257.454010 -105.135979
v -115.108002 -260.882019 -106.535980
v -232.063004 -182.384003 -55.883884
v -255.928009 -201.140015 -61.630886
v -207.971008 -205.966003 -67.573784
v -221.622009 -219.486008 -72.009384
v -199.255005 -213.212006 -71.261688
v -210.830017 -225.598007 -75.401390
v -160.215012 -239.655014 -84.479195
v -164.352005 -245.842010 -86.660286
v -129.008011 -255.148010 -92.175781
v -130.525009 -258.148010 -93.259483
v -139.680008 -250.345016 -89.762985
v -141.451004 -253.520020 -90.901482
v -118.160004 -259.533020 -94.451683
v -119.717003 -262.952026 -95.696281
v 155.972000 -238.298004 -95.534691
v 163.083008 -249.162018 -99.890091
v 156.959015 -229.092026 -114.545990
v 164.171005 -239.620026 -119.809990
v 151.484009 -236.552032 -106.468987
v 158.035004 -246.782028 -111.073990
v 145.757004 -243.617004 -98.214493
v 151.729004 -253.599030 -102.238983
v -87.020905 -268.547028 -102.713982
v -88.149506 -272.029022 -104.045982
v -97.184906 -266.208008 -99.641586
v -98.418304 -269.587006 -100.905983
v -76.767105 -270.523010 -105.660980
v -77.850105 -274.340027 -107.150986
v -194.232010 -220.298004 -63.109787
v -203.815002 -231.167007 -66.223389
v 146.782013 -234.427032 -117.213989
v 152.331009 -243.290024 -121.644989
v 141.179001 -241.699020 -109.042992
v 146.687012 -251.130020 -113.297989
v 135.209000 -248.628006 -100.710991
v 139.986008 -257.412018 -104.267982
v 136.379013 -239.401031 -119.699989
v 141.085007 -247.663025 -123.830994
v -184.682007 -227.389008 -66.535088
v -192.919006 -237.532013 -69.502884
v -122.615005 -261.217010 -83.492981
v -124.123009 -264.430023 -84.519775
v -101.746002 -268.281006 -88.956688
v -103.176003 -272.051025 -90.206779
v -81.506401 -273.035004 -95.126183
v -82.602203 -276.705017 -96.405083
v 130.524002 -246.533020 -111.467987
v 135.084000 -255.146027 -115.362984
v 125.765007 -244.005020 -122.002991
v 129.441010 -251.136032 -125.567993
v 92.454803 -263.725006 -110.186981
v 93.618507 -267.045013 -111.573982
v 190.708008 -212.105011 -94.244286
v 199.887009 -222.315018 -98.780487
v 180.570007 -227.019012 -78.081284
v 190.862015 -239.959015 -82.531593
v -236.840012 -181.337006 -35.554184
v -262.946014 -201.325012 -39.473186
v -214.931015 -205.222015 -43.916286
v -228.161011 -217.854004 -46.619488
v -124.845009 -235.968033 -137.741989
v -126.486008 -239.069031 -139.551987
v -119.206009 -275.169006 17.665323
v -120.838005 -278.936005 17.907122
v -109.955002 -279.167023 14.688822
v -111.497002 -283.083008 14.894821
v -81.316002 -289.133026 5.464582
v -82.448303 -293.159027 5.540642
v -51.828503 -295.868011 -4.002868
v -52.566402 -300.080017 -4.059867
v -22.112803 -299.276001 -13.607078
v -22.425200 -303.503021 -13.799277
v -230.730011 -181.215012 64.538414
v -248.169006 -194.911011 69.416725
v 185.976013 -211.004028 -105.501991
v 197.813004 -224.433029 -112.216988
v 176.134003 -226.281006 -89.522087
v 186.578003 -239.699005 -94.830490
v 170.525009 -233.547012 -81.345192
v 179.688004 -246.096008 -85.715988
v 190.284012 -220.115005 -74.709282
v 202.295013 -230.922012 -79.424988
v -204.431015 -212.893005 55.902618
v -213.190018 -222.015015 58.297718
v -166.409012 -246.280014 43.522324
v -168.511002 -249.390015 44.071918
v -158.200012 -252.079010 40.853920
v -160.354004 -255.510010 41.409920
v -94.147903 -284.558014 20.069523
v -95.446800 -288.484009 20.346323
v 42.346703 -291.633026 -58.285080
v 42.944504 -295.750000 -59.107979
v -49.770504 -180.497025 -234.912994
v -56.522003 -204.982025 -266.778992
v -74.296608 -169.672028 -236.498993
v -84.176804 -192.235031 -267.949005
v -74.728210 -290.627014 13.842223
v -75.763206 -294.652008 14.033822
v -45.648304 -296.879028 4.404192
v -46.298000 -301.104004 4.466913
v -35.731102 -298.265015 1.206783
v -36.238503 -302.501007 1.223923
v -201.151016 -219.565018 -39.615185
v -210.234009 -229.480011 -41.403984
v -110.387009 -271.210022 -67.083977
v -111.834007 -274.765015 -67.963478
v -148.168015 -258.598022 37.594219
v -150.088013 -261.947998 38.081219
v 119.206009 -275.169006 17.665323
v 124.987007 -288.515015 18.522022
v 51.828606 -295.868011 -4.002878
v 52.558399 -300.034027 -4.059247
v 211.321014 -205.434006 58.142818
v 229.795013 -223.393005 63.225716
v -70.145302 -281.064026 -79.515984
v -71.106506 -284.915009 -80.605484
v -240.460007 -179.430008 -14.954488
v -270.532013 -201.869003 -16.824585
v -219.879013 -203.521011 -21.742186
v -233.498016 -216.127014 -23.088884
v -204.112015 -218.650009 -27.759184
v -212.838013 -227.998016 -28.945885
v -185.771011 -233.547012 -34.422382
v -192.395004 -241.874008 -35.649681
v 204.431015 -212.893005 55.902416
v 220.923004 -230.068008 60.412422
v 197.283005 -220.112015 53.575718
v 211.742004 -236.243011 57.502022
v 189.918015 -227.050018 51.181118
v 202.748016 -242.389008 54.638721
v 182.246002 -233.789017 48.673222
v 193.188004 -247.825012 51.595322
v 174.439011 -240.172012 46.135220
v 184.383011 -253.863007 48.765121
v -176.144012 -240.401016 -37.691784
v -180.720001 -246.647018 -38.670982
v -166.098007 -246.930008 -40.955982
v -168.682007 -250.771011 -41.593086
v -145.421005 -258.572998 -47.250183
v -147.303009 -261.920013 -47.861683
v -176.264008 -209.079025 -124.325989
v -185.046005 -219.497025 -130.520996
v 166.409012 -246.280014 43.522419
v 174.928009 -258.887024 45.750221
v 130.775009 -268.547028 31.948023
v 137.220001 -281.779999 33.522324
v 121.854004 -273.035004 29.050522
v 127.275009 -285.180023 30.342823
v 112.684006 -277.240021 26.086323
v 116.844002 -287.475006 27.049423
v -185.976013 -211.004028 -105.501991
v -195.556015 -221.873032 -110.936989
v -203.087006 -213.212006 -59.467091
v -214.672012 -225.374008 -62.859287
v -170.897003 -207.814026 -133.595993
v -179.862015 -218.715027 -140.603989
v 103.487007 -281.064026 23.099422
v 107.065002 -290.781006 23.898024
v 94.148003 -284.558014 20.069422
v 96.765610 -292.470001 20.627424
v 84.721001 -287.703003 17.007923
v 87.347801 -296.624023 17.535223
v 74.728302 -290.627014 13.842223
v 75.947708 -295.369019 14.068023
v 65.113106 -293.062012 10.720122
v 65.914299 -296.667999 10.852022
v -165.328003 -206.277023 -142.675995
v -173.798004 -216.844025 -149.984985
v -181.403015 -210.062027 -114.921989
v -190.433014 -220.518021 -120.642990
v -211.476013 -207.952011 47.687218
v -221.062012 -217.378006 49.848717
v -189.723007 -229.345016 40.577621
v -196.036011 -236.977005 41.927921
v -231.772018 -188.138016 33.551517
v -251.831009 -204.421005 36.454819
v 55.401001 -295.150024 7.570883
v 56.193104 -299.370026 7.679132
v 195.144012 -212.843018 -82.807091
v 206.887009 -225.652008 -87.790489
v 199.255005 -213.212006 -71.261688
v 212.462006 -227.344009 -75.985092
v 49.177303 -295.916016 15.978723
v 49.877106 -300.128021 16.206024
v -190.665009 -203.521027 -111.651993
v -202.275009 -215.913025 -118.449989
v -217.880005 -204.310013 -32.028187
v -231.112015 -216.719009 -33.973286
v -141.463013 -258.353027 -59.008984
v -143.246002 -261.608002 -59.752586
v -149.131012 -258.353027 -35.410782
v -151.137009 -261.827026 -35.887085
v -152.483002 -257.699005 -24.089582
v -154.469009 -261.055023 -24.403282
v -231.440018 -183.639008 54.335415
v -249.878006 -198.268005 58.664017
v -225.130005 -196.414017 31.275917
v -240.948013 -210.214005 33.473316
v -225.236008 -191.759003 52.323318
v -241.092010 -205.258011 56.006916
v -215.678009 -209.079010 -3.023134
v -228.171005 -221.190018 -3.198253
v -206.732010 -217.371017 -15.856984
v -215.783005 -226.888016 -16.551184
v -210.317017 -213.894012 16.007416
v -220.587006 -224.339005 16.788918
v -210.974014 -212.185013 26.605917
v -221.585007 -222.857010 27.944118
v -158.549011 -255.148010 -1.257131
v -160.660004 -258.545013 -1.273890
v -130.880005 -263.313019 -61.453884
v -132.612000 -266.796021 -62.266785
v -134.728012 -263.739014 -50.303482
v -136.406006 -267.024017 -50.929985
v -138.565002 -263.739014 -38.494583
v -140.477005 -267.378998 -39.025784
v -102.567001 -261.262024 -107.061981
v -103.851006 -264.531006 -108.401985
v -181.965012 -235.968018 38.053219
v -186.330002 -241.629013 38.966122
v -181.446014 -237.840012 27.383518
v -184.992004 -242.487015 27.918619
v -143.058014 -207.952026 -162.881989
v -149.239014 -216.935028 -169.918991
v -211.321014 -205.434006 58.143017
v -221.323013 -215.158005 60.894817
v -216.425003 -172.947021 -116.144989
v -239.675018 -191.527023 -128.622986
v -189.791016 -224.537018 61.666618
v -196.680008 -232.688004 63.905323
v -171.512009 -216.489029 -118.135994
v -178.537003 -225.357025 -122.974991
v -190.284012 -220.115005 -74.709282
v -199.658005 -230.958008 -78.389488
v -197.856003 -220.115005 -51.405186
v -206.332016 -229.544006 -53.607285
v -206.547012 -212.843018 -47.710087
v -217.588013 -224.220016 -50.260288
v -210.895004 -202.653015 68.523819
v -221.380005 -212.728012 71.930618
v -124.025009 -268.479004 -52.698681
v -125.642006 -271.981018 -53.385983
v -137.792999 -266.824005 -7.646370
v -139.601013 -270.325012 -7.746680
v -115.238007 -274.878998 37.442921
v -116.820007 -278.653015 37.957024
v -124.212006 -270.523010 40.358921
v -125.898003 -274.196014 40.906719
v -133.037003 -265.843018 43.226421
v -134.728012 -269.222015 43.775822
v -166.644012 -244.004013 54.146324
v -168.677002 -246.981018 54.806419
v -174.572006 -237.797012 56.721622
v -178.653015 -243.357010 58.048023
v -124.447006 -253.247025 -103.046982
v -126.091003 -256.591003 -104.407982
v -119.796005 -250.935028 -113.669991
v -121.397003 -254.289032 -115.188980
v -133.365005 -256.646027 -81.158684
v -135.063004 -259.914001 -82.191978
v -137.521011 -257.699005 -70.138184
v -139.422012 -261.263000 -71.108086
v -106.172005 -269.960022 -78.035484
v -107.567001 -273.507019 -79.060982
v -245.196014 -172.025009 -22.942087
v -279.357025 -195.991013 -26.138287
v -111.673004 -265.378021 -85.695984
v -113.121002 -268.818024 -86.806877
v -107.203003 -263.523010 -96.453278
v -108.701004 -267.207001 -97.801582
v -115.971008 -266.824005 -74.806580
v -117.449005 -270.223999 -75.759979
v -103.984001 -281.710999 -8.157129
v -105.445007 -285.667999 -8.271698
v -100.461006 -282.410004 -19.816280
v -101.837006 -286.278015 -20.087780
v -107.053001 -280.658020 3.268471
v -108.528008 -284.524017 3.313452
v -188.616013 -233.014008 19.198318
v -192.628006 -237.972015 19.606718
v -159.449005 -252.537018 -32.268181
v -161.492004 -255.773010 -32.681683
v -165.765015 -250.345016 -9.481691
v -168.057007 -253.807007 -9.612871
v -162.678009 -251.671005 -20.917883
v -164.882004 -255.081009 -21.201283
v -173.458008 -244.005005 24.779219
v -175.682007 -247.134018 25.096920
v -116.174004 -275.904999 -24.899481
v -117.786003 -279.734009 -25.244980
v -118.831009 -233.789032 -146.498993
v -120.440002 -236.956024 -148.482986
v -204.271011 -217.482010 34.856415
v -212.872009 -226.640015 36.324120
v -189.918015 -227.050018 51.181217
v -196.642014 -235.090012 52.993221
v -182.290009 -231.306015 59.230122
v -187.545013 -237.973007 60.936920
v -128.311005 -270.834015 20.620121
v -129.983002 -274.362000 20.888721
v -94.788300 -278.131012 -62.438480
v -96.074905 -281.906006 -63.285980
v -110.150002 -278.987000 -16.538879
v -111.700005 -282.914001 -16.771679
v -233.858017 -187.758011 -17.252186
v -257.395020 -206.655014 -18.988485
v -222.898010 -201.386017 -0.783380
v -238.891006 -215.835007 -0.839604
v -203.766006 -219.398010 24.165117
v -212.365005 -228.656006 25.184818
v -145.757004 -243.617004 -98.214493
v -147.748001 -246.946014 -99.556587
v -114.007004 -240.172028 -139.856995
v -115.379005 -243.062027 -141.539993
v -125.765007 -244.005020 -122.002991
v -127.396004 -247.168030 -123.583992
v -71.220703 -274.878998 -98.026878
v -72.203209 -278.671021 -99.379082
v -75.830208 -277.240021 -87.338280
v -76.860207 -281.005005 -88.524483
v -84.686707 -280.658020 -65.568382
v -85.881798 -284.619019 -66.493683
v -80.321304 -279.167023 -76.513184
v -81.459206 -283.122009 -77.597084
v -131.763000 -269.960022 0.725759
v -133.591003 -273.705017 0.735865
v -134.601013 -268.281006 12.162921
v -136.352005 -271.769012 12.321022
v -91.685799 -270.834015 -92.101479
v -92.882103 -274.368011 -93.303085
v -88.919708 -281.710999 -54.521179
v -90.139503 -285.575012 -55.269081
v -191.979004 -227.019012 -42.967384
v -200.143005 -236.673004 -44.794586
v -197.904007 -225.178009 -19.214184
v -205.074005 -233.337006 -19.910383
v -195.115005 -226.281006 -31.103785
v -203.174011 -235.627014 -32.388580
v -100.541008 -274.212006 -70.279778
v -101.905006 -277.931000 -71.232780
v -155.043015 -212.185028 -145.531998
v -161.421005 -220.913025 -151.518997
v -149.146011 -210.203018 -154.305984
v -155.283005 -218.852020 -160.654999
v -166.233002 -215.330032 -127.434990
v -173.167007 -224.311020 -132.750992
v -108.622002 -275.904999 -48.141087
v -110.148003 -279.782013 -48.817379
v -174.818008 -234.094009 -69.847488
v -181.668015 -243.266006 -72.584190
v -204.485016 -215.325012 45.397415
v -213.361008 -224.671005 47.367416
v -128.115005 -220.112030 -159.303986
v -131.501007 -225.929031 -163.513992
v -121.792007 -217.500031 -167.632996
v -125.334007 -223.825027 -172.507996
v -96.771103 -282.643005 -31.442781
v -98.129303 -286.609009 -31.884081
v -165.946014 -232.610016 -92.706787
v -171.218002 -239.999008 -95.651886
v -154.218002 -246.301010 -76.111092
v -157.422012 -251.418015 -77.692390
v -158.449005 -246.930008 -64.495590
v -161.809006 -252.166016 -65.863190
v -182.486008 -234.094009 -46.247784
v -189.656006 -243.291016 -48.064682
v -191.679016 -231.034012 -11.072483
v -196.273010 -236.570007 -11.337782
v -188.745010 -232.610016 -22.539385
v -194.207016 -239.341019 -23.191683
v -195.436005 -227.865005 11.060617
v -200.579010 -233.861008 11.351618
v -197.248016 -222.440018 43.052017
v -205.232010 -231.443008 44.794823
v -197.283005 -220.112015 53.575317
v -205.790009 -229.602005 55.885719
v -123.563004 -227.050034 -153.036987
v -126.124008 -231.756027 -156.209000
v -117.297005 -224.537033 -161.445999
v -119.908005 -229.535019 -165.038986
v -135.562012 -231.338028 -135.446991
v -137.547012 -234.724030 -137.429993
v -141.309006 -233.014023 -126.396988
v -143.516006 -236.653030 -128.370987
v -122.049004 -272.470001 -33.228180
v -123.698006 -276.151001 -33.677086
v -166.893005 -223.404022 -111.701988
v -172.787003 -231.293030 -115.645988
v 113.386002 -278.131012 -5.201279
v 117.011009 -287.022003 -5.367559
v 44.283104 -295.868011 -27.225578
v 44.906200 -300.031006 -27.608677
v 211.361008 -210.203003 37.170414
v 229.811005 -228.552017 40.414921
v 204.271011 -217.482010 34.856415
v 219.976013 -234.203018 37.536221
v 196.908005 -224.539017 32.394817
v 211.992004 -241.739014 34.876320
v 189.286011 -231.338013 29.897518
v 203.661011 -248.906006 32.168022
v 181.446014 -237.840012 27.383617
v 194.121002 -254.453018 29.296421
v 173.458008 -244.005005 24.779219
v 184.493011 -259.528015 26.355619
v 163.730011 -250.935013 21.547020
v 173.326004 -265.641022 22.809721
v 125.579002 -272.737000 9.197731
v 131.461014 -285.512024 9.628542
v 116.378006 -276.871002 6.228961
v 121.309006 -288.602020 6.492872
v 107.053001 -280.658020 3.268421
v 110.652008 -290.094025 3.378302
v 87.806602 -287.266022 -2.945138
v 90.378403 -295.679016 -3.031408
v 77.785904 -290.090027 -6.112778
v 79.537506 -296.622009 -6.250438
v 67.682899 -292.529999 -9.256219
v 68.669708 -296.795013 -9.391179
v 57.945602 -294.497009 -12.405078
v 58.739201 -298.530029 -12.574978
v 48.095501 -296.113007 -15.627179
v 48.769901 -300.264008 -15.846277
v 18.294302 -298.783020 -25.179878
v 18.553902 -303.023010 -25.537178
v 211.476013 -207.952011 47.687119
v 229.762009 -225.933014 51.810516
v 204.485016 -215.325012 45.397118
v 221.153015 -232.877014 49.097321
v 197.249008 -222.440018 43.052319
v 212.262009 -239.372009 46.329323
v 189.723007 -229.345016 40.577621
v 203.490005 -245.988007 43.522221
v 181.965012 -235.968018 38.053219
v 194.044006 -251.632019 40.579124
v 174.066010 -242.246017 35.468822
v 184.389008 -256.613007 37.572323
v 165.957001 -248.233017 32.841919
v 175.365005 -262.306000 34.703720
v 128.311005 -270.834015 20.620121
v 134.576004 -284.058014 21.626923
v 80.498604 -288.229004 -26.155479
v 82.187508 -294.276001 -26.704279
v 70.370003 -290.569000 -29.292879
v 71.266708 -294.271027 -29.666079
v 60.197304 -292.529999 -32.294479
v 61.042305 -296.636017 -32.747780
v 50.324001 -294.019012 -35.506180
v 51.027401 -298.128021 -36.002377
v 40.370304 -295.150024 -38.688679
v 40.946701 -299.364014 -39.241081
v 218.194016 -204.433014 28.959818
v 238.143005 -223.123016 31.607420
v 210.974014 -212.185013 26.605917
v 228.839005 -230.152008 28.858820
v 203.766006 -219.398010 24.165117
v 219.673004 -236.525009 26.051517
v 196.311005 -226.344009 21.694918
v 211.558014 -243.924011 23.380020
v 188.616013 -233.014008 19.198318
v 202.820007 -250.562012 20.644119
v 180.691010 -239.401016 16.678318
v 193.247009 -256.037018 17.837219
v 171.115005 -246.533005 13.459920
v 181.398010 -261.347015 14.268721
v 161.250015 -253.247009 10.218719
v 170.629013 -267.977020 10.813021
v 122.649002 -274.212006 -2.239109
v 127.620003 -285.325012 -2.329849
v 195.436005 -227.865005 11.060517
v 210.326004 -245.225006 11.903219
v 187.645004 -234.427017 8.551749
v 201.040009 -251.161011 9.162169
v 178.310013 -241.699005 5.235138
v 189.706009 -257.146027 5.569730
v 168.582001 -248.628006 2.002799
v 177.911011 -262.386017 2.113610
v 158.549011 -255.148010 -1.257161
v 167.061005 -268.846008 -1.324650
v 119.504005 -275.272003 -13.579780
v 123.426003 -284.306000 -14.025478
v 110.150002 -278.987000 -16.538879
v 113.253006 -286.847015 -17.004881
v 100.461006 -282.410004 -19.816280
v 102.926003 -289.340027 -20.302580
v 191.679016 -231.034012 -11.072483
v 202.204010 -243.720016 -11.680483
v 182.338013 -238.298004 -14.388983
v 193.224014 -252.525009 -15.248081
v 172.711014 -245.151016 -17.657982
v 182.450012 -258.976013 -18.653681
v 162.678009 -251.671005 -20.917883
v 170.820007 -264.266998 -21.964783
v 122.049004 -272.470001 -33.228180
v 125.835007 -280.923004 -34.258980
v 112.491005 -276.134003 -36.550484
v 115.022003 -282.345001 -37.372677
v 102.763008 -279.454010 -39.817581
v 104.677002 -284.660004 -40.559376
v 92.922104 -282.410004 -43.017479
v 94.555107 -287.372009 -43.773376
v 72.768204 -287.266022 -49.228680
v 73.796707 -291.326019 -49.924480
v 62.574104 -289.133026 -52.217178
v 63.445805 -293.161011 -52.944580
v 52.320305 -290.627014 -55.122681
v 53.052502 -294.695007 -55.894180
v 216.784012 -207.814011 7.630916
v 234.931015 -225.209015 8.269668
v 209.390015 -215.330017 5.388247
v 225.805008 -232.210007 5.810658
v 201.974014 -222.347015 2.901867
v 215.655014 -237.409012 3.098438
v 194.311005 -229.092010 0.411936
v 208.057007 -245.300018 0.441081
v 185.134003 -236.552017 -2.904612
v 197.343002 -252.152008 -3.096151
v 175.649002 -243.617004 -6.216292
v 185.993011 -257.964020 -6.582391
v 165.765015 -250.345016 -9.481731
v 174.772003 -263.947998 -9.996941
v 155.598007 -256.646027 -12.730982
v 163.450012 -269.597015 -13.373481
v 109.955002 -279.167023 14.688822
v 114.159004 -289.841003 15.250423
v 91.261902 -286.072021 8.627072
v 94.189110 -295.247009 8.903782
v 81.316002 -289.133026 5.464542
v 83.455704 -296.741028 5.608333
v 71.263504 -291.816010 2.294852
v 72.445206 -296.655029 2.332912
v 61.583103 -294.019012 -0.854521
v 62.456001 -298.186005 -0.866636
v 66.523102 -290.090027 -40.775978
v 67.457108 -294.163025 -41.348480
v 56.304604 -291.816010 -43.744080
v 57.094803 -295.911011 -44.358082
v 46.376503 -293.062012 -46.945179
v 47.033104 -297.211029 -47.609779
v 217.616013 -206.277008 18.249916
v 236.148010 -223.843018 19.803919
v 210.317017 -213.894012 16.007317
v 228.118011 -231.999008 17.362217
v 203.007004 -221.008011 13.552116
v 218.237015 -237.588013 14.568719
v 74.586304 -282.789001 -68.608681
v 75.592506 -286.604004 -69.534279
v 64.370804 -284.558014 -71.575279
v 65.284103 -288.595001 -72.590683
v 214.308014 -210.062012 -13.651984
v 230.481018 -225.914017 -14.682283
v 197.904007 -225.178009 -19.214184
v 209.817017 -238.734009 -20.370884
v 188.745010 -232.610016 -22.539385
v 199.558014 -245.936005 -23.830681
v 179.273010 -239.655014 -25.827084
v 190.073013 -254.092010 -27.382982
v 103.984001 -281.710999 -8.157120
v 106.848007 -289.468018 -8.381739
v 84.208008 -287.991028 -14.512578
v 86.492302 -295.803009 -14.906179
v 74.148399 -290.569000 -17.663877
v 75.510109 -295.905029 -17.988279
v 63.992104 -292.768005 -20.792278
v 64.872902 -296.797028 -21.078478
v 54.170605 -294.497009 -24.023478
v 54.940399 -298.682007 -24.364880
v 118.271004 -272.470001 -44.856380
v 121.664009 -280.288025 -46.143478
v 108.622002 -275.904999 -48.141087
v 111.051003 -282.075012 -49.217583
v 98.834305 -278.987000 -51.364082
v 100.619003 -284.023010 -52.291279
v 88.919800 -281.710999 -54.521179
v 90.174706 -285.686005 -55.290581
v 78.891304 -284.073029 -57.608379
v 79.956299 -287.908020 -58.386082
v 68.761604 -286.072021 -60.621677
v 69.703705 -289.991028 -61.452282
v 58.543804 -287.703003 -63.557377
v 59.358402 -291.707001 -64.441780
v 215.678009 -209.079010 -3.023134
v 232.978012 -225.850006 -3.265633
v 208.195007 -216.489014 -5.237734
v 223.102005 -231.991013 -5.612772
v 200.676010 -223.404007 -7.728484
v 213.016006 -237.141006 -8.203712
v 100.541008 -274.212006 -70.279778
v 101.864006 -277.820007 -71.204277
v 90.490608 -276.871002 -73.444481
v 91.732605 -280.671021 -74.452583
v 80.321404 -279.167023 -76.513184
v 81.445107 -283.073029 -77.583687
v 70.145401 -281.064026 -79.515984
v 71.121300 -284.973999 -80.622276
v 212.470016 -211.004013 -23.961086
v 228.164017 -226.589005 -25.730885
v 195.115005 -226.281006 -31.103785
v 206.096008 -239.016006 -32.854282
v 185.771011 -233.547012 -34.422382
v 196.258011 -246.731018 -36.365482
v 176.144012 -240.401016 -37.691784
v 185.127014 -252.662018 -39.614086
v 166.098007 -246.930008 -40.955982
v 173.729004 -258.275024 -42.837681
v 155.902008 -252.958008 -44.127586
v 162.667007 -263.934998 -46.042484
v 114.426003 -272.048004 -56.005684
v 117.672005 -279.764008 -57.594280
v 104.663002 -275.272003 -59.256283
v 106.376007 -279.779022 -60.226479
v 94.788300 -278.131012 -62.438480
v 96.026108 -281.763000 -63.253780
v 84.686707 -280.658020 -65.568382
v 85.786003 -284.301025 -66.419479
v 206.547012 -212.843018 -47.710087
v 221.131012 -227.871017 -51.078587
v 197.856003 -220.115005 -51.405289
v 210.177017 -233.821014 -54.606182
v 188.519012 -227.389008 -54.725182
v 198.845016 -239.844009 -57.722786
v 178.805008 -234.294006 -58.097183
v 188.014008 -246.361008 -61.089584
v 168.759003 -240.822006 -61.361382
v 177.157013 -252.806015 -64.414978
v 158.449005 -246.930008 -64.495590
v 165.932007 -258.592010 -67.541580
v 147.964005 -252.537018 -67.616287
v 154.536011 -263.755005 -70.619774
v 106.172005 -269.960022 -78.035378
v 108.183006 -275.074005 -79.513878
v 96.189110 -272.737000 -81.254379
v 97.547104 -276.588013 -82.401482
v 86.056297 -275.169006 -84.358879
v 87.225502 -278.908020 -85.505081
v 75.830299 -277.240021 -87.338280
v 76.857399 -280.995026 -88.521278
v 106.541008 -279.454010 -28.189281
v 109.044006 -286.020020 -28.851679
v 116.174004 -275.904999 -24.899481
v 119.241005 -283.190002 -25.556881
v 96.771210 -282.643005 -31.442781
v 98.825905 -288.644012 -32.110378
v 76.656006 -287.991028 -37.755177
v 77.654106 -291.741028 -38.246780
v 201.152008 -219.565018 -39.615185
v 214.393005 -234.019012 -42.222984
v 191.980011 -227.019012 -42.967384
v 202.786011 -239.798004 -45.385883
v 182.486008 -234.094009 -46.247784
v 191.913010 -246.187012 -48.636784
v 172.596008 -240.822006 -49.551483
v 181.086014 -252.668015 -51.988880
v 162.411011 -247.140015 -52.770584
v 169.682007 -258.204010 -55.133083
v 152.065002 -252.958008 -55.936584
v 158.899002 -264.327026 -58.450584
v 110.387009 -271.210022 -67.083977
v 113.121002 -277.925018 -68.745186
v 233.858017 -187.758011 -17.252087
v 251.997009 -202.322006 -18.590286
v 230.023010 -189.476013 -37.793789
v 238.222015 -196.230011 -39.140987
v 227.684006 -189.990005 -48.001884
v 234.706009 -195.849014 -49.482288
v 237.886017 -181.710007 25.136415
v 265.561005 -202.850006 28.060717
v 224.431015 -190.474014 -59.922386
v 230.312012 -195.465012 -61.492588
v 159.449005 -252.537018 -32.268181
v 166.577011 -263.826019 -33.710583
v 169.502014 -246.301010 -29.071783
v 178.233002 -258.988007 -30.569384
v 150.105011 -245.151016 -87.231384
v 156.548004 -255.674011 -90.975685
v 160.215012 -239.655014 -84.479286
v 167.897003 -251.145020 -88.529488
v 139.680008 -250.345016 -89.763092
v 145.830002 -261.368011 -93.715485
v 97.185005 -266.208008 -99.641586
v 98.492798 -269.791016 -100.982979
v 87.021004 -268.547028 -102.713982
v 88.120300 -271.939026 -104.011986
v 203.087006 -213.212006 -59.467091
v 216.526016 -227.321014 -63.402290
v 194.232010 -220.298004 -63.109787
v 205.812012 -233.432007 -66.872284
v 184.682007 -227.389008 -66.535088
v 195.293015 -240.453018 -70.357788
v 174.818008 -234.094009 -69.847488
v 183.893005 -246.246017 -73.473282
v 164.658005 -240.401016 -73.041283
v 172.916016 -252.458008 -76.704590
v 154.218002 -246.301010 -76.111092
v 161.415009 -257.795013 -79.662979
v 143.905014 -251.671005 -78.696785
v 150.179001 -262.644012 -82.127983
v 101.746002 -268.281006 -88.956688
v 103.382004 -272.594025 -90.386978
v 91.685905 -270.834015 -92.101379
v 92.890007 -274.391022 -93.311081
v 81.506401 -273.035004 -95.126083
v 82.580109 -276.631012 -96.379280
v 231.432007 -190.147003 22.885517
v 253.663010 -208.412003 25.083918
v 230.776016 -191.923004 12.168515
v 250.262009 -208.129013 13.195916
v 229.814011 -193.452011 1.461335
v 247.022018 -207.937012 1.570776
v 228.625015 -194.644012 -9.192366
v 247.292007 -210.536011 -9.942924
v 227.021011 -195.759003 -19.499685
v 244.935013 -211.206009 -21.038385
v 230.730011 -181.215012 64.538719
v 257.309998 -202.091003 71.973618
v 231.441010 -183.639008 54.335518
v 257.600006 -204.395004 60.476917
v 222.954010 -197.302002 -40.045883
v 234.905014 -207.878006 -42.192486
v 219.826004 -198.046005 -51.907288
v 229.702011 -206.943008 -54.239090
v 216.381012 -198.370010 -63.786591
v 224.773010 -206.063004 -66.260284
v 212.549011 -198.370010 -75.581192
v 217.230011 -202.739014 -77.245888
v 208.354004 -198.046005 -87.216789
v 213.131012 -202.587006 -89.216591
v 216.790009 -190.474014 -83.438789
v 221.473007 -194.589005 -85.241287
v 220.797012 -190.635010 -71.741386
v 227.300018 -196.250015 -73.854286
v 238.112015 -179.618011 35.782619
v 267.417023 -201.723007 40.186516
v 235.349014 -186.555008 -6.943456
v 253.591019 -201.015015 -7.481645
v 236.504013 -185.181015 3.759404
v 257.707001 -201.783005 4.096446
v 69.626602 -282.410004 75.081024
v 70.602104 -286.366028 76.132927
v 19.809301 -297.371002 37.657024
v 20.091600 -301.609009 38.193726
v 79.167603 -284.073029 57.228127
v 80.284904 -288.082001 58.035725
v 225.130005 -196.414017 31.275917
v 247.515015 -215.943008 34.385620
v 223.900009 -200.030014 9.863735
v 242.973007 -217.069016 10.703918
v 224.662018 -198.352005 20.583317
v 244.035019 -215.455017 22.358217
v 222.898010 -201.386017 -0.783389
v 241.520004 -218.211014 -0.848847
v 186.020004 -219.565018 -86.184387
v 198.379013 -230.422012 -91.910194
v 49.270401 -295.150024 26.439024
v 49.968002 -299.329010 26.813326
v 237.367004 -175.298004 56.282215
v 267.910004 -197.854004 63.524319
v 228.618011 -182.708008 -67.762985
v 235.333008 -188.075012 -69.753387
v 232.063004 -182.384003 -55.883789
v 238.829010 -187.702011 -57.513187
v 224.786011 -182.708008 -79.556694
v 231.366013 -188.056015 -81.885384
v 243.993011 -171.143005 37.653412
v 279.104004 -195.772003 43.071819
v 238.799011 -174.182007 -53.628490
v 248.735016 -181.429016 -55.859886
v 236.084015 -174.498001 -63.679592
v 244.311005 -180.579010 -65.898788
v 218.499008 -199.986008 50.038017
v 238.243011 -218.057007 54.559517
v 218.243011 -197.366013 60.472820
v 239.003006 -216.140015 66.225220
v 218.482010 -202.348007 39.513718
v 238.565018 -220.948013 43.146019
v 243.974014 -173.104004 27.418316
v 277.981018 -197.232010 31.240017
v 240.461014 -179.430008 -14.954388
v 259.246002 -193.448013 -16.122686
v 241.771011 -178.228012 -4.685637
v 264.468018 -194.960007 -5.125515
v 234.608017 -181.942001 -45.787186
v 242.025009 -187.694016 -47.234886
v 236.840012 -181.337006 -35.554184
v 246.697006 -188.884003 -37.033985
v 242.814011 -176.763016 6.022704
v 267.869019 -195.002014 6.644135
v 238.795013 -180.497009 -25.257389
v 253.105011 -191.313004 -26.770885
v 224.613007 -189.413010 62.544819
v 246.969009 -208.265015 68.769814
v 225.236008 -191.759003 52.323418
v 247.751007 -210.928009 57.553917
v 232.082016 -188.732010 -27.539688
v 245.002014 -199.239014 -29.072887
v 225.126007 -196.648010 -29.803085
v 239.115005 -208.867004 -31.655087
v 209.681015 -212.105011 -35.849987
v 224.966003 -227.567017 -38.463284
v 231.772018 -188.138016 33.551216
v 256.194000 -207.963013 37.086517
v 10.032300 -258.598022 152.534027
v 10.165300 -262.025024 154.555023
v 20.039501 -270.834015 128.403015
v 20.317001 -274.584015 130.181015
v 79.961403 -239.654999 162.517029
v 81.149902 -243.216995 164.933029
v 39.984901 -278.131012 106.229027
v 40.545605 -282.029999 107.718025
v 30.038803 -276.871002 112.607025
v 30.462101 -280.773010 114.194031
v 30.058502 -272.737000 122.275032
v 30.468201 -276.454010 123.941032
v 49.852604 -266.824005 128.686020
v 50.549702 -270.555023 130.486023
v 78.964905 -268.686005 108.686028
v 80.062798 -272.422028 110.197029
v 9.919580 -295.150024 55.029026
v 10.060901 -299.355011 55.813026
v 30.058502 -231.337997 189.261017
v 30.459902 -234.427002 191.788025
v 88.698708 -195.758987 209.884018
v 95.735802 -211.289993 226.535019
v 39.890900 -212.184998 208.870026
v 40.393303 -214.856995 211.500031
v 59.740803 -191.922989 223.241028
v 62.345604 -200.291000 232.975021
v 88.299301 -282.789001 49.734524
v 89.749405 -287.434021 50.551327
v 9.884991 -299.929016 13.605523
v 10.023500 -304.132019 13.796124
v 9.891691 -299.276001 24.006023
v 10.031401 -303.503021 24.345123
v 29.616402 -298.265015 20.026024
v 30.037102 -302.502014 20.310425
v 19.771400 -298.511017 27.213024
v 20.051500 -302.740021 27.598524
v 179.054016 -219.398010 100.221024
v 189.370010 -232.037003 105.995018
v 138.449005 -243.616989 108.273018
v 142.848007 -251.358002 111.713020
v 143.664001 -254.965012 67.778023
v 148.634003 -263.785004 70.122726
v 120.042007 -220.297989 165.224030
v 127.902008 -234.722000 176.042023
v 79.330505 -186.554993 221.685028
v 85.054604 -200.015991 237.680023
v 90.278503 -240.401001 155.875015
v 92.210106 -245.544998 159.210022
v 60.190502 -256.646027 144.049026
v 61.008606 -260.134003 146.007019
v 59.972202 -236.552002 175.176025
v 60.781200 -239.742996 177.539017
v 59.580605 -215.330002 200.807022
v 60.903603 -220.110992 205.266022
v 68.592705 -290.627014 32.725723
v 69.504105 -294.489014 33.160526
v 39.549301 -292.768005 54.434925
v 40.108902 -296.910004 55.205128
v 39.890900 -281.710999 96.374321
v 40.446701 -285.635010 97.717026
v 40.076504 -259.533020 145.866028
v 40.621605 -263.062012 147.850021
v 39.824001 -196.414001 223.776031
v 40.648102 -200.477997 228.407028
v 49.848602 -198.351990 220.027023
v 51.283901 -204.062988 226.362030
v 19.774401 -299.276001 16.825825
v 20.054001 -303.507019 17.063623
v 19.822901 -295.868011 48.054924
v 20.104401 -300.070007 48.737328
v 19.931002 -289.133026 79.024727
v 20.211500 -293.202026 80.136726
v 20.008001 -279.167023 109.112030
v 20.285402 -283.038025 110.625031
v 29.724701 -296.113007 40.912525
v 30.144701 -300.296021 41.490524
v 29.963001 -284.073029 92.977325
v 30.379902 -288.026001 94.271027
v 29.972902 -217.481995 205.044022
v 30.359501 -220.287994 207.689026
v 29.850801 -194.210999 227.225021
v 30.353701 -197.483002 231.053024
v 10.006201 -284.558014 95.741928
v 10.146201 -288.538025 97.080826
v 10.010501 -281.064026 105.560028
v 10.149701 -284.973999 107.029030
v 10.031100 -263.725006 143.487015
v 10.170300 -267.383026 145.477020
v 10.026300 -233.789001 188.367020
v 10.154700 -236.780991 190.778030
v 9.925701 -189.412994 232.947021
v 10.115001 -193.024994 237.390030
v 49.750900 -288.229004 68.476227
v 50.453701 -292.301025 69.443527
v 39.824001 -287.991028 75.601929
v 40.387501 -292.065002 76.671631
v 29.934803 -287.266022 82.598923
v 30.355402 -291.302002 83.759529
v 19.996700 -286.072021 89.461128
v 20.279303 -290.115021 90.725426
v 97.300301 -281.064026 42.140423
v 100.050003 -289.007019 43.331223
v 40.030304 -274.212006 115.954025
v 40.593304 -278.069000 117.585030
v 10.027500 -268.547028 134.247025
v 10.161901 -272.144012 136.046021
v 133.364014 -263.725006 53.880020
v 138.826004 -274.526001 56.086624
v 124.797005 -266.208008 61.637421
v 129.319000 -275.856018 63.871124
v 116.044006 -268.281006 69.276924
v 119.464005 -276.187012 71.318321
v 9.893890 -298.265015 34.355225
v 10.033901 -302.485016 34.841324
v 39.519001 -296.879028 23.268425
v 40.075203 -301.057007 23.595825
v 29.692600 -297.371002 30.476425
v 30.112200 -301.574005 30.907124
v 9.917541 -296.879028 44.775223
v 10.057401 -301.066010 45.406723
v 39.577301 -295.868011 33.702526
v 40.140900 -300.081024 34.182423
v 58.978703 -293.062012 29.599825
v 59.817204 -297.229004 30.020624
v 49.319504 -294.019012 36.889023
v 50.019402 -298.191010 37.412525
v 39.587399 -294.497009 44.095627
v 40.150501 -298.686005 44.722824
v 29.704201 -294.497009 51.276127
v 30.126501 -298.683014 52.005024
v 19.843000 -294.019012 58.304924
v 20.124802 -298.194000 59.132923
v 9.925680 -293.062012 65.238922
v 10.066501 -297.219025 66.164322
v 59.002304 -291.816010 40.031128
v 59.841305 -295.965027 40.600422
v 49.315899 -292.529999 47.271526
v 50.012604 -296.662018 47.939327
v 29.718401 -292.529999 61.509926
v 30.138802 -296.667999 62.380024
v 19.839201 -291.816010 68.484825
v 20.118401 -295.923004 69.448730
v 9.927691 -290.627014 75.348320
v 10.067600 -294.723999 76.410530
v 78.537804 -287.703003 36.038128
v 79.961304 -292.917999 36.691326
v 68.998001 -289.133026 43.375526
v 69.983002 -293.261017 43.994724
v 59.337105 -290.090027 50.666824
v 60.166401 -294.145020 51.374924
v 49.604702 -290.569000 57.873825
v 50.311302 -294.707001 58.698128
v 39.712605 -290.569000 65.060921
v 40.267303 -294.628021 65.969727
v 29.850801 -290.090027 72.089821
v 30.275101 -294.213013 73.114426
v 10.004800 -287.703003 85.830231
v 10.145000 -291.734009 87.032730
v 87.963905 -284.558014 39.102325
v 89.439301 -289.331024 39.758224
v 78.903206 -286.072021 46.663025
v 80.020210 -290.121002 47.323524
v 69.305901 -287.266022 53.994125
v 70.282402 -291.313019 54.754925
v 59.595402 -287.991028 61.237129
v 60.439701 -292.071014 62.104725
v 79.351105 -275.904999 88.429527
v 80.446404 -279.714020 89.650024
v 69.523300 -276.134003 95.690628
v 70.486603 -279.960022 97.016426
v 59.580605 -275.904999 102.794029
v 60.400902 -279.704010 104.209030
v 49.844002 -275.272003 109.459030
v 50.526501 -279.041016 110.957031
v 88.529007 -280.658020 60.280128
v 89.659904 -284.244019 61.050129
v 79.330505 -281.710999 67.719826
v 80.437103 -285.640015 68.664421
v 59.807899 -282.643005 82.318527
v 60.647606 -286.611023 83.474228
v 49.890503 -282.410004 89.420227
v 50.589302 -286.365021 90.672523
v 29.972902 -280.658020 102.824028
v 30.389902 -284.564026 104.254028
v 10.011800 -277.240021 115.230026
v 10.152401 -281.133026 116.848030
v 115.657005 -273.035004 48.121624
v 120.198006 -283.753021 50.010723
v 106.823006 -275.169006 55.776020
v 109.900002 -283.096008 57.382828
v 97.813103 -276.871002 63.366020
v 99.667603 -282.120026 64.567421
v 88.673798 -278.131012 70.854523
v 89.930405 -282.072021 71.858528
v 79.391708 -278.987000 78.124733
v 80.487297 -282.837006 79.202820
v 69.624298 -279.454010 85.429024
v 70.596405 -283.355011 86.621628
v 59.732700 -279.454010 92.615730
v 60.568302 -283.363007 93.911232
v 49.767605 -278.987000 99.647827
v 50.455803 -282.844025 101.026031
v 20.036001 -275.169006 118.830025
v 20.308100 -278.904999 120.444031
v 10.026300 -273.035004 124.867027
v 10.164500 -276.798004 126.588028
v 124.578003 -268.547028 51.021420
v 129.704010 -279.597015 53.120922
v 115.926003 -270.834015 58.737522
v 119.984009 -280.314026 60.793423
v 107.002007 -272.737000 66.372231
v 109.505005 -279.118011 67.925125
v 97.909103 -274.212006 73.902924
v 99.264709 -278.009003 74.926125
v 88.698708 -275.272003 81.229027
v 89.945206 -279.140015 82.370529
v 127.530006 -255.148010 94.210129
v 131.003006 -262.096008 96.775322
v 69.508301 -285.037018 64.520630
v 70.484207 -289.039001 65.426422
v 59.740803 -285.504028 71.824928
v 60.579105 -289.510010 72.832733
v 49.848602 -285.504028 79.012024
v 50.548901 -289.514008 80.121925
v 39.883503 -285.037018 86.044327
v 40.448200 -289.073029 87.262627
v 20.014400 -282.789001 99.346428
v 20.294001 -286.741028 100.734024
v 106.497002 -277.240021 45.129921
v 109.780006 -285.788025 46.521423
v 97.589104 -279.167023 52.746326
v 100.269005 -286.835022 54.194923
v 10.032300 -252.078995 163.082016
v 10.169100 -255.514999 165.305023
v 160.210007 -246.280014 62.602722
v 167.245010 -257.095001 65.351723
v 153.566010 -248.233017 70.977516
v 159.416000 -257.690002 73.681320
v 145.126007 -250.935013 78.806419
v 150.013000 -259.385010 81.460327
v 136.460007 -253.247009 86.513229
v 140.641006 -261.007019 89.163925
v 59.972202 -262.471008 133.238022
v 60.765003 -265.941010 134.999023
v 50.122002 -261.217010 139.619019
v 50.786201 -264.679016 141.469025
v 30.103102 -257.454010 151.827026
v 30.521902 -261.036011 153.939026
v 20.066200 -254.964996 157.577026
v 20.332100 -258.344025 159.665024
v 98.890503 -263.313019 105.484032
v 100.255005 -266.946014 106.940025
v 89.474609 -263.739014 112.589027
v 90.657906 -267.227020 114.078026
v 79.429405 -263.739014 119.887032
v 80.514404 -267.341003 121.525032
v 69.762802 -263.313019 126.647026
v 70.736206 -266.987000 128.414017
v 141.968002 -258.598022 56.676823
v 147.724014 -269.084015 58.974823
v 133.517014 -261.262024 64.463226
v 138.508011 -271.029022 66.873024
v 124.860008 -263.523010 72.150230
v 128.822006 -271.885010 74.439629
v 116.011009 -265.378021 79.725922
v 118.732002 -271.602020 81.595825
v 106.982002 -266.824005 87.178825
v 108.501007 -270.612000 88.416527
v 97.789207 -267.858002 94.497131
v 99.112404 -271.482025 95.775734
v 88.445206 -268.479004 101.670029
v 89.633301 -272.085022 103.036026
v 69.362709 -268.479004 115.534027
v 70.292107 -272.076019 117.082031
v 59.653603 -267.858002 122.204025
v 60.460106 -271.479004 123.856026
v 39.974602 -265.378021 134.969025
v 40.513603 -268.956024 136.789017
v 30.035002 -263.523010 141.045029
v 30.433102 -267.016022 142.914017
v 20.049101 -261.262024 146.902023
v 20.314001 -264.714020 148.843018
v 152.000000 -252.079010 59.936523
v 158.153015 -262.283020 62.362625
v 135.093002 -257.454010 75.546730
v 139.517014 -265.884003 78.020523
v 126.343002 -259.533020 83.190025
v 130.009003 -267.063019 85.604027
v 117.297005 -261.217010 90.813423
v 120.226006 -267.740021 93.081131
v 108.184006 -262.471008 98.209732
v 110.598007 -268.328003 100.401024
v 30.026701 -237.839996 181.027023
v 30.418501 -240.942993 183.390030
v 20.039501 -235.968002 184.818024
v 20.306402 -239.110001 187.279022
v 107.025002 -269.960022 76.861320
v 109.235008 -275.533020 78.448227
v 97.912209 -271.210022 84.254227
v 99.234108 -274.871002 85.391731
v 88.624298 -272.048004 91.519325
v 89.851799 -275.816010 92.786827
v 79.208710 -272.470001 98.620827
v 80.304108 -276.238007 99.984734
v 69.317207 -272.470001 105.807030
v 70.275398 -276.237000 107.270027
v 59.653603 -272.048004 112.568031
v 60.471401 -275.778015 114.111031
v 49.874001 -271.210022 119.156029
v 50.557899 -274.928009 120.790031
v 40.026802 -269.960022 125.538033
v 40.566002 -273.596008 127.229027
v 30.026602 -268.281006 131.772018
v 30.422302 -271.816010 133.509018
v 20.056402 -266.208008 137.736023
v 20.331802 -269.863007 139.627029
v 120.042007 -246.300995 123.150024
v 123.316010 -253.017990 126.509026
v 110.302002 -246.929993 130.764023
v 112.999008 -252.964996 133.960022
v 100.376007 -247.139999 138.155029
v 102.632004 -252.694000 141.260025
v 90.278503 -246.929993 145.312027
v 91.816902 -251.138000 147.788025
v 80.028008 -246.300995 152.222015
v 81.118301 -249.655991 154.296021
v 70.164398 -245.151001 158.801025
v 71.059799 -248.279999 160.828018
v 60.190502 -243.616989 165.131027
v 60.999504 -246.890991 167.350021
v 50.122002 -241.698990 171.201019
v 50.803001 -244.983002 173.527023
v 39.974602 -239.401001 177.001022
v 40.468399 -242.358002 179.188019
v 162.889008 -237.840012 84.497620
v 169.226013 -247.093018 87.785019
v 155.985001 -239.401016 92.714523
v 161.851013 -248.404007 96.201118
v 147.333008 -241.699005 100.573021
v 152.579010 -250.304001 104.154022
v 129.347000 -245.151001 115.803024
v 133.448013 -252.923004 119.474030
v 20.056402 -242.246002 176.507019
v 20.328302 -245.529999 178.899017
v 10.027600 -240.171997 180.158020
v 10.156800 -243.266998 182.480026
v 176.050003 -233.789017 67.744415
v 184.001007 -244.348007 70.803917
v 169.580002 -235.968018 76.170624
v 176.704010 -245.882019 79.370819
v 110.030006 -252.537003 119.827019
v 112.258003 -257.649017 122.253029
v 100.189003 -252.957993 127.337029
v 102.006004 -257.545013 129.646027
v 90.144104 -252.957993 134.635025
v 91.400002 -256.482025 136.511017
v 79.961403 -252.537003 141.674026
v 81.069298 -256.036011 143.637024
v 70.164398 -251.670990 148.252029
v 71.126801 -255.123001 150.285019
v 60.241802 -250.345001 154.721024
v 61.022106 -253.586990 156.726028
v 50.190105 -248.627991 160.950027
v 50.869202 -251.991989 163.128021
v 40.076504 -246.532990 166.900024
v 40.603001 -249.772003 169.092026
v 30.035002 -244.004990 172.625031
v 30.419001 -247.125000 174.832016
v 79.761803 -258.353027 130.889023
v 80.807800 -261.740997 132.606018
v 70.030403 -257.699005 137.576019
v 71.001007 -261.271027 139.482025
v 50.190201 -255.147995 150.401016
v 50.859104 -258.549011 152.405029
v 40.110500 -253.246994 156.515030
v 40.660801 -256.722015 158.663025
v 30.103102 -250.934998 162.375031
v 30.500902 -254.250000 164.521027
v 20.049101 -248.233002 167.983017
v 20.314199 -251.514999 170.204025
v 10.031200 -246.279999 171.714020
v 10.167600 -249.629990 174.050018
v 168.242004 -240.172012 65.208717
v 175.612015 -250.693008 68.065224
v 161.670013 -242.246017 73.618317
v 167.813004 -251.451019 76.415421
v 154.895004 -244.005005 81.909119
v 160.503006 -252.839005 84.874527
v 146.347000 -246.533005 89.689819
v 151.154007 -254.631012 92.636024
v 137.563004 -248.628006 97.470016
v 141.971008 -256.595001 100.593025
v 128.533005 -250.345001 105.105019
v 132.221008 -257.528015 108.121025
v 119.314003 -251.670990 112.543022
v 122.441010 -258.266998 115.492027
v 172.202011 -221.007996 108.361023
v 182.562012 -234.304001 114.880020
v 118.399002 -256.646027 101.758026
v 121.162003 -262.637024 104.133026
v 109.202003 -257.699005 109.116028
v 111.564003 -263.274017 111.477028
v 99.835503 -258.353027 116.305031
v 101.398003 -262.396027 118.125031
v 89.875298 -258.572998 123.703026
v 91.109901 -262.125000 125.402031
v 10.010401 -220.112000 204.183029
v 10.142000 -223.002991 206.866028
v 198.247009 -212.893005 74.935219
v 212.000015 -227.662018 80.133919
v 192.116013 -215.325012 83.466316
v 204.425003 -229.122009 88.814415
v 185.747009 -217.482010 91.868019
v 196.405014 -229.962006 97.139725
v 59.653603 -229.091995 184.928024
v 60.450901 -232.153992 187.399017
v 49.874001 -227.864990 189.289017
v 50.556602 -230.983002 191.879028
v 40.030201 -226.343994 193.407028
v 40.540104 -229.226990 195.870026
v 30.038803 -224.539001 197.282028
v 30.428001 -227.448990 199.838028
v 20.008001 -222.440002 200.898026
v 20.273701 -225.393997 203.566025
v 148.070007 -236.552002 111.169022
v 153.588013 -245.369003 115.313019
v 139.057007 -238.297989 118.817024
v 144.072006 -246.890991 123.101021
v 129.854004 -239.654999 126.268021
v 134.871002 -248.914001 131.147018
v 120.349007 -240.401001 134.028015
v 124.595009 -248.884003 138.757019
v 110.508003 -240.821991 141.537018
v 113.862007 -248.132996 145.834015
v 100.461006 -240.821991 148.836029
v 103.419006 -247.912994 153.219025
v 70.030403 -238.297989 168.967026
v 70.975304 -241.513000 171.247025
v 49.852501 -234.427002 181.104019
v 50.492504 -237.436996 183.429031
v 40.026802 -233.013992 185.317017
v 40.529900 -235.942993 187.646027
v 20.036001 -229.345001 192.976028
v 20.299200 -232.356995 195.511032
v 10.011800 -227.050003 196.438019
v 10.146701 -230.108994 199.084030
v 191.096008 -220.112015 72.616920
v 203.167007 -234.014008 77.203224
v 184.883011 -222.440018 81.109917
v 195.207016 -234.861008 85.638916
v 178.343002 -224.539017 89.532021
v 187.487015 -236.051010 94.122017
v 171.571014 -226.344009 97.836922
v 180.226013 -237.763000 102.773018
v 164.613007 -227.864990 105.927017
v 173.084015 -239.591003 111.377022
v 157.443008 -229.091995 113.880020
v 164.904007 -239.948990 119.277023
v 148.564011 -231.033997 121.624023
v 155.303009 -241.513992 127.141022
v 139.450012 -232.610001 129.176025
v 145.540009 -242.767990 134.818024
v 130.059006 -233.546997 137.042023
v 135.801010 -243.856995 143.092026
v 120.451004 -234.093994 144.678024
v 125.669006 -244.235992 150.946030
v 110.508003 -234.293991 152.101028
v 115.096008 -244.022995 158.416016
v 100.376007 -234.093994 159.264023
v 103.930008 -242.382996 164.903030
v 90.144211 -233.546997 166.042023
v 92.517799 -239.696991 170.414017
v 79.761803 -232.610001 172.542023
v 81.399300 -237.384995 176.085022
v 69.762802 -231.033997 178.876022
v 70.833107 -234.578003 181.621017
v 179.868011 -207.813995 121.249023
v 194.803009 -225.069000 131.317017
v 172.710007 -209.078995 129.218018
v 186.799011 -226.134995 139.759018
v 165.354004 -210.061996 137.012024
v 178.576004 -226.858002 147.967026
v 183.730011 -227.050018 70.224617
v 193.568008 -239.208008 73.984818
v 177.340012 -229.345016 78.688316
v 185.610016 -240.040009 82.357819
v 170.709015 -231.338013 87.072121
v 178.325012 -241.658005 90.956421
v 163.878006 -233.014008 95.333725
v 171.005005 -243.149017 99.480019
v 156.835007 -234.427002 103.377022
v 163.772003 -244.795990 107.949020
v 99.835609 -219.565002 179.065018
v 105.398003 -231.797989 189.041031
v 89.474709 -218.649994 185.544022
v 93.351303 -228.123993 193.583023
v 78.964798 -217.371002 191.714020
v 81.723503 -224.964996 198.412018
v 69.317207 -216.488998 196.386032
v 71.252708 -222.534988 201.870026
v 49.767605 -213.893997 204.970032
v 50.486504 -216.983994 207.930023
v 29.963001 -210.202988 212.502029
v 30.333700 -212.802994 215.131027
v 19.996700 -207.951996 215.862030
v 20.259401 -210.682999 218.698029
v 10.004800 -205.433990 218.945023
v 10.135700 -208.121002 221.809021
v 212.107010 -197.366013 79.356224
v 229.644012 -213.684006 85.917519
v 206.181015 -199.986008 87.949020
v 222.324005 -215.644012 94.834816
v 199.981003 -202.348007 96.453224
v 214.948013 -217.491989 103.672020
v 193.545013 -204.432999 104.823021
v 208.726013 -220.466995 113.044022
v 186.782013 -206.276993 113.147018
v 201.834015 -222.899002 122.265022
v 10.006201 -212.892990 211.700027
v 10.141800 -215.776001 214.567032
v 205.138016 -205.434006 77.172813
v 221.265015 -221.584015 83.240120
v 199.118011 -207.952011 85.723022
v 213.800003 -223.286011 92.044121
v 192.842010 -210.203003 94.163315
v 206.541016 -225.135010 100.852020
v 186.320007 -212.184998 102.483017
v 199.481003 -227.171997 109.722023
v 179.559006 -213.893997 110.671021
v 192.057007 -228.781998 118.374023
v 172.567001 -215.330002 118.717018
v 184.388016 -230.080994 126.850021
v 165.354004 -216.488998 126.611023
v 176.775009 -231.442001 135.356018
v 157.930008 -217.371002 134.343018
v 168.115005 -231.390991 143.007019
v 148.814011 -218.649994 142.432022
v 158.675003 -233.139999 151.871017
v 139.450012 -219.565002 150.283020
v 148.839005 -234.348999 160.402023
v 129.854004 -220.114990 157.885025
v 138.806000 -235.289001 168.769028
v 110.030006 -220.114990 172.288025
v 116.965004 -233.987000 183.145020
v 139.569000 -226.280991 139.849014
v 147.050003 -238.410004 147.345016
v 130.059006 -227.018997 147.604019
v 137.244003 -239.560989 155.758026
v 120.349007 -227.388992 155.083023
v 126.781006 -239.542999 163.372025
v 110.303009 -227.388992 162.381027
v 116.017006 -239.168991 170.793030
v 100.189003 -227.018997 169.306030
v 104.862007 -237.606995 177.202026
v 89.875298 -226.280991 175.954025
v 93.097206 -234.391998 182.261017
v 79.429405 -225.177994 182.280029
v 81.553108 -231.198990 187.153030
v 69.362709 -223.403992 188.466019
v 70.749001 -227.868988 192.233017
v 59.653603 -222.347000 192.985031
v 60.476803 -225.414993 195.648026
v 49.844002 -221.007996 197.259018
v 50.523399 -224.019989 199.948029
v 39.984901 -219.397995 201.261032
v 40.509003 -222.274002 203.899017
v 20.014400 -215.324997 208.506027
v 20.266802 -218.041000 211.135025
v 79.351105 -202.481995 207.231018
v 84.057304 -214.490997 219.521027
v 69.624298 -201.386002 211.746033
v 72.889000 -210.828995 221.675018
v 59.807899 -200.029999 215.989029
v 62.112400 -207.737000 224.312027
v 19.839201 -191.758987 230.381027
v 20.212700 -195.368988 234.718033
v 224.599014 -181.215012 83.406921
v 247.205017 -199.454010 91.801620
v 219.177017 -183.639008 92.079124
v 237.953018 -199.370010 99.967018
v 207.229004 -188.138000 109.089020
v 220.743011 -200.407990 116.203018
v 200.684006 -190.146988 117.517021
v 217.933014 -206.489990 127.618019
v 193.854004 -191.922989 125.802025
v 214.756012 -212.616989 139.367020
v 186.782013 -193.451996 133.899017
v 207.222015 -214.621994 148.552017
v 165.106003 -222.347000 116.370018
v 174.749008 -235.334000 123.166023
v 157.808014 -223.403992 124.207024
v 166.571014 -235.809998 131.104019
v 148.814011 -225.177994 131.869019
v 156.698013 -237.108994 138.857025
v 186.936005 -200.029999 123.625023
v 204.639008 -218.972000 135.332016
v 179.868011 -201.386002 131.650024
v 197.447006 -221.067993 144.517029
v 172.567001 -202.481995 139.505020
v 189.100006 -221.880997 152.870026
v 165.106003 -203.520996 146.831024
v 179.811005 -221.646988 159.908020
v 157.443008 -204.309998 153.978027
v 171.862015 -223.021988 168.080017
v 148.070007 -205.222000 161.862030
v 161.855011 -224.328003 176.932022
v 138.449005 -205.791000 169.476028
v 152.268005 -226.332001 186.393021
v 128.533005 -205.965988 176.911026
v 141.288010 -226.404999 194.466019
v 118.399002 -205.791000 184.044022
v 129.916000 -225.809998 201.947021
v 108.184006 -205.222000 190.841019
v 117.562004 -223.011993 207.384018
v 97.789207 -204.309998 197.319031
v 105.197006 -219.787003 212.266022
v 88.624405 -203.520996 202.399017
v 95.015900 -218.198990 216.995026
v 39.883503 -204.432999 216.464020
v 40.397003 -207.064987 219.252029
v 29.934803 -202.347992 219.999023
v 30.315302 -204.919998 222.795029
v 19.931101 -199.985992 223.268021
v 20.195601 -202.640991 226.232025
v 9.927720 -197.365997 226.248032
v 10.058401 -199.964996 229.227020
v 218.479004 -189.413010 81.424522
v 237.907013 -206.257004 88.665222
v 212.974014 -191.759003 90.059814
v 228.971008 -206.162003 96.824226
v 206.880005 -194.211014 98.605919
v 222.408005 -208.789001 106.008018
v 200.518005 -196.414001 107.026024
v 217.008011 -212.565994 115.827019
v 193.854004 -198.351990 115.401024
v 211.841003 -216.754990 126.108025
v 88.445305 -211.003998 194.667023
v 93.290604 -222.562988 205.331024
v 79.208801 -210.061996 199.600021
v 83.459709 -221.334991 210.313019
v 69.523399 -209.078995 204.188019
v 72.168205 -217.032990 211.955032
v 59.732700 -207.813995 208.532028
v 61.588203 -214.268997 215.010025
v 49.890503 -206.276993 212.605026
v 50.958900 -210.694000 217.158020
v 116.011009 -189.989990 201.707031
v 129.610001 -212.261002 225.352020
v 107.025002 -189.475998 207.086029
v 118.740005 -210.216995 229.754028
v 97.909103 -188.731995 212.213028
v 107.645004 -207.500000 233.315033
v 88.673798 -187.757996 217.081024
v 96.124901 -203.534988 235.322021
v 49.604805 -181.709991 234.011032
v 51.947304 -190.291000 245.062027
v 39.549400 -179.617996 237.515030
v 41.149700 -186.885986 247.126022
v 19.823002 -175.297989 243.142029
v 20.539001 -181.629990 251.925034
v 9.917541 -172.815994 245.512024
v 10.274000 -179.028992 254.338028
v 219.526016 -171.142990 112.953018
v 238.583008 -186.000000 122.758018
v 213.495010 -173.103989 121.223022
v 231.552017 -187.743988 131.475021
v 157.808014 -211.003998 144.272018
v 170.069016 -227.397995 155.481018
v 148.564011 -212.104996 152.251022
v 160.283005 -228.836990 164.261017
v 139.057007 -212.843002 160.004028
v 150.321014 -230.082993 172.964020
v 109.202003 -212.843002 181.695023
v 117.383003 -228.789001 195.307022
v 98.890503 -212.104996 188.340027
v 105.185005 -225.606003 200.329025
v 129.347000 -213.211990 167.482025
v 140.232010 -231.153992 181.575027
v 119.314003 -213.211990 174.771027
v 129.178009 -230.837997 189.219025
v 225.116013 -175.298004 93.987724
v 247.502014 -192.729996 103.334023
v 213.669006 -179.617996 111.010017
v 229.519012 -192.942001 119.245018
v 207.229004 -181.709991 119.490021
v 223.321014 -195.820999 128.769028
v 193.545013 -185.181000 135.972015
v 217.102005 -207.720001 152.521027
v 186.320007 -186.554993 143.952026
v 208.901016 -209.164993 161.398026
v 179.054016 -187.757996 151.415024
v 199.888016 -209.604996 169.033020
v 171.571014 -188.731995 158.694016
v 191.217010 -210.343994 176.866028
v 163.878006 -189.475998 165.780029
v 183.143005 -211.750992 185.269028
v 155.985001 -189.989990 172.664017
v 175.251007 -213.455994 193.990021
v 146.347000 -190.473999 180.395020
v 165.561005 -215.481995 204.080032
v 126.343002 -190.473999 194.929031
v 142.128006 -214.270996 219.283020
v 79.391602 -194.643997 214.595032
v 84.588707 -207.384995 228.643021
v 69.626709 -193.451996 219.018021
v 73.547501 -204.345993 231.351028
v 49.750900 -190.146988 227.177032
v 51.610203 -197.252991 235.666031
v 39.712605 -188.138000 230.796021
v 40.862602 -193.586990 237.480026
v 29.718401 -185.838989 234.138031
v 30.425501 -190.260986 239.709030
v 19.843000 -183.638992 236.904022
v 20.345303 -188.286987 242.901031
v 9.919571 -181.214996 239.381027
v 10.186701 -186.094986 245.827026
v 230.431015 -172.816010 85.299721
v 255.677017 -191.750015 94.644722
v 127.530006 -198.369995 186.080017
v 141.924011 -220.759003 207.081024
v 117.297005 -198.045990 193.027023
v 129.523010 -218.688995 213.147018
v 106.982002 -197.301987 199.667023
v 117.127007 -216.011993 218.600021
v 97.912209 -196.647995 204.898026
v 106.707008 -214.310989 223.302032
v 172.202011 -195.758987 149.215027
v 190.215012 -216.235001 164.823029
v 164.613007 -196.647995 156.437027
v 181.365005 -216.660995 172.358017
v 156.835007 -197.301987 163.447021
v 173.201004 -217.890991 180.503021
v 147.333008 -198.045990 171.205017
v 163.885010 -220.295990 190.439026
v 137.563004 -198.369995 178.790024
v 153.640015 -221.552002 199.684021
v 124.860008 -182.383987 203.436020
v 142.146011 -207.632996 231.599030
v 116.044006 -181.941986 208.976028
v 130.621002 -204.796997 235.227020
v 107.002007 -181.336990 214.261032
v 119.376007 -202.307999 239.039032
v 97.813103 -180.496994 219.303024
v 107.703003 -198.745987 241.475021
v 185.747009 -179.429993 153.438019
v 210.160004 -203.013000 173.604019
v 178.343002 -180.496994 160.794022
v 200.191010 -202.608002 180.492020
v 170.709015 -181.336990 167.975021
v 191.964005 -203.914993 188.889023
v 162.889008 -181.941986 174.942017
v 184.711014 -206.315994 198.378021
v 135.093002 -182.707993 196.489029
v 154.660004 -209.171997 224.948029
v 145.126007 -182.707993 189.200027
v 166.892014 -210.112000 217.577026
v 154.895004 -182.383987 181.614029
v 176.848007 -208.233002 207.354019
v 124.212006 -270.523010 40.358822
v 129.820999 -282.740021 42.181423
v 133.037003 -265.843018 43.226421
v 139.101013 -277.960022 45.196625
v 150.200012 -255.536011 48.803020
v 156.916000 -266.960999 50.985020
v 141.703003 -260.846008 46.042320
v 148.272003 -272.936005 48.176323
v 158.517014 -249.920013 51.505322
v 165.703003 -261.250000 53.840221
v 166.644012 -244.004013 54.145721
v 175.084015 -256.362000 56.888222
v 182.291016 -231.306015 59.229523
v 192.330002 -244.045013 62.491920
v 174.572006 -237.797012 56.721920
v 183.126007 -249.449005 59.501125
v 189.791016 -224.537018 61.666916
v 201.883011 -238.843018 65.595818
v 197.064011 -217.500015 64.030220
v 210.707016 -232.557007 68.462914
v 204.102005 -210.202011 66.316521
v 219.813004 -226.383011 71.421623
v 210.895004 -202.653015 68.524017
v 228.719009 -219.780014 74.315315
v 217.436005 -194.861008 70.648819
v 237.039017 -212.429016 77.018623
v 235.466019 -170.124008 76.507919
v 263.945007 -190.700012 85.761124
v 78.903206 -169.671997 235.002029
v 84.241402 -181.150986 250.901031
v 97.589104 -172.024994 226.106033
v 106.306007 -187.390991 246.303024
v 106.823006 -172.946991 221.175018
v 117.556007 -190.323990 243.397034
v 124.797005 -174.181992 210.539032
v 142.641006 -199.086990 240.643021
v 133.517014 -174.497986 204.851028
v 154.706009 -202.189987 237.361023
v 153.566010 -174.497986 190.285019
v 178.478012 -202.804993 221.153030
v 161.670013 -174.181992 183.749023
v 186.568008 -201.006989 212.047028
v 177.340012 -172.946991 169.942017
v 202.559006 -197.541000 194.109024
v 184.883011 -172.024994 162.683029
v 211.089005 -196.407990 185.742020
v 199.118011 -169.671997 147.661026
v 230.103012 -196.074997 170.639023
v 39.587399 -171.142990 243.686020
v 41.371700 -178.856995 254.669022
v 49.315899 -173.103989 240.506027
v 51.062401 -179.233994 249.023026
v 69.305901 -176.763000 232.791031
v 72.821297 -185.728989 244.599030
v 79.167709 -178.227997 228.490021
v 84.162903 -189.472992 242.907028
v 88.528900 -179.429993 224.070023
v 95.838402 -194.244995 242.571030
v 206.879013 -175.049988 129.610016
v 227.027008 -192.097000 142.232025
v -141.980011 -178.587021 -195.418991
v -155.891006 -196.084030 -214.565002
v -120.873009 -169.019028 -216.938995
v -135.550003 -189.541031 -243.279999
v -33.159702 -173.657028 -242.865997
v -38.688900 -202.614029 -283.362976
v -113.580002 -185.839020 -206.889999
v -122.740005 -200.826019 -223.573990
v -115.926003 -173.656998 215.973022
v -124.783005 -186.924988 232.474030
v -143.664001 -174.645996 197.736023
v -153.047012 -186.052994 210.652023
v -206.879013 -175.049988 129.610016
v -222.405014 -188.186996 139.337021
v -225.302017 -169.018997 104.459023
v -242.539017 -181.949997 112.451019
v -229.729004 -178.587006 74.643318
v -247.165009 -192.141006 80.308815
v -219.526016 -177.565994 102.561020
v -235.416016 -190.417999 109.985023
v -192.116013 -170.950989 155.266022
v -206.991013 -184.186996 167.287018
v -29.725002 -169.018997 246.554031
v -30.599901 -173.995987 253.814026
v 120.874008 -169.019028 -216.938995
v 124.250008 -173.741028 -222.998993
v -88.299210 -170.950989 230.693024
v -94.470406 -182.898987 246.816025
v -169.580002 -173.656998 176.992020
v -181.557007 -185.922989 189.493027
v -0.000163 -170.123993 247.584030
v 0.000040 -176.090988 256.266998
v -237.884018 -177.566010 46.060120
v -260.941010 -194.776016 50.524818
v -183.522003 -183.565018 -151.206985
v -201.680008 -201.728027 -166.167999
v -237.350006 -183.565002 14.457314
v -264.915009 -204.885010 16.136415
v -241.226013 -173.657013 -43.512890
v -271.785004 -195.657013 -49.025288
v -243.673004 -169.019012 47.919315
v -271.301025 -188.182007 53.353016
v -246.688019 -170.951004 -12.689587
v -283.082001 -196.172012 -14.561686
v -232.453018 -174.646011 -75.528488
v -259.085022 -194.655014 -84.181786
v -187.195007 -175.050018 -156.701996
v -208.121017 -194.618027 -174.218994
v 64.162201 -170.951019 -238.535004
v 74.972404 -199.753021 -278.723999
v -243.552017 -175.050003 16.744114
v -277.752014 -199.631012 19.095318
v -235.466019 -170.124008 76.507523
v -256.830017 -185.559006 83.449120
v -91.186104 -175.050018 -226.457001
v -101.313004 -194.490021 -251.606003
v 220.732010 -173.657028 -106.585991
v 231.307007 -181.977020 -111.692993
v 207.033005 -170.951019 -134.732986
v 220.803009 -182.321030 -143.693985
v 0.000040 -190.635025 -232.159988
v 0.000040 -213.836029 -260.413971
v 246.688019 -170.951004 -12.689587
v 266.921021 -184.972015 -13.730287
v 241.226013 -173.657013 -43.512890
v 252.912018 -182.070007 -45.620884
v -117.316002 -177.566025 -212.007996
v -129.104004 -195.408020 -233.309998
v -87.094803 -183.565018 -221.264999
v -96.957108 -198.836029 -246.319992
v 91.186211 -175.050018 -226.457001
v 103.368004 -198.435028 -256.709015
v -168.969009 -169.019028 -181.994995
v -189.187012 -189.243027 -203.771988
v -161.666000 -185.839020 -171.953995
v -175.815002 -202.104019 -187.003998
v -165.379013 -177.566025 -177.088989
v -182.569016 -196.023026 -195.495987
v -220.732010 -173.657028 -106.585991
v -243.805008 -191.809021 -117.727989
v -207.033005 -170.951019 -134.732986
v -230.688004 -190.484024 -150.126999
v 33.159702 -173.657028 -242.865997
v 38.786602 -203.125031 -284.077972
v 0.000040 -174.646027 -244.414993
v 0.000040 -203.610031 -284.949982
v -64.162201 -170.951019 -238.535004
v -73.984802 -197.122025 -275.053009
v -231.862015 -185.839005 44.088516
v -251.470016 -201.555008 47.817318
v -145.526001 -170.124023 -200.299988
v -162.416000 -189.869019 -223.546997
v 237.350006 -183.565002 14.457314
v 261.548004 -202.280014 15.931315
v 237.884018 -177.566010 46.060516
v 267.855011 -199.937012 51.863518
v 243.673004 -169.019012 47.919815
v 279.181000 -193.648010 54.902618
v 232.453018 -174.646011 -75.528488
v 241.682007 -181.581009 -78.527390
v 243.552017 -175.050003 16.744114
v 273.631012 -196.669006 18.812016
v 231.862015 -185.839005 44.088917
v 256.723022 -205.765015 48.816216
v 225.302017 -169.018997 104.460022
v 247.377014 -185.578995 114.694023
v 219.526016 -177.565994 102.561020
v 237.133011 -191.806992 110.787018
v 200.518005 -183.564987 127.814018
v 219.244003 -200.709000 139.751022
v 136.460007 -190.634995 187.821030
v 154.199005 -215.416000 212.236023
v 223.716003 -186.836014 72.689819
v 246.269012 -205.670013 80.017517
v 229.729004 -178.587006 74.643517
v 255.162018 -198.358017 82.907120
v 88.299301 -170.950989 230.693024
v 95.120903 -184.157990 248.515030
v 115.926003 -173.656998 215.973022
v 129.458008 -193.927994 241.184021
v 143.664001 -174.645996 197.736023
v 167.535004 -203.666000 230.593033
v 169.580002 -173.656998 176.992020
v 194.461014 -199.136002 202.960022
v 192.116013 -170.950989 155.266022
v 220.923004 -196.584991 178.547028
v 29.724701 -169.018997 246.555023
v 30.994802 -176.240997 257.090027
v -146.192001 -160.603027 -210.029999
v -145.123001 -160.603027 -204.056992
v -151.498001 -160.603027 -213.021988
v -140.962006 -160.603027 -206.952988
v -141.910004 -160.603027 -212.946991
v -147.155014 -160.603027 -216.044998
v -141.910004 -166.103027 -212.946991
v -137.533005 -160.603027 -215.799988
v -137.533005 -166.103027 -215.799988
v -130.237000 -166.103027 -213.865997
v -130.237000 -160.603027 -213.865997
v -132.414001 -160.603027 -212.524994
v -133.098007 -160.603027 -218.562988
v -128.159012 -160.603027 -215.116989
v -126.069008 -166.103027 -216.347992
v -126.069008 -160.603027 -216.347992
v -123.968002 -160.603027 -217.558990
v -121.855003 -166.103027 -218.750000
v -121.855003 -160.603027 -218.750000
v -124.531006 -160.603027 -223.554993
v -128.839005 -166.103027 -221.099991
v -119.901009 -166.103027 -226.071991
v -119.596008 -160.603027 -219.992996
v -119.901009 -160.603027 -226.071991
v -112.744003 -166.103027 -223.582001
v -112.744003 -160.603027 -223.582001
v -115.220009 -160.603027 -228.492996
v -115.040009 -160.603027 -222.408997
v -110.490005 -166.103027 -230.817001
v -110.435005 -160.603027 -224.731003
v -108.115005 -166.103027 -225.856995
v -108.115005 -160.603027 -225.856995
v -105.713005 -160.603027 -226.957993
v -105.739006 -160.603027 -226.978989
v -103.441002 -166.103027 -228.034988
v -103.441002 -160.603027 -228.034988
v -105.713005 -160.603027 -233.043991
v -100.968002 -160.603027 -229.140991
v -100.645004 -160.603027 -235.276993
v -100.645004 -166.103027 -235.276993
v -93.477211 -166.103027 -232.297989
v -93.477211 -160.603027 -232.297989
v -95.985405 -160.603027 -231.272003
v -95.530403 -160.603027 -237.399994
v -90.917305 -160.603027 -233.310989
v -88.346504 -166.103027 -234.296997
v -88.346504 -160.603027 -234.296997
v -85.765007 -160.603027 -235.253998
v -83.173103 -166.103027 -236.182999
v -83.173103 -160.603027 -236.182999
v -85.000008 -160.603027 -241.371002
v -90.287003 -166.103027 -239.442993
v -80.816902 -166.103027 -242.802994
v -81.129608 -160.603027 -236.892990
v -80.816902 -160.603027 -242.802994
v -74.963203 -166.103027 -238.916000
v -74.963203 -160.603027 -238.916000
v -77.024399 -160.603027 -238.259003
v -76.609703 -160.603027 -244.162994
v -71.522400 -166.103027 -245.701996
v -64.977104 -166.103027 -241.821991
v -64.977104 -160.603027 -241.821991
v -66.404297 -160.603027 -247.134003
v -67.484802 -160.603027 -241.134995
v -62.441204 -160.603027 -242.489990
v -59.898502 -166.103027 -243.129990
v -59.898502 -160.603027 -243.129990
v -57.349201 -160.603027 -243.744003
v -54.793606 -166.103027 -244.330994
v -54.793606 -160.603027 -244.330994
v -55.997105 -160.603027 -249.697998
v -52.189304 -160.603027 -244.901001
v -50.668003 -160.603027 -250.834000
v -50.668003 -166.103027 -250.834000
v -44.342003 -166.103027 -246.442993
v -44.342003 -160.603027 -246.442993
v -46.963200 -160.603027 -245.957001
v -39.943302 -166.103027 -252.763000
v -45.315899 -160.603027 -251.856003
v -41.715801 -160.603027 -246.901001
v -39.943302 -160.603027 -252.763000
v -36.449402 -160.603027 -247.733002
v -34.552605 -160.603027 -253.556992
v -34.552605 -166.103027 -253.556992
v -29.146200 -160.603027 -254.235001
v -29.146200 -166.103027 -254.235001
v -23.216600 -166.103027 -249.320999
v -23.216600 -160.603027 -249.320999
v -25.869600 -160.603027 -249.059998
v -23.726501 -160.603027 -254.798004
v -20.560902 -160.603027 -249.554001
v -18.296200 -160.603027 -255.244995
v -18.296200 -166.103027 -255.244995
v -12.581100 -166.103027 -250.084000
v -12.581100 -160.603027 -250.084000
v -15.242901 -160.603027 -249.935989
v -12.857501 -160.603027 -255.576996
v -6.430750 -166.103027 -255.819000
v -9.437580 -160.603027 -250.222000
v -6.430750 -160.603027 -255.819000
v 0.000044 -166.103027 -250.399994
v 0.000044 -160.603027 -250.399994
v 0.000044 -160.603027 -255.899994
v 6.430830 -166.103027 -255.819000
v 0.000044 -166.103027 -255.899994
v 3.146580 -166.103027 -250.379990
v -3.146490 -166.103027 -250.379990
v -6.292530 -166.103027 -250.320999
v -6.292530 -160.603027 -250.320999
v -9.437580 -166.103027 -250.222000
v -12.857501 -166.103027 -255.576996
v -15.242901 -166.103027 -249.935989
v -17.902901 -166.103027 -249.759003
v -17.902901 -160.603027 -249.759003
v -3.146490 -160.603027 -250.379990
v 6.430830 -160.603027 -255.819000
v 0.000044 -166.103027 -261.400024
v 3.215690 -166.103027 -255.879990
v -3.215610 -166.103027 -255.879990
v -13.133801 -166.103027 -261.070007
v 0.000044 -160.603027 -261.400024
v -3.284720 -160.603027 -261.378998
v 3.146580 -160.603027 -250.379990
v 3.284810 -160.603027 -261.378998
v -1.573260 -160.603027 -250.394989
v 1.573340 -160.603027 -250.394989
v 3.215690 -160.603027 -255.879990
v 4.719690 -160.603027 -250.354996
v 6.292620 -160.603027 -250.320999
v 6.292620 -166.103027 -250.320999
v 9.437671 -160.603027 -250.222000
v 9.437671 -166.103027 -250.222000
v 12.581201 -166.103027 -250.084000
v 12.581201 -160.603027 -250.084000
v 15.243001 -160.603027 -249.935989
v 18.296200 -166.103027 -255.244995
v 12.857600 -160.603027 -255.576996
v 13.133901 -166.103027 -261.070007
v 3.284810 -166.103027 -261.378998
v -3.284720 -166.103027 -261.378998
v -6.568960 -166.103027 -261.317017
v -6.568960 -160.603027 -261.317017
v -9.852170 -160.603027 -261.214020
v -9.644871 -166.103027 -255.718002
v -15.577701 -166.103027 -255.425003
v -24.236502 -166.103027 -260.274017
v -23.726501 -166.103027 -254.798004
v -20.560902 -166.103027 -249.554001
v -13.133801 -160.603027 -261.070007
v -15.912500 -160.603027 -260.915009
v -15.912500 -166.103027 -260.915009
v -9.852170 -166.103027 -261.214020
v -18.689402 -166.103027 -260.731018
v -18.689402 -160.603027 -260.731018
v -21.464201 -160.603027 -260.516998
v -21.012501 -166.103027 -255.035995
v -15.577701 -160.603027 -255.425003
v -13.912201 -160.603027 -250.013000
v -11.009600 -160.603027 -250.157990
v -9.644871 -160.603027 -255.718002
v -7.865211 -160.603027 -250.276001
v -4.719610 -160.603027 -250.354996
v -3.215610 -160.603027 -255.879990
v -3.224400 -160.603027 -256.580017
v -1.607810 -160.603027 -255.895004
v 1.607900 -160.603027 -255.895004
v 3.224490 -160.603027 -256.580017
v 4.823360 -160.603027 -255.854996
v 9.852261 -160.603027 -261.214020
v 12.857600 -166.103027 -255.576996
v 18.296200 -160.603027 -255.244995
v 6.569050 -166.103027 -261.317017
v 6.569050 -160.603027 -261.317017
v 9.644960 -166.103027 -255.718002
v 15.243001 -166.103027 -249.935989
v 17.903002 -166.103027 -249.759003
v 17.903002 -160.603027 -249.759003
v 15.912601 -160.603027 -260.915009
v 13.133901 -160.603027 -261.070007
v 15.577801 -166.103027 -255.425003
v 24.236601 -166.103027 -260.274017
v 23.216700 -166.103027 -249.320999
v 23.216700 -160.603027 -249.320999
v 25.869701 -160.603027 -249.059998
v 23.726601 -160.603027 -254.798004
v 29.146200 -166.103027 -254.235001
v 20.561001 -160.603027 -249.554001
v 15.577801 -160.603027 -255.425003
v 13.912300 -160.603027 -250.013000
v 11.009701 -160.603027 -250.157990
v 9.644960 -160.603027 -255.718002
v 7.865300 -160.603027 -250.276001
v 8.038060 -160.603027 -255.774002
v 8.210821 -160.603027 -261.271027
v 4.927030 -160.603027 -261.354004
v 1.642460 -160.603027 -261.395020
v -1.642370 -160.603027 -261.395020
v -4.926940 -160.603027 -261.354004
v -14.217800 -160.603027 -255.504990
v -11.251401 -160.603027 -255.651993
v -11.493200 -160.603027 -261.147003
v -8.210731 -160.603027 -261.271027
v -14.523401 -160.603027 -260.996002
v -17.301201 -160.603027 -260.827026
v -27.006102 -160.603027 -260.001007
v -24.236502 -160.603027 -260.274017
v -21.012501 -160.603027 -255.035995
v -22.850601 -160.603027 -260.399017
v -20.077101 -160.603027 -260.628021
v -19.232201 -160.603027 -249.660004
v -16.573101 -160.603027 -249.850998
v -19.654600 -160.603027 -255.143997
v -16.937201 -160.603027 -255.338989
v -22.369802 -160.603027 -254.919998
v -24.543402 -160.603027 -249.194000
v -21.889101 -160.603027 -249.440994
v -28.519701 -166.103027 -248.770996
v -26.437801 -160.603027 -254.530991
v -27.195101 -160.603027 -248.918991
v -28.519701 -160.603027 -248.770996
v -31.166601 -160.603027 -248.453003
v -25.869600 -166.103027 -249.059998
v -31.166601 -166.103027 -248.453003
v -33.809898 -166.103027 -248.106995
v -33.809898 -160.603027 -248.106995
v -29.772600 -166.103027 -259.699005
v -29.772600 -160.603027 -259.699005
v -32.535702 -160.603027 -259.367004
v -35.295200 -166.103027 -259.006012
v -36.449402 -166.103027 -247.733002
v -39.084805 -166.103027 -247.330994
v -37.250000 -160.603027 -253.173996
v -37.767700 -160.603027 -247.535004
v -35.130199 -160.603027 -247.922989
v -32.488701 -160.603027 -248.282990
v -31.851200 -160.603027 -253.910004
v -29.843601 -160.603027 -248.614990
v -33.915901 -160.603027 -259.190002
v -31.154600 -160.603027 -259.537018
v -30.499102 -160.603027 -254.076004
v -27.792402 -160.603027 -254.386002
v -28.389700 -160.603027 -259.854004
v -25.621601 -160.603027 -260.141022
v -25.082500 -160.603027 -254.667999
v -33.202301 -160.603027 -253.737000
v -38.050701 -160.603027 -258.615997
v -35.295200 -160.603027 -259.006012
v -31.851200 -166.103027 -253.910004
v -26.437801 -166.103027 -254.530991
v -27.006102 -166.103027 -260.001007
v -21.464201 -166.103027 -260.516998
v -32.535702 -166.103027 -259.367004
v -38.050701 -166.103027 -258.615997
v -40.801804 -166.103027 -258.196014
v -43.548302 -160.603027 -257.747009
v -46.289902 -166.103027 -257.269012
v -41.715801 -166.103027 -246.901001
v -45.315899 -166.103027 -251.856003
v -46.963200 -166.103027 -245.957001
v -49.579002 -166.103027 -245.442993
v -49.579002 -160.603027 -245.442993
v -39.426804 -160.603027 -258.409027
v -36.673401 -160.603027 -258.815002
v -39.084805 -160.603027 -247.330994
v -40.400902 -160.603027 -247.119003
v -42.632004 -160.603027 -252.323990
v -43.029503 -160.603027 -246.675003
v -45.653202 -160.603027 -246.203003
v -47.994701 -160.603027 -251.358994
v -48.271805 -160.603027 -245.703003
v -50.884899 -160.603027 -245.175003
v -52.189304 -166.103027 -244.901001
v -61.214104 -166.103027 -248.470993
v -55.997105 -166.103027 -249.697998
v -57.349201 -166.103027 -243.744003
v -62.441204 -166.103027 -242.489990
v -66.404297 -166.103027 -247.134003
v -67.484802 -166.103027 -241.134995
v -69.985207 -166.103027 -240.420990
v -69.985207 -160.603027 -240.420990
v -70.449402 -160.603027 -251.727997
v -67.831505 -166.103027 -252.445999
v -61.214104 -160.603027 -248.470993
v -57.200703 -166.103027 -255.065002
v -57.200703 -160.603027 -255.065002
v -49.026203 -160.603027 -256.761017
v -44.919701 -160.603027 -257.511017
v -42.175701 -160.603027 -257.975006
v -40.801804 -160.603027 -258.196014
v -41.288303 -160.603027 -252.546997
v -43.974602 -160.603027 -252.093002
v -46.289902 -160.603027 -257.269012
v -51.757004 -166.103027 -256.225006
v -53.335606 -166.103027 -250.279999
v -47.994701 -166.103027 -251.358994
v -42.632004 -166.103027 -252.323990
v -37.250000 -166.103027 -253.173996
v -43.548302 -166.103027 -257.747009
v -49.026203 -166.103027 -256.761017
v -51.757004 -160.603027 -256.225006
v -50.392303 -160.603027 -256.497009
v -47.658802 -160.603027 -257.019012
v -46.656002 -160.603027 -251.610992
v -49.332104 -160.603027 -251.099991
v -54.481899 -160.603027 -255.658997
v -52.002605 -160.603027 -250.559998
v -53.335606 -160.603027 -250.279999
v -54.481899 -166.103027 -255.658997
v -59.868504 -160.603027 -254.451996
v -55.842106 -160.603027 -255.365997
v -53.120201 -160.603027 -255.945999
v -56.072201 -160.603027 -244.041000
v -53.492203 -160.603027 -244.619995
v -54.667202 -160.603027 -249.992996
v -57.303802 -160.603027 -249.401001
v -58.608902 -160.603027 -249.097992
v -62.529804 -166.103027 -253.810989
v -65.184204 -160.603027 -253.141998
v -61.170704 -160.603027 -242.813004
v -58.624603 -160.603027 -243.440994
v -59.912304 -160.603027 -248.787994
v -62.529804 -160.603027 -253.810989
v -63.812702 -160.603027 -247.815994
v -58.608902 -166.103027 -249.097992
v -59.868504 -166.103027 -254.451996
v -65.184204 -166.103027 -253.141998
v -67.831505 -160.603027 -252.445999
v -66.508797 -160.603027 -252.796997
v -63.857903 -160.603027 -253.479996
v -61.200005 -160.603027 -254.134995
v -58.535400 -160.603027 -254.761993
v -71.522400 -160.603027 -245.701996
v -68.967102 -166.103027 -246.431000
v -63.812702 -166.103027 -247.815994
v -78.256302 -166.103027 -249.410995
v -72.478104 -160.603027 -239.681000
v -72.478104 -166.103027 -239.681000
v -68.967102 -160.603027 -246.431000
v -66.231796 -160.603027 -241.481995
v -63.710003 -160.603027 -242.158997
v -73.059708 -166.103027 -250.983002
v -73.059708 -160.603027 -250.983002
v -75.662003 -160.603027 -250.209991
v -74.070107 -166.103027 -244.945999
v -76.609703 -166.103027 -244.162994
v -71.232605 -160.603027 -240.054001
v -68.735901 -160.603027 -240.780991
v -74.070107 -160.603027 -244.945999
v -73.721603 -160.603027 -239.302002
v -75.994507 -160.603027 -238.589996
v -80.408104 -160.603027 -248.725998
v -78.256302 -160.603027 -249.410995
v -74.361900 -160.603027 -250.599991
v -72.797203 -160.603027 -245.326996
v -75.340904 -160.603027 -244.557999
v -77.663704 -160.603027 -243.830002
v -78.716301 -160.603027 -243.491989
v -82.553902 -166.103027 -248.022003
v -82.553902 -160.603027 -248.022003
v -84.693504 -160.603027 -247.298996
v -86.826904 -166.103027 -246.557999
v -79.079903 -166.103027 -237.584991
v -79.079903 -160.603027 -237.584991
v -78.052902 -160.603027 -237.923996
v -80.105507 -160.603027 -237.240997
v -77.024399 -166.103027 -238.259003
v -78.716301 -166.103027 -243.491989
v -82.911507 -166.103027 -242.095993
v -85.000008 -166.103027 -241.371002
v -90.287003 -160.603027 -239.442993
v -81.865005 -160.603027 -242.451996
v -79.767303 -160.603027 -243.149994
v -82.911507 -160.603027 -242.095993
v -85.761002 -160.603027 -246.931000
v -83.624504 -160.603027 -247.662994
v -81.481804 -160.603027 -248.375992
v -79.332901 -160.603027 -249.070999
v -76.960205 -160.603027 -249.813995
v -86.826904 -160.603027 -246.557999
v -89.532608 -160.603027 -245.588989
v -82.152107 -160.603027 -236.539993
v -83.956604 -160.603027 -241.735992
v -86.325706 -160.603027 -240.899994
v -87.648804 -160.603027 -240.420990
v -85.765007 -166.103027 -235.253998
v -81.129608 -166.103027 -236.892990
v -90.917305 -166.103027 -233.310989
v -95.530403 -166.103027 -237.399994
v -95.985405 -166.103027 -231.272003
v -98.482300 -166.103027 -230.220001
v -98.482300 -160.603027 -230.220001
v -97.583603 -166.103027 -242.501999
v -92.227501 -166.103027 -244.588989
v -87.648804 -166.103027 -240.420990
v -92.914299 -166.103027 -238.435989
v -98.093704 -166.103027 -236.351990
v -107.985008 -166.103027 -238.052994
v -105.713005 -166.103027 -233.043991
v -100.968002 -166.103027 -229.140991
v -97.583603 -160.603027 -242.501999
v -100.202003 -160.603027 -241.431992
v -94.911301 -160.603027 -243.560989
v -89.633301 -160.603027 -233.807999
v -87.057106 -160.603027 -234.778992
v -84.470299 -160.603027 -235.722000
v -88.969299 -160.603027 -239.935989
v -92.227501 -160.603027 -244.588989
v -91.602104 -160.603027 -238.942993
v -92.914299 -160.603027 -238.435989
v -90.881508 -160.603027 -245.093002
v -88.181107 -160.603027 -246.076996
v -93.570801 -160.603027 -244.078995
v -96.248901 -160.603027 -243.035004
v -94.732704 -160.603027 -231.787994
v -92.198708 -160.603027 -232.807999
v -94.223801 -160.603027 -237.921997
v -96.813507 -160.603027 -236.879990
v -98.093704 -160.603027 -236.351990
v -100.202003 -166.103027 -241.431992
v -94.911301 -166.103027 -243.560989
v -89.532608 -166.103027 -245.588989
v -84.693504 -166.103027 -247.298996
v -80.408104 -166.103027 -248.725998
v -75.662003 -166.103027 -250.209991
v -70.449402 -166.103027 -251.727997
v -102.809006 -166.103027 -240.334000
v -102.809006 -160.603027 -240.334000
v -105.403008 -160.603027 -239.207001
v -103.185005 -166.103027 -234.173996
v -110.490005 -160.603027 -230.817001
v -97.235298 -160.603027 -230.750000
v -99.726501 -160.603027 -229.683990
v -103.185005 -160.603027 -234.173996
v -102.206001 -160.603027 -228.590988
v -104.579002 -160.603027 -227.515991
v -105.714005 -160.603027 -226.990997
v -105.726006 -160.603027 -226.985001
v -105.739006 -160.603027 -226.978989
v -105.762009 -160.603027 -226.968002
v -105.784004 -160.603027 -226.957993
v -105.827003 -160.603027 -227.048996
v -106.951004 -160.603027 -226.409988
v -109.277008 -160.603027 -225.296997
v -110.490005 -160.603027 -224.843002
v -110.457008 -160.603027 -224.720001
v -110.479004 -160.603027 -224.709991
v -111.613007 -160.603027 -224.149002
v -113.893005 -160.603027 -222.998993
v -115.220009 -166.103027 -228.492996
v -117.696007 -166.103027 -233.403992
v -107.985008 -160.603027 -238.052994
v -110.431007 -160.603027 -236.927994
v -106.696007 -160.603027 -238.632996
v -104.107002 -160.603027 -239.774002
v -101.917007 -160.603027 -234.728989
v -99.371002 -160.603027 -235.817993
v -104.451004 -160.603027 -233.612000
v -105.713005 -160.603027 -226.989990
v -106.912003 -160.603027 -232.496994
v -108.107002 -160.603027 -231.942993
v -112.865005 -166.103027 -235.778000
v -112.865005 -160.603027 -235.778000
v -115.287003 -160.603027 -234.603989
v -110.435005 -166.103027 -224.731003
v -105.784004 -166.103027 -226.957993
v -115.040009 -166.103027 -222.408997
v -117.324005 -166.103027 -221.212997
v -117.324005 -160.603027 -221.212997
v -119.596008 -166.103027 -219.992996
v -124.531006 -166.103027 -223.554993
v -128.839005 -160.603027 -221.099991
v -117.567009 -160.603027 -227.294998
v -116.184006 -160.603027 -221.813995
v -118.461006 -160.603027 -220.606003
v -122.223007 -160.603027 -224.824997
v -120.727005 -160.603027 -219.375000
v -122.913010 -160.603027 -218.156998
v -127.208008 -166.103027 -228.360001
v -129.414001 -160.603027 -227.116989
v -124.850006 -160.603027 -229.656998
v -120.094009 -160.603027 -232.179993
v -110.490005 -160.603027 -224.731003
v -109.300003 -160.603027 -231.382996
v -111.677002 -160.603027 -230.246002
v -112.861008 -160.603027 -229.667999
v -116.493004 -160.603027 -234.006989
v -114.077003 -160.603027 -235.194000
v -111.649002 -160.603027 -236.356003
v -109.210007 -160.603027 -237.494003
v -117.696007 -160.603027 -233.403992
v -112.861008 -166.103027 -229.667999
v -108.107002 -166.103027 -231.942993
v -105.403008 -166.103027 -239.207001
v -110.431007 -166.103027 -236.927994
v -115.287003 -166.103027 -234.603989
v -120.094009 -166.103027 -232.179993
v -122.478004 -166.103027 -230.931000
v -122.478004 -160.603027 -230.931000
v -122.223007 -166.103027 -224.824997
v -117.567009 -166.103027 -227.294998
v -126.691010 -166.103027 -222.337997
v -135.958008 -166.103027 -223.261002
v -133.098007 -166.103027 -218.562988
v -132.414001 -166.103027 -212.524994
v -128.159012 -166.103027 -215.116989
v -131.608002 -166.103027 -225.852997
v -130.973999 -166.103027 -219.841995
v -133.789001 -160.603027 -224.567001
v -125.020004 -160.603027 -216.955994
v -126.691010 -160.603027 -222.337997
v -127.208008 -160.603027 -228.360001
v -126.030006 -160.603027 -229.011993
v -123.665009 -160.603027 -230.296997
v -121.063004 -160.603027 -225.451996
v -118.735008 -160.603027 -226.685989
v -121.287003 -160.603027 -231.557999
v -118.897003 -160.603027 -232.794998
v -116.395004 -160.603027 -227.897003
v -114.042007 -160.603027 -229.082993
v -123.379005 -160.603027 -224.192993
v -125.612007 -160.603027 -222.948990
v -127.766006 -160.603027 -221.722000
v -131.608002 -160.603027 -225.852997
v -129.908005 -160.603027 -220.473999
v -130.973999 -160.603027 -219.841995
v -130.512009 -160.603027 -226.487000
v -128.312012 -160.603027 -227.740997
v -132.700012 -160.603027 -225.211990
v -134.875000 -160.603027 -223.916992
v -135.958008 -160.603027 -223.261002
v -138.231003 -160.603027 -221.860992
v -135.322006 -166.103027 -217.192993
v -144.960007 -166.103027 -217.522995
v -138.860001 -166.103027 -208.369995
v -134.577011 -166.103027 -211.161987
v -134.577011 -160.603027 -211.161987
v -127.116005 -160.603027 -215.735001
v -129.200012 -160.603027 -214.493988
v -131.327011 -160.603027 -213.197998
v -135.322006 -160.603027 -217.192993
v -133.497009 -160.603027 -211.845993
v -135.653000 -160.603027 -210.472000
v -136.726013 -160.603027 -209.776993
v -140.489014 -166.103027 -220.437988
v -140.489014 -160.603027 -220.437988
v -142.732010 -160.603027 -218.991989
v -139.729004 -166.103027 -214.383987
v -146.192001 -166.103027 -210.029999
v -138.860001 -160.603027 -208.369995
v -136.726013 -166.103027 -209.776993
v -138.860001 -166.103027 -208.369995
v -139.729004 -160.603027 -214.383987
v -137.795013 -160.603027 -209.075989
v -139.913010 -160.603027 -207.664001
v -143.050003 -166.103027 -205.515991
v -144.059006 -160.603027 -211.498993
v -142.008011 -160.603027 -206.237000
v -143.050003 -160.603027 -205.515991
v -140.962006 -166.103027 -206.952988
v -145.123001 -166.103027 -204.056992
v -147.181000 -166.103027 -202.577988
v -147.181000 -160.603027 -202.577988
v -150.414001 -160.603027 -207.026993
v -148.311005 -160.603027 -208.539001
v -146.154007 -160.603027 -203.319992
v -144.089005 -160.603027 -204.789001
v -150.414001 -166.103027 -207.026993
v -153.647003 -166.103027 -211.476990
v -149.334000 -166.103027 -214.543991
v -148.311005 -166.103027 -208.539001
v -144.059006 -166.103027 -211.498993
v -144.960007 -160.603027 -217.522995
v -138.632004 -160.603027 -215.095001
v -136.429001 -160.603027 -216.498993
v -139.361008 -160.603027 -221.151993
v -137.096008 -160.603027 -222.563995
v -134.212006 -160.603027 -217.880997
v -132.037003 -160.603027 -219.205002
v -141.612000 -160.603027 -219.718002
v -143.848007 -160.603027 -218.261002
v -142.986008 -160.603027 -212.225998
v -140.820999 -160.603027 -213.667999
v -148.246002 -160.603027 -215.296997
v -146.059006 -160.603027 -216.787003
v -149.334000 -160.603027 -214.543991
v -147.155014 -166.103027 -216.044998
v -142.732010 -166.103027 -218.991989
v -138.231003 -166.103027 -221.860992
v -133.789001 -166.103027 -224.567001
v -129.414001 -166.103027 -227.116989
v -124.850006 -166.103027 -229.656998
v -151.498001 -166.103027 -213.021988
v -153.647003 -160.603027 -211.476990
v -150.418015 -160.603027 -213.785995
v -147.253006 -160.603027 -209.286987
v -145.127014 -160.603027 -210.766998
v -149.364014 -160.603027 -207.785995
v -154.575012 -160.603027 -203.939987
v -149.224014 -160.603027 -201.077988
v -155.780014 -160.603027 -209.910995
v -153.265015 -160.603027 -198.014999
v -158.671005 -160.603027 -200.768997
v -159.997009 -160.603027 -206.713989
v -158.671005 -166.103027 -200.768997
v -162.738007 -160.603027 -197.487000
v -162.738007 -166.103027 -197.487000
v -163.153015 -166.103027 -189.950989
v -163.153015 -160.603027 -189.950989
v -161.205002 -160.603027 -191.606995
v -166.736008 -160.603027 -194.123001
v -164.985001 -160.603027 -188.360992
v -166.802002 -166.103027 -186.754990
v -166.802002 -160.603027 -186.754990
v -168.603012 -160.603027 -185.129990
v -170.388000 -166.103027 -183.487991
v -170.388000 -160.603027 -183.487991
v -174.131012 -160.603027 -187.517990
v -170.466003 -166.103027 -190.856995
v -177.956009 -166.103027 -183.892990
v -172.269012 -160.603027 -181.723999
v -177.956009 -160.603027 -183.892990
v -177.800003 -166.103027 -176.315994
v -177.800003 -160.603027 -176.315994
v -181.705002 -160.603027 -180.188995
v -175.975006 -160.603027 -178.138000
v -185.377014 -166.103027 -176.408997
v -179.606003 -160.603027 -174.475998
v -181.393005 -166.103027 -172.616989
v -181.393005 -160.603027 -172.616989
v -183.183014 -160.603027 -170.672989
v -183.194016 -160.603027 -170.703995
v -184.909012 -166.103027 -168.844986
v -184.909012 -160.603027 -168.844986
v -188.971008 -160.603027 -172.553986
v -186.725006 -160.603027 -166.834991
v -192.661011 -160.603027 -168.423996
v -192.661011 -166.103027 -168.423996
v -192.042007 -166.103027 -160.685989
v -192.042007 -160.603027 -160.685989
v -190.292007 -160.603027 -162.754990
v -196.260010 -160.603027 -164.214996
v -193.797012 -160.603027 -158.564987
v -195.529007 -166.103027 -156.423996
v -195.529007 -160.603027 -156.423996
v -197.237015 -160.603027 -154.264999
v -198.921005 -166.103027 -152.086990
v -198.921005 -160.603027 -152.086990
v -203.291016 -160.603027 -155.426987
v -199.824005 -166.103027 -159.859985
v -205.946014 -166.103027 -151.891998
v -200.228012 -160.603027 -150.362991
v -205.946014 -160.603027 -151.891998
v -204.057007 -166.103027 -145.122986
v -204.057007 -160.603027 -145.122986
v -202.796005 -160.603027 -146.880997
v -208.539017 -160.603027 -148.310989
v -211.575012 -166.103027 -143.947998
v -209.908005 -166.103027 -136.523987
v -209.908005 -160.603027 -136.523987
v -214.518005 -160.603027 -139.522995
v -208.479004 -160.603027 -138.696991
v -211.326004 -160.603027 -134.318985
v -212.721008 -166.103027 -132.097992
v -212.721008 -160.603027 -132.097992
v -214.093018 -160.603027 -129.862991
v -215.441010 -166.103027 -127.613991
v -215.441010 -160.603027 -127.613991
v -220.173004 -160.603027 -130.416992
v -216.787018 -160.603027 -125.312988
v -222.900009 -160.603027 -125.699989
v -222.900009 -166.103027 -125.699989
v -220.678009 -166.103027 -118.326988
v -220.678009 -160.603027 -118.326988
v -219.406006 -160.603027 -120.668991
v -228.049011 -166.103027 -116.096992
v -225.526016 -160.603027 -120.925987
v -221.926010 -160.603027 -115.970993
v -228.049011 -160.603027 -116.096992
v -224.344009 -160.603027 -111.218987
v -230.469009 -160.603027 -111.214989
v -230.469009 -166.103027 -111.214989
v -232.785004 -160.603027 -106.282990
v -232.785004 -166.103027 -106.282990
v -229.944016 -166.103012 -99.124786
v -229.944016 -160.603012 -99.124786
v -228.876007 -160.603027 -101.566986
v -234.995010 -160.603027 -101.301987
v -230.987015 -160.603012 -96.671196
v -237.099014 -160.603012 -96.275787
v -237.099014 -166.103012 -96.275787
v -233.956009 -166.103012 -89.245491
v -233.956009 -160.603012 -89.245491
v -232.993011 -160.603012 -91.731194
v -239.095016 -160.603012 -91.205788
v -241.311005 -166.103012 -85.168488
v -235.059006 -160.603012 -86.298592
v -241.311005 -160.603012 -85.168488
v -238.145004 -166.103012 -77.377785
v -238.145004 -160.603012 -77.377785
v -243.375015 -160.603012 -79.077385
v -245.286011 -166.103012 -72.936386
v -243.375015 -166.103012 -79.077385
v -237.153015 -166.103012 -80.364288
v -239.098007 -166.103012 -74.379189
v -240.014008 -166.103012 -71.368782
v -240.014008 -160.603012 -71.368782
v -240.892014 -160.603012 -68.347092
v -240.892014 -166.103012 -68.347092
v -241.732010 -166.103012 -65.314690
v -241.732010 -160.603012 -65.314690
v -242.413010 -160.603012 -62.737389
v -248.406006 -166.103012 -61.474293
v -247.041016 -160.603012 -66.749283
v -245.286011 -160.603012 -72.936386
v -252.351013 -166.103012 -68.183884
v -248.606018 -166.103012 -80.776985
v -248.606018 -160.603012 -80.776985
v -242.362015 -166.103012 -82.129387
v -244.350006 -166.103012 -76.012886
v -250.558014 -166.103012 -74.503990
v -246.183014 -166.103012 -69.848389
v -247.041016 -166.103012 -66.749283
v -248.406006 -160.603012 -61.474293
v -239.098007 -160.603012 -74.379189
v -237.153015 -160.603012 -80.364288
v -247.571014 -160.603012 -83.894592
v -249.602005 -160.603012 -77.646591
v -237.654007 -160.603012 -78.872589
v -238.626007 -160.603012 -75.879990
v -244.350006 -160.603012 -76.012886
v -239.561005 -160.603012 -72.875389
v -240.457016 -160.603012 -69.859283
v -246.183014 -160.603012 -69.848389
v -241.316010 -160.603012 -66.832191
v -242.076004 -160.603012 -64.026985
v -253.062012 -160.603012 -65.493484
v -252.351013 -160.603012 -68.183884
v -242.413010 -166.103012 -62.737389
v -243.067017 -166.103012 -60.153091
v -243.067017 -160.603012 -60.153091
v -247.738007 -160.603012 -64.115486
v -242.744019 -160.603012 -61.446095
v -243.384018 -160.603012 -58.858292
v -243.694016 -160.603012 -57.561890
v -255.025009 -166.103012 -57.378792
v -244.293015 -166.103012 -54.964191
v -244.293015 -160.603012 -54.964191
v -244.864014 -160.603012 -52.360291
v -249.659012 -160.603012 -56.171490
v -250.798019 -166.103012 -50.843094
v -243.694016 -166.103012 -57.561890
v -249.659012 -166.103012 -56.171490
v -244.864014 -166.103012 -52.360291
v -245.408005 -166.103012 -49.750389
v -245.408005 -160.603012 -49.750389
v -250.798019 -160.603012 -50.843094
v -254.399017 -160.603012 -60.090591
v -255.621017 -160.603012 -54.660389
v -255.025009 -160.603012 -57.378792
v -253.745010 -166.103012 -62.795593
v -253.745010 -160.603012 -62.795593
v -247.738007 -166.103012 -64.115486
v -249.047012 -166.103012 -58.826191
v -250.243011 -166.103012 -53.510292
v -257.236023 -166.103012 -46.469490
v -246.412018 -166.103012 -44.513992
v -246.412018 -160.603012 -44.513992
v -252.735016 -166.103012 -40.119793
v -246.871017 -160.603012 -41.888092
v -245.924011 -160.603012 -47.134888
v -250.243011 -160.603012 -53.510292
v -245.140015 -160.603012 -51.055992
v -244.582016 -160.603012 -53.662991
v -243.997009 -160.603012 -56.263790
v -249.047012 -160.603012 -58.826191
v -254.716019 -160.603012 -58.735493
v -254.076019 -160.603012 -61.443890
v -253.407013 -160.603012 -64.145386
v -252.710007 -160.603012 -66.839691
v -251.474014 -160.603012 -71.349586
v -247.393005 -160.603012 -65.433289
v -246.617004 -160.603012 -68.300194
v -250.558014 -160.603012 -74.503990
v -251.474014 -166.103012 -71.349586
v -249.602005 -166.103012 -77.646591
v -247.571014 -166.103012 -83.894592
v -246.498016 -166.103012 -86.998985
v -246.498016 -160.603012 -86.998985
v -245.385010 -160.603012 -90.089592
v -244.234009 -166.103012 -93.165993
v -236.125015 -166.103012 -83.337990
v -236.125015 -160.603012 -83.337990
v -235.059006 -166.103012 -86.298592
v -239.095016 -166.103012 -91.205788
v -232.993011 -166.103012 -91.731194
v -232.003006 -166.103012 -94.206490
v -232.003006 -160.603012 -94.206490
v -242.362015 -160.603012 -82.129387
v -236.644012 -160.603012 -81.852692
v -235.597015 -160.603012 -84.819885
v -240.222015 -160.603012 -88.194092
v -234.512009 -160.603012 -87.773788
v -233.478012 -160.603012 -90.489594
v -238.110016 -160.603012 -93.746094
v -232.501007 -160.603012 -92.970192
v -231.498016 -160.603012 -95.440193
v -230.987015 -166.103012 -96.671196
v -234.995010 -166.103027 -101.301987
v -228.876007 -166.103027 -101.566986
v -227.782013 -166.103027 -103.997993
v -227.782013 -160.603027 -103.997993
v -241.134018 -160.603012 -100.917992
v -238.930008 -160.603027 -106.028992
v -240.046005 -166.103027 -103.478989
v -240.046005 -160.603027 -103.478989
v -244.234009 -160.603012 -93.165993
v -243.228012 -160.603012 -95.760887
v -238.110016 -166.103012 -93.746094
v -240.222015 -166.103012 -88.194092
v -242.195007 -166.103012 -98.344986
v -236.060013 -166.103012 -98.794487
v -233.903015 -166.103027 -103.797989
v -235.423004 -166.103027 -113.604988
v -225.516006 -166.103027 -108.823990
v -225.516006 -160.603027 -108.823990
v -226.662018 -160.603027 -106.416992
v -233.903015 -160.603027 -103.797989
v -228.332016 -160.603027 -102.783989
v -229.413010 -160.603012 -100.346992
v -230.469009 -160.603012 -97.899391
v -236.060013 -160.603012 -98.794487
v -242.195007 -160.603012 -98.344986
v -243.228012 -166.103012 -95.760887
v -245.385010 -166.103012 -90.089592
v -241.134018 -166.103012 -100.917992
v -240.593018 -160.603027 -102.199989
v -241.668015 -160.603012 -99.632889
v -238.606018 -160.603012 -92.477196
v -239.663010 -160.603012 -89.701691
v -244.814011 -160.603012 -91.629593
v -245.946014 -160.603012 -88.546089
v -243.025009 -160.603012 -82.354088
v -248.094009 -160.603012 -82.337387
v -249.109009 -160.603012 -79.213387
v -245.018005 -160.603012 -76.220886
v -250.084015 -160.603012 -76.076782
v -245.739014 -160.603012 -71.393784
v -244.823013 -160.603012 -74.476089
v -243.867004 -160.603012 -77.546692
v -242.874008 -160.603012 -80.604988
v -241.842010 -160.603012 -83.650589
v -240.771011 -160.603012 -86.682991
v -251.021011 -160.603012 -72.928192
v -251.917007 -160.603012 -69.768188
v -247.039017 -160.603012 -85.448486
v -243.734009 -160.603012 -94.464783
v -242.715012 -160.603012 -97.054283
v -237.608017 -160.603012 -95.012283
v -236.583008 -160.603012 -97.536491
v -235.531006 -160.603012 -100.049988
v -234.452011 -160.603027 -102.551987
v -237.788010 -166.103027 -108.566986
v -237.788010 -160.603027 -108.566986
v -236.619019 -160.603027 -111.091988
v -226.662018 -166.103027 -106.416992
v -224.344009 -166.103027 -111.218987
v -223.148010 -166.103027 -113.600990
v -229.272018 -160.603027 -113.661987
v -223.749008 -160.603027 -112.411987
v -224.933014 -160.603027 -110.022987
v -226.092010 -160.603027 -107.621986
v -231.640015 -160.603027 -108.754990
v -227.225006 -160.603027 -105.208992
v -237.207016 -160.603027 -109.830994
v -233.347015 -160.603027 -105.041992
v -232.216003 -160.603027 -107.519989
v -231.058014 -160.603027 -109.985992
v -234.200012 -160.603027 -116.104988
v -235.423004 -160.603027 -113.604988
v -231.640015 -166.103027 -108.754990
v -229.272018 -166.103027 -113.661987
v -230.373016 -166.103027 -123.524994
v -232.950012 -166.103027 -118.591988
v -221.926010 -166.103027 -115.970993
v -225.526016 -166.103027 -120.925987
v -219.406006 -166.103027 -120.668991
v -218.109009 -166.103027 -122.997993
v -218.109009 -160.603027 -122.997993
v -231.675018 -160.603027 -121.064987
v -234.200012 -166.103027 -116.104988
v -236.619019 -166.103027 -111.091988
v -238.930008 -166.103027 -106.028992
v -231.675018 -166.103027 -121.064987
v -230.373016 -160.603027 -123.524994
v -229.045013 -160.603027 -125.969994
v -224.905014 -166.103027 -133.219986
v -217.393005 -166.103027 -134.999985
v -220.173004 -166.103027 -130.416992
v -214.093018 -166.103027 -129.862991
v -216.787018 -166.103027 -125.312988
v -227.690018 -166.103027 -128.401993
v -221.549011 -166.103027 -128.065994
v -224.225006 -166.103027 -123.319992
v -226.800018 -166.103027 -118.517990
v -232.950012 -160.603027 -118.591988
v -223.148010 -160.603027 -113.600990
v -222.540009 -160.603027 -114.787987
v -226.800018 -160.603027 -118.517990
v -221.305008 -160.603027 -117.149994
v -220.045013 -160.603027 -119.499992
v -224.225006 -160.603027 -123.319992
v -218.761017 -160.603027 -121.835991
v -217.451004 -160.603027 -124.157990
v -221.549011 -160.603027 -128.065994
v -216.117004 -160.603027 -126.465988
v -214.770004 -160.603027 -128.740997
v -217.393005 -160.603027 -134.999985
v -231.027008 -160.603027 -122.296989
v -232.316010 -160.603027 -119.829994
v -233.578018 -160.603027 -117.349991
v -234.815018 -160.603027 -114.856987
v -227.428009 -160.603027 -117.308990
v -226.166016 -160.603027 -119.722992
v -224.879013 -160.603027 -122.124992
v -228.371017 -160.603027 -127.187988
v -229.712006 -160.603027 -124.748993
v -227.690018 -160.603027 -128.401993
v -226.311005 -160.603027 -130.817993
v -229.045013 -166.103027 -125.969994
v -226.311005 -166.103027 -130.817993
v -224.905014 -160.603027 -133.219986
v -223.498016 -160.603027 -135.567993
v -222.227005 -160.603027 -126.884995
v -223.566010 -160.603027 -124.511993
v -225.611008 -160.603027 -132.020996
v -227.004013 -160.603027 -129.611984
v -219.487015 -160.603027 -131.567993
v -220.864014 -160.603027 -129.243988
v -218.795013 -160.603027 -132.715988
v -218.795013 -166.103027 -132.715988
v -219.129013 -166.103027 -142.521988
v -214.518005 -166.103027 -139.522995
v -208.479004 -166.103027 -138.696991
v -211.326004 -166.103027 -134.318985
v -222.066010 -166.103027 -137.900986
v -215.968018 -166.103027 -137.268997
v -220.609009 -160.603027 -140.218994
v -222.066010 -160.603027 -137.900986
v -213.410004 -160.603027 -130.982986
v -218.097015 -160.603027 -133.859985
v -215.968018 -160.603027 -137.268997
v -222.785004 -160.603027 -136.736984
v -224.204010 -160.603027 -134.395996
v -221.341003 -160.603027 -139.061996
v -219.872009 -160.603027 -141.371994
v -219.129013 -160.603027 -142.521988
v -217.637009 -160.603027 -144.788986
v -210.620010 -160.603027 -135.422989
v -212.026016 -160.603027 -133.209991
v -209.196014 -160.603027 -137.611984
v -211.575012 -160.603027 -143.947998
v -207.027008 -166.103027 -140.853989
v -213.058014 -160.603027 -141.742996
v -207.756012 -160.603027 -139.776993
v -207.027008 -160.603027 -140.853989
v -205.553009 -160.603027 -142.995987
v -205.553009 -166.103027 -142.995987
v -213.058014 -166.103027 -141.742996
v -213.021011 -166.103027 -151.497986
v -216.122009 -166.103027 -147.041992
v -210.068008 -166.103027 -146.136993
v -208.539017 -166.103027 -148.310989
v -214.583008 -160.603027 -149.277985
v -216.122009 -160.603027 -147.041992
v -206.293015 -160.603027 -141.926987
v -210.068008 -160.603027 -146.136993
v -204.808014 -160.603027 -144.061996
v -203.429016 -160.603027 -146.002991
v -211.705017 -160.603027 -153.332993
v -213.021011 -160.603027 -151.497986
v -214.583008 -166.103027 -149.277985
v -217.637009 -166.103027 -144.788986
v -220.609009 -166.103027 -140.218994
v -223.498016 -166.103027 -135.567993
v -202.796005 -166.103027 -146.880997
v -201.519012 -166.103027 -148.626999
v -201.519012 -160.603027 -148.626999
v -207.250015 -160.603027 -150.106995
v -202.160004 -160.603027 -147.754990
v -200.876007 -160.603027 -149.495987
v -200.228012 -166.103027 -150.362991
v -203.291016 -166.103027 -155.426987
v -197.237015 -166.103027 -154.264999
v -193.797012 -166.103027 -158.564987
v -196.260010 -166.103027 -164.214996
v -190.292007 -166.103027 -162.754990
v -188.520004 -166.103027 -164.803986
v -188.520004 -160.603027 -164.803986
v -199.824005 -160.603027 -159.859985
v -200.478012 -166.103027 -167.744995
v -207.660004 -166.103027 -158.767990
v -207.660004 -160.603027 -158.767990
v -210.372009 -166.103027 -155.155991
v -210.372009 -160.603027 -155.155991
v -209.024017 -160.603027 -156.967987
v -207.250015 -166.103027 -150.106995
v -204.626007 -166.103027 -153.664993
v -201.569016 -166.103027 -157.652985
v -204.119003 -166.103027 -163.295990
v -198.054016 -166.103027 -162.047989
v -194.472015 -166.103027 -166.329987
v -193.032013 -166.103027 -176.263000
v -188.971008 -166.103027 -172.553986
v -186.725006 -166.103027 -166.834991
v -200.478012 -160.603027 -167.744995
v -198.652008 -160.603027 -169.903992
v -205.902008 -160.603027 -161.041992
v -205.288010 -160.603027 -152.779999
v -206.600006 -160.603027 -151.000992
v -211.040009 -160.603027 -154.245987
v -212.365005 -160.603027 -152.416992
v -207.897003 -160.603027 -149.209991
v -209.307007 -160.603027 -147.225998
v -213.805008 -160.603027 -150.389999
v -215.355011 -160.603027 -148.161987
v -216.882004 -160.603027 -145.917999
v -218.386017 -160.603027 -143.656998
v -210.824005 -160.603027 -145.044998
v -209.700012 -160.603027 -156.063995
v -204.626007 -160.603027 -153.664993
v -208.344009 -160.603027 -157.869995
v -199.576004 -160.603027 -151.225998
v -203.960007 -160.603027 -154.547989
v -202.433014 -160.603027 -156.542999
v -201.569016 -160.603027 -157.652985
v -209.024017 -166.103027 -156.967987
v -211.705017 -166.103027 -153.332993
v -205.902008 -166.103027 -161.041992
v -204.119003 -160.603027 -163.295990
v -205.013016 -160.603027 -162.170990
v -206.784012 -160.603027 -159.906998
v -202.311005 -160.603027 -165.529999
v -196.386017 -160.603027 -155.346985
v -198.082016 -160.603027 -153.177994
v -200.700012 -160.603027 -158.758987
v -198.942017 -160.603027 -160.955994
v -198.054016 -160.603027 -162.047989
v -202.311005 -166.103027 -165.529999
v -201.398010 -160.603027 -166.639999
v -203.218002 -160.603027 -164.415985
v -192.923004 -160.603027 -159.627991
v -194.666016 -160.603027 -157.496994
v -197.160004 -160.603027 -163.133987
v -195.369003 -160.603027 -165.274994
v -194.472015 -160.603027 -166.329987
v -196.801010 -166.103027 -172.043991
v -196.801010 -160.603027 -172.043991
v -194.928009 -160.603027 -174.163986
v -190.827011 -166.103027 -170.498993
v -185.377014 -160.603027 -176.408997
v -189.409012 -160.603027 -163.781998
v -191.170013 -160.603027 -161.722992
v -187.625015 -160.603027 -165.821991
v -190.827011 -160.603027 -170.498993
v -185.820007 -160.603027 -167.841995
v -184.064011 -160.603027 -169.766998
v -183.214005 -160.603027 -170.683990
v -183.204010 -160.603027 -170.694000
v -183.194016 -160.603027 -170.703995
v -183.178009 -160.603027 -170.722000
v -183.161011 -160.603027 -170.739990
v -183.235016 -160.603027 -170.808990
v -182.279007 -160.603027 -171.681000
v -180.502014 -160.603027 -173.548996
v -179.695007 -160.603027 -174.562988
v -179.589005 -160.603027 -174.493988
v -179.572006 -160.603027 -174.510986
v -178.688004 -160.603027 -175.416000
v -176.889008 -160.603027 -177.228989
v -181.705002 -166.103027 -180.188995
v -185.610016 -166.103027 -184.061996
v -193.032013 -160.603027 -176.263000
v -191.207016 -160.603027 -178.240997
v -193.983002 -160.603027 -175.215988
v -195.868011 -160.603027 -173.105988
v -191.746002 -160.603027 -169.463989
v -193.569016 -160.603027 -167.378998
v -189.902008 -160.603027 -171.528992
v -183.213013 -160.603027 -170.682999
v -188.080002 -160.603027 -173.524994
v -187.184006 -160.603027 -174.490997
v -189.361008 -166.103027 -180.199997
v -189.361008 -160.603027 -180.199997
v -187.496002 -160.603027 -182.140991
v -183.161011 -166.103027 -170.739990
v -179.606003 -166.103027 -174.475998
v -175.975006 -166.103027 -178.138000
v -174.131012 -166.103027 -179.939987
v -174.131012 -160.603027 -179.939987
v -172.269012 -166.103027 -181.723999
v -174.131012 -166.103027 -187.517990
v -170.466003 -160.603027 -190.856995
v -179.840012 -160.603027 -182.050995
v -175.055008 -160.603027 -179.041000
v -173.202011 -160.603027 -180.834991
v -176.053009 -160.603027 -185.714996
v -171.331009 -160.603027 -182.607986
v -177.874008 -166.103027 -191.548996
v -176.010010 -160.603027 -193.263000
v -179.837006 -160.603027 -189.707001
v -183.705002 -160.603027 -185.962997
v -179.589005 -160.603027 -174.528000
v -186.283005 -160.603027 -175.451996
v -184.466003 -160.603027 -177.360992
v -183.551010 -160.603027 -178.307999
v -186.556015 -160.603027 -183.103989
v -188.431015 -160.603027 -181.172989
v -190.287003 -160.603027 -179.222992
v -192.122009 -160.603027 -177.253998
v -185.610016 -160.603027 -184.061996
v -183.551010 -166.103027 -178.307999
v -187.184006 -166.103027 -174.490997
v -194.928009 -166.103027 -174.163986
v -198.652008 -166.103027 -169.903992
v -191.207016 -166.103027 -178.240997
v -187.496002 -166.103027 -182.140991
v -183.705002 -166.103027 -185.962997
v -181.780014 -166.103027 -187.845001
v -181.780014 -160.603027 -187.845001
v -179.840012 -166.103027 -182.050995
v -176.053009 -166.103027 -185.714996
v -172.306015 -166.103027 -189.195999
v -170.320007 -166.103027 -198.294998
v -166.736008 -166.103027 -194.123001
v -161.205002 -166.103027 -191.606995
v -164.985001 -166.103027 -188.360992
v -174.129013 -166.103027 -194.959000
v -168.609009 -166.103027 -192.498993
v -172.233002 -160.603027 -196.636002
v -165.895004 -160.603027 -187.559998
v -168.609009 -160.603027 -192.498993
v -164.071014 -160.603027 -189.157990
v -162.181015 -160.603027 -190.780991
v -168.287003 -160.603027 -200.023987
v -170.320007 -160.603027 -198.294998
v -174.129013 -160.603027 -194.959000
v -177.874008 -160.603027 -191.548996
v -178.857010 -160.603027 -190.629990
v -180.811005 -160.603027 -188.778992
v -177.007004 -160.603027 -184.806992
v -178.900009 -160.603027 -182.973999
v -182.745010 -160.603027 -186.906998
v -184.660004 -160.603027 -185.014999
v -180.775009 -160.603027 -181.121994
v -182.630005 -160.603027 -179.250992
v -175.094009 -160.603027 -186.618988
v -173.221008 -160.603027 -188.360001
v -172.306015 -160.603027 -189.195999
v -175.072006 -160.603027 -194.112991
v -176.944016 -160.603027 -192.407990
v -169.539001 -160.603027 -191.679993
v -171.388016 -160.603027 -190.028992
v -171.278015 -160.603027 -197.467987
v -173.183014 -160.603027 -195.799988
v -165.743011 -160.603027 -194.972000
v -167.675003 -160.603027 -193.312988
v -164.746002 -160.603027 -195.814987
v -166.236008 -166.103027 -201.731995
v -166.236008 -160.603027 -201.731995
v -164.167007 -160.603027 -203.417999
v -162.082001 -166.103027 -205.084000
v -155.261002 -166.103027 -196.453995
v -159.240005 -166.103027 -193.242996
v -159.240005 -160.603027 -193.242996
v -160.225006 -160.603027 -192.426987
v -158.252014 -160.603027 -194.052994
v -157.259003 -160.603027 -194.857986
v -161.728012 -160.603027 -198.314987
v -163.744003 -160.603027 -196.653992
v -160.713013 -160.603027 -199.138000
v -157.259003 -166.103027 -194.857986
v -155.261002 -166.103027 -196.453995
v -156.262009 -160.603027 -195.658997
v -155.261002 -160.603027 -196.453995
v -154.575012 -166.103027 -203.939987
v -153.265015 -166.103027 -198.014999
v -151.252014 -166.103027 -199.556992
v -151.252014 -160.603027 -199.556992
v -156.631012 -160.603027 -202.364990
v -152.260010 -160.603027 -198.789001
v -154.265015 -160.603027 -197.237000
v -149.224014 -166.103027 -201.077988
v -152.502014 -166.103027 -205.493988
v -157.897003 -166.103027 -208.322998
v -156.631012 -166.103027 -202.364990
v -160.713013 -166.103027 -199.138000
v -164.746002 -166.103027 -195.814987
v -168.287003 -166.103027 -200.023987
v -172.233002 -166.103027 -196.636002
v -176.010010 -166.103027 -193.263000
v -179.837006 -166.103027 -189.707001
v -164.167007 -166.103027 -203.417999
v -162.082001 -160.603027 -205.084000
v -163.127014 -160.603027 -204.253998
v -165.204010 -160.603027 -202.577988
v -167.263000 -160.603027 -200.879990
v -169.306015 -160.603027 -199.161987
v -157.653000 -160.603027 -201.569000
v -159.694000 -160.603027 -199.955994
v -158.949005 -160.603027 -207.520996
v -161.042007 -160.603027 -205.901993
v -157.897003 -160.603027 -208.322998
v -159.997009 -166.103027 -206.713989
v -155.780014 -166.103027 -209.910995
v -152.502014 -160.603027 -205.493988
v -154.715012 -160.603027 -210.696991
v -156.840012 -160.603027 -209.119995
v -150.240005 -160.603027 -200.319992
v -148.205002 -160.603027 -201.830002
v -151.460007 -160.603027 -206.263000
v -153.540009 -160.603027 -204.720001
v -155.605011 -160.603027 -203.154999
v -152.575012 -160.603027 -212.251999
v -197.729004 -160.603027 -170.976990
v -199.568008 -160.603027 -168.826996
v -236.024017 -160.603027 -112.349991
v -238.363007 -160.603027 -107.298988
v -239.491013 -160.603027 -104.755989
v -253.062012 -166.103012 -65.493484
v -254.399017 -166.103012 -60.090591
v -255.621017 -166.103012 -54.660389
v -256.189026 -166.103012 -51.935890
v -256.189026 -160.603012 -51.935890
v -256.727020 -160.603012 -49.205490
v -245.924011 -166.103012 -47.134888
v -251.824005 -166.103012 -45.491791
v -246.871017 -166.103012 -41.888092
v -247.303009 -166.103012 -39.257492
v -251.824005 -160.603012 -45.491791
v -252.735016 -160.603012 -40.119793
v -255.327011 -160.603012 -56.020390
v -249.954010 -160.603012 -54.841690
v -249.356018 -160.603012 -57.499691
v -248.730011 -160.603012 -60.151093
v -248.076019 -160.603012 -62.795792
v -250.524017 -160.603012 -52.177490
v -251.325012 -160.603012 -48.170189
v -256.985016 -160.603012 -47.838188
v -256.460999 -160.603012 -50.571388
v -245.669006 -160.603012 -48.443291
v -246.171005 -160.603012 -45.825092
v -246.645004 -160.603012 -43.201691
v -252.294006 -160.603012 -42.808189
v -247.091019 -160.603012 -40.573387
v -247.303009 -160.603012 -39.257492
v -247.509018 -160.603012 -37.940491
v -247.707016 -160.603012 -36.622387
v -257.716003 -160.603012 -43.728291
v -257.236023 -160.603012 -46.469490
v -251.325012 -166.103012 -48.170189
v -252.294006 -166.103012 -42.808189
v -258.981018 -166.103012 -35.475990
v -248.083008 -166.103012 -33.983189
v -248.083008 -160.603012 -33.983189
v -248.431015 -160.603012 -31.340090
v -254.214005 -166.103012 -29.323687
v -253.532013 -160.603012 -34.729591
v -247.707016 -166.103012 -36.622387
v -253.532013 -166.103012 -34.729591
v -248.431015 -166.103012 -31.340088
v -248.751007 -166.103012 -28.693388
v -248.751007 -160.603012 -28.693390
v -254.214005 -160.603012 -29.323689
v -258.589020 -160.603012 -38.231190
v -258.167023 -166.103012 -40.982094
v -253.148010 -166.103012 -37.426792
v -253.888016 -166.103012 -32.028389
v -260.257019 -166.103012 -24.418186
v -249.305008 -166.103012 -23.390686
v -249.305008 -160.603012 -23.390688
v -249.536011 -160.603012 -20.778688
v -254.781006 -160.603012 -23.904390
v -249.042007 -160.603012 -26.043489
v -253.888016 -160.603012 -32.028389
v -248.594009 -160.603012 -30.017189
v -248.261017 -160.603012 -32.662090
v -247.899017 -160.603012 -35.303291
v -253.148010 -160.603012 -37.426792
v -257.716003 -166.103012 -43.728291
v -256.727020 -166.103012 -49.205490
v -258.589020 -166.103012 -38.231190
v -258.981018 -160.603012 -35.475990
v -259.344025 -160.603012 -32.716789
v -259.678009 -166.103012 -29.953888
v -249.042007 -166.103012 -26.043488
v -255.226013 -166.103012 -18.563488
v -254.781006 -166.103012 -23.904388
v -249.536011 -166.103012 -20.778687
v -249.740005 -166.103012 -18.164488
v -249.740005 -160.603012 -18.164490
v -255.226013 -160.603012 -18.563490
v -258.789001 -160.603012 -36.854092
v -258.382019 -160.603012 -39.607189
v -258.167023 -160.603012 -40.982094
v -252.945007 -160.603012 -38.773792
v -257.480011 -160.603012 -45.099491
v -251.578018 -160.603012 -46.831593
v -251.065018 -160.603012 -49.507389
v -257.946014 -160.603012 -42.355793
v -253.344009 -160.603012 -36.078690
v -253.714005 -160.603012 -33.379490
v -259.515015 -160.603012 -31.335791
v -259.167023 -160.603012 -34.096889
v -259.678009 -160.603012 -29.953890
v -259.982025 -160.603012 -27.187590
v -259.982025 -166.103012 -27.187588
v -259.344025 -166.103012 -32.716789
v -260.257019 -160.603012 -24.418188
v -260.498016 -160.603012 -21.691490
v -254.512009 -160.603012 -26.615490
v -249.177017 -160.603012 -24.717390
v -248.900009 -160.603012 -27.368792
v -254.367020 -160.603012 -27.969990
v -254.055008 -160.603012 -30.676491
v -260.123016 -160.603012 -25.803291
v -259.834015 -160.603012 -28.571089
v -249.424011 -160.603012 -22.084990
v -261.051025 -166.103012 -13.498288
v -250.066010 -166.103012 -12.930288
v -250.066010 -160.603012 -12.930288
v -255.778015 -166.103012 -7.904048
v -255.559006 -160.603012 -13.214288
v -250.187012 -160.603012 -10.332788
v -249.917007 -160.603012 -15.548188
v -249.917007 -166.103012 -15.548188
v -255.559006 -166.103012 -13.214288
v -250.187012 -166.103012 -10.332788
v -250.280014 -166.103012 -7.734168
v -250.280014 -160.603012 -7.734169
v -261.177002 -160.603012 -10.786688
v -260.896027 -160.603012 -16.231289
v -260.710999 -160.603012 -18.962389
v -249.642014 -160.603012 -19.471889
v -255.017014 -160.603012 -21.235088
v -255.017014 -166.103012 -21.235086
v -254.512009 -166.103012 -26.615488
v -260.710999 -166.103012 -18.962387
v -255.406006 -166.103012 -15.889789
v -255.778015 -160.603012 -7.904048
v -255.682007 -166.103012 -10.559788
v -261.387024 -166.103012 -2.646048
v -261.051025 -160.603012 -13.498288
v -260.608002 -160.603012 -20.327188
v -260.381012 -160.603012 -23.055189
v -260.807007 -160.603012 -17.597090
v -255.406006 -160.603012 -15.889789
v -260.977020 -160.603012 -14.864988
v -249.995010 -160.603012 -14.239489
v -249.832016 -160.603012 -16.856588
v -255.125015 -160.603012 -19.899490
v -254.903015 -160.603012 -22.570089
v -254.650009 -160.603012 -25.260290
v -255.682007 -160.603012 -10.559788
v -261.275024 -166.103012 -8.073928
v -261.275024 -160.603012 -8.073928
v -261.345001 -160.603012 -5.360279
v -250.387009 -166.103012 -2.534698
v -250.347015 -160.603012 -5.134708
v -250.347015 -166.103012 -5.134708
v -250.387009 -160.603012 -2.534698
v -255.893005 -166.103012 1.831203
v -250.400009 -160.603012 -0.371437
v -255.887009 -160.603012 -2.590368
v -250.237015 -160.603012 -9.033608
v -250.130005 -160.603012 -11.631688
v -250.317017 -160.603012 -6.434528
v -255.846008 -160.603012 -5.247488
v -250.371017 -160.603012 -3.834758
v -250.396011 -160.603012 -1.453078
v -255.887009 -166.103012 -2.590367
v -255.893005 -160.603012 1.831202
v -255.815018 -160.603012 -6.575859
v -261.369019 -160.603012 -4.003218
v -261.314026 -160.603012 -6.717198
v -261.230011 -160.603012 -9.430448
v -261.118011 -160.603012 -12.142689
v -261.387024 -160.603012 -2.646048
v -261.400024 -160.603012 -0.387756
v -250.400009 -166.103012 -0.371436
v -250.394012 -166.103012 1.791853
v -250.394012 -160.603012 1.791852
v -255.900009 -160.603012 -0.379596
v -250.399017 -160.603012 0.710212
v -250.383011 -160.603012 2.873452
v -250.369019 -160.603012 3.955002
v -261.322021 -166.103012 6.386613
v -250.325012 -166.103012 6.117853
v -250.325012 -160.603012 6.117852
v -250.243011 -160.603012 8.869903
v -255.824005 -160.603012 6.252233
v -255.624008 -166.103012 11.876113
v -250.369019 -166.103012 3.955003
v -255.824005 -166.103012 6.252233
v -250.243011 -166.103012 8.869903
v -250.130005 -166.103012 11.620914
v -250.130005 -160.603012 11.620914
v -255.624008 -160.603012 11.876113
v -255.896011 -160.603012 -1.484998
v -255.870010 -160.603012 -3.918988
v -261.393005 -166.103012 1.870563
v -261.393005 -160.603012 1.870562
v -261.367004 -160.603012 4.128742
v -255.900009 -166.103012 -0.379595
v -255.846008 -166.103012 -5.247488
v -255.868011 -166.103012 4.041873
v -255.739014 -166.103012 9.064723
v -260.788025 -166.103012 17.870316
v -249.814011 -166.103012 17.118315
v -249.814011 -160.603012 17.118313
v -249.614014 -160.603012 19.820513
v -255.301010 -160.603012 17.494312
v -254.863007 -166.103012 23.015015
v -249.987015 -160.603012 14.370414
v -249.987015 -166.103012 14.370414
v -255.301010 -166.103012 17.494314
v -249.614014 -166.103012 19.820515
v -249.385010 -166.103012 22.520315
v -249.385010 -160.603012 22.520313
v -254.863007 -160.603012 23.015013
v -261.236023 -160.603012 9.259553
v -255.883011 -160.603012 2.936562
v -255.899017 -160.603012 0.725811
v -255.868011 -160.603012 4.041872
v -261.347015 -160.603012 5.257722
v -261.383026 -160.603012 2.999682
v -261.399017 -160.603012 0.741410
v -261.396027 -160.603012 -1.516918
v -261.322021 -160.603012 6.386612
v -261.236023 -166.103012 9.259553
v -261.367004 -166.103012 4.128743
v -261.400024 -166.103012 -0.387755
v -261.345001 -166.103012 -5.360278
v -261.177002 -166.103012 -10.786688
v -260.896027 -166.103012 -16.231287
v -260.498016 -166.103012 -21.691488
v -261.118011 -166.103012 12.131413
v -261.118011 -160.603012 12.131413
v -255.739014 -160.603012 9.064723
v -261.181000 -160.603012 10.695613
v -261.283020 -160.603012 7.823202
v -250.349014 -160.603012 5.036472
v -255.848007 -160.603012 5.147102
v -255.785019 -160.603012 7.658592
v -250.190018 -160.603012 10.245513
v -250.288010 -160.603012 7.493992
v -250.062012 -160.603012 12.995812
v -255.478012 -160.603012 14.686112
v -249.904007 -160.603012 15.744613
v -249.718018 -160.603012 18.469612
v -255.097015 -160.603012 20.255814
v -249.503006 -160.603012 21.170712
v -249.260010 -160.603012 23.869314
v -249.127014 -160.603012 25.217611
v -259.771027 -166.103012 29.138014
v -248.839005 -166.103012 27.911816
v -248.839005 -160.603012 27.911814
v -253.664017 -166.103012 33.755913
v -248.517014 -160.603012 30.405613
v -254.305008 -160.603012 28.524914
v -249.127014 -166.103012 25.217613
v -254.305008 -166.103012 28.524916
v -248.539017 -166.103012 30.472713
v -248.212006 -166.103012 33.030411
v -248.212006 -160.603012 33.030411
v -248.545013 -160.603012 30.423613
v -248.548019 -160.603012 30.395613
v -253.664017 -160.603012 33.755913
v -260.580017 -160.603012 20.691212
v -260.969025 -160.603012 15.001714
v -255.555008 -160.603012 13.281313
v -255.686005 -160.603012 10.470613
v -255.478012 -166.103012 14.686112
v -255.097015 -166.103012 20.255816
v -260.788025 -160.603012 17.870314
v -260.883026 -160.603012 16.436211
v -261.048004 -160.603012 13.566713
v -255.203018 -160.603012 18.875313
v -255.394012 -160.603012 16.090412
v -260.341003 -166.103012 23.509615
v -260.341003 -160.603012 23.509613
v -260.071014 -160.603012 26.325413
v -254.599014 -166.103012 25.771515
v -253.998016 -166.103012 31.142115
v -258.351013 -166.103012 39.810211
v -247.479019 -166.103012 38.134911
v -247.479019 -160.603012 38.134911
v -252.059006 -166.103012 44.172714
v -252.915009 -160.603012 38.972515
v -247.073013 -160.603012 40.681313
v -247.859009 -160.603012 35.584515
v -247.859009 -166.103012 35.584515
v -252.915009 -166.103012 38.972515
v -247.073013 -166.103012 40.681313
v -246.641006 -166.103012 43.223312
v -246.641006 -160.603012 43.223312
v -246.183014 -160.603012 45.760712
v -246.183014 -166.103012 45.760712
v -245.699005 -166.103012 48.293316
v -245.699005 -160.603012 48.293316
v -245.219009 -160.603012 50.670914
v -251.096008 -160.603012 49.354015
v -250.092010 -166.103012 54.209015
v -252.059006 -160.603012 44.172714
v -256.492004 -166.103012 50.414814
v -258.351013 -160.603012 39.810211
v -247.982010 -160.603012 35.602211
v -259.457001 -160.603012 31.811413
v -259.771027 -160.603012 29.138012
v -254.599014 -160.603012 25.771513
v -259.925018 -160.603012 27.732113
v -260.210022 -160.603012 24.917913
v -254.735016 -160.603012 24.393612
v -254.984009 -160.603012 21.635712
v -248.987015 -160.603012 26.565113
v -248.697006 -160.603012 29.154112
v -248.548019 -160.603012 30.395613
v -248.547012 -160.603012 30.409613
v -248.545013 -160.603012 30.423613
v -248.542007 -160.603012 30.448212
v -248.539017 -160.603012 30.472712
v -248.639008 -160.603012 30.485012
v -248.379013 -160.603012 31.752012
v -248.039017 -160.603012 34.307911
v -247.855011 -160.603012 35.608913
v -247.852005 -160.603012 35.633213
v -247.668015 -160.603012 36.884514
v -247.279007 -160.603012 39.408615
v -257.927002 -160.603012 42.468410
v -247.876007 -160.603012 35.636616
v -253.303009 -160.603012 36.366116
v -258.747009 -160.603012 37.147816
v -253.998016 -160.603012 31.142113
v -259.115997 -166.103012 34.481411
v -259.115997 -160.603012 34.481411
v -253.303009 -166.103012 36.366116
v -252.500015 -166.103012 41.574814
v -257.476013 -166.103012 45.122116
v -251.590012 -166.103012 46.765816
v -251.096008 -166.103012 49.354015
v -250.092010 -160.603012 54.209015
v -252.500015 -160.603012 41.574814
v -246.860016 -160.603012 41.952816
v -246.415009 -160.603012 44.492615
v -251.590012 -160.603012 46.765816
v -245.944016 -160.603012 47.027615
v -245.462006 -160.603012 49.482712
v -244.717010 -166.103012 53.043911
v -255.992020 -160.603012 52.896912
v -256.998016 -160.603012 47.771015
v -258.552002 -160.603012 38.479515
v -258.934998 -160.603012 35.815113
v -253.487015 -160.603012 35.061512
v -253.834015 -160.603012 32.449413
v -254.155014 -160.603012 29.833914
v -254.456009 -160.603012 27.148613
v -259.617004 -160.603012 30.475113
v -259.290009 -160.603012 33.146812
v -253.112015 -160.603012 37.669815
v -252.711014 -160.603012 40.274212
v -257.476013 -160.603012 45.122116
v -257.927002 -166.103012 42.468410
v -258.747009 -166.103012 37.147816
v -259.457001 -166.103012 31.811415
v -260.071014 -166.103012 26.325415
v -260.580017 -166.103012 20.691214
v -260.969025 -166.103012 15.001714
v -256.998016 -166.103012 47.771015
v -256.492004 -160.603012 50.414814
v -254.347015 -166.103012 60.312614
v -243.644012 -166.103012 57.774616
v -247.738007 -166.103012 64.115517
v -243.644012 -160.603012 57.774616
v -243.041016 -160.603012 60.259212
v -248.995010 -160.603012 59.043617
v -244.192017 -160.603012 55.411816
v -244.717010 -160.603012 53.043911
v -244.192017 -166.103012 55.411816
v -248.995010 -166.103012 59.043617
v -243.041016 -166.103012 60.259212
v -242.413010 -166.103012 62.737514
v -242.413010 -160.603012 62.737514
v -247.738007 -160.603012 64.115517
v -254.919006 -160.603012 57.846115
v -255.468018 -160.603012 55.374115
v -244.971008 -160.603012 51.858013
v -250.606018 -160.603012 51.784016
v -255.468018 -166.103012 55.374115
v -255.733017 -160.603012 54.136116
v -256.245026 -160.603012 51.656513
v -250.854019 -160.603012 50.569614
v -251.346008 -160.603012 48.060616
v -256.748016 -160.603012 49.093513
v -257.240021 -160.603012 46.447117
v -251.828018 -160.603012 45.469913
v -252.283005 -160.603012 42.874313
v -257.705017 -160.603012 43.795815
v -258.141998 -160.603012 41.139812
v -250.606018 -166.103012 51.784016
v -249.556015 -166.103012 56.629013
v -248.379013 -166.103012 61.582813
v -251.672012 -166.103012 70.647118
v -254.347015 -160.603012 60.312614
v -253.718018 -160.603012 62.906315
v -255.992020 -166.103012 52.896912
v -254.919006 -166.103012 57.846115
v -253.718018 -166.103012 62.906315
v -253.062012 -166.103012 65.493515
v -253.062012 -160.603012 65.493515
v -252.380005 -160.603012 68.073914
v -241.082016 -166.103012 67.674316
v -241.760010 -160.603012 65.209320
v -241.760010 -166.103012 65.209320
v -241.082016 -166.103012 67.674225
v -248.379013 -160.603012 61.582813
v -242.730011 -160.603012 61.499115
v -243.346008 -160.603012 59.017712
v -243.921005 -160.603012 56.593914
v -249.556015 -160.603012 56.629013
v -244.457016 -160.603012 54.228516
v -254.636017 -160.603012 59.080013
v -255.196014 -160.603012 56.610714
v -248.691010 -160.603012 60.314014
v -249.278015 -160.603012 57.837013
v -249.827011 -160.603012 55.419617
v -250.352005 -160.603012 52.997116
v -253.393005 -160.603012 64.200821
v -254.036011 -160.603012 61.610313
v -246.377014 -166.103012 69.160721
v -242.090012 -160.603012 63.974213
v -246.377014 -160.603012 69.160721
v -247.070007 -160.603012 66.641617
v -241.424011 -160.603012 66.442619
v -241.082016 -160.603012 67.674316
v -244.926010 -166.103012 74.134315
v -240.384018 -160.603012 70.111221
v -240.384018 -166.103012 70.111221
v -239.662018 -166.103012 72.540916
v -239.662018 -160.603012 72.540916
v -250.944016 -160.603012 73.191124
v -244.926010 -160.603012 74.134315
v -238.916016 -160.603012 74.963219
v -249.411011 -160.603012 78.256416
v -245.664017 -160.603012 71.651222
v -240.026016 -160.603012 71.327019
v -240.736008 -160.603012 68.893623
v -247.070007 -166.103012 66.641617
v -245.664017 -166.103012 71.651123
v -248.606018 -166.103012 80.777122
v -238.145004 -166.103012 77.377914
v -238.145004 -160.603012 77.377914
v -243.375015 -160.603012 79.077522
v -238.916016 -166.103012 74.963219
v -241.725006 -166.103012 83.988319
v -237.349014 -160.603012 79.784622
v -241.725006 -160.603012 83.988319
v -247.776016 -160.603012 83.289520
v -235.685013 -160.603012 84.573219
v -239.975006 -160.603012 88.864624
v -246.039017 -160.603012 88.288521
v -239.975006 -166.103012 88.864624
v -238.110016 -160.603012 93.746124
v -238.110016 -166.103012 93.746124
v -231.071014 -166.103012 96.469620
v -231.071014 -160.603012 96.469620
v -232.044006 -160.603012 94.105316
v -236.146011 -160.603012 98.588516
v -230.126007 -160.603012 98.703316
v -229.159012 -166.103012 100.928017
v -229.159012 -160.603012 100.928017
v -228.170013 -160.602997 103.143021
v -227.161011 -166.102997 105.348022
v -227.161011 -160.602997 105.348022
v -232.150009 -160.602997 107.662018
v -234.192017 -166.102997 103.145020
v -229.884018 -166.102997 112.420021
v -226.064011 -160.602997 107.682022
v -229.884018 -160.602997 112.420021
v -222.630005 -166.102997 114.613022
v -222.630005 -160.602997 114.613022
v -227.520004 -160.602997 117.130020
v -223.798004 -160.602997 112.314018
v -225.060013 -166.102997 121.791023
v -221.438004 -160.602997 116.899017
v -220.222015 -166.102997 119.173019
v -220.222015 -160.602997 119.173019
v -218.926010 -160.602997 121.476021
v -218.959015 -160.602997 121.478020
v -217.721008 -166.102997 123.683022
v -217.721008 -160.602997 123.683022
v -222.504013 -160.602997 126.400024
v -216.370010 -160.602997 126.032021
v -219.716003 -160.602997 131.185028
v -219.716003 -166.102997 131.185028
v -212.166016 -166.102997 132.988022
v -212.166016 -160.602997 132.988022
v -213.592010 -160.602997 130.685028
v -216.826004 -160.602997 135.909027
v -210.691010 -160.602997 135.313019
v -209.190002 -166.102997 137.621017
v -209.190002 -160.602997 137.621017
v -207.664017 -160.602997 139.913025
v -206.113007 -166.102997 142.188019
v -206.113007 -160.602997 142.188019
v -210.641006 -160.602997 145.311020
v -213.785004 -166.102997 140.644028
v -208.098007 -166.102997 148.929016
v -204.877014 -160.602997 143.963028
v -208.098007 -160.602997 148.929016
v -201.078003 -166.102997 149.225021
v -201.078003 -160.602997 149.225021
v -202.359009 -160.602997 147.482025
v -205.494003 -160.602997 152.502029
v -202.283005 -166.102997 156.737030
v -194.707016 -166.102997 157.446030
v -194.707016 -160.602997 157.446030
v -198.984009 -160.602997 160.904022
v -196.332016 -160.602997 155.416016
v -193.048004 -160.602997 159.476028
v -191.367004 -166.102997 161.489029
v -191.367004 -160.602997 161.489029
v -189.666016 -160.602997 163.484024
v -187.943008 -166.102997 165.461029
v -187.943008 -160.602997 165.461029
v -192.071014 -160.602997 169.096024
v -186.171005 -160.602997 167.453018
v -188.428009 -160.602997 173.147018
v -188.428009 -166.102997 173.147018
v -180.729004 -166.102997 173.313019
v -180.729004 -160.602997 173.313019
v -182.564011 -160.602997 171.379028
v -180.885010 -166.102997 181.012024
v -184.698013 -160.602997 177.119019
v -178.873001 -160.602997 175.227020
v -180.885010 -160.602997 181.012024
v -175.102005 -160.602997 178.996017
v -176.990005 -160.602997 184.822021
v -176.990005 -166.102997 184.822021
v -173.015015 -160.602997 188.549026
v -173.015015 -166.102997 188.549026
v -165.330002 -166.102997 188.059021
v -165.330002 -160.602997 188.059021
v -167.323013 -160.602997 186.288025
v -168.961014 -160.602997 192.190018
v -163.319000 -160.602997 189.808029
v -164.831009 -160.602997 195.743027
v -164.831009 -166.102997 195.743027
v -157.174011 -166.102997 194.927017
v -157.174011 -160.602997 194.927017
v -159.240005 -160.602997 193.243027
v -160.626007 -160.602997 199.209030
v -155.569000 -166.102997 203.182022
v -154.712006 -160.602997 196.887024
v -155.569000 -160.602997 203.182022
v -147.181000 -166.102997 202.578018
v -147.181000 -160.602997 202.578018
v -150.414001 -160.602997 207.027023
v -145.164001 -166.102997 210.742020
v -150.414001 -166.102997 207.027023
v -144.624008 -166.102997 204.411026
v -149.715012 -166.102997 200.712021
v -152.226013 -166.102997 198.815018
v -152.226013 -160.602997 198.815018
v -154.712006 -166.102997 196.887024
v -160.626007 -166.102997 199.209030
v -159.240005 -166.102997 193.243027
v -161.289001 -166.102997 191.536026
v -161.289001 -160.602997 191.536026
v -149.715012 -160.602997 200.712021
v -145.164001 -160.602997 210.742020
v -153.647003 -166.102997 211.477020
v -147.801010 -166.102997 208.901031
v -153.004013 -166.102997 205.121017
v -164.078003 -166.102997 203.490021
v -153.647003 -160.602997 211.477020
v -156.292007 -160.602997 209.530029
v -144.624008 -160.602997 204.411026
v -150.977005 -160.602997 213.391022
v -148.451004 -160.602997 201.649017
v -145.906006 -160.602997 203.499023
v -147.801010 -160.602997 208.901031
v -143.337006 -160.602997 205.316025
v -142.044006 -160.602997 206.213028
v -142.044006 -166.102997 206.213028
v -139.442001 -160.602997 207.981018
v -139.442001 -166.102997 207.981018
v -136.817001 -166.102997 209.717026
v -136.817001 -160.602997 209.717026
v -134.577011 -160.602997 211.162018
v -135.227005 -166.102997 217.252029
v -139.822006 -160.602997 214.323029
v -142.827011 -166.102997 218.930023
v -150.977005 -166.102997 213.391022
v -156.292007 -166.102997 209.530029
v -158.913010 -166.102997 207.549026
v -158.913010 -160.602997 207.549026
v -161.508011 -160.602997 205.536026
v -158.110001 -166.102997 201.211029
v -162.738007 -166.102997 197.487030
v -172.593002 -166.102997 196.320023
v -168.961014 -166.102997 192.190018
v -163.319000 -166.102997 189.808029
v -164.078003 -160.602997 203.490021
v -166.236008 -160.602997 201.732025
v -161.508011 -166.102997 205.536026
v -166.236008 -166.102997 201.732025
v -168.374008 -166.102997 199.950027
v -168.374008 -160.602997 199.950027
v -170.493011 -160.602997 198.147018
v -166.906006 -166.102997 193.977020
v -162.738007 -160.602997 197.487030
v -158.209015 -160.602997 194.088028
v -155.946014 -160.602997 195.911026
v -158.110001 -160.602997 201.211029
v -153.472000 -160.602997 197.855026
v -150.974014 -160.602997 199.768021
v -153.004013 -160.602997 205.121017
v -153.422012 -160.602997 205.682022
v -154.290009 -160.602997 204.156021
v -151.712006 -160.602997 206.078018
v -149.110001 -160.602997 207.968018
v -148.205002 -160.602997 209.473022
v -146.485001 -160.602997 209.826019
v -145.567001 -160.602997 217.118027
v -139.822006 -166.102997 214.323029
v -135.227005 -160.602997 217.252029
v -148.284012 -166.102997 215.271027
v -148.284012 -160.602997 215.271027
v -142.504013 -166.102997 212.550018
v -134.577011 -166.102997 211.162018
v -132.320999 -166.102997 212.583023
v -132.320999 -160.602997 212.583023
v -140.489014 -160.602997 220.438019
v -142.827011 -160.602997 218.930023
v -137.533005 -166.102997 215.800018
v -133.376999 -166.102997 224.812027
v -127.765007 -166.102997 215.352020
v -127.765007 -160.602997 215.352020
v -125.465004 -160.602997 216.700027
v -130.570999 -160.602997 220.082031
v -125.856003 -166.102997 222.812027
v -130.050003 -160.602997 213.979019
v -137.533005 -160.602997 215.800018
v -133.451004 -160.602997 211.875031
v -135.699005 -160.602997 210.442032
v -138.132004 -160.602997 208.853027
v -142.504013 -160.602997 212.550018
v -140.746002 -160.602997 207.101028
v -143.837006 -160.602997 211.650024
v -144.200012 -160.602997 218.028030
v -146.929001 -160.602997 216.199020
v -149.634003 -160.602997 214.336029
v -152.315002 -160.602997 212.438019
v -154.973007 -160.602997 210.508026
v -157.606003 -160.602997 208.543030
v -159.371002 -160.602997 200.214020
v -160.214005 -160.602997 206.547028
v -162.797012 -160.602997 204.517029
v -165.159012 -160.602997 202.614029
v -167.307007 -160.602997 200.844025
v -174.673004 -160.602997 194.472031
v -172.593002 -160.602997 196.320023
v -166.906006 -160.602997 193.977020
v -169.436005 -160.602997 199.051025
v -171.545013 -160.602997 197.236023
v -162.306015 -160.602997 190.675018
v -160.267014 -160.602997 192.392029
v -165.871002 -160.602997 194.863022
v -163.787003 -160.602997 196.618027
v -161.684006 -160.602997 198.351028
v -167.936005 -160.602997 193.086029
v -166.329010 -160.602997 187.176025
v -164.327011 -160.602997 188.936020
v -169.297012 -166.102997 184.496017
v -170.998001 -160.602997 190.380020
v -168.312012 -160.602997 185.395020
v -169.297012 -160.602997 184.496017
v -171.251007 -160.602997 182.683029
v -171.251007 -166.102997 182.683029
v -167.323013 -166.102997 186.288025
v -173.186005 -166.102997 180.850021
v -173.186005 -160.602997 180.850021
v -176.734009 -166.102997 192.601028
v -176.734009 -160.602997 192.601028
v -178.774002 -160.602997 190.709030
v -180.794006 -166.102997 188.794022
v -175.102005 -166.102997 178.996017
v -176.998001 -166.102997 177.121017
v -178.948013 -160.602997 182.927017
v -174.147003 -160.602997 179.925018
v -172.221008 -160.602997 181.769028
v -175.013016 -160.602997 186.696030
v -170.276001 -160.602997 183.592026
v -177.756012 -160.602997 191.657028
v -172.009003 -160.602997 189.467026
v -173.636002 -160.602997 195.399017
v -175.706009 -160.602997 193.539032
v -169.982010 -160.602997 191.287018
v -174.016006 -160.602997 187.625031
v -176.004013 -160.602997 185.762024
v -182.794006 -160.602997 186.859024
v -180.794006 -160.602997 188.794022
v -175.013016 -166.102997 186.696030
v -170.998001 -166.102997 190.380020
v -174.673004 -166.102997 194.472031
v -170.493011 -166.102997 198.147018
v -178.774002 -166.102997 190.709030
v -182.794006 -166.102997 186.859024
v -184.773010 -166.102997 184.902023
v -186.731003 -160.602997 182.925018
v -188.668015 -166.102997 180.926025
v -178.873001 -166.102997 175.227020
v -184.698013 -166.102997 177.119019
v -182.564011 -166.102997 171.379028
v -184.378006 -166.102997 169.425018
v -184.378006 -160.602997 169.425018
v -181.797012 -160.602997 187.829025
v -184.773010 -160.602997 184.902023
v -176.998001 -160.602997 177.121017
v -177.938004 -160.602997 176.177017
v -176.052002 -160.602997 178.061020
v -182.802002 -160.602997 179.076019
v -179.804016 -160.602997 174.272018
v -181.649002 -160.602997 172.348022
v -186.574005 -160.602997 175.143021
v -183.473007 -160.602997 170.405029
v -185.277008 -160.602997 168.442017
v -186.171005 -166.102997 167.453018
v -195.571014 -166.102997 165.036026
v -192.071014 -166.102997 169.096024
v -189.666016 -166.102997 163.484024
v -193.048004 -166.102997 159.476028
v -198.984009 -166.102997 160.904022
v -196.332016 -166.102997 155.416016
v -197.935013 -166.102997 153.368027
v -197.935013 -160.602997 153.368027
v -204.957016 -160.602997 162.243027
v -203.261017 -166.102997 164.363022
v -195.571014 -160.602997 165.036026
v -196.200012 -166.102997 172.730026
v -196.200012 -160.602997 172.730026
v -190.584015 -160.602997 178.907028
v -185.755005 -160.602997 183.916031
v -183.786011 -160.602997 185.883026
v -187.702011 -160.602997 181.928024
v -188.668015 -160.602997 180.926025
v -192.477005 -166.102997 176.868027
v -190.260010 -166.102997 171.131027
v -186.574005 -166.102997 175.143021
v -182.802002 -166.102997 179.076019
v -178.948013 -166.102997 182.927017
v -190.584015 -166.102997 178.907028
v -186.731003 -166.102997 182.925018
v -192.477005 -160.602997 176.868027
v -189.629013 -160.602997 179.919022
v -183.753006 -160.602997 178.100021
v -181.846008 -160.602997 180.046021
v -185.639008 -160.602997 176.134018
v -187.503006 -160.602997 174.147018
v -194.350006 -160.602997 174.809021
v -189.347015 -160.602997 172.141022
v -190.260010 -160.602997 171.131027
v -194.350006 -166.102997 174.809021
v -197.998016 -160.602997 170.666031
v -193.416016 -160.602997 175.841019
v -191.533005 -160.602997 177.890030
v -195.277008 -160.602997 173.772018
v -188.807007 -160.602997 164.475021
v -187.060013 -160.602997 166.459030
v -191.169006 -160.602997 170.116028
v -192.954010 -160.602997 168.088028
v -193.832016 -160.602997 167.075027
v -199.774002 -166.102997 168.583023
v -201.528015 -160.602997 166.482025
v -199.774002 -160.602997 168.583023
v -192.210007 -160.602997 160.485016
v -190.519012 -160.602997 162.489029
v -194.704010 -160.602997 166.058029
v -197.288010 -160.602997 162.979019
v -193.832016 -166.102997 167.075027
v -197.998016 -166.102997 170.666031
v -201.528015 -166.102997 166.482025
v -203.261017 -160.602997 164.363022
v -200.654007 -160.602997 167.535019
v -198.889008 -160.602997 169.627029
v -197.101013 -160.602997 171.700027
v -202.397003 -160.602997 165.425018
v -202.283005 -160.602997 156.737030
v -197.288010 -166.102997 162.979019
v -200.644012 -166.102997 158.829025
v -209.911011 -166.102997 155.780029
v -206.630005 -166.102997 160.106018
v -199.517014 -160.602997 151.305023
v -199.517014 -166.102997 151.305023
v -200.644012 -160.602997 158.829025
v -195.522003 -160.602997 156.433029
v -193.880005 -160.602997 158.463028
v -206.630005 -160.602997 160.106018
v -208.282013 -160.602997 157.951019
v -204.957016 -166.102997 162.243027
v -208.282013 -166.102997 157.951019
v -209.911011 -160.602997 155.780029
v -211.249008 -160.602997 153.961029
v -205.494003 -166.102997 152.502029
v -198.729004 -160.602997 152.339020
v -197.136017 -160.602997 154.394028
v -203.899002 -160.602997 154.628021
v -200.300003 -160.602997 150.267029
v -201.720016 -160.602997 148.355026
v -202.359009 -166.102997 147.482025
v -203.626007 -166.102997 145.728027
v -203.626007 -160.602997 145.728027
v -206.804016 -160.602997 150.721024
v -202.994003 -160.602997 146.606018
v -204.253006 -160.602997 144.847015
v -204.877014 -166.102997 143.963028
v -210.641006 -166.102997 145.311020
v -207.664017 -166.102997 139.913025
v -210.691010 -166.102997 135.313019
v -216.826004 -166.102997 135.909027
v -213.592010 -166.102997 130.685028
v -214.994003 -166.102997 128.366028
v -214.994003 -160.602997 128.366028
v -213.785004 -160.602997 140.644028
v -221.486008 -166.102997 138.830017
v -215.168015 -166.102997 148.434021
v -215.168015 -160.602997 148.434021
v -207.459015 -160.602997 159.031021
v -205.796005 -160.602997 161.176025
v -204.111008 -160.602997 163.305023
v -209.099014 -160.602997 156.868027
v -204.700012 -160.602997 153.567017
v -203.094009 -160.602997 155.685028
v -206.151016 -160.602997 151.613022
v -212.571014 -166.102997 152.130020
v -212.571014 -160.602997 152.130020
v -213.877014 -160.602997 150.288025
v -209.377014 -166.102997 147.126022
v -206.804016 -166.102997 150.721024
v -203.899002 -166.102997 154.628021
v -211.249008 -166.102997 153.961029
v -213.877014 -166.102997 150.288025
v -216.787018 -160.602997 146.060028
v -207.453003 -160.602997 149.827026
v -208.740005 -160.602997 148.029022
v -209.377014 -160.602997 147.126022
v -213.226013 -160.602997 151.210022
v -211.912003 -160.602997 153.047028
v -210.582016 -160.602997 154.872025
v -214.525009 -160.602997 149.362015
v -206.892014 -160.602997 141.053024
v -205.497009 -160.602997 143.077026
v -210.011017 -160.602997 146.220016
v -211.436005 -160.602997 144.151016
v -212.226013 -160.602997 142.986023
v -218.380005 -166.102997 143.667023
v -215.981003 -160.602997 147.249023
v -217.587006 -160.602997 144.866028
v -218.380005 -160.602997 143.667023
v -219.946014 -160.602997 141.257019
v -215.318008 -166.102997 138.285019
v -212.226013 -166.102997 142.986023
v -216.787018 -166.102997 146.060028
v -219.946014 -166.102997 141.257019
v -221.486008 -160.602997 138.830017
v -222.975006 -160.602997 136.426025
v -209.944016 -160.602997 136.469025
v -208.430008 -160.602997 138.769028
v -213.008011 -160.602997 141.817017
v -214.555008 -160.602997 139.467026
v -215.318008 -160.602997 138.285019
v -219.166016 -160.602997 142.464020
v -220.719009 -160.602997 140.046021
v -212.882004 -160.602997 131.838028
v -211.431015 -160.602997 134.153015
v -216.075012 -160.602997 137.099014
v -217.558014 -160.602997 134.734024
v -218.284012 -160.602997 133.555023
v -218.284012 -166.102997 133.555023
v -227.286011 -166.102997 129.116028
v -222.504013 -166.102997 126.400024
v -218.984009 -166.102997 121.435020
v -216.370010 -166.102997 126.032021
v -224.439011 -166.102997 134.005020
v -221.123016 -166.102997 128.800018
v -225.060013 -160.602997 121.791023
v -214.296005 -160.602997 129.527023
v -215.685013 -160.602997 127.201019
v -221.123016 -160.602997 128.800018
v -217.049011 -160.602997 124.859024
v -218.336014 -160.602997 122.594025
v -218.946014 -160.602997 121.503021
v -218.953003 -160.602997 121.490021
v -218.960007 -160.602997 121.478020
v -218.972015 -160.602997 121.456024
v -218.984009 -160.602997 121.435020
v -219.072006 -160.602997 121.484024
v -219.606003 -160.602997 120.305023
v -220.833008 -160.602997 118.038017
v -221.548004 -160.602997 116.957024
v -221.449005 -160.602997 116.877022
v -221.461014 -160.602997 116.856018
v -222.048004 -160.602997 115.736023
v -223.217010 -160.602997 113.465019
v -227.520004 -166.102997 117.130020
v -232.410004 -166.102997 119.648018
v -227.286011 -160.602997 129.116028
v -228.603012 -160.602997 126.769020
v -225.875015 -160.602997 131.568024
v -224.439011 -160.602997 134.005020
v -222.975006 -166.102997 136.426025
v -225.875015 -166.102997 131.568024
v -223.793015 -166.102997 124.102020
v -229.897018 -166.102997 124.408020
v -221.438004 -166.102997 116.899017
v -223.798004 -166.102997 112.314018
v -224.943008 -166.102997 110.004021
v -224.943008 -160.602997 110.004021
v -226.064011 -166.102997 107.682022
v -232.150009 -166.102997 107.662018
v -234.192017 -160.602997 103.145020
v -228.714005 -160.602997 114.781021
v -224.374008 -160.602997 111.160019
v -225.506012 -160.602997 108.844017
v -231.029007 -160.602997 110.047020
v -226.615005 -160.602997 106.516022
v -227.668015 -160.602997 104.247017
v -237.140015 -166.102997 109.976021
v -238.194016 -160.602997 107.674019
v -235.995010 -160.602997 112.412018
v -233.630005 -160.602997 117.248024
v -221.482010 -160.602997 116.867020
v -218.946014 -160.602997 121.502022
v -221.817017 -160.602997 127.602020
v -225.160004 -160.602997 132.788025
v -219.003006 -160.602997 132.372025
v -220.423004 -160.602997 129.995026
v -223.710007 -160.602997 135.217026
v -222.234009 -160.602997 137.630020
v -226.584015 -160.602997 130.344025
v -227.948013 -160.602997 127.944023
v -229.897018 -160.602997 124.408020
v -231.166016 -160.602997 122.035019
v -231.166016 -166.102997 122.035019
v -228.603012 -166.102997 126.769020
v -232.410004 -160.602997 119.648018
v -223.793015 -160.602997 124.102020
v -229.253006 -160.602997 125.590019
v -224.429016 -160.602997 122.948021
v -223.152008 -160.602997 125.252022
v -225.684006 -160.602997 120.630020
v -226.302017 -160.602997 119.467018
v -230.534012 -160.602997 123.223022
v -231.791016 -160.602997 120.843018
v -228.120010 -160.602997 115.957024
v -226.914017 -160.602997 118.300018
v -234.825012 -166.102997 114.836021
v -234.825012 -160.602997 114.836021
v -228.714005 -166.102997 114.781021
v -226.302017 -166.102997 119.467018
v -233.630005 -166.102997 117.248024
v -235.995010 -166.102997 112.412018
v -237.140015 -160.602997 109.976021
v -241.222015 -166.103012 100.707024
v -236.146011 -166.103012 98.588516
v -232.044006 -166.103012 94.105316
v -230.126007 -166.103012 98.703316
v -239.226013 -166.102997 105.362022
v -233.182007 -166.102997 105.408020
v -231.029007 -166.102997 110.047020
v -235.413010 -160.602997 113.626022
v -229.302017 -160.602997 113.602020
v -230.460007 -160.602997 111.235023
v -231.593018 -160.602997 108.856018
v -232.669006 -160.602997 106.536018
v -233.182007 -160.602997 105.408020
v -240.235016 -160.602997 103.039017
v -239.226013 -160.602997 105.362022
v -229.645004 -160.603012 99.816727
v -228.667007 -160.602997 102.037018
v -233.690018 -160.602997 104.278023
v -234.689011 -160.602997 102.009018
v -235.180008 -160.603012 100.871017
v -238.194016 -166.102997 107.674019
v -240.235016 -166.102997 103.039017
v -241.222015 -160.603012 100.707024
v -242.237015 -160.603012 98.239418
v -239.733017 -160.602997 104.202019
v -238.713013 -160.602997 106.519020
v -237.670013 -160.602997 108.826019
v -236.570007 -160.602997 111.196022
v -240.731018 -160.602997 101.875023
v -237.141006 -166.103012 96.172417
v -235.180008 -166.103012 100.871017
v -245.132019 -166.103012 90.774620
v -234.817017 -166.103012 86.954620
v -243.228012 -166.103012 95.761017
v -232.993011 -166.103012 91.731316
v -232.993011 -160.603012 91.731316
v -230.601013 -160.603012 97.587624
v -231.560013 -160.603012 95.288719
v -237.141006 -160.603012 96.172417
v -232.521011 -160.603012 92.919518
v -233.458008 -160.603012 90.540619
v -233.917007 -160.603012 89.347618
v -243.228012 -160.603012 95.761017
v -244.193008 -160.603012 93.272621
v -244.193008 -166.103012 93.272621
v -242.237015 -166.103012 98.239418
v -234.817017 -160.603012 86.954620
v -233.917007 -166.103012 89.347618
v -234.817017 -166.103012 86.954720
v -239.055008 -160.603012 91.310120
v -234.370010 -160.603012 88.152313
v -235.254013 -160.603012 85.765022
v -236.529007 -166.103012 82.183121
v -240.862015 -160.603012 86.430817
v -236.110016 -160.603012 83.379219
v -236.529007 -160.603012 82.183121
v -235.685013 -166.103012 84.573219
v -239.055008 -166.103012 91.310120
v -240.862015 -166.103012 86.430916
v -246.920013 -166.103012 85.793419
v -242.562012 -166.103012 81.537018
v -243.375015 -166.103012 79.077522
v -250.190018 -166.103012 75.727623
v -244.163010 -166.103012 76.609818
v -246.920013 -160.603012 85.793419
v -236.942017 -160.603012 80.984917
v -242.562012 -160.603012 81.537018
v -237.750015 -160.603012 78.582222
v -238.533005 -160.603012 76.171516
v -244.163010 -160.603012 76.609818
v -239.292007 -160.603012 73.753021
v -250.190018 -160.603012 75.727623
v -244.548004 -160.603012 75.373016
v -245.298004 -160.603012 72.893723
v -251.672012 -160.603012 70.647118
v -252.030014 -160.603012 69.361420
v -252.725006 -160.603012 66.784622
v -246.024017 -160.603012 70.406815
v -246.727005 -160.603012 67.902016
v -247.407013 -160.603012 65.379417
v -248.062012 -160.603012 62.850014
v -251.311005 -160.603012 71.920120
v -250.571014 -160.603012 74.460312
v -250.944016 -166.103012 73.191124
v -252.380005 -166.103012 68.073914
v -249.411011 -166.103012 78.256416
v -248.606018 -160.603012 80.777122
v -249.012009 -160.603012 79.517723
v -249.804016 -160.603012 76.993019
v -245.132019 -160.603012 90.774620
v -238.586014 -160.603012 92.529320
v -237.628006 -160.603012 94.960518
v -241.733017 -160.603012 99.474724
v -242.736008 -160.603012 97.001419
v -243.714005 -160.603012 94.518120
v -244.666016 -160.603012 92.024818
v -239.518005 -160.603012 90.088623
v -240.421005 -160.603012 87.648918
v -245.589005 -160.603012 89.532722
v -246.482010 -160.603012 87.042122
v -247.351013 -160.603012 84.542519
v -248.194016 -160.603012 82.034317
v -242.972015 -160.603012 80.308319
v -242.147018 -160.603012 82.763725
v -241.296005 -160.603012 85.210617
v -243.772018 -160.603012 77.844620
v -237.349014 -166.103012 79.784622
v -247.776016 -166.103012 83.289520
v -246.039017 -166.103012 88.288521
v -236.647018 -160.603012 97.381721
v -235.666016 -160.603012 99.731125
v -234.230011 -160.602997 116.044022
v -233.023010 -160.602997 118.450020
v -179.787003 -160.602997 189.754028
v -156.843002 -160.602997 202.201019
v -138.679001 -160.602997 215.065033
v -141.166000 -160.602997 213.441025
v -138.134003 -166.102997 221.921021
v -138.134003 -160.602997 221.921021
v -135.763000 -160.602997 223.379028
v -130.050003 -166.102997 213.979019
v -130.570999 -166.102997 220.082031
v -125.465004 -166.102997 216.700027
v -123.151009 -166.102997 218.023026
v -123.151009 -160.602997 218.023026
v -125.856003 -160.602997 222.812027
v -130.976013 -160.602997 226.219025
v -133.376999 -160.602997 224.812027
v -132.907013 -160.602997 218.679031
v -134.572006 -160.602997 224.099030
v -136.950012 -160.602997 222.653030
v -131.187012 -160.602997 213.284027
v -128.909012 -160.602997 214.668030
v -126.617004 -160.602997 216.029022
v -128.221008 -160.602997 221.459030
v -124.309006 -160.602997 217.364029
v -121.988007 -160.602997 218.676025
v -120.823006 -160.602997 219.322021
v -123.686005 -166.102997 230.286026
v -118.481003 -166.102997 220.596024
v -118.481003 -160.602997 220.596024
v -116.256004 -166.102997 227.968033
v -116.125008 -160.602997 221.845032
v -121.083008 -160.602997 225.441025
v -120.823006 -166.102997 219.322021
v -121.083008 -166.102997 225.441025
v -116.125008 -166.102997 221.845032
v -113.757004 -166.102997 223.068024
v -116.256004 -160.602997 227.968033
v -128.561005 -166.102997 227.601028
v -128.561005 -160.602997 227.601028
v -126.130005 -160.602997 228.957031
v -123.476006 -166.102997 224.139023
v -128.221008 -166.102997 221.459030
v -132.907013 -166.102997 218.679031
v -135.763000 -166.102997 223.379028
v -140.489014 -166.102997 220.438019
v -145.567001 -166.102997 217.118027
v -130.976013 -166.102997 226.219025
v -126.130005 -166.102997 228.957031
v -123.686005 -160.602997 230.286026
v -121.227005 -160.602997 231.590027
v -123.476006 -160.602997 224.139023
v -124.910004 -160.602997 229.625031
v -127.347008 -160.602997 228.282028
v -127.040009 -160.602997 222.139023
v -129.770004 -160.602997 226.913025
v -132.179001 -160.602997 225.519028
v -129.398010 -160.602997 220.774033
v -131.741013 -160.602997 219.384033
v -134.069000 -160.602997 217.969025
v -136.382004 -160.602997 216.529022
v -124.668007 -160.602997 223.479019
v -119.653008 -160.602997 219.962021
v -117.305008 -160.602997 221.223022
v -118.676003 -160.602997 226.717026
v -114.943008 -160.602997 222.460022
v -113.757004 -160.602997 223.068024
v -112.568008 -160.602997 223.671021
v -111.376007 -160.602997 224.267029
v -122.281006 -160.602997 224.793030
v -118.754005 -166.102997 232.868027
v -116.268005 -160.602997 234.119034
v -113.769005 -166.102997 235.343033
v -108.982002 -166.102997 225.440033
v -108.982002 -160.602997 225.440033
v -106.576004 -160.602997 226.587021
v -106.445007 -166.102997 232.711029
v -111.376007 -160.602997 230.392029
v -111.376007 -166.102997 224.267029
v -111.376007 -166.102997 230.392029
v -106.576004 -166.102997 226.587021
v -104.157005 -166.102997 227.709030
v -104.157005 -160.602997 227.709030
v -106.445007 -160.602997 232.711029
v -113.822006 -166.102997 229.193024
v -118.676003 -166.102997 226.717026
v -121.227005 -166.102997 231.590027
v -116.268005 -166.102997 234.119034
v -113.769005 -160.602997 235.343033
v -111.257004 -160.602997 236.541031
v -103.647003 -166.102997 239.973022
v -99.285301 -166.102997 229.875031
v -99.285301 -160.602997 229.875031
v -96.872711 -160.602997 230.902023
v -101.466003 -160.602997 234.924026
v -101.727005 -160.602997 228.805023
v -108.916008 -160.602997 231.564026
v -105.368004 -160.602997 227.151031
v -107.780006 -160.602997 226.017029
v -110.180008 -160.602997 224.857025
v -113.822006 -160.602997 229.193024
v -115.021004 -160.602997 234.734024
v -117.513008 -160.602997 233.497025
v -118.754005 -160.602997 232.868027
v -115.041008 -160.602997 228.584030
v -112.600006 -160.602997 229.795029
v -108.916008 -166.102997 231.564026
v -108.733002 -166.102997 237.712021
v -101.727005 -166.102997 228.805023
v -96.524002 -166.102997 236.998032
v -101.466003 -166.102997 234.924026
v -96.872711 -166.102997 230.902023
v -94.449402 -166.102997 231.904022
v -94.449402 -160.602997 231.904022
v -96.524002 -160.602997 236.998032
v -109.997002 -160.602997 237.130020
v -112.515007 -160.602997 235.946030
v -110.148003 -160.602997 230.981033
v -107.682007 -160.602997 232.141022
v -106.196007 -160.602997 238.856033
v -108.733002 -160.602997 237.712021
v -102.944008 -160.602997 228.260025
v -103.961006 -160.602997 233.831024
v -100.508003 -160.602997 229.343033
v -98.080299 -160.602997 230.392029
v -93.506905 -166.102997 244.103027
v -89.572105 -166.102997 233.831024
v -89.572105 -160.602997 233.831024
v -86.556900 -166.102997 240.817032
v -91.539505 -160.602997 238.967026
v -87.139008 -160.602997 234.749023
v -92.015800 -160.602997 232.880020
v -92.015800 -166.102997 232.880020
v -91.539505 -166.102997 238.967026
v -87.139008 -166.102997 234.749023
v -84.696602 -166.102997 235.641022
v -84.696602 -160.602997 235.641022
v -90.967003 -160.602997 245.061020
v -101.128006 -160.602997 241.046021
v -96.058006 -160.602997 243.111023
v -98.598503 -160.602997 242.091034
v -95.662399 -160.602997 231.406021
v -99.000504 -160.602997 235.974030
v -103.647003 -160.602997 239.973022
v -106.196007 -166.102997 238.856033
v -111.257004 -166.102997 236.541031
v -107.466003 -160.602997 238.288025
v -104.923004 -160.602997 239.418030
v -102.715004 -160.602997 234.381027
v -105.205002 -160.602997 233.274033
v -100.235008 -160.602997 235.452026
v -97.763603 -160.602997 236.489029
v -94.036903 -160.602997 237.996033
v -98.598503 -166.102997 242.091034
v -99.864799 -160.602997 241.572021
v -102.389008 -160.602997 240.513031
v -97.329605 -160.602997 242.604019
v -94.783798 -160.602997 243.610031
v -93.506905 -160.602997 244.103027
v -86.556900 -160.602997 240.817032
v -89.053001 -166.102997 239.905029
v -94.036903 -166.102997 237.996033
v -103.961006 -166.102997 233.831024
v -99.000504 -166.102997 235.974030
v -101.128006 -166.102997 241.046021
v -96.058006 -166.102997 243.111023
v -90.967003 -166.102997 245.061020
v -88.417297 -166.102997 245.993027
v -88.417297 -160.602997 245.993027
v -85.858002 -160.602997 246.897034
v -83.289406 -166.102997 247.776031
v -79.784500 -166.102997 237.349030
v -82.245003 -160.602997 236.508026
v -82.245003 -166.102997 236.508026
v -79.784500 -160.602997 237.349030
v -77.333801 -166.102997 243.935028
v -77.731003 -160.602997 238.030029
v -81.537003 -160.602997 242.562027
v -89.053001 -160.602997 239.905029
v -85.918900 -160.602997 235.198029
v -88.356705 -160.602997 234.293030
v -90.795204 -160.602997 233.359024
v -93.233902 -160.602997 232.395020
v -89.693298 -160.602997 245.530029
v -92.238205 -160.602997 244.586029
v -81.537003 -166.102997 242.562027
v -83.471901 -160.602997 236.078033
v -84.051506 -160.602997 241.703033
v -81.015800 -160.602997 236.932022
v -78.758507 -160.602997 237.692032
v -77.333801 -160.602997 243.935028
v -77.731003 -166.102997 238.030029
v -75.671707 -166.102997 238.692032
v -75.671707 -160.602997 238.692032
v -79.438400 -160.602997 243.258026
v -76.702103 -160.602997 238.363022
v -74.639900 -160.602997 239.017029
v -73.606804 -160.602997 239.337021
v -74.678902 -166.102997 250.506027
v -71.536301 -166.102997 239.964020
v -71.536301 -160.602997 239.964020
v -68.893501 -160.602997 240.736023
v -73.107605 -160.602997 245.235031
v -67.697403 -166.102997 246.783020
v -73.606804 -166.102997 239.337021
v -73.107605 -166.102997 245.235031
v -68.893501 -166.102997 240.736023
v -66.242401 -166.102997 241.479019
v -66.242401 -160.602997 241.479019
v -67.697403 -160.602997 246.783020
v -81.145706 -160.602997 248.486023
v -83.289406 -160.602997 247.776031
v -84.574799 -160.602997 247.340027
v -87.138802 -160.602997 246.448029
v -80.488403 -160.602997 242.912033
v -82.795303 -160.602997 242.136032
v -85.305298 -160.602997 241.263031
v -78.996002 -166.102997 249.178024
v -78.996002 -160.602997 249.178024
v -76.840302 -160.602997 249.851028
v -79.438400 -166.102997 243.258026
v -84.051506 -166.102997 241.703033
v -75.223503 -166.102997 244.594025
v -70.406708 -166.102997 246.024033
v -63.592400 -166.102997 253.547028
v -60.916401 -166.102997 242.877029
v -60.916401 -160.602997 242.877029
v -58.284702 -160.602997 243.522034
v -62.254402 -160.602997 248.212021
v -56.868401 -166.102997 249.501022
v -63.583202 -160.602997 242.193024
v -63.583202 -166.102997 242.193024
v -62.254402 -166.102997 248.212021
v -58.284702 -166.102997 243.522034
v -55.646202 -166.102997 244.139023
v -55.646202 -160.602997 244.139023
v -56.868401 -160.602997 249.501022
v -71.920006 -160.602997 251.312027
v -76.279404 -160.602997 244.267029
v -78.386803 -160.602997 243.599030
v -75.223503 -160.602997 244.594025
v -75.760300 -160.602997 250.181030
v -77.918800 -160.602997 249.517029
v -80.071602 -160.602997 248.834030
v -82.218300 -160.602997 248.133026
v -74.678902 -160.602997 250.506027
v -71.920006 -166.102997 251.312027
v -76.840302 -166.102997 249.851028
v -81.145706 -166.102997 248.486023
v -85.858002 -166.102997 246.897034
v -69.152405 -166.102997 252.087021
v -69.152405 -160.602997 252.087021
v -70.406708 -160.602997 246.024033
v -70.537209 -160.602997 251.703033
v -73.300507 -160.602997 250.912033
v -72.572205 -160.602997 239.653030
v -74.166298 -160.602997 244.917023
v -71.758301 -160.602997 245.633026
v -67.569000 -160.602997 241.111023
v -70.216003 -160.602997 240.354019
v -64.913803 -160.602997 241.840027
v -64.979805 -160.602997 247.512024
v -62.250702 -160.602997 242.539032
v -59.601402 -160.602997 243.203033
v -59.564899 -160.602997 248.871033
v -56.966202 -160.602997 243.834030
v -54.324402 -160.602997 244.436020
v -53.001102 -160.602997 244.726028
v -52.561703 -166.102997 256.061005
v -50.349899 -166.102997 245.286026
v -50.349899 -160.602997 245.286026
v -46.282700 -166.102997 251.680023
v -47.878502 -160.602997 245.750031
v -51.455803 -160.602997 250.673035
v -53.001102 -166.102997 244.726028
v -51.455803 -166.102997 250.673035
v -47.821400 -166.102997 245.791031
v -45.287899 -166.102997 246.271027
v -45.287899 -160.602997 246.271027
v -47.870003 -160.602997 245.781021
v -47.897602 -160.602997 245.776031
v -46.282700 -160.602997 251.680023
v -60.845104 -160.602997 254.220032
v -66.376404 -160.602997 252.832031
v -66.339607 -160.602997 247.152023
v -69.053108 -160.602997 246.407028
v -64.979805 -166.102997 247.512024
v -59.564899 -166.102997 248.871033
v -63.592400 -160.602997 253.547028
v -64.985405 -160.602997 253.193024
v -67.765404 -160.602997 252.463028
v -60.910503 -160.602997 248.545029
v -63.618103 -160.602997 247.866028
v -58.090702 -166.102997 254.864029
v -58.090702 -160.602997 254.864029
v -55.329403 -160.602997 255.477020
v -54.165302 -166.102997 250.102020
v -48.871803 -166.102997 251.190033
v -41.973003 -166.102997 258.008026
v -40.206802 -166.102997 247.151031
v -40.206802 -160.602997 247.151031
v -35.879700 -166.102997 253.372025
v -41.089901 -160.602997 252.580032
v -37.659603 -160.602997 247.552032
v -42.749603 -160.602997 246.724030
v -42.749603 -166.102997 246.724030
v -41.089901 -166.102997 252.580032
v -37.659603 -166.102997 247.552032
v -35.108501 -166.102997 247.927032
v -35.108501 -160.602997 247.927032
v -32.553699 -160.602997 248.275024
v -32.553699 -166.102997 248.275024
v -29.995401 -166.102997 248.597031
v -29.995401 -160.602997 248.597031
v -27.586102 -160.602997 248.876022
v -30.654303 -160.602997 254.057022
v -25.727001 -166.102997 254.603027
v -35.879700 -160.602997 253.372025
v -31.313101 -166.102997 259.518005
v -41.973003 -160.602997 258.008026
v -42.770802 -160.602997 246.846024
v -49.922203 -160.602997 256.589020
v -52.561703 -160.602997 256.061005
v -54.165302 -160.602997 250.102020
v -53.946400 -160.602997 255.773026
v -56.710899 -160.602997 255.174026
v -55.517700 -160.602997 249.805023
v -58.217503 -160.602997 249.190033
v -51.676201 -160.602997 245.010025
v -49.124401 -160.602997 245.534027
v -47.897701 -160.602997 245.776031
v -47.883900 -160.602997 245.779022
v -47.870003 -160.602997 245.782028
v -47.845703 -160.602997 245.786026
v -47.821400 -160.602997 245.791031
v -47.840702 -160.602997 245.890030
v -46.555302 -160.602997 246.034027
v -44.019302 -160.602997 246.500031
v -42.725399 -160.602997 246.728027
v -42.701202 -160.602997 246.732025
v -41.454502 -160.602997 246.945023
v -38.933701 -160.602997 247.355026
v -39.314003 -160.602997 258.427002
v -42.705303 -160.602997 246.756027
v -43.688602 -160.602997 252.143021
v -44.627605 -160.602997 257.562012
v -48.871803 -160.602997 251.190033
v -47.277401 -166.102997 257.089020
v -47.277401 -160.602997 257.089020
v -43.688602 -166.102997 252.143021
v -38.486801 -166.102997 252.989029
v -36.650902 -166.102997 258.818024
v -33.268803 -166.102997 253.728027
v -30.654303 -166.102997 254.057022
v -25.727001 -160.602997 254.603027
v -38.486801 -160.602997 252.989029
v -36.384602 -160.602997 247.742020
v -33.831604 -160.602997 248.104034
v -33.268803 -160.602997 253.728027
v -31.275002 -160.602997 248.439026
v -28.791101 -160.602997 248.739029
v -25.174002 -166.102997 249.131027
v -28.797901 -160.602997 259.809021
v -33.983803 -160.602997 259.182007
v -43.300900 -160.602997 257.789001
v -45.953102 -160.602997 257.329010
v -44.986202 -160.602997 251.915024
v -47.577900 -160.602997 251.438034
v -50.164501 -160.602997 250.935028
v -52.811302 -160.602997 250.391022
v -51.242603 -160.602997 256.328003
v -48.600399 -160.602997 256.842010
v -42.389801 -160.602997 252.365021
v -39.788898 -160.602997 252.788025
v -36.650902 -160.602997 258.818024
v -39.314003 -166.102997 258.427002
v -44.627605 -166.102997 257.562012
v -49.922203 -166.102997 256.589020
v -55.329403 -166.102997 255.477020
v -60.845104 -166.102997 254.220032
v -66.376404 -166.102997 252.832031
v -33.983803 -166.102997 259.182007
v -31.313101 -160.602997 259.518005
v -21.236801 -166.102997 260.536011
v -20.343102 -166.102997 249.572021
v -15.577701 -166.102997 255.425034
v -20.343102 -160.602997 249.572021
v -17.793901 -160.602997 249.767029
v -20.790001 -160.602997 255.054031
v -22.759602 -160.602997 249.364029
v -25.174002 -160.602997 249.131027
v -22.759602 -166.102997 249.364029
v -20.790001 -166.102997 255.054031
v -17.793901 -166.102997 249.767029
v -15.242901 -166.102997 249.936020
v -15.242901 -160.602997 249.936020
v -15.577701 -160.602997 255.425034
v -23.759501 -160.602997 260.318024
v -26.279902 -160.602997 260.076019
v -26.380402 -160.602997 249.007034
v -28.191902 -160.602997 254.342026
v -26.279902 -166.102997 260.076019
v -27.539200 -160.602997 259.945007
v -30.055902 -160.602997 259.666016
v -29.423502 -160.602997 254.203033
v -31.961903 -160.602997 253.896027
v -32.648903 -160.602997 259.353027
v -35.317802 -160.602997 259.003021
v -34.574699 -160.602997 253.554031
v -37.183804 -160.602997 253.184021
v -37.982899 -160.602997 258.626007
v -40.644104 -160.602997 258.221008
v -28.191902 -166.102997 254.342026
v -23.259501 -166.102997 254.841034
v -18.184801 -166.102997 255.253021
v -10.581600 -166.102997 261.186005
v -21.236801 -160.602997 260.536011
v -18.575600 -160.602997 260.739014
v -28.797901 -166.102997 259.809021
v -23.759501 -166.102997 260.318024
v -18.575600 -166.102997 260.739014
v -15.912500 -166.102997 260.915009
v -15.912500 -160.602997 260.915009
v -13.247701 -160.602997 261.064026
v -10.136201 -166.102997 250.195023
v -12.690300 -160.602997 250.078033
v -12.690300 -166.102997 250.078033
v -10.136300 -166.102997 250.195023
v -18.184801 -160.602997 255.253021
v -16.518600 -160.602997 249.855026
v -19.068802 -160.602997 249.673035
v -21.551601 -160.602997 249.471024
v -23.259501 -160.602997 254.841034
v -23.967100 -160.602997 249.250031
v -22.498402 -160.602997 260.430023
v -25.020000 -160.602997 260.200012
v -19.487600 -160.602997 255.157028
v -22.025002 -160.602997 254.950027
v -24.493502 -160.602997 254.725021
v -26.959803 -160.602997 254.476028
v -17.244301 -160.602997 260.831024
v -19.906502 -160.602997 260.641022
v -10.358901 -166.102997 255.690033
v -13.966801 -160.602997 250.010025
v -10.358901 -160.602997 255.690033
v -12.969001 -160.602997 255.571030
v -11.413401 -160.602997 250.140030
v -10.136201 -160.602997 250.195023
v -5.180510 -166.102997 255.848022
v -7.603080 -160.602997 250.285034
v -7.603080 -166.102997 250.285034
v -5.069160 -166.102997 250.349030
v -5.069160 -160.602997 250.349030
v -7.937120 -160.602997 261.279022
v -5.180510 -160.602997 255.848022
v -2.534680 -160.602997 250.387024
v -2.646040 -160.602997 261.387024
v -7.770090 -160.602997 255.782028
v -6.336201 -160.602997 250.320023
v -8.869770 -160.602997 250.243027
v -12.969001 -166.102997 255.571030
v -7.770121 -166.102997 255.782028
v 0.000045 -166.102997 261.400024
v 0.000045 -166.102997 250.400024
v 0.000045 -160.602997 250.400024
v 0.000045 -160.602997 255.900024
v -2.534680 -166.102997 250.387024
v 5.180600 -166.102997 255.848022
v 2.534770 -160.602997 250.387024
v 5.180600 -160.602997 255.848022
v 2.646130 -160.602997 261.387024
v 7.603180 -160.602997 250.285034
v 10.359000 -160.602997 255.690033
v 7.937211 -160.602997 261.279022
v 10.359000 -166.102997 255.690033
v 15.577801 -160.602997 255.425034
v 15.577801 -166.102997 255.425034
v 20.343201 -166.102997 249.572021
v 20.343201 -160.602997 249.572021
v 17.794001 -160.602997 249.767029
v 20.790100 -160.602997 255.054031
v 22.759701 -160.602997 249.364029
v 25.174101 -166.102997 249.131027
v 25.174101 -160.602997 249.131027
v 27.586201 -160.602997 248.876022
v 29.995501 -166.102997 248.597031
v 29.995501 -160.602997 248.597031
v 30.654402 -160.602997 254.057022
v 25.727001 -166.102997 254.603027
v 35.879803 -166.102997 253.372025
v 32.553802 -160.602997 248.275024
v 35.879803 -160.602997 253.372025
v 40.206802 -166.102997 247.151031
v 40.206802 -160.602997 247.151031
v 41.090000 -160.602997 252.580032
v 37.659702 -160.602997 247.552032
v 46.282700 -166.102997 251.680023
v 42.749702 -160.602997 246.724030
v 45.288002 -166.102997 246.271027
v 45.288002 -160.602997 246.271027
v 47.878605 -160.602997 245.750031
v 47.870106 -160.602997 245.781021
v 50.350002 -166.102997 245.286026
v 50.350002 -160.602997 245.286026
v 51.455902 -160.602997 250.673035
v 53.001202 -160.602997 244.726028
v 56.868504 -160.602997 249.501022
v 56.868504 -166.102997 249.501022
v 60.916504 -166.102997 242.877029
v 60.916504 -160.602997 242.877029
v 58.284805 -160.602997 243.522034
v 62.254501 -160.602997 248.212021
v 63.583305 -160.602997 242.193024
v 66.242500 -166.102997 241.479019
v 66.242500 -160.602997 241.479019
v 68.893608 -160.602997 240.736023
v 71.536400 -166.102997 239.964020
v 71.536400 -160.602997 239.964020
v 73.107704 -160.602997 245.235031
v 67.697502 -166.102997 246.783020
v 77.333900 -166.102997 243.935028
v 73.606903 -160.602997 239.337021
v 77.333900 -160.602997 243.935028
v 79.784607 -166.102997 237.349030
v 79.784607 -160.602997 237.349030
v 77.731102 -160.602997 238.030029
v 81.537102 -160.602997 242.562027
v 86.557007 -166.102997 240.817032
v 89.572205 -166.102997 233.831024
v 89.572205 -160.602997 233.831024
v 91.539604 -160.602997 238.967026
v 87.139107 -160.602997 234.749023
v 92.015900 -160.602997 232.880020
v 94.449501 -166.102997 231.904022
v 94.449501 -160.602997 231.904022
v 96.872803 -160.602997 230.902023
v 99.285400 -166.102997 229.875031
v 99.285400 -160.602997 229.875031
v 101.466003 -160.602997 234.924026
v 101.727005 -160.602997 228.805023
v 106.445007 -160.602997 232.711029
v 106.445007 -166.102997 232.711029
v 108.982002 -166.102997 225.440033
v 108.982002 -160.602997 225.440033
v 106.576004 -160.602997 226.587021
v 116.256004 -166.102997 227.968033
v 111.376007 -160.602997 230.392029
v 111.376007 -160.602997 224.267029
v 116.256004 -160.602997 227.968033
v 116.126007 -160.602997 221.845032
v 121.083008 -160.602997 225.441025
v 121.083008 -166.102997 225.441025
v 125.856003 -160.602997 222.812027
v 125.856003 -166.102997 222.812027
v 127.765007 -166.102997 215.352020
v 127.765007 -160.602997 215.352020
v 125.465004 -160.602997 216.700027
v 130.570999 -160.602997 220.082031
v 130.050003 -160.602997 213.979019
v 135.227005 -160.602997 217.252029
v 135.227005 -166.102997 217.252029
v 136.817001 -166.102997 209.717026
v 136.817001 -160.602997 209.717026
v 134.577011 -160.602997 211.162018
v 139.822006 -160.602997 214.323029
v 145.164001 -166.102997 210.742020
v 139.442001 -160.602997 207.981018
v 145.164001 -160.602997 210.742020
v 147.181000 -166.102997 202.578018
v 147.181000 -160.602997 202.578018
v 155.569000 -166.102997 203.182022
v 150.414001 -160.602997 207.027023
v 150.414001 -166.102997 207.027023
v 149.715012 -166.102997 200.712021
v 144.624008 -166.102997 204.411026
v 142.044006 -166.102997 206.213028
v 142.044006 -160.602997 206.213028
v 139.442001 -166.102997 207.981018
v 139.822006 -166.102997 214.323029
v 134.577011 -166.102997 211.162018
v 132.320999 -166.102997 212.583023
v 132.320999 -160.602997 212.583023
v 144.624008 -160.602997 204.411026
v 155.569000 -160.602997 203.182022
v 153.647003 -166.102997 211.477020
v 153.004013 -166.102997 205.121017
v 147.801010 -166.102997 208.901031
v 142.828003 -166.102997 218.930023
v 153.647003 -160.602997 211.477020
v 149.715012 -160.602997 200.712021
v 156.292007 -160.602997 209.530029
v 150.978012 -160.602997 213.391022
v 148.451004 -160.602997 201.649017
v 145.906006 -160.602997 203.499023
v 147.801010 -160.602997 208.901031
v 143.337006 -160.602997 205.316025
v 140.746002 -160.602997 207.101028
v 142.505005 -160.602997 212.550018
v 138.132004 -160.602997 208.853027
v 135.699005 -160.602997 210.442032
v 137.533005 -160.602997 215.800018
v 133.451004 -160.602997 211.875031
v 131.188004 -160.602997 213.284027
v 130.050003 -166.102997 213.979019
v 130.570999 -166.102997 220.082031
v 125.465004 -166.102997 216.700027
v 123.151009 -166.102997 218.023026
v 123.151009 -160.602997 218.023026
v 135.763000 -160.602997 223.379028
v 130.977005 -160.602997 226.219025
v 133.376999 -166.102997 224.812027
v 133.376999 -160.602997 224.812027
v 142.828003 -160.602997 218.930023
v 140.489014 -160.602997 220.438019
v 137.533005 -166.102997 215.800018
v 142.505005 -166.102997 212.550018
v 148.284012 -166.102997 215.271027
v 148.284012 -160.602997 215.271027
v 145.567001 -160.602997 217.118027
v 150.978012 -166.102997 213.391022
v 156.292007 -166.102997 209.530029
v 158.913010 -166.102997 207.549026
v 158.913010 -160.602997 207.549026
v 161.509003 -160.602997 205.536026
v 164.079010 -166.102997 203.490021
v 157.174011 -166.102997 194.927017
v 157.174011 -160.602997 194.927017
v 159.240005 -160.602997 193.243027
v 164.831009 -166.102997 195.743027
v 160.626007 -160.602997 199.209030
v 154.712006 -160.602997 196.887024
v 153.004013 -160.602997 205.121017
v 150.974014 -160.602997 199.768021
v 152.226013 -160.602997 198.815018
v 152.226013 -166.102997 198.815018
v 154.712006 -166.102997 196.887024
v 160.626007 -166.102997 199.209030
v 159.240005 -166.102997 193.243027
v 161.289001 -166.102997 191.536026
v 161.289001 -160.602997 191.536026
v 164.831009 -160.602997 195.743027
v 166.236008 -160.602997 201.732025
v 164.079010 -160.602997 203.490021
v 158.110001 -166.102997 201.211029
v 162.738007 -166.102997 197.487030
v 172.593002 -166.102997 196.320023
v 165.330002 -166.102997 188.059021
v 165.330002 -160.602997 188.059021
v 167.323013 -160.602997 186.288025
v 168.962006 -160.602997 192.190018
v 173.015015 -166.102997 188.549026
v 163.319000 -160.602997 189.808029
v 162.738007 -160.602997 197.487030
v 158.209015 -160.602997 194.088028
v 155.946014 -160.602997 195.911026
v 158.110001 -160.602997 201.211029
v 153.472000 -160.602997 197.855026
v 153.423004 -160.602997 205.682022
v 154.973007 -160.602997 210.508026
v 152.315002 -160.602997 212.438019
v 148.205002 -160.602997 209.473022
v 149.634003 -160.602997 214.335022
v 138.679001 -160.602997 215.065033
v 141.166000 -160.602997 213.441025
v 144.200012 -160.602997 218.028030
v 146.929001 -160.602997 216.199020
v 141.660004 -160.602997 219.687027
v 138.134003 -166.102997 221.921021
v 138.134003 -160.602997 221.921021
v 132.907013 -166.102997 218.679031
v 128.221008 -166.102997 221.459030
v 123.686005 -166.102997 230.286026
v 118.481003 -166.102997 220.596024
v 118.481003 -160.602997 220.596024
v 120.823006 -160.602997 219.322021
v 128.221008 -160.602997 221.459030
v 124.310005 -160.602997 217.364029
v 126.617004 -160.602997 216.029022
v 128.909012 -160.602997 214.668030
v 132.907013 -160.602997 218.679031
v 134.572006 -160.602997 224.099030
v 136.951004 -160.602997 222.653030
v 134.069000 -160.602997 217.969025
v 136.382004 -160.602997 216.529022
v 139.313004 -160.602997 221.183029
v 131.741013 -160.602997 219.384033
v 129.398010 -160.602997 220.774033
v 128.561005 -166.102997 227.601028
v 128.561005 -160.602997 227.601028
v 126.130005 -160.602997 228.957031
v 120.823006 -166.102997 219.322021
v 116.126007 -166.102997 221.845032
v 113.757004 -166.102997 223.068024
v 118.676003 -160.602997 226.717026
v 114.943008 -160.602997 222.460022
v 117.305008 -160.602997 221.223022
v 119.653008 -160.602997 219.962021
v 123.476006 -160.602997 224.139023
v 121.988007 -160.602997 218.676025
v 124.910004 -160.602997 229.625031
v 127.347008 -160.602997 228.282028
v 127.040009 -160.602997 222.139023
v 124.668007 -160.602997 223.479019
v 122.282005 -160.602997 224.793030
v 121.227005 -160.602997 231.590027
v 123.686005 -160.602997 230.286026
v 118.676003 -166.102997 226.717026
v 123.476006 -166.102997 224.139023
v 113.769005 -166.102997 235.343033
v 118.754005 -166.102997 232.868027
v 111.376007 -166.102997 224.267029
v 111.376007 -166.102997 230.392029
v 106.576004 -166.102997 226.587021
v 104.157005 -166.102997 227.709030
v 104.157005 -160.602997 227.709030
v 116.269005 -160.602997 234.119034
v 116.269005 -166.102997 234.119034
v 121.227005 -166.102997 231.590027
v 126.130005 -166.102997 228.957031
v 130.977005 -166.102997 226.219025
v 135.763000 -166.102997 223.379028
v 140.489014 -166.102997 220.438019
v 145.567001 -166.102997 217.118027
v 113.769005 -160.602997 235.343033
v 111.257004 -160.602997 236.541031
v 103.647003 -166.102997 239.973022
v 96.524109 -166.102997 236.998032
v 101.466003 -166.102997 234.924026
v 96.872803 -166.102997 230.902023
v 101.727005 -166.102997 228.805023
v 108.733002 -166.102997 237.712021
v 108.917007 -166.102997 231.564026
v 113.822006 -166.102997 229.193024
v 118.754005 -160.602997 232.868027
v 113.757004 -160.602997 223.068024
v 112.568008 -160.602997 223.671021
v 113.822006 -160.602997 229.193024
v 110.180008 -160.602997 224.857025
v 107.780006 -160.602997 226.017029
v 108.917007 -160.602997 231.564026
v 105.368004 -160.602997 227.151031
v 102.944008 -160.602997 228.260025
v 103.962006 -160.602997 233.831024
v 100.508003 -160.602997 229.343033
v 98.080406 -160.602997 230.392029
v 96.524109 -160.602997 236.998032
v 115.021004 -160.602997 234.734024
v 117.513008 -160.602997 233.497025
v 119.992004 -160.602997 232.232025
v 122.458008 -160.602997 230.942032
v 115.041008 -160.602997 228.584030
v 112.601006 -160.602997 229.795029
v 110.148003 -160.602997 230.981033
v 109.997002 -160.602997 237.130020
v 112.515007 -160.602997 235.946030
v 108.733002 -160.602997 237.712021
v 106.196007 -160.602997 238.856033
v 111.257004 -166.102997 236.541031
v 106.196007 -166.102997 238.856033
v 103.647003 -160.602997 239.973022
v 101.128006 -160.602997 241.046021
v 105.205002 -160.602997 233.274033
v 107.682007 -160.602997 232.141022
v 104.923004 -160.602997 239.418030
v 107.466003 -160.602997 238.288025
v 100.235008 -160.602997 235.452026
v 102.715004 -160.602997 234.381027
v 99.000603 -160.602997 235.974030
v 99.000603 -166.102997 235.974030
v 103.962006 -166.102997 233.831024
v 93.507004 -166.102997 244.103027
v 91.539604 -166.102997 238.967026
v 92.015900 -166.102997 232.880020
v 98.598610 -166.102997 242.091034
v 94.037003 -166.102997 237.996033
v 96.058105 -160.602997 243.111023
v 98.598610 -160.602997 242.091034
v 95.662399 -160.602997 231.406021
v 97.763710 -160.602997 236.489029
v 94.037003 -160.602997 237.996033
v 99.864906 -160.602997 241.572021
v 102.389008 -160.602997 240.513031
v 97.329704 -160.602997 242.604019
v 94.783905 -160.602997 243.610031
v 93.507004 -160.602997 244.103027
v 90.967110 -160.602997 245.061020
v 90.795303 -160.602997 233.359024
v 93.234001 -160.602997 232.395020
v 88.356804 -160.602997 234.293030
v 86.557007 -160.602997 240.817032
v 84.696709 -166.102997 235.641022
v 89.053108 -160.602997 239.905029
v 85.919006 -160.602997 235.198029
v 84.696709 -160.602997 235.641022
v 82.245102 -160.602997 236.508026
v 82.245102 -166.102997 236.508026
v 87.139107 -166.102997 234.749023
v 89.053108 -166.102997 239.905029
v 83.289505 -166.102997 247.776031
v 88.417297 -166.102997 245.993027
v 84.051605 -166.102997 241.703033
v 81.537102 -166.102997 242.562027
v 85.858109 -160.602997 246.897034
v 88.417297 -160.602997 245.993027
v 83.472008 -160.602997 236.078033
v 84.051605 -160.602997 241.703033
v 81.015900 -160.602997 236.932022
v 78.758606 -160.602997 237.692032
v 81.145798 -160.602997 248.486023
v 83.289505 -160.602997 247.776031
v 90.967110 -166.102997 245.061020
v 96.058105 -166.102997 243.111023
v 101.128006 -166.102997 241.046021
v 85.858109 -166.102997 246.897034
v 77.731102 -166.102997 238.030029
v 75.671799 -166.102997 238.692032
v 75.671799 -160.602997 238.692032
v 79.438507 -160.602997 243.258026
v 76.702209 -160.602997 238.363022
v 74.640007 -160.602997 239.017029
v 73.606903 -166.102997 239.337021
v 73.107704 -166.102997 245.235031
v 68.893608 -166.102997 240.736023
v 63.583305 -166.102997 242.193024
v 62.254501 -166.102997 248.212021
v 58.284805 -166.102997 243.522034
v 55.646202 -166.102997 244.139023
v 55.646202 -160.602997 244.139023
v 67.697502 -160.602997 246.783020
v 63.592503 -166.102997 253.547028
v 74.679001 -166.102997 250.506027
v 74.679001 -160.602997 250.506027
v 78.996002 -166.102997 249.178024
v 78.996002 -160.602997 249.178024
v 76.840401 -160.602997 249.851028
v 75.223602 -166.102997 244.594025
v 79.438507 -166.102997 243.258026
v 70.406799 -166.102997 246.024033
v 69.152504 -166.102997 252.087021
v 64.979904 -166.102997 247.512024
v 59.565002 -166.102997 248.871033
v 52.561802 -166.102997 256.061005
v 51.455902 -166.102997 250.673035
v 53.001202 -166.102997 244.726028
v 63.592503 -160.602997 253.547028
v 60.845203 -160.602997 254.220032
v 71.920105 -160.602997 251.312027
v 76.279503 -160.602997 244.267029
v 78.386902 -160.602997 243.599030
v 80.071709 -160.602997 248.834030
v 82.218399 -160.602997 248.133026
v 80.488503 -160.602997 242.912033
v 82.795403 -160.602997 242.136032
v 84.574905 -160.602997 247.340027
v 87.138901 -160.602997 246.448029
v 89.693405 -160.602997 245.530029
v 92.238304 -160.602997 244.586029
v 85.305405 -160.602997 241.263031
v 77.918900 -160.602997 249.517029
v 75.223602 -160.602997 244.594025
v 75.760399 -160.602997 250.181030
v 72.572304 -160.602997 239.653030
v 74.166298 -160.602997 244.917023
v 71.758400 -160.602997 245.633026
v 70.406799 -160.602997 246.024033
v 71.920105 -166.102997 251.312027
v 76.840401 -166.102997 249.851028
v 81.145798 -166.102997 248.486023
v 69.152504 -160.602997 252.087021
v 70.537300 -160.602997 251.703033
v 73.300606 -160.602997 250.912033
v 66.376503 -160.602997 252.832031
v 67.569107 -160.602997 241.111023
v 70.216103 -160.602997 240.354019
v 69.053207 -160.602997 246.407028
v 66.339706 -160.602997 247.152023
v 64.979904 -160.602997 247.512024
v 66.376503 -166.102997 252.832031
v 64.985504 -160.602997 253.193024
v 67.765503 -160.602997 252.463028
v 62.250805 -160.602997 242.539032
v 64.913902 -160.602997 241.840027
v 63.618202 -160.602997 247.866028
v 60.910603 -160.602997 248.545029
v 59.565002 -160.602997 248.871033
v 58.090805 -166.102997 254.864029
v 58.090805 -160.602997 254.864029
v 55.329502 -160.602997 255.477020
v 54.165401 -166.102997 250.102020
v 46.282700 -160.602997 251.680023
v 56.966305 -160.602997 243.834030
v 59.601501 -160.602997 243.203033
v 54.324501 -160.602997 244.436020
v 54.165401 -160.602997 250.102020
v 51.676304 -160.602997 245.010025
v 49.124504 -160.602997 245.534027
v 47.897804 -160.602997 245.776031
v 47.883900 -160.602997 245.779022
v 47.870106 -160.602997 245.782028
v 47.845802 -160.602997 245.786026
v 47.821503 -160.602997 245.791031
v 47.840801 -160.602997 245.890030
v 46.555401 -160.602997 246.034027
v 44.019402 -160.602997 246.500031
v 42.770901 -160.602997 246.846024
v 42.725502 -160.602997 246.728027
v 42.701302 -160.602997 246.732025
v 41.454605 -160.602997 246.945023
v 38.933804 -160.602997 247.355026
v 41.090000 -166.102997 252.580032
v 41.973103 -166.102997 258.008026
v 52.561802 -160.602997 256.061005
v 49.922302 -160.602997 256.589020
v 53.946503 -160.602997 255.773026
v 56.711002 -160.602997 255.174026
v 55.517700 -160.602997 249.805023
v 58.217606 -160.602997 249.190033
v 52.811401 -160.602997 250.391022
v 47.897701 -160.602997 245.776031
v 50.164604 -160.602997 250.935028
v 48.871902 -160.602997 251.190033
v 47.277504 -166.102997 257.089020
v 47.277504 -160.602997 257.089020
v 44.627701 -160.602997 257.562012
v 47.821503 -166.102997 245.791031
v 42.749702 -166.102997 246.724030
v 37.659702 -166.102997 247.552032
v 35.108604 -166.102997 247.927032
v 35.108604 -160.602997 247.927032
v 32.553802 -166.102997 248.275024
v 30.654402 -166.102997 254.057022
v 25.727001 -160.602997 254.603027
v 38.486900 -160.602997 252.989029
v 36.384701 -160.602997 247.742020
v 33.831699 -160.602997 248.104034
v 33.268902 -160.602997 253.728027
v 31.275101 -160.602997 248.439026
v 28.791201 -160.602997 248.739029
v 31.313200 -166.102997 259.518005
v 28.798002 -160.602997 259.809021
v 33.983898 -160.602997 259.182007
v 39.314102 -160.602997 258.427002
v 42.705399 -160.602997 246.756027
v 47.578003 -160.602997 251.438034
v 44.986301 -160.602997 251.915024
v 43.688702 -160.602997 252.143021
v 43.301003 -160.602997 257.789001
v 45.953201 -160.602997 257.329010
v 48.600502 -160.602997 256.842010
v 51.242702 -160.602997 256.328003
v 41.973103 -160.602997 258.008026
v 43.688702 -166.102997 252.143021
v 48.871902 -166.102997 251.190033
v 49.922302 -166.102997 256.589020
v 55.329502 -166.102997 255.477020
v 60.845203 -166.102997 254.220032
v 44.627701 -166.102997 257.562012
v 39.314102 -166.102997 258.427002
v 36.650902 -166.102997 258.818024
v 36.650902 -160.602997 258.818024
v 33.268902 -166.102997 253.728027
v 38.486900 -166.102997 252.989029
v 28.192001 -166.102997 254.342026
v 21.236902 -166.102997 260.536011
v 20.790100 -166.102997 255.054031
v 22.759701 -166.102997 249.364029
v 26.280001 -166.102997 260.076019
v 23.259602 -166.102997 254.841034
v 23.759602 -160.602997 260.318024
v 26.280001 -160.602997 260.076019
v 26.380501 -160.602997 249.007034
v 28.192001 -160.602997 254.342026
v 31.313200 -160.602997 259.518005
v 32.649002 -160.602997 259.353027
v 35.317902 -160.602997 259.003021
v 34.574802 -160.602997 253.554031
v 37.183899 -160.602997 253.184021
v 37.983002 -160.602997 258.626007
v 40.644199 -160.602997 258.221008
v 39.789001 -160.602997 252.788025
v 42.389900 -160.602997 252.365021
v 31.962002 -160.602997 253.896027
v 29.423601 -160.602997 254.203033
v 26.959902 -160.602997 254.476028
v 24.493601 -160.602997 254.725021
v 23.259602 -160.602997 254.841034
v 27.539303 -160.602997 259.945007
v 30.055902 -160.602997 259.666016
v 25.020102 -160.602997 260.200012
v 22.498501 -160.602997 260.430023
v 21.236902 -160.602997 260.536011
v 18.575701 -160.602997 260.739014
v 18.184902 -166.102997 255.253021
v 10.581700 -166.102997 261.186005
v 10.136300 -166.102997 250.195023
v 15.912601 -166.102997 260.915009
v 15.243001 -166.102997 249.936020
v 15.243001 -160.602997 249.936020
v 21.551701 -160.602997 249.471024
v 23.967201 -160.602997 249.250031
v 19.068901 -160.602997 249.673035
v 18.184902 -160.602997 255.253021
v 16.518700 -160.602997 249.855026
v 13.966801 -160.602997 250.010025
v 12.690300 -160.602997 250.078033
v 15.912601 -160.602997 260.915009
v 13.247801 -160.602997 261.064026
v 18.575701 -166.102997 260.739014
v 23.759602 -166.102997 260.318024
v 28.798002 -166.102997 259.809021
v 33.983898 -166.102997 259.182007
v 13.247801 -166.102997 261.064026
v 10.136300 -160.602997 250.195023
v 17.794001 -166.102997 249.767029
v 12.690300 -166.102997 250.078033
v 10.136401 -166.102997 250.195023
v 12.969100 -160.602997 255.571030
v 11.413501 -160.602997 250.140030
v 8.869861 -160.602997 250.243027
v 5.069250 -166.102997 250.349030
v 7.770181 -160.602997 255.782028
v 6.336300 -160.602997 250.320023
v 5.069250 -160.602997 250.349030
v 2.534770 -166.102997 250.387024
v 7.603180 -166.102997 250.285034
v 7.770210 -166.102997 255.782028
v 12.969100 -166.102997 255.571030
v 5.291940 -166.102997 261.346008
v 2.590450 -166.102997 255.887024
v 0.000045 -166.102997 255.900024
v -5.291851 -166.102997 261.346008
v -2.590360 -166.102997 255.887024
v 5.291940 -160.602997 261.346008
v 3.802060 -160.602997 250.371033
v 2.590450 -160.602997 255.887024
v 1.267430 -160.602997 250.397034
v -1.267340 -160.602997 250.397034
v -2.590360 -160.602997 255.887024
v -3.801970 -160.602997 250.371033
v -5.291851 -160.602997 261.346008
v -3.885480 -160.602997 255.871033
v -6.475380 -160.602997 255.818024
v -10.581600 -160.602997 261.186005
v -11.914801 -160.602997 261.128021
v -14.580300 -160.602997 260.993011
v -9.064631 -160.602997 255.739029
v -11.664100 -160.602997 255.634033
v -14.273500 -160.602997 255.502029
v -16.881500 -160.602997 255.343033
v -9.259470 -160.602997 261.236023
v -6.614570 -160.602997 261.316010
v -2.646040 -166.102997 261.387024
v -7.937120 -166.102997 261.279022
v -13.247701 -166.102997 261.064026
v 0.000045 -160.602997 261.400024
v -1.323010 -160.602997 261.397003
v -3.969000 -160.602997 261.370026
v 10.581700 -160.602997 261.186005
v 14.273601 -160.602997 255.502029
v 16.881500 -160.602997 255.343033
v 17.244402 -160.602997 260.831024
v 19.906601 -160.602997 260.641022
v 19.487700 -160.602997 255.157028
v 22.025101 -160.602997 254.950027
v 14.580401 -160.602997 260.993011
v 11.914901 -160.602997 261.128021
v 9.064720 -160.602997 255.739029
v 11.664201 -160.602997 255.634033
v 6.614660 -160.602997 261.316010
v 9.259560 -160.602997 261.236023
v 3.969090 -160.602997 261.370026
v 1.323100 -160.602997 261.397003
v 3.885580 -160.602997 255.871033
v 6.475471 -160.602997 255.818024
v 1.295270 -160.602997 255.897034
v -1.295180 -160.602997 255.897034
v 2.646130 -166.102997 261.387024
v 7.937211 -166.102997 261.279022
v 59.468903 -160.602997 254.546021
v 62.219803 -160.602997 253.887024
v 129.770004 -160.602997 226.913025
v 132.179001 -160.602997 225.519028
v 143.837006 -160.602997 211.650024
v 146.485001 -160.602997 209.826019
v 149.111008 -160.602997 207.968018
v 151.712006 -160.602997 206.078018
v 154.290009 -160.602997 204.156021
v 156.843002 -160.602997 202.201019
v 160.214005 -160.602997 206.547028
v 157.606003 -160.602997 208.543030
v 162.797012 -160.602997 204.517029
v 159.371002 -160.602997 200.214020
v 161.684006 -160.602997 198.351028
v 168.374008 -166.102997 199.950027
v 168.374008 -160.602997 199.950027
v 170.493011 -160.602997 198.147018
v 163.319000 -166.102997 189.808029
v 168.962006 -166.102997 192.190018
v 167.323013 -166.102997 186.288025
v 169.297012 -166.102997 184.496017
v 169.297012 -160.602997 184.496017
v 173.015015 -160.602997 188.549026
v 174.673004 -160.602997 194.472031
v 172.593002 -160.602997 196.320023
v 166.906006 -160.602997 193.977020
v 169.436005 -160.602997 199.051025
v 162.306015 -160.602997 190.675018
v 160.267014 -160.602997 192.392029
v 164.327011 -160.602997 188.936020
v 166.329010 -160.602997 187.176025
v 170.998001 -160.602997 190.380020
v 168.312012 -160.602997 185.395020
v 170.276001 -160.602997 183.592026
v 171.251007 -160.602997 182.683029
v 180.795013 -166.102997 188.794022
v 173.186005 -166.102997 180.850021
v 173.186005 -160.602997 180.850021
v 180.885010 -166.102997 181.012024
v 175.102005 -160.602997 178.996017
v 176.990005 -160.602997 184.822021
v 171.251007 -166.102997 182.683029
v 176.990005 -166.102997 184.822021
v 175.102005 -166.102997 178.996017
v 176.998001 -166.102997 177.121017
v 180.885010 -160.602997 181.012024
v 176.734009 -166.102997 192.601028
v 176.734009 -160.602997 192.601028
v 178.774002 -160.602997 190.709030
v 175.013016 -166.102997 186.696030
v 170.998001 -166.102997 190.380020
v 166.906006 -166.102997 193.977020
v 170.493011 -166.102997 198.147018
v 166.236008 -166.102997 201.732025
v 161.509003 -166.102997 205.536026
v 174.673004 -166.102997 194.472031
v 178.774002 -166.102997 190.709030
v 180.795013 -160.602997 188.794022
v 182.794006 -160.602997 186.859024
v 175.013016 -160.602997 186.696030
v 179.787003 -160.602997 189.754028
v 177.757004 -160.602997 191.657028
v 174.016006 -160.602997 187.625031
v 172.009003 -160.602997 189.467026
v 175.706009 -160.602997 193.539032
v 173.636002 -160.602997 195.399017
v 169.982010 -160.602997 191.287018
v 167.936005 -160.602997 193.086029
v 165.871002 -160.602997 194.863022
v 163.787003 -160.602997 196.618027
v 171.546005 -160.602997 197.236023
v 172.221008 -160.602997 181.769028
v 174.147003 -160.602997 179.925018
v 178.948013 -160.602997 182.927017
v 176.052002 -160.602997 178.061020
v 176.998001 -160.602997 177.121017
v 177.938004 -160.602997 176.177017
v 178.873001 -160.602997 175.227020
v 177.972015 -160.602997 183.877029
v 176.004013 -160.602997 185.762024
v 184.773010 -166.102997 184.902023
v 186.731003 -160.602997 182.925018
v 188.668015 -166.102997 180.926025
v 180.729004 -166.102997 173.313019
v 180.729004 -160.602997 173.313019
v 182.564011 -160.602997 171.379028
v 188.428009 -166.102997 173.147018
v 184.698013 -160.602997 177.119019
v 178.873001 -166.102997 175.227020
v 184.698013 -166.102997 177.119019
v 182.564011 -166.102997 171.379028
v 184.378006 -166.102997 169.425018
v 184.378006 -160.602997 169.425018
v 188.428009 -160.602997 173.147018
v 182.802002 -166.102997 179.076019
v 178.948013 -166.102997 182.927017
v 182.794006 -166.102997 186.859024
v 186.731003 -166.102997 182.925018
v 188.668015 -160.602997 180.926025
v 190.584015 -160.602997 178.907028
v 196.200012 -166.102997 172.730026
v 187.943008 -166.102997 165.461029
v 187.943008 -160.602997 165.461029
v 189.666016 -160.602997 163.484024
v 192.072006 -160.602997 169.096024
v 186.171005 -160.602997 167.453018
v 186.574005 -160.602997 175.143021
v 183.473007 -160.602997 170.405029
v 181.649002 -160.602997 172.348022
v 179.804016 -160.602997 174.272018
v 182.802002 -160.602997 179.076019
v 187.702011 -160.602997 181.928024
v 185.755005 -160.602997 183.916031
v 184.773010 -160.602997 184.902023
v 181.846008 -160.602997 180.046021
v 179.919006 -160.602997 181.972031
v 183.753006 -160.602997 178.100021
v 186.574005 -166.102997 175.143021
v 186.171005 -166.102997 167.453018
v 195.571014 -166.102997 165.036026
v 192.072006 -166.102997 169.096024
v 189.666016 -166.102997 163.484024
v 191.367004 -166.102997 161.489029
v 191.367004 -160.602997 161.489029
v 195.571014 -160.602997 165.036026
v 192.478012 -166.102997 176.868027
v 191.533005 -160.602997 177.890030
v 189.629013 -160.602997 179.919022
v 185.639008 -160.602997 176.134018
v 187.503006 -160.602997 174.147018
v 194.350006 -160.602997 174.809021
v 185.277008 -160.602997 168.442017
v 190.260010 -160.602997 171.131027
v 187.060013 -160.602997 166.459030
v 188.807007 -160.602997 164.475021
v 203.261017 -166.102997 164.363022
v 194.707016 -166.102997 157.446030
v 194.707016 -160.602997 157.446030
v 202.283005 -166.102997 156.737030
v 198.984009 -160.602997 160.904022
v 196.332016 -160.602997 155.416016
v 193.048004 -160.602997 159.476028
v 193.048004 -166.102997 159.476028
v 198.984009 -166.102997 160.904022
v 196.332016 -166.102997 155.416016
v 197.935013 -166.102997 153.368027
v 197.935013 -160.602997 153.368027
v 204.957016 -160.602997 162.243027
v 197.998016 -160.602997 170.666031
v 201.528015 -160.602997 166.482025
v 192.210007 -160.602997 160.485016
v 190.519012 -160.602997 162.489029
v 193.832016 -160.602997 167.075027
v 196.200012 -160.602997 172.730026
v 192.478012 -160.602997 176.868027
v 190.260010 -166.102997 171.131027
v 193.832016 -166.102997 167.075027
v 195.277008 -160.602997 173.772018
v 193.416016 -160.602997 175.841019
v 189.347015 -160.602997 172.141022
v 191.169006 -160.602997 170.116028
v 192.954010 -160.602997 168.088028
v 194.704010 -160.602997 166.058029
v 199.774002 -160.602997 168.583023
v 196.432007 -160.602997 164.010025
v 197.288010 -160.602997 162.979019
v 199.774002 -166.102997 168.583023
v 198.889008 -160.602997 169.627029
v 197.101013 -160.602997 171.700027
v 200.654007 -160.602997 167.535019
v 202.397003 -160.602997 165.425018
v 203.261017 -160.602997 164.363022
v 202.283005 -160.602997 156.737030
v 200.644012 -166.102997 158.829025
v 197.288010 -166.102997 162.979019
v 197.998016 -166.102997 170.666031
v 194.350006 -166.102997 174.809021
v 190.584015 -166.102997 178.907028
v 201.528015 -166.102997 166.482025
v 204.957016 -166.102997 162.243027
v 206.630005 -166.102997 160.106018
v 206.630005 -160.602997 160.106018
v 208.282013 -160.602997 157.951019
v 209.911011 -166.102997 155.780029
v 201.078003 -166.102997 149.225021
v 199.517014 -160.602997 151.305023
v 199.517014 -166.102997 151.305023
v 201.078003 -160.602997 149.225021
v 208.099014 -166.102997 148.929016
v 202.359009 -160.602997 147.482025
v 205.494003 -160.602997 152.502029
v 200.644012 -160.602997 158.829025
v 195.522003 -160.602997 156.433029
v 193.880005 -160.602997 158.463028
v 198.139008 -160.602997 161.944016
v 199.817017 -160.602997 159.869019
v 205.796005 -160.602997 161.176025
v 204.111008 -160.602997 163.305023
v 205.494003 -166.102997 152.502029
v 198.729004 -160.602997 152.339020
v 197.136017 -160.602997 154.394028
v 203.900009 -160.602997 154.628021
v 200.300003 -160.602997 150.267029
v 201.720016 -160.602997 148.355026
v 208.099014 -160.602997 148.929016
v 202.359009 -166.102997 147.482025
v 203.626007 -166.102997 145.728027
v 203.626007 -160.602997 145.728027
v 206.804016 -160.602997 150.721024
v 202.995010 -160.602997 146.606018
v 204.254013 -160.602997 144.847015
v 204.877014 -160.602997 143.963028
v 215.168015 -166.102997 148.434021
v 206.113007 -166.102997 142.188019
v 206.113007 -160.602997 142.188019
v 207.664017 -160.602997 139.913025
v 210.641006 -160.602997 145.311020
v 213.785004 -166.102997 140.644028
v 204.877014 -166.102997 143.963028
v 210.641006 -166.102997 145.311020
v 207.664017 -166.102997 139.913025
v 209.190002 -166.102997 137.621017
v 209.190002 -160.602997 137.621017
v 213.785004 -160.602997 140.644028
v 211.249008 -160.602997 153.961029
v 209.911011 -160.602997 155.780029
v 209.099014 -160.602997 156.868027
v 207.459015 -160.602997 159.031021
v 206.151016 -160.602997 151.613022
v 204.700012 -160.602997 153.567017
v 203.094009 -160.602997 155.685028
v 201.466003 -160.602997 157.785019
v 212.571014 -166.102997 152.130020
v 212.571014 -160.602997 152.130020
v 213.877014 -160.602997 150.288025
v 209.377014 -166.102997 147.126022
v 206.804016 -166.102997 150.721024
v 203.900009 -166.102997 154.628021
v 211.249008 -166.102997 153.961029
v 208.282013 -166.102997 157.951019
v 213.877014 -166.102997 150.288025
v 215.168015 -160.602997 148.434021
v 216.787018 -160.602997 146.060028
v 208.740005 -160.602997 148.029022
v 207.453003 -160.602997 149.827026
v 209.377014 -160.602997 147.126022
v 214.525009 -160.602997 149.362015
v 213.226013 -160.602997 151.210022
v 211.912003 -160.602997 153.047028
v 210.582016 -160.602997 154.872025
v 205.497009 -160.602997 143.077026
v 210.011017 -160.602997 146.220016
v 211.436005 -160.602997 144.151016
v 212.226013 -160.602997 142.986023
v 212.226013 -166.102997 142.986023
v 221.486008 -166.102997 138.830017
v 212.166016 -166.102997 132.988022
v 212.166016 -160.602997 132.988022
v 213.592010 -160.602997 130.685028
v 216.826004 -160.602997 135.909027
v 219.716003 -166.102997 131.185028
v 210.691010 -160.602997 135.313019
v 210.691010 -166.102997 135.313019
v 216.826004 -166.102997 135.909027
v 213.592010 -166.102997 130.685028
v 214.994003 -166.102997 128.366028
v 214.994003 -160.602997 128.366028
v 219.716003 -160.602997 131.185028
v 219.946014 -160.602997 141.257019
v 209.944016 -160.602997 136.469025
v 208.430008 -160.602997 138.769028
v 206.892014 -160.602997 141.053024
v 213.009003 -160.602997 141.817017
v 218.380005 -160.602997 143.667023
v 214.555008 -160.602997 139.467026
v 215.319016 -160.602997 138.285019
v 218.380005 -166.102997 143.667023
v 217.587006 -160.602997 144.866028
v 215.981003 -160.602997 147.249023
v 219.166016 -160.602997 142.464020
v 220.720016 -160.602997 140.046021
v 221.486008 -160.602997 138.830017
v 222.975006 -160.602997 136.426025
v 211.431015 -160.602997 134.153015
v 212.882004 -160.602997 131.838028
v 218.284012 -160.602997 133.555023
v 214.296005 -160.602997 129.527023
v 215.685013 -160.602997 127.201019
v 216.370010 -160.602997 126.032021
v 227.286011 -166.102997 129.116028
v 217.722015 -166.102997 123.683022
v 217.722015 -160.602997 123.683022
v 225.060013 -166.102997 121.791023
v 218.927017 -160.602997 121.476021
v 222.504013 -160.602997 126.400024
v 216.370010 -166.102997 126.032021
v 222.504013 -166.102997 126.400024
v 218.984009 -166.102997 121.435020
v 220.222015 -166.102997 119.173019
v 220.222015 -160.602997 119.173019
v 218.959015 -160.602997 121.478020
v 218.946014 -160.602997 121.502022
v 225.060013 -160.602997 121.791023
v 218.284012 -166.102997 133.555023
v 215.319016 -166.102997 138.285019
v 216.787018 -166.102997 146.060028
v 219.946014 -166.102997 141.257019
v 222.975006 -166.102997 136.426025
v 224.439011 -166.102997 134.005020
v 224.439011 -160.602997 134.005020
v 225.876007 -160.602997 131.568024
v 221.123016 -166.102997 128.800018
v 223.794006 -166.102997 124.102020
v 232.410004 -166.102997 119.648018
v 222.630005 -166.102997 114.613022
v 222.630005 -160.602997 114.613022
v 229.884018 -166.102997 112.420021
v 227.520004 -160.602997 117.130020
v 223.798004 -160.602997 112.314018
v 221.438004 -160.602997 116.899017
v 221.438004 -166.102997 116.899017
v 227.520004 -166.102997 117.130020
v 223.798004 -166.102997 112.314018
v 224.943008 -166.102997 110.004021
v 224.943008 -160.602997 110.004021
v 226.064011 -160.602997 107.682022
v 226.064011 -166.102997 107.682022
v 227.161011 -166.102997 105.348022
v 227.161011 -160.602997 105.348022
v 228.170013 -160.602997 103.143021
v 232.150009 -160.602997 107.662018
v 234.192017 -166.102997 103.145020
v 229.884018 -160.602997 112.420021
v 237.140015 -166.102997 109.976021
v 232.410004 -160.602997 119.648018
v 221.548004 -160.602997 116.957024
v 228.604004 -160.602997 126.769020
v 227.286011 -160.602997 129.116028
v 221.123016 -160.602997 128.800018
v 225.160004 -160.602997 132.788025
v 219.003006 -160.602997 132.372025
v 223.710007 -160.602997 135.217026
v 222.234009 -160.602997 137.630020
v 216.076004 -160.602997 137.099014
v 217.558014 -160.602997 134.734024
v 220.423004 -160.602997 129.995026
v 217.049011 -160.602997 124.859024
v 218.336014 -160.602997 122.594025
v 218.946014 -160.602997 121.503021
v 218.953003 -160.602997 121.490021
v 218.960007 -160.602997 121.478020
v 218.972015 -160.602997 121.456024
v 218.984009 -160.602997 121.435020
v 219.072006 -160.602997 121.484024
v 219.606003 -160.602997 120.305023
v 220.833008 -160.602997 118.038017
v 221.449005 -160.602997 116.877022
v 221.461014 -160.602997 116.856018
v 222.048004 -160.602997 115.736023
v 223.217010 -160.602997 113.465019
v 233.630005 -160.602997 117.248024
v 221.482010 -160.602997 116.867020
v 226.302017 -160.602997 119.467018
v 231.166016 -160.602997 122.035019
v 223.794006 -160.602997 124.102020
v 229.897018 -166.102997 124.408020
v 229.897018 -160.602997 124.408020
v 226.302017 -166.102997 119.467018
v 228.714005 -166.102997 114.781021
v 234.825012 -166.102997 114.836021
v 231.029007 -166.102997 110.047020
v 232.150009 -166.102997 107.662018
v 234.192017 -160.602997 103.145020
v 228.714005 -160.602997 114.781021
v 224.374008 -160.602997 111.160019
v 225.506012 -160.602997 108.844017
v 231.029007 -160.602997 110.047020
v 226.615005 -160.602997 106.516022
v 227.668015 -160.602997 104.247017
v 229.159012 -166.103012 100.928017
v 238.194016 -160.602997 107.674019
v 235.995010 -160.602997 112.412018
v 230.534012 -160.602997 123.223022
v 224.430008 -160.602997 122.948021
v 223.152008 -160.602997 125.252022
v 221.817017 -160.602997 127.602020
v 227.948013 -160.602997 127.944023
v 226.584015 -160.602997 130.344025
v 229.253006 -160.602997 125.590019
v 225.684006 -160.602997 120.630020
v 226.914017 -160.602997 118.300018
v 228.120010 -160.602997 115.957024
v 234.825012 -160.602997 114.836021
v 233.630005 -166.102997 117.248024
v 231.166016 -166.102997 122.035019
v 228.604004 -166.102997 126.769020
v 225.876007 -166.102997 131.568024
v 235.995010 -166.102997 112.412018
v 237.140015 -160.602997 109.976021
v 241.222015 -166.103012 100.707024
v 231.071014 -166.103012 96.469620
v 238.110016 -166.103012 93.746124
v 231.071014 -160.603012 96.469620
v 232.044006 -160.603012 94.105316
v 236.146011 -160.603012 98.588516
v 230.126007 -160.603012 98.703316
v 229.159012 -160.603012 100.928017
v 230.126007 -166.103012 98.703316
v 236.146011 -166.103012 98.588516
v 232.044006 -166.103012 94.105316
v 232.993011 -166.103012 91.731316
v 232.993011 -160.603012 91.731316
v 238.110016 -160.603012 93.746124
v 240.235016 -160.602997 103.039017
v 229.645004 -160.603012 99.816727
v 228.667007 -160.602997 102.037018
v 233.182007 -160.602997 105.408020
v 239.226013 -166.102997 105.362022
v 237.670013 -160.602997 108.826019
v 231.593018 -160.602997 108.856018
v 235.413010 -160.602997 113.626022
v 229.302017 -160.602997 113.602020
v 230.460007 -160.602997 111.235023
v 234.230011 -160.602997 116.044022
v 233.023010 -160.602997 118.450020
v 231.791016 -160.602997 120.843018
v 236.570007 -160.602997 111.196022
v 233.182007 -166.102997 105.408020
v 235.180008 -166.103012 100.871017
v 237.141006 -166.103012 96.172417
v 245.133011 -166.103012 90.774620
v 241.222015 -160.603012 100.707024
v 242.238007 -160.603012 98.239418
v 239.226013 -160.602997 105.362022
v 238.194016 -166.102997 107.674019
v 240.235016 -166.102997 103.039017
v 242.238007 -166.103012 98.239418
v 243.228012 -166.103012 95.761017
v 243.228012 -160.603012 95.761017
v 244.193008 -160.603012 93.272621
v 234.817017 -166.103012 86.954620
v 233.917007 -160.603012 89.347618
v 233.917007 -166.103012 89.347618
v 234.817017 -166.103012 86.954720
v 237.141006 -160.603012 96.172417
v 231.560013 -160.603012 95.288719
v 230.601013 -160.603012 97.587624
v 235.180008 -160.603012 100.871017
v 239.733017 -160.602997 104.202019
v 233.690018 -160.602997 104.278023
v 232.669006 -160.602997 106.536018
v 234.689011 -160.602997 102.009018
v 235.666016 -160.603012 99.731125
v 236.647018 -160.603012 97.381721
v 241.733017 -160.603012 99.474724
v 240.731018 -160.602997 101.875023
v 242.736008 -160.603012 97.001419
v 239.975006 -166.103012 88.864624
v 233.458008 -160.603012 90.540619
v 232.521011 -160.603012 92.919518
v 239.975006 -160.603012 88.864624
v 239.055008 -160.603012 91.310120
v 234.370010 -160.603012 88.152313
v 234.817017 -160.603012 86.954620
v 241.725006 -166.103012 83.988319
v 235.685013 -160.603012 84.573219
v 235.685013 -166.103012 84.573219
v 236.529007 -166.103012 82.183121
v 236.529007 -160.603012 82.183121
v 246.039017 -160.603012 88.288521
v 241.725006 -160.603012 83.988319
v 237.349014 -160.603012 79.784622
v 247.776016 -160.603012 83.289520
v 240.862015 -160.603012 86.430817
v 235.254013 -160.603012 85.765022
v 239.055008 -166.103012 91.310120
v 240.862015 -166.103012 86.430916
v 248.606018 -166.103012 80.777122
v 238.145004 -166.103012 77.377914
v 244.926010 -166.103012 74.134315
v 238.145004 -160.603012 77.377914
v 238.916016 -160.603012 74.963219
v 244.926010 -160.603012 74.134315
v 249.411011 -160.603012 78.256416
v 240.384018 -160.603012 70.111221
v 246.377014 -160.603012 69.160721
v 250.944016 -160.603012 73.191124
v 246.377014 -166.103012 69.160721
v 247.738007 -160.603012 64.115517
v 247.738007 -166.103012 64.115517
v 243.644012 -166.103012 57.774616
v 243.644012 -160.603012 57.774616
v 243.041016 -160.603012 60.259212
v 248.995010 -160.603012 59.043617
v 244.192017 -160.603012 55.411816
v 244.717010 -166.103012 53.043911
v 244.717010 -160.603012 53.043911
v 245.220016 -160.603012 50.670914
v 245.699005 -166.103012 48.293316
v 245.699005 -160.603012 48.293316
v 251.096008 -160.603012 49.354015
v 250.092010 -166.103012 54.209015
v 252.059006 -166.103012 44.172714
v 246.183014 -160.603012 45.760712
v 252.059006 -160.603012 44.172714
v 247.479019 -166.103012 38.134911
v 247.479019 -160.603012 38.134911
v 252.915009 -160.603012 38.972515
v 247.073013 -160.603012 40.681313
v 253.664017 -166.103012 33.755913
v 247.859009 -160.603012 35.584515
v 248.212006 -166.103012 33.030411
v 248.212006 -160.603012 33.030411
v 248.517014 -160.603012 30.405613
v 248.545013 -160.603012 30.423613
v 248.840012 -166.103012 27.911816
v 248.840012 -160.603012 27.911814
v 254.305008 -160.603012 28.524914
v 249.127014 -160.603012 25.217611
v 254.863007 -160.603012 23.015013
v 254.863007 -166.103012 23.015015
v 249.814011 -166.103012 17.118315
v 249.814011 -160.603012 17.118313
v 249.614014 -160.603012 19.820513
v 255.301010 -160.603012 17.494312
v 249.987015 -160.603012 14.370414
v 250.130005 -166.103012 11.620914
v 250.130005 -160.603012 11.620914
v 250.243011 -160.603012 8.869903
v 250.325012 -166.103012 6.117863
v 250.325012 -160.603012 6.117862
v 255.824005 -160.603012 6.252233
v 255.624008 -166.103012 11.876113
v 255.893005 -166.103012 1.831203
v 250.369019 -160.603012 3.955002
v 255.893005 -160.603012 1.831202
v 250.387009 -166.103012 -2.534698
v 250.387009 -160.603012 -2.534698
v 250.400009 -160.603012 -0.371436
v 255.887009 -160.603012 -2.590368
v 255.778015 -166.103012 -7.904048
v 250.066010 -166.103012 -12.930288
v 250.066010 -160.603012 -12.930288
v 255.559006 -160.603012 -13.214288
v 250.187012 -160.603012 -10.332788
v 249.917007 -160.603012 -15.548188
v 249.740005 -166.103012 -18.164488
v 249.740005 -160.603012 -18.164490
v 249.536011 -160.603012 -20.778688
v 249.305008 -166.103012 -23.390686
v 249.305008 -160.603012 -23.390688
v 254.781006 -160.603012 -23.904390
v 249.042007 -160.603012 -26.043489
v 254.214005 -160.603012 -29.323689
v 254.214005 -166.103012 -29.323687
v 248.083008 -166.103012 -33.983189
v 248.083008 -160.603012 -33.983189
v 248.431015 -160.603012 -31.340090
v 252.735016 -166.103012 -40.119793
v 253.532013 -160.603012 -34.729591
v 247.707016 -160.603012 -36.622387
v 252.735016 -160.603012 -40.119793
v 246.872009 -160.603012 -41.888092
v 251.824005 -160.603012 -45.491791
v 251.824005 -166.103012 -45.491791
v 250.798019 -160.603012 -50.843094
v 250.798019 -166.103012 -50.843094
v 244.293015 -166.103012 -54.964191
v 244.293015 -160.603012 -54.964191
v 244.864014 -160.603012 -52.360291
v 249.659012 -160.603012 -56.171490
v 243.694016 -160.603012 -57.561890
v 248.406006 -160.603012 -61.474293
v 248.406006 -166.103012 -61.474293
v 241.732010 -166.103012 -65.314690
v 241.732010 -160.603012 -65.314690
v 242.413010 -160.603012 -62.737389
v 247.041016 -160.603012 -66.749283
v 245.286011 -166.103012 -72.936386
v 240.892014 -160.603012 -68.347092
v 245.286011 -160.603012 -72.936386
v 238.145004 -166.103012 -77.377785
v 238.145004 -160.603012 -77.377785
v 241.311005 -166.103012 -85.168488
v 243.375015 -160.603012 -79.077385
v 243.375015 -166.103012 -79.077385
v 239.098007 -166.103012 -74.379189
v 237.153015 -166.103012 -80.364288
v 236.125015 -166.103012 -83.337990
v 236.125015 -160.603012 -83.337990
v 235.059006 -160.603012 -86.298592
v 235.059006 -166.103012 -86.298592
v 233.956009 -166.103012 -89.245491
v 233.956009 -160.603012 -89.245491
v 232.993011 -160.603012 -91.731194
v 237.099014 -166.103012 -96.275787
v 239.095016 -160.603012 -91.205788
v 241.311005 -160.603012 -85.168488
v 244.234009 -166.103012 -93.165993
v 248.606018 -166.103012 -80.776985
v 248.606018 -160.603012 -80.776985
v 242.362015 -166.103012 -82.129387
v 244.350006 -166.103012 -76.012886
v 252.351013 -166.103012 -68.183884
v 247.572006 -160.603012 -83.894592
v 249.602005 -160.603012 -77.646591
v 249.602005 -166.103012 -77.646591
v 247.572006 -166.103012 -83.894592
v 246.498016 -166.103012 -86.998985
v 246.498016 -160.603012 -86.998985
v 245.385010 -160.603012 -90.089592
v 240.222015 -166.103012 -88.194092
v 239.095016 -166.103012 -91.205788
v 237.099014 -160.603012 -96.275787
v 237.153015 -160.603012 -80.364288
v 239.098007 -160.603012 -74.379189
v 237.654007 -160.603012 -78.872589
v 238.626007 -160.603012 -75.879990
v 244.350006 -160.603012 -76.012886
v 239.561005 -160.603012 -72.875389
v 240.014008 -160.603012 -71.368782
v 240.014008 -166.103012 -71.368782
v 240.892014 -166.103012 -68.347092
v 247.041016 -166.103012 -66.749283
v 242.413010 -166.103012 -62.737389
v 243.067017 -166.103012 -60.153091
v 243.067017 -160.603012 -60.153091
v 251.474014 -160.603012 -71.349586
v 253.062012 -160.603012 -65.493484
v 252.351013 -160.603012 -68.183884
v 247.738007 -166.103012 -64.115486
v 246.183014 -166.103012 -69.848389
v 250.558014 -166.103012 -74.503990
v 250.558014 -160.603012 -74.503990
v 251.474014 -166.103012 -71.349586
v 253.062012 -166.103012 -65.493484
v 253.745010 -166.103012 -62.795593
v 253.745010 -160.603012 -62.795593
v 254.399017 -160.603012 -60.090591
v 255.025009 -166.103012 -57.378792
v 249.659012 -166.103012 -56.171490
v 243.694016 -166.103012 -57.561890
v 249.047012 -166.103012 -58.826191
v 247.738007 -160.603012 -64.115486
v 242.076004 -160.603012 -64.026985
v 241.316010 -160.603012 -66.832191
v 246.183014 -160.603012 -69.848389
v 240.458008 -160.603012 -69.859283
v 245.018005 -160.603012 -76.220886
v 250.085007 -160.603012 -76.076782
v 249.109009 -160.603012 -79.213387
v 242.874008 -160.603012 -80.604988
v 243.867004 -160.603012 -77.546692
v 244.823013 -160.603012 -74.476089
v 245.739014 -160.603012 -71.393784
v 251.021011 -160.603012 -72.928192
v 251.917007 -160.603012 -69.768089
v 246.617004 -160.603012 -68.300194
v 247.393005 -160.603012 -65.433289
v 252.710007 -160.603012 -66.839691
v 253.407013 -160.603012 -64.145386
v 255.621017 -160.603012 -54.660389
v 255.025009 -160.603012 -57.378792
v 249.047012 -160.603012 -58.826191
v 254.076019 -160.603012 -61.443890
v 254.716019 -160.603012 -58.735493
v 243.384018 -160.603012 -58.858292
v 242.744019 -160.603012 -61.446095
v 248.730011 -160.603012 -60.151093
v 248.076019 -160.603012 -62.795792
v 249.356018 -160.603012 -57.499691
v 244.582016 -160.603012 -53.662991
v 243.997009 -160.603012 -56.263790
v 245.408005 -166.103012 -49.750389
v 250.243011 -160.603012 -53.510292
v 245.140015 -160.603012 -51.055992
v 245.408005 -160.603012 -49.750389
v 245.924011 -160.603012 -47.134888
v 245.924011 -166.103012 -47.134888
v 244.864014 -166.103012 -52.360291
v 246.412018 -166.103012 -44.513992
v 246.412018 -160.603012 -44.513992
v 256.189026 -166.103012 -51.935890
v 256.189026 -160.603012 -51.935890
v 256.727020 -160.603012 -49.205490
v 257.236023 -166.103012 -46.469490
v 246.872009 -166.103012 -41.888092
v 247.304016 -166.103012 -39.257492
v 252.294006 -160.603012 -42.808189
v 246.645004 -160.603012 -43.201691
v 246.171005 -160.603012 -45.825092
v 251.325012 -160.603012 -48.170189
v 245.669006 -160.603012 -48.443291
v 256.462006 -160.603012 -50.571388
v 250.524017 -160.603012 -52.177490
v 255.327011 -160.603012 -56.020390
v 255.909012 -160.603012 -53.298889
v 249.954010 -160.603012 -54.841690
v 251.065018 -160.603012 -49.507389
v 251.578018 -160.603012 -46.831593
v 257.717010 -160.603012 -43.728291
v 257.236023 -160.603012 -46.469490
v 252.294006 -166.103012 -42.808189
v 251.325012 -166.103012 -48.170189
v 250.243011 -166.103012 -53.510292
v 255.621017 -166.103012 -54.660389
v 254.399017 -166.103012 -60.090591
v 256.727020 -166.103012 -49.205490
v 257.717010 -166.103012 -43.728291
v 258.167023 -166.103012 -40.982094
v 258.589020 -160.603012 -38.231190
v 258.982025 -166.103012 -35.475990
v 247.707016 -166.103012 -36.622387
v 253.532013 -166.103012 -34.729591
v 248.431015 -166.103012 -31.340088
v 248.751007 -166.103012 -28.693388
v 248.751007 -160.603012 -28.693390
v 257.480011 -160.603012 -45.099491
v 252.063019 -160.603012 -44.150593
v 252.518005 -160.603012 -41.464592
v 247.304016 -160.603012 -39.257492
v 247.509018 -160.603012 -37.940491
v 247.091019 -160.603012 -40.573387
v 253.148010 -160.603012 -37.426792
v 247.899017 -160.603012 -35.303291
v 248.261017 -160.603012 -32.662090
v 253.888016 -160.603012 -32.028389
v 248.594009 -160.603012 -30.017189
v 248.900009 -160.603012 -27.368792
v 249.042007 -166.103012 -26.043488
v 255.226013 -166.103012 -18.563389
v 254.781006 -166.103012 -23.904388
v 249.536011 -166.103012 -20.778687
v 249.917007 -166.103012 -15.548188
v 255.559006 -166.103012 -13.214288
v 250.187012 -166.103012 -10.332788
v 250.281006 -166.103012 -7.734168
v 250.281006 -160.603012 -7.734169
v 261.177002 -160.603012 -10.786688
v 261.051025 -166.103012 -13.498288
v 255.226013 -160.603012 -18.563391
v 260.257019 -166.103012 -24.418186
v 260.257019 -160.603012 -24.418188
v 259.345001 -160.603012 -32.716789
v 258.382019 -160.603012 -39.607189
v 258.167023 -160.603012 -40.982094
v 252.945007 -160.603012 -38.773792
v 253.344009 -160.603012 -36.078690
v 258.982025 -160.603012 -35.475990
v 259.678009 -166.103012 -29.953888
v 253.888016 -166.103012 -32.028389
v 253.148010 -166.103012 -37.426792
v 259.345001 -166.103012 -32.716789
v 258.589020 -166.103012 -38.231190
v 259.678009 -160.603012 -29.953890
v 259.167023 -160.603012 -34.096889
v 253.714005 -160.603012 -33.379490
v 254.055008 -160.603012 -30.676491
v 259.982025 -160.603012 -27.187590
v 254.367020 -160.603012 -27.969990
v 254.512009 -160.603012 -26.615490
v 259.982025 -166.103012 -27.187588
v 260.498016 -160.603012 -21.691490
v 260.123016 -160.603012 -25.803291
v 259.834015 -160.603012 -28.571089
v 259.515015 -160.603012 -31.335791
v 249.424011 -160.603012 -22.084990
v 249.177017 -160.603012 -24.717390
v 254.650009 -160.603012 -25.260290
v 254.903015 -160.603012 -22.570089
v 255.017014 -160.603012 -21.235088
v 260.710999 -166.103012 -18.962387
v 260.896027 -160.603012 -16.231289
v 249.832016 -160.603012 -16.856588
v 249.642014 -160.603012 -19.471889
v 255.125015 -160.603012 -19.899490
v 260.710999 -160.603012 -18.962389
v 255.406006 -160.603012 -15.889789
v 255.017014 -166.103012 -21.235086
v 254.512009 -166.103012 -26.615488
v 260.498016 -166.103012 -21.691488
v 260.896027 -166.103012 -16.231287
v 261.051025 -160.603012 -13.498288
v 260.977020 -160.603012 -14.864988
v 260.807007 -160.603012 -17.597090
v 260.608002 -160.603012 -20.327188
v 260.381012 -160.603012 -23.055189
v 255.778015 -160.603012 -7.904048
v 255.406006 -166.103012 -15.889789
v 255.682007 -166.103012 -10.559788
v 261.387024 -166.103012 -2.646048
v 250.347015 -160.603012 -5.134708
v 250.347015 -166.103012 -5.134708
v 255.682007 -160.603012 -10.559788
v 250.130005 -160.603012 -11.631688
v 249.995010 -160.603012 -14.239489
v 261.275024 -166.103012 -8.073928
v 261.275024 -160.603012 -8.073928
v 261.345001 -160.603012 -5.360279
v 255.846008 -166.103012 -5.247488
v 255.887009 -166.103012 -2.590367
v 250.317017 -160.603012 -6.434528
v 250.237015 -160.603012 -9.033608
v 255.846008 -160.603012 -5.247488
v 250.371017 -160.603012 -3.834748
v 250.396011 -160.603012 -1.453078
v 261.400024 -160.603012 -0.387755
v 261.387024 -160.603012 -2.646048
v 261.369019 -160.603012 -4.003218
v 261.314026 -160.603012 -6.717198
v 255.816010 -160.603012 -6.575859
v 255.870010 -160.603012 -3.918978
v 255.896011 -160.603012 -1.484998
v 255.900009 -160.603012 -0.379595
v 261.393005 -166.103012 1.870563
v 261.393005 -160.603012 1.870562
v 261.367004 -160.603012 4.128742
v 261.322021 -166.103012 6.386613
v 250.394012 -166.103012 1.791853
v 250.394012 -160.603012 1.791852
v 250.399017 -160.603012 0.710213
v 250.384018 -160.603012 2.873452
v 250.369019 -166.103012 3.955003
v 250.400009 -166.103012 -0.371435
v 255.900009 -166.103012 -0.379594
v 255.868011 -166.103012 4.041873
v 255.824005 -166.103012 6.252233
v 255.624008 -160.603012 11.876113
v 255.883011 -160.603012 2.936562
v 255.899017 -160.603012 0.725812
v 255.868011 -160.603012 4.041872
v 261.347015 -160.603012 5.257722
v 261.383026 -160.603012 2.999682
v 261.399017 -160.603012 0.741411
v 261.396027 -160.603012 -1.516918
v 261.322021 -160.603012 6.386612
v 261.236023 -160.603012 9.259553
v 250.349014 -160.603012 5.036472
v 255.848007 -160.603012 5.147102
v 255.785019 -160.603012 7.658592
v 255.739014 -160.603012 9.064723
v 250.243011 -166.103012 8.869903
v 249.987015 -166.103012 14.370414
v 255.301010 -166.103012 17.494314
v 249.614014 -166.103012 19.820515
v 249.385010 -166.103012 22.520315
v 249.385010 -160.603012 22.520313
v 260.788025 -166.103012 17.870316
v 261.118011 -166.103012 12.131413
v 255.478012 -166.103012 14.686112
v 255.739014 -166.103012 9.064723
v 255.097015 -166.103012 20.255816
v 259.771027 -166.103012 29.138014
v 254.305008 -166.103012 28.524916
v 248.539017 -166.103012 30.472713
v 249.127014 -166.103012 25.217613
v 260.788025 -160.603012 17.870314
v 260.580017 -160.603012 20.691212
v 260.969025 -160.603012 15.001714
v 250.190018 -160.603012 10.245513
v 250.288010 -160.603012 7.493992
v 255.686005 -160.603012 10.470613
v 261.118011 -160.603012 12.131413
v 255.555008 -160.603012 13.281313
v 255.478012 -160.603012 14.686112
v 261.181000 -160.603012 10.695613
v 261.283020 -160.603012 7.823202
v 261.048004 -160.603012 13.566713
v 260.883026 -160.603012 16.436211
v 249.905014 -160.603012 15.744613
v 250.063019 -160.603012 12.995812
v 255.394012 -160.603012 16.090412
v 255.203018 -160.603012 18.875313
v 255.097015 -160.603012 20.255814
v 260.969025 -166.103012 15.001714
v 261.236023 -166.103012 9.259553
v 261.367004 -166.103012 4.128743
v 261.400024 -166.103012 -0.387754
v 261.345001 -166.103012 -5.360278
v 261.177002 -166.103012 -10.786688
v 260.580017 -166.103012 20.691214
v 260.341003 -166.103012 23.509615
v 260.341003 -160.603012 23.509613
v 260.071014 -160.603012 26.325413
v 254.599014 -166.103012 25.771515
v 253.664017 -160.603012 33.755913
v 249.503006 -160.603012 21.170712
v 249.718018 -160.603012 18.469612
v 249.260010 -160.603012 23.869314
v 254.599014 -160.603012 25.771513
v 248.987015 -160.603012 26.565113
v 248.697006 -160.603012 29.154112
v 248.548019 -160.603012 30.395613
v 248.547012 -160.603012 30.409613
v 248.545013 -160.603012 30.423613
v 248.542007 -160.603012 30.448212
v 248.539017 -160.603012 30.472712
v 248.639008 -160.603012 30.485012
v 248.379013 -160.603012 31.752012
v 248.039017 -160.603012 34.307911
v 247.982010 -160.603012 35.602211
v 247.855011 -160.603012 35.608913
v 247.852005 -160.603012 35.633213
v 247.669006 -160.603012 36.884514
v 247.279007 -160.603012 39.408615
v 252.915009 -166.103012 38.972515
v 258.351013 -166.103012 39.810211
v 259.771027 -160.603012 29.138012
v 259.457001 -160.603012 31.811413
v 259.925018 -160.603012 27.732113
v 260.210022 -160.603012 24.917913
v 254.735016 -160.603012 24.393612
v 254.984009 -160.603012 21.635712
v 254.456009 -160.603012 27.148613
v 248.548019 -160.603012 30.395613
v 254.155014 -160.603012 29.833914
v 253.998016 -160.603012 31.142113
v 259.115997 -166.103012 34.481411
v 259.115997 -160.603012 34.481411
v 258.747009 -160.603012 37.147816
v 247.859009 -166.103012 35.584515
v 247.073013 -166.103012 40.681313
v 246.641006 -166.103012 43.223312
v 246.641006 -160.603012 43.223312
v 246.183014 -166.103012 45.760712
v 251.096008 -166.103012 49.354015
v 250.092010 -160.603012 54.209015
v 252.500015 -160.603012 41.574814
v 246.861008 -160.603012 41.952816
v 246.415009 -160.603012 44.492615
v 251.591019 -160.603012 46.765816
v 245.944016 -160.603012 47.027615
v 245.462006 -160.603012 49.482712
v 256.492004 -166.103012 50.414814
v 255.992020 -160.603012 52.896912
v 256.998016 -160.603012 47.771015
v 257.927002 -160.603012 42.468410
v 247.876007 -160.603012 35.636616
v 253.834015 -160.603012 32.449413
v 253.487015 -160.603012 35.061512
v 253.303009 -160.603012 36.366116
v 258.552002 -160.603012 38.479515
v 258.934998 -160.603012 35.815113
v 259.290009 -160.603012 33.146812
v 259.618011 -160.603012 30.475113
v 258.351013 -160.603012 39.810211
v 252.500015 -166.103012 41.574814
v 253.303009 -166.103012 36.366116
v 253.998016 -166.103012 31.142115
v 260.071014 -166.103012 26.325415
v 259.457001 -166.103012 31.811415
v 258.747009 -166.103012 37.147816
v 257.927002 -166.103012 42.468410
v 257.476013 -166.103012 45.122116
v 257.476013 -160.603012 45.122116
v 251.591019 -166.103012 46.765816
v 250.606018 -166.103012 51.784016
v 254.347015 -166.103012 60.312614
v 248.995010 -166.103012 59.043617
v 243.041016 -166.103012 60.259212
v 244.192017 -166.103012 55.411816
v 255.468018 -166.103012 55.374115
v 249.556015 -166.103012 56.629013
v 254.919006 -160.603012 57.846115
v 244.971008 -160.603012 51.858013
v 250.606018 -160.603012 51.784016
v 256.492004 -160.603012 50.414814
v 256.749023 -160.603012 49.093513
v 257.240021 -160.603012 46.447117
v 251.828018 -160.603012 45.469913
v 252.283005 -160.603012 42.874313
v 257.705017 -160.603012 43.795815
v 258.141998 -160.603012 41.139812
v 252.711014 -160.603012 40.274212
v 253.112015 -160.603012 37.669815
v 251.346008 -160.603012 48.060616
v 250.854019 -160.603012 50.569614
v 250.352005 -160.603012 52.997116
v 255.468018 -160.603012 55.374115
v 249.827011 -160.603012 55.419617
v 249.556015 -160.603012 56.629013
v 255.733017 -160.603012 54.136211
v 256.245026 -160.603012 51.656513
v 255.196014 -160.603012 56.610714
v 254.636017 -160.603012 59.080013
v 254.347015 -160.603012 60.312614
v 253.718018 -160.603012 62.906315
v 248.380005 -166.103012 61.582813
v 251.672012 -166.103012 70.647118
v 241.082016 -166.103012 67.674316
v 242.413010 -166.103012 62.737514
v 242.413010 -160.603012 62.737514
v 243.921005 -160.603012 56.593914
v 244.457016 -160.603012 54.228516
v 243.346008 -160.603012 59.017712
v 248.380005 -160.603012 61.582813
v 242.730011 -160.603012 61.499115
v 242.090012 -160.603012 63.974213
v 241.760010 -160.603012 65.209320
v 253.062012 -166.103012 65.493515
v 253.062012 -160.603012 65.493515
v 252.381012 -160.603012 68.073914
v 247.070007 -166.103012 66.641617
v 241.082016 -160.603012 67.674316
v 241.760010 -166.103012 65.209320
v 241.082016 -166.103012 67.674225
v 247.070007 -160.603012 66.641617
v 241.424011 -160.603012 66.442619
v 240.736008 -160.603012 68.893623
v 239.662018 -166.103012 72.540916
v 245.664017 -160.603012 71.651222
v 240.026016 -160.603012 71.327019
v 239.662018 -160.603012 72.540916
v 240.384018 -166.103012 70.111221
v 238.916016 -166.103012 74.963219
v 243.375015 -160.603012 79.077522
v 237.349014 -166.103012 79.784622
v 243.375015 -166.103012 79.077522
v 250.191010 -166.103012 75.727623
v 245.664017 -166.103012 71.651123
v 251.672012 -160.603012 70.647118
v 247.407013 -160.603012 65.379417
v 248.062012 -160.603012 62.850014
v 253.393005 -160.603012 64.200821
v 254.036011 -160.603012 61.610313
v 248.691010 -160.603012 60.314014
v 249.278015 -160.603012 57.837013
v 252.725006 -160.603012 66.784622
v 252.030014 -160.603012 69.361420
v 246.024017 -160.603012 70.406815
v 246.727005 -160.603012 67.902016
v 250.571014 -160.603012 74.460312
v 251.312012 -160.603012 71.920120
v 250.191010 -160.603012 75.727623
v 249.411011 -166.103012 78.256416
v 250.944016 -166.103012 73.191124
v 252.381012 -166.103012 68.073914
v 253.718018 -166.103012 62.906315
v 254.919006 -166.103012 57.846115
v 255.992020 -166.103012 52.896912
v 256.998016 -166.103012 47.771015
v 248.606018 -160.603012 80.777122
v 244.163010 -160.603012 76.609818
v 249.012009 -160.603012 79.517723
v 249.804016 -160.603012 76.993019
v 239.292007 -160.603012 73.753021
v 238.533005 -160.603012 76.171516
v 237.750015 -160.603012 78.582222
v 242.562012 -160.603012 81.537018
v 236.942017 -160.603012 80.984917
v 236.110016 -160.603012 83.379219
v 246.920013 -166.103012 85.793419
v 242.562012 -166.103012 81.537018
v 244.163010 -166.103012 76.609818
v 246.920013 -160.603012 85.793419
v 245.133011 -160.603012 90.774620
v 243.714005 -160.603012 94.518120
v 244.666016 -160.603012 92.024818
v 239.518005 -160.603012 90.088623
v 238.586014 -160.603012 92.529320
v 237.629013 -160.603012 94.960518
v 240.422012 -160.603012 87.648918
v 245.589005 -160.603012 89.532722
v 246.483017 -160.603012 87.042122
v 241.296005 -160.603012 85.210617
v 242.147018 -160.603012 82.763725
v 247.351013 -160.603012 84.542519
v 248.194016 -160.603012 82.034317
v 242.972015 -160.603012 80.308319
v 243.773010 -160.603012 77.844620
v 244.548004 -160.603012 75.373016
v 245.298004 -160.603012 72.893723
v 247.776016 -166.103012 83.289520
v 246.039017 -166.103012 88.288521
v 244.193008 -166.103012 93.272621
v 260.464020 -160.603012 22.100712
v 260.688019 -160.603012 19.281012
v 261.230011 -160.603012 -9.430448
v 261.118011 -160.603012 -12.142689
v 258.789001 -160.603012 -36.854092
v 257.946014 -160.603012 -42.355793
v 256.985016 -160.603012 -47.838188
v 242.362015 -160.603012 -82.129387
v 236.644012 -160.603012 -81.852692
v 235.597015 -160.603012 -84.819885
v 240.222015 -160.603012 -88.194092
v 234.512009 -160.603012 -87.773788
v 233.478012 -160.603012 -90.489594
v 243.228012 -160.603012 -95.760887
v 244.234009 -160.603012 -93.165993
v 232.993011 -166.103012 -91.731194
v 232.003006 -166.103012 -94.206490
v 232.003006 -160.603012 -94.206490
v 238.110016 -160.603012 -93.746094
v 232.501007 -160.603012 -92.970192
v 231.498016 -160.603012 -95.440193
v 230.987015 -160.603012 -96.671196
v 240.046005 -166.103027 -103.478989
v 229.944016 -166.103012 -99.124786
v 229.944016 -160.603012 -99.124786
v 228.876007 -160.603027 -101.566986
v 234.995010 -160.603027 -101.301987
v 232.785004 -166.103027 -106.282990
v 230.987015 -166.103012 -96.671196
v 234.995010 -166.103027 -101.301987
v 228.876007 -166.103027 -101.566986
v 227.782013 -166.103027 -103.997993
v 227.782013 -160.603027 -103.997993
v 232.785004 -160.603027 -106.282990
v 241.134018 -160.603012 -100.917992
v 238.931015 -160.603027 -106.028992
v 240.046005 -160.603027 -103.478989
v 242.195007 -166.103012 -98.344986
v 242.195007 -160.603012 -98.344986
v 238.110016 -166.103012 -93.746094
v 236.060013 -166.103012 -98.794487
v 233.903015 -166.103027 -103.797989
v 235.423004 -166.103027 -113.604988
v 225.516006 -166.103027 -108.823990
v 225.516006 -160.603027 -108.823990
v 228.049011 -166.103027 -116.096992
v 224.345016 -160.603027 -111.218987
v 226.662018 -160.603027 -106.416992
v 233.903015 -160.603027 -103.797989
v 228.332016 -160.603027 -102.783989
v 229.414017 -160.603012 -100.346992
v 230.469009 -160.603012 -97.899391
v 236.060013 -160.603012 -98.794487
v 240.593018 -160.603027 -102.199989
v 241.668015 -160.603012 -99.632889
v 242.715012 -160.603012 -97.054283
v 243.734009 -160.603012 -94.464783
v 238.606018 -160.603012 -92.477196
v 239.663010 -160.603012 -89.701691
v 244.814011 -160.603012 -91.629593
v 245.946014 -160.603012 -88.546089
v 243.026016 -160.603012 -82.354088
v 248.094009 -160.603012 -82.337387
v 247.040009 -160.603012 -85.448486
v 241.842010 -160.603012 -83.650589
v 240.771011 -160.603012 -86.682991
v 237.608017 -160.603012 -95.012283
v 236.583008 -160.603012 -97.536491
v 235.531006 -160.603012 -100.049988
v 234.453018 -160.603027 -102.551987
v 237.788010 -166.103027 -108.566986
v 237.788010 -160.603027 -108.566986
v 236.619019 -160.603027 -111.091988
v 226.662018 -166.103027 -106.416992
v 230.469009 -166.103027 -111.214989
v 224.345016 -166.103027 -111.218987
v 223.148010 -166.103027 -113.600990
v 230.469009 -160.603027 -111.214989
v 228.049011 -160.603027 -116.096992
v 231.640015 -160.603027 -108.754990
v 237.207016 -160.603027 -109.830994
v 227.225006 -160.603027 -105.208992
v 226.092010 -160.603027 -107.621986
v 224.933014 -160.603027 -110.022987
v 229.272018 -160.603027 -113.661987
v 223.749008 -160.603027 -112.411987
v 223.148010 -160.603027 -113.600990
v 222.540009 -160.603027 -114.787987
v 221.926010 -160.603027 -115.970993
v 234.200012 -160.603027 -116.104988
v 235.423004 -160.603027 -113.604988
v 231.640015 -166.103027 -108.754990
v 229.272018 -166.103027 -113.661987
v 230.373016 -166.103027 -123.524994
v 220.678009 -166.103027 -118.326988
v 220.678009 -160.603027 -118.326988
v 219.406006 -160.603027 -120.668991
v 222.900009 -166.103027 -125.699989
v 225.526016 -160.603027 -120.925987
v 221.926010 -166.103027 -115.970993
v 225.526016 -166.103027 -120.925987
v 219.406006 -166.103027 -120.668991
v 218.109009 -166.103027 -122.997993
v 218.109009 -160.603027 -122.997993
v 222.900009 -160.603027 -125.699989
v 231.675018 -160.603027 -121.064987
v 232.951004 -166.103027 -118.591988
v 226.800018 -166.103027 -118.517990
v 224.225006 -166.103027 -123.319992
v 224.905014 -166.103027 -133.219986
v 215.441010 -166.103027 -127.613991
v 215.441010 -160.603027 -127.613991
v 214.093018 -160.603027 -129.862991
v 220.173004 -160.603027 -130.416992
v 216.787018 -160.603027 -125.312988
v 224.225006 -160.603027 -123.319992
v 218.761017 -160.603027 -121.835991
v 220.045013 -160.603027 -119.499992
v 221.305008 -160.603027 -117.149994
v 226.800018 -160.603027 -118.517990
v 231.675018 -166.103027 -121.064987
v 234.200012 -166.103027 -116.104988
v 236.619019 -166.103027 -111.091988
v 238.931015 -166.103027 -106.028992
v 241.134018 -166.103012 -100.917992
v 243.228012 -166.103012 -95.760887
v 245.385010 -166.103012 -90.089592
v 230.373016 -160.603027 -123.524994
v 229.045013 -160.603027 -125.969994
v 216.787018 -166.103027 -125.312988
v 217.393005 -166.103027 -134.999985
v 220.173004 -166.103027 -130.416992
v 214.093018 -166.103027 -129.862991
v 212.721008 -166.103027 -132.097992
v 212.721008 -160.603027 -132.097992
v 217.393005 -160.603027 -134.999985
v 231.027008 -160.603027 -122.296989
v 232.316010 -160.603027 -119.829994
v 232.951004 -160.603027 -118.591988
v 233.579010 -160.603027 -117.349991
v 234.815018 -160.603027 -114.856987
v 231.058014 -160.603027 -109.985992
v 232.216003 -160.603027 -107.519989
v 233.347015 -160.603027 -105.041992
v 236.024017 -160.603027 -112.349991
v 227.428009 -160.603027 -117.308990
v 226.166016 -160.603027 -119.722992
v 224.879013 -160.603027 -122.124992
v 227.691010 -166.103027 -128.401993
v 228.371017 -160.603027 -127.187988
v 229.712006 -160.603027 -124.748993
v 227.691010 -160.603027 -128.401993
v 226.311005 -160.603027 -130.817993
v 221.549011 -166.103027 -128.065994
v 218.795013 -166.103027 -132.715988
v 219.129013 -166.103027 -142.521988
v 209.908005 -166.103027 -136.523987
v 209.908005 -160.603027 -136.523987
v 211.575012 -166.103027 -143.947998
v 214.518005 -160.603027 -139.522995
v 208.479004 -160.603027 -138.696991
v 211.326004 -160.603027 -134.318985
v 211.326004 -166.103027 -134.318985
v 214.518005 -166.103027 -139.522995
v 208.479004 -166.103027 -138.696991
v 207.027008 -166.103027 -140.853989
v 207.027008 -160.603027 -140.853989
v 217.637009 -160.603027 -144.788986
v 223.498016 -160.603027 -135.567993
v 220.610016 -160.603027 -140.218994
v 213.410004 -160.603027 -130.982986
v 218.795013 -160.603027 -132.715988
v 214.770004 -160.603027 -128.740997
v 216.117004 -160.603027 -126.465988
v 221.549011 -160.603027 -128.065994
v 217.451004 -160.603027 -124.157990
v 222.227005 -160.603027 -126.884995
v 223.566010 -160.603027 -124.511993
v 227.004013 -160.603027 -129.611984
v 225.611008 -160.603027 -132.020996
v 224.905014 -160.603027 -133.219986
v 220.864014 -160.603027 -129.243988
v 219.487015 -160.603027 -131.567993
v 223.498016 -166.103027 -135.567993
v 226.311005 -166.103027 -130.817993
v 229.045013 -166.103027 -125.969994
v 222.066010 -166.103027 -137.900986
v 222.066010 -160.603027 -137.900986
v 222.785004 -160.603027 -136.736984
v 224.204010 -160.603027 -134.395996
v 215.968018 -160.603027 -137.268997
v 218.097015 -160.603027 -133.859985
v 215.968018 -166.103027 -137.268997
v 211.575012 -160.603027 -143.947998
v 213.058014 -166.103027 -141.742996
v 213.022003 -166.103027 -151.497986
v 219.129013 -160.603027 -142.521988
v 219.872009 -160.603027 -141.371994
v 221.341003 -160.603027 -139.061996
v 210.620010 -160.603027 -135.422989
v 212.026016 -160.603027 -133.209991
v 213.058014 -160.603027 -141.742996
v 216.122009 -166.103027 -147.041992
v 216.122009 -160.603027 -147.041992
v 214.583008 -160.603027 -149.277985
v 204.057007 -166.103027 -145.122986
v 205.553009 -160.603027 -142.995987
v 205.553009 -166.103027 -142.995987
v 204.057007 -160.603027 -145.122986
v 205.946014 -166.103027 -151.891998
v 202.796005 -160.603027 -146.880997
v 208.539017 -160.603027 -148.310989
v 207.756012 -160.603027 -139.776993
v 209.196014 -160.603027 -137.611984
v 206.293015 -160.603027 -141.926987
v 210.068008 -160.603027 -146.136993
v 204.808014 -160.603027 -144.061996
v 203.429016 -160.603027 -146.002991
v 208.539017 -166.103027 -148.310989
v 205.946014 -160.603027 -151.891998
v 210.824005 -160.603027 -145.044998
v 215.356003 -160.603027 -148.161987
v 216.883011 -160.603027 -145.917999
v 218.386017 -160.603027 -143.656998
v 213.805008 -160.603027 -150.389999
v 213.022003 -160.603027 -151.497986
v 211.705017 -160.603027 -153.332993
v 202.796005 -166.103027 -146.880997
v 201.520004 -166.103027 -148.626999
v 201.520004 -160.603027 -148.626999
v 207.250015 -160.603027 -150.106995
v 202.160004 -160.603027 -147.754990
v 200.876007 -160.603027 -149.495987
v 200.228012 -160.603027 -150.362991
v 207.660004 -166.103027 -158.767990
v 198.921005 -166.103027 -152.086990
v 198.921005 -160.603027 -152.086990
v 197.237015 -160.603027 -154.264999
v 203.291016 -160.603027 -155.426987
v 199.824005 -166.103027 -159.859985
v 200.228012 -166.103027 -150.362991
v 203.291016 -166.103027 -155.426987
v 197.237015 -166.103027 -154.264999
v 195.529007 -166.103027 -156.423996
v 195.529007 -160.603027 -156.423996
v 199.824005 -160.603027 -159.859985
v 207.897003 -160.603027 -149.209991
v 209.307007 -160.603027 -147.225998
v 210.372009 -166.103027 -155.155991
v 210.372009 -160.603027 -155.155991
v 209.024017 -160.603027 -156.967987
v 204.626007 -166.103027 -153.664993
v 207.250015 -166.103027 -150.106995
v 210.068008 -166.103027 -146.136993
v 201.569016 -166.103027 -157.652985
v 200.478012 -166.103027 -167.744995
v 192.042007 -166.103027 -160.685989
v 192.042007 -160.603027 -160.685989
v 190.292007 -160.603027 -162.754990
v 196.260010 -160.603027 -164.214996
v 192.661011 -166.103027 -168.423996
v 193.797012 -160.603027 -158.564987
v 193.797012 -166.103027 -158.564987
v 196.260010 -166.103027 -164.214996
v 190.292007 -166.103027 -162.754990
v 188.520004 -166.103027 -164.803986
v 188.520004 -160.603027 -164.803986
v 192.661011 -160.603027 -168.423996
v 205.902008 -160.603027 -161.041992
v 205.288010 -160.603027 -152.779999
v 206.600006 -160.603027 -151.000992
v 204.626007 -160.603027 -153.664993
v 208.344009 -160.603027 -157.869995
v 209.700012 -160.603027 -156.063995
v 211.040009 -160.603027 -154.245987
v 212.365005 -160.603027 -152.416992
v 207.660004 -160.603027 -158.767990
v 209.024017 -166.103027 -156.967987
v 211.705017 -166.103027 -153.332993
v 214.583008 -166.103027 -149.277985
v 217.637009 -166.103027 -144.788986
v 220.610016 -166.103027 -140.218994
v 205.902008 -166.103027 -161.041992
v 204.119003 -166.103027 -163.295990
v 204.119003 -160.603027 -163.295990
v 201.569016 -160.603027 -157.652985
v 205.013016 -160.603027 -162.170990
v 206.784012 -160.603027 -159.906998
v 199.577011 -160.603027 -151.225998
v 203.960007 -160.603027 -154.547989
v 202.433014 -160.603027 -156.542999
v 196.386017 -160.603027 -155.346985
v 198.082016 -160.603027 -153.177994
v 194.666016 -160.603027 -157.496994
v 198.054016 -160.603027 -162.047989
v 192.923004 -160.603027 -159.627991
v 191.170013 -160.603027 -161.722992
v 194.472015 -160.603027 -166.329987
v 189.409012 -160.603027 -163.781998
v 187.625015 -160.603027 -165.821991
v 186.725006 -160.603027 -166.834991
v 193.032013 -166.103027 -176.263000
v 184.909012 -166.103027 -168.844986
v 184.909012 -160.603027 -168.844986
v 185.377014 -166.103027 -176.408997
v 183.183014 -160.603027 -170.672989
v 188.971008 -160.603027 -172.553986
v 186.725006 -166.103027 -166.834991
v 188.971008 -166.103027 -172.553986
v 183.161011 -166.103027 -170.739990
v 181.393005 -166.103027 -172.616989
v 181.393005 -160.603027 -172.616989
v 183.194016 -160.603027 -170.703995
v 183.213013 -160.603027 -170.682999
v 185.377014 -160.603027 -176.408997
v 198.652008 -160.603027 -169.903992
v 202.311005 -160.603027 -165.529999
v 198.942017 -160.603027 -160.955994
v 200.700012 -160.603027 -158.758987
v 198.054016 -166.103027 -162.047989
v 194.472015 -166.103027 -166.329987
v 200.478012 -160.603027 -167.744995
v 201.398010 -160.603027 -166.639999
v 203.218002 -160.603027 -164.415985
v 195.369003 -160.603027 -165.274994
v 197.160004 -160.603027 -163.133987
v 196.801010 -166.103027 -172.043991
v 196.801010 -160.603027 -172.043991
v 194.928009 -160.603027 -174.163986
v 190.827011 -166.103027 -170.498993
v 187.184006 -166.103027 -174.490997
v 185.610016 -166.103027 -184.061996
v 177.800003 -166.103027 -176.315994
v 177.800003 -160.603027 -176.315994
v 177.956009 -166.103027 -183.892990
v 181.705002 -160.603027 -180.188995
v 175.975006 -160.603027 -178.138000
v 179.606003 -160.603027 -174.475998
v 179.606003 -166.103027 -174.475998
v 181.705002 -166.103027 -180.188995
v 175.975006 -166.103027 -178.138000
v 174.131012 -166.103027 -179.939987
v 174.131012 -160.603027 -179.939987
v 172.269012 -160.603027 -181.723999
v 172.269012 -166.103027 -181.723999
v 170.389008 -166.103027 -183.487991
v 170.389008 -160.603027 -183.487991
v 168.603012 -160.603027 -185.129990
v 174.131012 -160.603027 -187.517990
v 170.466003 -166.103027 -190.856995
v 177.956009 -160.603027 -183.892990
v 177.874008 -166.103027 -191.548996
v 185.610016 -160.603027 -184.061996
v 179.695007 -160.603027 -174.562988
v 191.207016 -160.603027 -178.240997
v 193.032013 -160.603027 -176.263000
v 190.827011 -160.603027 -170.498993
v 193.983002 -160.603027 -175.215988
v 195.868011 -160.603027 -173.105988
v 191.747009 -160.603027 -169.463989
v 193.569016 -160.603027 -167.378998
v 185.820007 -160.603027 -167.841995
v 184.064011 -160.603027 -169.766998
v 183.214005 -160.603027 -170.683990
v 183.204010 -160.603027 -170.694000
v 183.195007 -160.603027 -170.703995
v 183.178009 -160.603027 -170.722000
v 183.161011 -160.603027 -170.739990
v 183.235016 -160.603027 -170.808990
v 182.279007 -160.603027 -171.681000
v 180.502014 -160.603027 -173.548996
v 179.589005 -160.603027 -174.493988
v 179.572006 -160.603027 -174.510986
v 178.688004 -160.603027 -175.416000
v 176.890015 -160.603027 -177.228989
v 183.705002 -160.603027 -185.962997
v 179.589005 -160.603027 -174.528000
v 183.551010 -160.603027 -178.307999
v 187.496002 -160.603027 -182.140991
v 187.184006 -160.603027 -174.490997
v 189.361008 -166.103027 -180.199997
v 189.361008 -160.603027 -180.199997
v 183.551010 -166.103027 -178.307999
v 179.840012 -166.103027 -182.050995
v 181.781006 -166.103027 -187.845001
v 176.053009 -166.103027 -185.714996
v 174.131012 -166.103027 -187.517990
v 170.466003 -160.603027 -190.856995
v 179.840012 -160.603027 -182.050995
v 175.055008 -160.603027 -179.041000
v 173.202011 -160.603027 -180.834991
v 176.053009 -160.603027 -185.714996
v 171.331009 -160.603027 -182.607986
v 169.498001 -160.603027 -184.310989
v 166.802002 -166.103027 -186.754990
v 176.010010 -160.603027 -193.263000
v 179.837006 -160.603027 -189.707001
v 186.556015 -160.603027 -183.103989
v 188.431015 -160.603027 -181.172989
v 184.466003 -160.603027 -177.360992
v 186.283005 -160.603027 -175.451996
v 188.080002 -160.603027 -173.524994
v 189.902008 -160.603027 -171.528992
v 192.122009 -160.603027 -177.253998
v 190.287003 -160.603027 -179.222992
v 182.630005 -160.603027 -179.250992
v 180.775009 -160.603027 -181.121994
v 181.781006 -160.603027 -187.845001
v 183.705002 -166.103027 -185.962997
v 187.496002 -166.103027 -182.140991
v 191.207016 -166.103027 -178.240997
v 194.928009 -166.103027 -174.163986
v 198.652008 -166.103027 -169.903992
v 202.311005 -166.103027 -165.529999
v 179.837006 -166.103027 -189.707001
v 177.874008 -160.603027 -191.548996
v 170.320007 -166.103027 -198.294998
v 163.153015 -166.103027 -189.950989
v 162.738007 -166.103027 -197.487000
v 163.153015 -160.603027 -189.950989
v 161.205002 -160.603027 -191.606995
v 166.737015 -160.603027 -194.123001
v 164.985001 -160.603027 -188.360992
v 166.802002 -160.603027 -186.754990
v 164.985001 -166.103027 -188.360992
v 166.737015 -166.103027 -194.123001
v 161.205002 -166.103027 -191.606995
v 159.240005 -166.103027 -193.242996
v 159.240005 -160.603027 -193.242996
v 162.738007 -160.603027 -197.487000
v 172.233002 -160.603027 -196.636002
v 167.705002 -160.603027 -185.944000
v 172.307007 -160.603027 -189.195999
v 174.130005 -166.103027 -194.959000
v 175.072006 -160.603027 -194.112991
v 176.944016 -160.603027 -192.407990
v 173.221008 -160.603027 -188.360001
v 175.094009 -160.603027 -186.618988
v 178.857010 -160.603027 -190.629990
v 180.811005 -160.603027 -188.778992
v 177.007004 -160.603027 -184.806992
v 178.900009 -160.603027 -182.973999
v 182.745010 -160.603027 -186.906998
v 184.660004 -160.603027 -185.014999
v 172.307007 -166.103027 -189.195999
v 168.609009 -166.103027 -192.498993
v 164.746002 -166.103027 -195.814987
v 162.082001 -166.103027 -205.084000
v 170.320007 -160.603027 -198.294998
v 168.287003 -160.603027 -200.023987
v 174.130005 -160.603027 -194.959000
v 176.010010 -166.103027 -193.263000
v 172.233002 -166.103027 -196.636002
v 168.287003 -166.103027 -200.023987
v 166.236008 -166.103027 -201.731995
v 166.236008 -160.603027 -201.731995
v 164.167007 -160.603027 -203.417999
v 155.261002 -166.103027 -196.453995
v 157.259003 -160.603027 -194.857986
v 157.259003 -166.103027 -194.857986
v 155.261002 -166.103027 -196.453995
v 164.746002 -160.603027 -195.814987
v 160.225006 -160.603027 -192.426987
v 162.181015 -160.603027 -190.780991
v 164.071014 -160.603027 -189.157990
v 168.609009 -160.603027 -192.498993
v 165.896011 -160.603027 -187.559998
v 171.279007 -160.603027 -197.467987
v 173.183014 -160.603027 -195.799988
v 169.539001 -160.603027 -191.679993
v 171.388016 -160.603027 -190.028992
v 167.675003 -160.603027 -193.312988
v 165.743011 -160.603027 -194.972000
v 167.263000 -160.603027 -200.879990
v 169.306015 -160.603027 -199.161987
v 158.672012 -166.103027 -200.768997
v 158.252014 -160.603027 -194.052994
v 158.672012 -160.603027 -200.768997
v 160.713013 -160.603027 -199.138000
v 156.262009 -160.603027 -195.658997
v 155.261002 -160.603027 -196.453995
v 154.575012 -166.103027 -203.939987
v 153.265015 -160.603027 -198.014999
v 153.265015 -166.103027 -198.014999
v 151.252014 -166.103027 -199.556992
v 151.252014 -160.603027 -199.556992
v 159.998001 -160.603027 -206.713989
v 154.575012 -160.603027 -203.939987
v 149.225006 -160.603027 -201.077988
v 155.780014 -160.603027 -209.910995
v 156.631012 -160.603027 -202.364990
v 152.260010 -160.603027 -198.789001
v 154.265015 -160.603027 -197.237000
v 156.631012 -166.103027 -202.364990
v 160.713013 -166.103027 -199.138000
v 153.647003 -166.103027 -211.476990
v 147.181000 -166.103027 -202.577988
v 146.192001 -166.103027 -210.029999
v 147.181000 -160.603027 -202.577988
v 145.123001 -160.603027 -204.056992
v 146.192001 -160.603027 -210.029999
v 151.499008 -160.603027 -213.021988
v 140.963013 -160.603027 -206.952988
v 141.910004 -160.603027 -212.946991
v 147.155014 -160.603027 -216.044998
v 141.910004 -166.103027 -212.946991
v 137.533005 -160.603027 -215.799988
v 137.533005 -166.103027 -215.799988
v 130.237000 -166.103027 -213.865997
v 130.237000 -160.603027 -213.865997
v 132.414001 -160.603027 -212.524994
v 133.098007 -160.603027 -218.562988
v 128.159012 -160.603027 -215.116989
v 126.070007 -166.103027 -216.347992
v 126.070007 -160.603027 -216.347992
v 123.968002 -160.603027 -217.558990
v 121.855003 -166.103027 -218.750000
v 121.855003 -160.603027 -218.750000
v 124.531006 -160.603027 -223.554993
v 128.839005 -166.103027 -221.099991
v 119.901009 -166.103027 -226.071991
v 119.596008 -160.603027 -219.992996
v 119.901009 -160.603027 -226.071991
v 112.744003 -166.103027 -223.582001
v 112.744003 -160.603027 -223.582001
v 115.220009 -160.603027 -228.492996
v 115.040009 -160.603027 -222.408997
v 110.490005 -166.103027 -230.817001
v 110.435005 -160.603027 -224.731003
v 108.115005 -166.103027 -225.856995
v 108.115005 -160.603027 -225.856995
v 105.713005 -160.603027 -226.957993
v 105.739006 -160.603027 -226.978989
v 103.441002 -166.103027 -228.034988
v 103.441002 -160.603027 -228.034988
v 105.713005 -160.603027 -233.043991
v 100.968002 -160.603027 -229.140991
v 100.646004 -160.603027 -235.276993
v 100.646004 -166.103027 -235.276993
v 93.477303 -166.103027 -232.297989
v 93.477303 -160.603027 -232.297989
v 95.985504 -160.603027 -231.272003
v 95.530502 -160.603027 -237.399994
v 90.917404 -160.603027 -233.310989
v 88.346603 -166.103027 -234.296997
v 88.346603 -160.603027 -234.296997
v 85.765106 -160.603027 -235.253998
v 83.173210 -166.103027 -236.182999
v 83.173210 -160.603027 -236.182999
v 85.000107 -160.603027 -241.371002
v 90.287109 -166.103027 -239.442993
v 80.817001 -166.103027 -242.802994
v 81.129608 -160.603027 -236.892990
v 80.817001 -160.603027 -242.802994
v 74.963303 -166.103027 -238.916000
v 74.963303 -160.603027 -238.916000
v 77.024506 -160.603027 -238.259003
v 76.609802 -160.603027 -244.162994
v 71.522507 -166.103027 -245.701996
v 64.977203 -166.103027 -241.821991
v 64.977203 -160.603027 -241.821991
v 66.404404 -160.603027 -247.134003
v 67.484901 -160.603027 -241.134995
v 62.441303 -160.603027 -242.489990
v 59.898605 -166.103027 -243.129990
v 59.898605 -160.603027 -243.129990
v 57.349304 -160.603027 -243.744003
v 54.793701 -166.103027 -244.330994
v 54.793701 -160.603027 -244.330994
v 55.997200 -160.603027 -249.697998
v 52.189400 -160.603027 -244.901001
v 50.668102 -160.603027 -250.834000
v 50.668102 -166.103027 -250.834000
v 44.342102 -166.103027 -246.442993
v 44.342102 -160.603027 -246.442993
v 46.963303 -160.603027 -245.957001
v 39.943401 -166.103027 -252.763000
v 45.316002 -160.603027 -251.856003
v 41.715801 -160.603027 -246.901001
v 39.943401 -160.603027 -252.763000
v 36.449501 -160.603027 -247.733002
v 34.552700 -160.603027 -253.556992
v 34.552700 -166.103027 -253.556992
v 29.146200 -160.603027 -254.235001
v 35.295303 -166.103027 -259.006012
v 33.810001 -166.103027 -248.106995
v 33.810001 -160.603027 -248.106995
v 31.166700 -160.603027 -248.453003
v 23.726601 -166.103027 -254.798004
v 21.464201 -160.603027 -260.516998
v 27.006201 -160.603027 -260.001007
v 24.236601 -160.603027 -260.274017
v 18.689501 -166.103027 -260.731018
v 18.689501 -160.603027 -260.731018
v 20.561001 -166.103027 -249.554001
v 25.869701 -166.103027 -249.059998
v 28.519802 -166.103027 -248.770996
v 28.519802 -160.603027 -248.770996
v 26.437902 -160.603027 -254.530991
v 24.543501 -160.603027 -249.194000
v 21.889101 -160.603027 -249.440994
v 21.012600 -160.603027 -255.035995
v 19.232302 -160.603027 -249.660004
v 16.573200 -160.603027 -249.850998
v 17.301302 -160.603027 -260.827026
v 14.523500 -160.603027 -260.996002
v 11.251500 -160.603027 -255.651993
v 14.217901 -160.603027 -255.504990
v 16.937302 -160.603027 -255.338989
v 19.654699 -160.603027 -255.143997
v 20.077101 -160.603027 -260.628021
v 22.850700 -160.603027 -260.399017
v 22.369902 -160.603027 -254.919998
v 25.082602 -160.603027 -254.667999
v 29.772701 -166.103027 -259.699005
v 29.772701 -160.603027 -259.699005
v 32.535801 -160.603027 -259.367004
v 31.166700 -166.103027 -248.453003
v 36.449501 -166.103027 -247.733002
v 39.084900 -166.103027 -247.330994
v 37.250103 -160.603027 -253.173996
v 35.130302 -160.603027 -247.922989
v 32.488804 -160.603027 -248.282990
v 31.851303 -160.603027 -253.910004
v 29.843700 -160.603027 -248.614990
v 27.195101 -160.603027 -248.918991
v 33.916000 -160.603027 -259.190002
v 31.154701 -160.603027 -259.537018
v 27.792501 -160.603027 -254.386002
v 30.499201 -160.603027 -254.076004
v 33.202400 -160.603027 -253.737000
v 38.050701 -160.603027 -258.615997
v 35.295303 -160.603027 -259.006012
v 37.250103 -166.103027 -253.173996
v 31.851303 -166.103027 -253.910004
v 26.437902 -166.103027 -254.530991
v 21.012600 -166.103027 -255.035995
v 27.006201 -166.103027 -260.001007
v 21.464201 -166.103027 -260.516998
v 15.912601 -166.103027 -260.915009
v 9.852261 -166.103027 -261.214020
v 32.535801 -166.103027 -259.367004
v 38.050701 -166.103027 -258.615997
v 40.801899 -166.103027 -258.196014
v 43.548401 -160.603027 -257.747009
v 46.290001 -166.103027 -257.269012
v 41.715801 -166.103027 -246.901001
v 45.316002 -166.103027 -251.856003
v 46.963303 -166.103027 -245.957001
v 49.579105 -166.103027 -245.442993
v 49.579105 -160.603027 -245.442993
v 36.673500 -160.603027 -258.815002
v 39.084900 -160.603027 -247.330994
v 40.400902 -160.603027 -247.119003
v 37.767700 -160.603027 -247.535004
v 42.632103 -160.603027 -252.323990
v 43.029602 -160.603027 -246.675003
v 45.653301 -160.603027 -246.203003
v 47.994804 -160.603027 -251.358994
v 48.271900 -160.603027 -245.703003
v 50.885002 -160.603027 -245.175003
v 52.189400 -166.103027 -244.901001
v 61.214203 -166.103027 -248.470993
v 55.997200 -166.103027 -249.697998
v 57.349304 -166.103027 -243.744003
v 62.441303 -166.103027 -242.489990
v 66.404404 -166.103027 -247.134003
v 67.484901 -166.103027 -241.134995
v 69.985298 -166.103027 -240.420990
v 69.985298 -160.603027 -240.420990
v 70.449501 -160.603027 -251.727997
v 67.831604 -166.103027 -252.445999
v 61.214203 -160.603027 -248.470993
v 57.200802 -166.103027 -255.065002
v 57.200802 -160.603027 -255.065002
v 49.026302 -160.603027 -256.761017
v 42.175701 -160.603027 -257.975006
v 40.801899 -160.603027 -258.196014
v 41.288303 -160.603027 -252.546997
v 43.974701 -160.603027 -252.093002
v 46.290001 -160.603027 -257.269012
v 51.757103 -166.103027 -256.225006
v 53.335701 -166.103027 -250.279999
v 47.994804 -166.103027 -251.358994
v 42.632103 -166.103027 -252.323990
v 43.548401 -166.103027 -257.747009
v 49.026302 -166.103027 -256.761017
v 51.757103 -160.603027 -256.225006
v 47.658802 -160.603027 -257.019012
v 46.656105 -160.603027 -251.610992
v 49.332203 -160.603027 -251.099991
v 54.482002 -160.603027 -255.658997
v 52.002605 -160.603027 -250.559998
v 53.335701 -160.603027 -250.279999
v 54.482002 -166.103027 -255.658997
v 59.868603 -160.603027 -254.451996
v 53.120304 -160.603027 -255.945999
v 50.392403 -160.603027 -256.497009
v 55.842201 -160.603027 -255.365997
v 56.072304 -160.603027 -244.041000
v 53.492302 -160.603027 -244.619995
v 54.667202 -160.603027 -249.992996
v 57.303902 -160.603027 -249.401001
v 58.608902 -160.603027 -249.097992
v 62.529900 -166.103027 -253.810989
v 65.184303 -160.603027 -253.141998
v 61.170803 -160.603027 -242.813004
v 58.624702 -160.603027 -243.440994
v 59.912403 -160.603027 -248.787994
v 62.529900 -160.603027 -253.810989
v 63.812805 -160.603027 -247.815994
v 63.812805 -166.103027 -247.815994
v 58.608902 -166.103027 -249.097992
v 59.868603 -166.103027 -254.451996
v 65.184303 -166.103027 -253.141998
v 67.831604 -160.603027 -252.445999
v 66.508904 -160.603027 -252.796997
v 63.858002 -160.603027 -253.479996
v 61.200104 -160.603027 -254.134995
v 58.535503 -160.603027 -254.761993
v 71.522507 -160.603027 -245.701996
v 68.967209 -166.103027 -246.431000
v 78.256401 -166.103027 -249.410995
v 72.478203 -160.603027 -239.681000
v 72.478203 -166.103027 -239.681000
v 68.967209 -160.603027 -246.431000
v 66.231903 -160.603027 -241.481995
v 63.710106 -160.603027 -242.158997
v 73.059708 -166.103027 -250.983002
v 73.059708 -160.603027 -250.983002
v 75.662102 -160.603027 -250.209991
v 74.070206 -166.103027 -244.945999
v 76.609802 -166.103027 -244.162994
v 71.232704 -160.603027 -240.054001
v 68.736000 -160.603027 -240.780991
v 74.070206 -160.603027 -244.945999
v 73.721710 -160.603027 -239.302002
v 75.994606 -160.603027 -238.589996
v 80.408211 -160.603027 -248.725998
v 78.256401 -160.603027 -249.410995
v 76.960304 -160.603027 -249.813995
v 74.361900 -160.603027 -250.599991
v 72.797302 -160.603027 -245.326996
v 75.341003 -160.603027 -244.557999
v 77.663803 -160.603027 -243.830002
v 78.716301 -160.603027 -243.491989
v 82.554001 -166.103027 -248.022003
v 82.554001 -160.603027 -248.022003
v 84.693604 -160.603027 -247.298996
v 86.827003 -166.103027 -246.557999
v 79.080002 -166.103027 -237.584991
v 79.080002 -160.603027 -237.584991
v 78.053001 -160.603027 -237.923996
v 80.105606 -160.603027 -237.240997
v 77.024506 -166.103027 -238.259003
v 78.716301 -166.103027 -243.491989
v 82.911606 -166.103027 -242.095993
v 85.000107 -166.103027 -241.371002
v 90.287109 -160.603027 -239.442993
v 81.865105 -160.603027 -242.451996
v 79.767403 -160.603027 -243.149994
v 82.911606 -160.603027 -242.095993
v 85.761108 -160.603027 -246.931000
v 83.624603 -160.603027 -247.662994
v 81.481804 -160.603027 -248.375992
v 79.333000 -160.603027 -249.070999
v 86.827003 -160.603027 -246.557999
v 89.532707 -160.603027 -245.588989
v 84.470406 -160.603027 -235.722000
v 82.152206 -160.603027 -236.539993
v 83.956604 -160.603027 -241.735992
v 86.325798 -160.603027 -240.899994
v 87.648903 -160.603027 -240.420990
v 81.129608 -166.103027 -236.892990
v 85.765106 -166.103027 -235.253998
v 90.917404 -166.103027 -233.310989
v 95.530502 -166.103027 -237.399994
v 95.985504 -166.103027 -231.272003
v 98.482407 -166.103027 -230.220001
v 98.482407 -160.603027 -230.220001
v 97.583710 -166.103027 -242.501999
v 92.227608 -166.103027 -244.588989
v 92.914406 -166.103027 -238.435989
v 87.648903 -166.103027 -240.420990
v 98.093803 -166.103027 -236.351990
v 107.986008 -166.103027 -238.052994
v 105.713005 -166.103027 -233.043991
v 105.784004 -166.103027 -226.957993
v 100.968002 -166.103027 -229.140991
v 97.583710 -160.603027 -242.501999
v 100.202003 -160.603027 -241.431992
v 94.911400 -160.603027 -243.560989
v 89.633400 -160.603027 -233.807999
v 87.057205 -160.603027 -234.778992
v 88.969299 -160.603027 -239.935989
v 92.227608 -160.603027 -244.588989
v 91.602104 -160.603027 -238.942993
v 92.914406 -160.603027 -238.435989
v 88.181206 -160.603027 -246.076996
v 90.881508 -160.603027 -245.093002
v 93.570900 -160.603027 -244.078995
v 96.249008 -160.603027 -243.035004
v 94.732803 -160.603027 -231.787994
v 92.198708 -160.603027 -232.807999
v 94.223900 -160.603027 -237.921997
v 96.813507 -160.603027 -236.879990
v 98.093803 -160.603027 -236.351990
v 94.911400 -166.103027 -243.560989
v 89.532707 -166.103027 -245.588989
v 84.693604 -166.103027 -247.298996
v 80.408211 -166.103027 -248.725998
v 75.662102 -166.103027 -250.209991
v 70.449501 -166.103027 -251.727997
v 100.202003 -166.103027 -241.431992
v 102.809006 -166.103027 -240.334000
v 102.809006 -160.603027 -240.334000
v 105.403008 -160.603027 -239.207001
v 103.186005 -166.103027 -234.173996
v 110.490005 -160.603027 -230.817001
v 97.235405 -160.603027 -230.750000
v 99.726608 -160.603027 -229.683990
v 103.186005 -160.603027 -234.173996
v 102.206001 -160.603027 -228.590988
v 104.579002 -160.603027 -227.515991
v 105.714005 -160.603027 -226.990997
v 105.726006 -160.603027 -226.985001
v 105.739006 -160.603027 -226.978989
v 105.762009 -160.603027 -226.968002
v 105.784004 -160.603027 -226.957993
v 105.827003 -160.603027 -227.048996
v 106.951004 -160.603027 -226.409988
v 109.277008 -160.603027 -225.296997
v 110.490005 -160.603027 -224.843002
v 110.458008 -160.603027 -224.720001
v 110.480003 -160.603027 -224.709991
v 111.613007 -160.603027 -224.149002
v 113.893005 -160.603027 -222.998993
v 115.220009 -166.103027 -228.492996
v 117.697006 -166.103027 -233.403992
v 107.986008 -160.603027 -238.052994
v 110.431007 -160.603027 -236.927994
v 104.108002 -160.603027 -239.774002
v 101.917007 -160.603027 -234.728989
v 99.371109 -160.603027 -235.817993
v 104.451004 -160.603027 -233.612000
v 105.713005 -160.603027 -226.989990
v 106.912003 -160.603027 -232.496994
v 108.108002 -160.603027 -231.942993
v 112.865005 -166.103027 -235.778000
v 112.865005 -160.603027 -235.778000
v 115.287003 -160.603027 -234.603989
v 110.435005 -166.103027 -224.731003
v 115.040009 -166.103027 -222.408997
v 117.324005 -166.103027 -221.212997
v 117.324005 -160.603027 -221.212997
v 119.596008 -166.103027 -219.992996
v 124.531006 -166.103027 -223.554993
v 128.839005 -160.603027 -221.099991
v 117.567009 -160.603027 -227.294998
v 116.184006 -160.603027 -221.813995
v 118.462006 -160.603027 -220.606003
v 122.223007 -160.603027 -224.824997
v 120.727005 -160.603027 -219.375000
v 122.913010 -160.603027 -218.156998
v 127.208008 -166.103027 -228.360001
v 129.414001 -160.603027 -227.116989
v 124.850006 -160.603027 -229.656998
v 120.094009 -160.603027 -232.179993
v 110.490005 -160.603027 -224.731003
v 109.300003 -160.603027 -231.382996
v 111.677002 -160.603027 -230.246002
v 112.861008 -160.603027 -229.667999
v 114.077003 -160.603027 -235.194000
v 111.650002 -160.603027 -236.356003
v 109.210007 -160.603027 -237.494003
v 106.696007 -160.603027 -238.632996
v 116.493004 -160.603027 -234.006989
v 117.697006 -160.603027 -233.403992
v 117.567009 -166.103027 -227.294998
v 112.861008 -166.103027 -229.667999
v 108.108002 -166.103027 -231.942993
v 105.403008 -166.103027 -239.207001
v 110.431007 -166.103027 -236.927994
v 115.287003 -166.103027 -234.603989
v 120.094009 -166.103027 -232.179993
v 122.478004 -166.103027 -230.931000
v 122.478004 -160.603027 -230.931000
v 122.223007 -166.103027 -224.824997
v 126.691010 -166.103027 -222.337997
v 135.958008 -166.103027 -223.261002
v 133.098007 -166.103027 -218.562988
v 132.414001 -166.103027 -212.524994
v 128.159012 -166.103027 -215.116989
v 131.608002 -166.103027 -225.852997
v 130.973999 -166.103027 -219.841995
v 133.789001 -160.603027 -224.567001
v 127.116005 -160.603027 -215.735001
v 125.020004 -160.603027 -216.955994
v 126.691010 -160.603027 -222.337997
v 127.208008 -160.603027 -228.360001
v 123.666008 -160.603027 -230.296997
v 118.736008 -160.603027 -226.685989
v 118.897003 -160.603027 -232.794998
v 116.395004 -160.603027 -227.897003
v 114.042007 -160.603027 -229.082993
v 121.288002 -160.603027 -231.557999
v 121.064003 -160.603027 -225.451996
v 123.379005 -160.603027 -224.192993
v 125.613007 -160.603027 -222.948990
v 127.766006 -160.603027 -221.722000
v 131.608002 -160.603027 -225.852997
v 129.908005 -160.603027 -220.473999
v 130.973999 -160.603027 -219.841995
v 128.312012 -160.603027 -227.740997
v 126.030006 -160.603027 -229.011993
v 130.512009 -160.603027 -226.487000
v 132.700012 -160.603027 -225.211990
v 134.875000 -160.603027 -223.916992
v 135.958008 -160.603027 -223.261002
v 138.231003 -160.603027 -221.860992
v 135.322006 -166.103027 -217.192993
v 144.960007 -166.103027 -217.522995
v 138.860001 -166.103027 -208.369995
v 134.577011 -166.103027 -211.161987
v 134.577011 -160.603027 -211.161987
v 129.200012 -160.603027 -214.493988
v 131.327011 -160.603027 -213.197998
v 135.322006 -160.603027 -217.192993
v 133.497009 -160.603027 -211.845993
v 135.653000 -160.603027 -210.472000
v 136.726013 -160.603027 -209.776993
v 140.489014 -166.103027 -220.437988
v 140.489014 -160.603027 -220.437988
v 142.732010 -160.603027 -218.991989
v 139.729004 -166.103027 -214.383987
v 138.860001 -160.603027 -208.369995
v 136.726013 -166.103027 -209.776993
v 138.860001 -166.103027 -208.369995
v 139.729004 -160.603027 -214.383987
v 137.795013 -160.603027 -209.075989
v 139.913010 -160.603027 -207.664001
v 143.050003 -166.103027 -205.515991
v 144.059006 -160.603027 -211.498993
v 142.008011 -160.603027 -206.237000
v 143.050003 -160.603027 -205.515991
v 140.963013 -166.103027 -206.952988
v 145.123001 -166.103027 -204.056992
v 150.414001 -160.603027 -207.026993
v 149.225006 -166.103027 -201.077988
v 150.414001 -166.103027 -207.026993
v 149.334000 -166.103027 -214.543991
v 144.059006 -166.103027 -211.498993
v 144.960007 -160.603027 -217.522995
v 138.633011 -160.603027 -215.095001
v 136.429001 -160.603027 -216.498993
v 137.096008 -160.603027 -222.563995
v 132.037003 -160.603027 -219.205002
v 134.212006 -160.603027 -217.880997
v 139.361008 -160.603027 -221.151993
v 141.612000 -160.603027 -219.718002
v 143.848007 -160.603027 -218.261002
v 140.820999 -160.603027 -213.667999
v 142.986008 -160.603027 -212.225998
v 146.060013 -160.603027 -216.787003
v 148.247009 -160.603027 -215.296997
v 149.334000 -160.603027 -214.543991
v 151.499008 -166.103027 -213.021988
v 147.155014 -166.103027 -216.044998
v 142.732010 -166.103027 -218.991989
v 138.231003 -166.103027 -221.860992
v 133.789001 -166.103027 -224.567001
v 129.414001 -166.103027 -227.116989
v 124.850006 -166.103027 -229.656998
v 153.647003 -160.603027 -211.476990
v 148.311005 -160.603027 -208.539001
v 150.418015 -160.603027 -213.785995
v 144.089005 -160.603027 -204.789001
v 146.154007 -160.603027 -203.319992
v 148.205002 -160.603027 -201.830002
v 152.502014 -160.603027 -205.493988
v 150.240005 -160.603027 -200.319992
v 157.897003 -166.103027 -208.322998
v 152.502014 -166.103027 -205.493988
v 148.311005 -166.103027 -208.539001
v 157.897003 -160.603027 -208.322998
v 162.082001 -160.603027 -205.084000
v 163.127014 -160.603027 -204.253998
v 165.204010 -160.603027 -202.577988
v 157.653000 -160.603027 -201.569000
v 159.694000 -160.603027 -199.955994
v 161.728012 -160.603027 -198.314987
v 163.744003 -160.603027 -196.653992
v 158.949005 -160.603027 -207.520996
v 161.042007 -160.603027 -205.901993
v 153.540009 -160.603027 -204.720001
v 155.605011 -160.603027 -203.154999
v 154.716003 -160.603027 -210.696991
v 156.840012 -160.603027 -209.119995
v 151.460007 -160.603027 -206.263000
v 149.365005 -160.603027 -207.785995
v 147.253006 -160.603027 -209.286987
v 145.127014 -160.603027 -210.766998
v 152.575012 -160.603027 -212.251999
v 155.780014 -166.103027 -209.910995
v 159.998001 -166.103027 -206.713989
v 164.167007 -166.103027 -203.417999
v 101.507004 -160.603027 -240.886993
v 98.894302 -160.603027 -241.970993
v 71.755608 -160.603027 -251.358002
v 69.141502 -160.603027 -252.089996
v 44.919804 -160.603027 -257.511017
v 39.426899 -160.603027 -258.409027
v 28.389803 -160.603027 -259.854004
v 25.621700 -160.603027 -260.141022
v 11.493300 -160.603027 -261.147003
v 197.729004 -160.603027 -170.976990
v 199.568008 -160.603027 -168.826996
v 238.363007 -160.603027 -107.298988
v 239.492004 -160.603027 -104.755989
v 238.713013 -160.602997 106.519020
v 183.786011 -160.602997 185.883026
v 181.797012 -160.602997 187.829025
v 167.307007 -160.602997 200.844025
v 165.159012 -160.602997 202.614029
v -59.468803 -160.602997 254.546021
v -62.219704 -160.602997 253.887024
v -119.992004 -160.602997 232.232025
v -122.458008 -160.602997 230.942032
v -139.313004 -160.602997 221.183029
v -141.660004 -160.602997 219.687027
v -260.464020 -160.603012 22.100712
v -260.688019 -160.603012 19.281012
v -255.908005 -160.603012 -53.298889
v -101.507004 -160.603027 -240.886993
v -98.894211 -160.603027 -241.970993
v -71.755501 -160.603027 -251.358002
v -69.141403 -160.603027 -252.089996
v -8.037971 -160.603027 -255.774002
v -4.823270 -160.603027 -255.854996
v 227.161011 -166.102997 105.348022
v 228.170013 -166.102997 103.143021
v 229.159012 -166.103012 100.928017
v 245.699005 -166.103012 48.293213
v 245.220016 -166.103012 50.670914
v 244.717010 -166.103012 53.043816
v 170.389008 -166.103027 -183.487991
v 168.603012 -166.103027 -185.129990
v 166.802002 -166.103027 -186.753998
v -29.995501 -166.102997 248.597031
v -27.586102 -166.102997 248.876022
v -25.174101 -166.102997 249.131027
v 29.995602 -166.102997 248.597031
v 27.586201 -166.102997 248.876022
v 25.174200 -166.102997 249.131027
v -245.699005 -166.103012 48.293213
v -245.219009 -166.103012 50.670914
v -244.717010 -166.103012 53.043816
v -227.161011 -166.102997 105.348022
v -228.170013 -166.102997 103.143021
v -229.159012 -166.103012 100.928017
v 121.855003 -166.103027 -218.750000
v 123.968002 -166.103027 -217.558990
v 126.069008 -166.103027 -216.347992
v -121.855003 -166.103027 -218.750000
v -123.968002 -166.103027 -217.558990
v -126.069008 -166.103027 -216.347992
v 165.074005 -166.553986 187.618027
v 165.330002 -166.102997 188.059021
v 237.669006 -166.554001 77.223122
v 238.145004 -166.103012 77.377914
v 234.359009 -166.554001 86.753120
v 234.817017 -166.103012 86.954720
v 230.608017 -166.554001 96.280922
v 231.071014 -166.103012 96.469620
v 226.718018 -166.553986 105.115021
v 227.161011 -166.102997 105.348022
v 222.211014 -166.553986 114.335022
v 222.630005 -166.102997 114.613022
v 217.313004 -166.553986 123.390022
v 217.722015 -166.102997 123.683022
v 211.772003 -166.553986 132.675018
v 212.166016 -166.102997 132.988022
v 146.887009 -166.554016 -202.173996
v 147.181000 -166.103027 -202.577988
v 154.928009 -166.554016 -196.079987
v 155.261002 -166.103027 -196.453995
v 162.830002 -166.554016 -189.567993
v 163.153015 -166.103027 -189.950989
v 170.030014 -166.554016 -183.138992
v 170.389008 -166.103027 -183.487991
v 177.406006 -166.554016 -176.003998
v 177.800003 -166.103027 -176.315994
v 184.504013 -166.554016 -168.546997
v 184.909012 -166.103027 -168.844986
v 191.623016 -166.554016 -160.407990
v 192.042007 -166.103027 -160.685989
v 198.469009 -166.554016 -151.854996
v 198.921005 -166.103027 -152.086990
v 203.599014 -166.554016 -144.904999
v 204.057007 -166.103027 -145.122986
v 209.452011 -166.554016 -136.307999
v 209.908005 -166.103027 -136.523987
v 214.978012 -166.554016 -127.413994
v 215.441010 -166.103027 -127.613991
v 220.196014 -166.554016 -118.168991
v 220.678009 -166.103027 -118.326988
v 225.038010 -166.554016 -108.664993
v 225.516006 -166.103027 -108.823990
v 229.446014 -166.554001 -99.017891
v 229.944016 -166.103012 -99.124786
v 233.450012 -166.554001 -89.167885
v 233.956009 -166.103012 -89.245491
v 237.669006 -166.554001 -77.223282
v 238.145004 -166.103012 -77.377785
v 241.277008 -166.554001 -65.080292
v 241.732010 -166.103012 -65.314690
v 243.827011 -166.554001 -54.757793
v 244.293015 -166.103012 -54.964191
v 245.931015 -166.554001 -44.361591
v 246.412018 -166.103012 -44.513992
v 247.600006 -166.554001 -33.827091
v 248.083008 -166.103012 -33.983189
v 248.813019 -166.554001 -23.280487
v 249.305008 -166.103012 -23.390686
v 249.570007 -166.554001 -12.837788
v 250.066010 -166.103012 -12.930288
v 249.888016 -166.554001 -2.441377
v 250.387009 -166.103012 -2.534698
v 249.823013 -166.554001 6.196542
v 250.325012 -166.103012 6.117863
v 249.312012 -166.554001 17.140114
v 249.814011 -166.103012 17.118315
v 248.337006 -166.554001 27.908514
v 248.840012 -166.103012 27.911816
v 246.976013 -166.554001 38.113815
v 247.479019 -166.103012 38.134911
v 245.204010 -166.554001 48.220814
v 245.699005 -166.103012 48.293316
v 243.158005 -166.554001 57.655411
v 243.644012 -166.103012 57.774616
v 240.592010 -166.554001 67.567619
v 241.082016 -166.103012 67.674316
v 205.753006 -166.553986 141.829025
v 206.113007 -166.102997 142.188019
v 200.729004 -166.553986 148.856018
v 201.078003 -166.102997 149.225021
v 194.361008 -166.553986 157.080017
v 194.707016 -166.102997 157.446030
v 187.610016 -166.553986 165.083023
v 187.943008 -166.102997 165.461029
v 180.430008 -166.553986 172.902023
v 180.729004 -166.102997 173.313019
v 172.887009 -166.553986 180.444031
v 173.186005 -166.102997 180.850021
v 156.944000 -166.553986 194.470032
v 157.174011 -166.102997 194.927017
v 146.888000 -166.553986 202.173019
v 147.181000 -166.102997 202.578018
v 136.454010 -166.553986 209.357025
v 136.817001 -166.102997 209.717026
v 127.424004 -166.553986 214.972031
v 127.765007 -166.102997 215.352020
v 118.187004 -166.553986 220.186020
v 118.481003 -166.102997 220.596024
v 108.684006 -166.553986 225.028030
v 108.982002 -166.102997 225.440033
v 99.028603 -166.553986 229.441025
v 99.285400 -166.102997 229.875031
v 89.330902 -166.553986 233.388031
v 89.572205 -166.102997 233.831024
v 79.541603 -166.553986 236.903030
v 79.784607 -166.102997 237.349030
v 71.306404 -166.553986 239.511032
v 71.536400 -166.102997 239.964020
v 60.740402 -166.553986 242.406021
v 60.916504 -166.102997 242.877029
v 50.197701 -166.553986 244.806030
v 50.350002 -166.102997 245.286026
v 40.071602 -166.553986 246.666031
v 40.206802 -166.102997 247.151031
v 29.911501 -166.553986 248.103027
v 29.995602 -166.102997 248.597031
v 20.306501 -166.553986 249.074020
v 20.343201 -166.102997 249.572021
v 10.086500 -166.553986 249.696030
v 10.136300 -166.102997 250.195023
v 0.000444 -166.553986 249.900024
v 0.000046 -166.102997 250.400024
v -10.086201 -166.553986 249.697021
v -10.136300 -166.102997 250.195023
v -20.306801 -166.553986 249.073029
v -20.343102 -166.102997 249.572021
v -29.911100 -166.553986 248.104034
v -29.995501 -166.102997 248.597031
v -40.071701 -166.553986 246.666031
v -40.206802 -166.102997 247.151031
v -50.197502 -166.553986 244.807022
v -50.349899 -166.102997 245.286026
v -60.740303 -166.553986 242.406021
v -60.916401 -166.102997 242.877029
v -71.306297 -166.553986 239.511032
v -71.536301 -166.102997 239.964020
v -79.541603 -166.553986 236.903030
v -79.784500 -166.102997 237.349030
v -89.330803 -166.553986 233.388031
v -89.572105 -166.102997 233.831024
v -99.028503 -166.553986 229.441025
v -99.285301 -166.102997 229.875031
v -108.684006 -166.553986 225.028030
v -108.982002 -166.102997 225.440033
v -118.187004 -166.553986 220.186020
v -118.481003 -166.102997 220.596024
v -127.424004 -166.553986 214.972031
v -127.765007 -166.102997 215.352020
v -136.454010 -166.553986 209.357025
v -136.817001 -166.102997 209.717026
v -146.887009 -166.553986 202.173019
v -147.181000 -166.102997 202.578018
v -156.944000 -166.553986 194.470032
v -157.174011 -166.102997 194.927017
v -165.074005 -166.553986 187.618027
v -165.330002 -166.102997 188.059021
v -172.887009 -166.553986 180.444031
v -173.186005 -166.102997 180.850021
v -180.429016 -166.553986 172.902023
v -180.729004 -166.102997 173.313019
v -187.610016 -166.553986 165.083023
v -187.943008 -166.102997 165.461029
v -194.360016 -166.553986 157.080017
v -194.707016 -166.102997 157.446030
v -200.729004 -166.553986 148.856018
v -201.078003 -166.102997 149.225021
v -205.753006 -166.553986 141.829025
v -206.113007 -166.102997 142.188019
v -211.772003 -166.553986 132.675018
v -212.166016 -166.102997 132.988022
v -217.313004 -166.553986 123.390022
v -217.721008 -166.102997 123.683022
v -222.211014 -166.553986 114.334023
v -222.630005 -166.102997 114.613022
v -226.717010 -166.553986 105.116020
v -227.161011 -166.102997 105.348022
v -230.608017 -166.554001 96.280624
v -231.071014 -166.103012 96.469620
v -234.358017 -166.554001 86.753319
v -234.817017 -166.103012 86.954620
v -237.669006 -166.554001 77.223816
v -238.145004 -166.103012 77.377914
v -240.592010 -166.554001 67.567917
v -241.082016 -166.103012 67.674316
v -243.158005 -166.554001 57.654911
v -243.644012 -166.103012 57.774616
v -245.204010 -166.554001 48.221012
v -245.699005 -166.103012 48.293316
v -246.976013 -166.554001 38.113613
v -247.479019 -166.103012 38.134911
v -248.337006 -166.554001 27.908714
v -248.839005 -166.103012 27.911816
v -249.312012 -166.554001 17.140114
v -249.814011 -166.103012 17.118315
v -249.823013 -166.554001 6.196522
v -250.325012 -166.103012 6.117853
v -249.888016 -166.554001 -2.441407
v -250.387009 -166.103012 -2.534698
v -249.570007 -166.554001 -12.837788
v -250.066010 -166.103012 -12.930288
v -248.813019 -166.554001 -23.280388
v -249.305008 -166.103012 -23.390686
v -247.600006 -166.554001 -33.827091
v -248.083008 -166.103012 -33.983189
v -245.931015 -166.554001 -44.361691
v -246.412018 -166.103012 -44.513992
v -243.827011 -166.554001 -54.757793
v -244.293015 -166.103012 -54.964191
v -241.277008 -166.554001 -65.080292
v -241.732010 -166.103012 -65.314690
v -237.669006 -166.554001 -77.223282
v -238.145004 -166.103012 -77.377785
v -233.450012 -166.554001 -89.167885
v -233.956009 -166.103012 -89.245491
v -229.446014 -166.554001 -99.017891
v -229.944016 -166.103012 -99.124786
v -225.037018 -166.554016 -108.664993
v -225.516006 -166.103027 -108.823990
v -220.196014 -166.554016 -118.168991
v -220.678009 -166.103027 -118.326988
v -214.978012 -166.554016 -127.413994
v -215.441010 -166.103027 -127.613991
v -209.452011 -166.554016 -136.307999
v -209.908005 -166.103027 -136.523987
v -203.599014 -166.554016 -144.904999
v -204.057007 -166.103027 -145.122986
v -198.469009 -166.554016 -151.854996
v -198.921005 -166.103027 -152.086990
v -191.623016 -166.554016 -160.407990
v -192.042007 -166.103027 -160.685989
v -184.504013 -166.554016 -168.546997
v -184.909012 -166.103027 -168.844986
v -177.405014 -166.554016 -176.003998
v -177.800003 -166.103027 -176.315994
v -170.030014 -166.554016 -183.138000
v -170.388000 -166.103027 -183.487991
v -162.830002 -166.554016 -189.569000
v -163.153015 -166.103027 -189.950989
v -154.928009 -166.554016 -196.079987
v -155.261002 -166.103027 -196.453995
v -146.888000 -166.554016 -202.172989
v -147.181000 -166.103027 -202.577988
v -138.608002 -166.554016 -207.936996
v -138.860001 -166.103027 -208.369995
v -129.973007 -166.554016 -213.440994
v -130.237000 -166.103027 -213.865997
v -121.633003 -166.554016 -218.300995
v -121.855003 -166.103027 -218.750000
v -112.568008 -166.554016 -223.110992
v -112.744003 -166.103027 -223.582001
v -103.283005 -166.554016 -227.557999
v -103.441002 -166.103027 -228.034988
v -93.342705 -166.554016 -231.812988
v -93.477211 -166.103027 -232.297989
v -83.092804 -166.554016 -235.681000
v -83.173103 -166.103027 -236.182999
v -74.897705 -166.554016 -238.412003
v -74.963203 -166.103027 -238.916000
v -64.911903 -166.554016 -241.321991
v -64.977104 -166.103027 -241.821991
v -54.746502 -166.554016 -243.828995
v -54.793606 -166.103027 -244.330994
v -44.341103 -166.554016 -245.934998
v -44.342003 -166.103027 -246.442993
v -33.806400 -166.554016 -247.602997
v -33.809898 -166.103027 -248.106995
v -23.268902 -166.554016 -248.813995
v -23.216600 -166.103027 -249.320999
v -12.663600 -166.554016 -249.578995
v -12.581100 -166.103027 -250.084000
v 0.000040 -166.554016 -249.899994
v 0.000044 -166.103027 -250.399994
v 12.663600 -166.554016 -249.578995
v 12.581201 -166.103027 -250.084000
v 23.268902 -166.554016 -248.813995
v 23.216700 -166.103027 -249.320999
v 33.806503 -166.554016 -247.602997
v 33.810001 -166.103027 -248.106995
v 44.341103 -166.554016 -245.934998
v 44.342102 -166.103027 -246.442993
v 54.746502 -166.554016 -243.828995
v 54.793701 -166.103027 -244.330994
v 64.911903 -166.554016 -241.321991
v 64.977203 -166.103027 -241.821991
v 74.897797 -166.554016 -238.412003
v 74.963303 -166.103027 -238.916000
v 83.092903 -166.554016 -235.681000
v 83.173210 -166.103027 -236.182999
v 93.342705 -166.554016 -231.812988
v 93.477303 -166.103027 -232.297989
v 103.283005 -166.554016 -227.557999
v 103.441002 -166.103027 -228.034988
v 112.568008 -166.554016 -223.110992
v 112.744003 -166.103027 -223.582001
v 121.633003 -166.554016 -218.300995
v 121.855003 -166.103027 -218.750000
v 129.973999 -166.554016 -213.440994
v 130.237000 -166.103027 -213.865997
v 138.608002 -166.554016 -207.936996
v 138.860001 -166.103027 -208.369995
l 1 2
l 1 3
l 4 1
l 772 773
l 262 258
l 1800 1802
l 258 267
l 2572 2571
l 1 14
l 15 1
l 3085 3088
l 3342 3345
l 3342 3346
l 3347 3342
l 4116 4113
l 4117 4113
l 966 967
l 4375 4370
l 1 24
l 3085 3097
l 4370 4378
l 4627 4636
l 4113 4125
l 7197 7198
l 4127 4113
l 966 969
l 8225 8226
l 4131 4113
l 8739 8740
l 9253 9254
l 9511 9510
l 1933 1931
l 10540 10538
l 11566 11567
l 2902 2905
l 10795 10805
l 13365 13366
l 2101 2095
l 11463 11493
l 13108 13113
l 14394 14393
l 11823 11835
l 13629 13622
l 13622 13630
l 10048 10024
l 10024 10049
l 2231 2236
l 3862 3861
l 12358 12337
l 10056 10024
l 9801 9511
l 11823 11850
l 10830 10795
l 9807 9511
l 10795 10832
l 13635 13650
l 11858 11823
l 11052 11091
l 11823 11860
l 4029 4031
l 10281 10326
l 9511 9815
l 2622 2624
l 814 815
l 9819 9511
l 9511 9825
l 2741 2738
l 9828 9511
l 1780 1779
l 4029 4035
l 13355 13352
l 4036 4029
l 11823 11889
l 1779 1782
l 12337 12403
l 10116 10412
l 4029 4038
l 14651 14643
l 2738 2747
l 4913 4911
l 2738 2748
l 14138 14187
l 7889 7890
l 10116 10413
l 1788 1779
l 1779 1790
l 11572 11606
l 13108 13214
l 13215 13108
l 5639 5640
l 14750 14412
l 1779 1793
l 1628 1627
l 14643 14661
l 4514 4515
l 14000 13983
l 10407 10116
l 1632 1627
l 12368 12380
l 1627 1634
l 3557 3559
l 13837 13852
l 4853 4852
l 14792 14803
l 3725 3726
l 14760 14412
l 3727 3725
l 511 510
l 12386 12368
l 10954 10994
l 10449 10099
l 4852 4857
l 2437 2436
l 13636 13351
l 3557 3565
l 13551 13365
l 13365 13552
l 14838 14394
l 14394 14843
l 2602 2606
l 257 258
l 517 516
l 1285 1286
l 1030 1031
l 1032 1030
l 9 2
l 1546 1544
l 1544 1547
l 2 12
l 3341 3342
l 2 15
l 3855 3856
l 17 2
l 2 18
l 257 275
l 4884 4883
l 4114 4117
l 4628 4630
l 3095 3086
l 4120 4114
l 3086 3097
l 3086 3098
l 4114 4123
l 4362 4371
l 4369 4381
l 4114 4126
l 4114 4127
l 7967 7968
l 4114 4130
l 8995 8996
l 9509 9511
l 9512 9509
l 10026 10023
l 12079 12080
l 10796 10805
l 10550 10537
l 12208 12775
l 13107 13113
l 14135 14139
l 14396 14394
l 14394 14398
l 14399 14394
l 9792 9512
l 9793 9512
l 10796 10819
l 10820 10796
l 12436 12413
l 10054 10023
l 2457 2456
l 9512 9801
l 1329 1327
l 11565 11597
l 1327 1330
l 9521 9796
l 10582 10537
l 10282 10327
l 10282 10328
l 10329 10282
l 10842 10796
l 9512 9822
l 10487 10458
l 11565 11617
l 13107 13157
l 13107 13165
l 3260 3253
l 11909 11952
l 3253 3261
l 14199 14204
l 2300 2298
l 14945 14946
l 1412 1415
l 1175 1176
l 11953 11909
l 7113 7114
l 9627 14503
l 2300 2305
l 2306 2300
l 14395 14389
l 7281 7282
l 2307 2300
l 7449 7450
l 14801 14412
l 14412 14802
l 14847 14832
l 14276 14233
l 1019 1021
l 3906 3908
l 3909 3906
l 4075 4074
l 4873 4871
l 5203 5204
l 11180 11398
l 14871 14392
l 3913 3906
l 14872 14392
l 4876 4871
l 3117 3118
l 11949 11972
l 4074 4081
l 12586 12604
l 3906 3916
l 11932 11944
l 14835 14393
l 13366 13559
l 4074 4084
l 14665 14666
l 514 513
l 771 770
l 3906 3921
l 261 260
l 260 262
l 260 264
l 1031 1033
l 10 3
l 2571 2569
l 3 12
l 3 13
l 14 3
l 2319 2316
l 3 16
l 2316 2321
l 3087 3090
l 3091 3087
l 2316 2324
l 4372 4373
l 4118 4115
l 3344 3351
l 5143 5144
l 3344 3353
l 3344 3354
l 4115 4123
l 4124 4115
l 7709 7710
l 4115 4128
l 4129 4115
l 8737 8738
l 4115 4131
l 4724 4719
l 9255 9256
l 4506 4501
l 9512 9514
l 9512 9515
l 9516 9512
l 9765 9773
l 11054 11050
l 12078 12079
l 10664 10645
l 13106 13107
l 13368 13367
l 9765 9786
l 9787 9765
l 12924 12951
l 715 716
l 1840 1844
l 14661 14652
l 11821 11848
l 1674 1680
l 10317 10283
l 14652 14670
l 11050 11087
l 1840 1847
l 9509 9814
l 9509 9817
l 9818 9509
l 10283 10331
l 12033 12035
l 14652 14685
l 9823 9509
l 9509 9824
l 14652 14689
l 14652 14690
l 10000 10043
l 10044 10000
l 11464 11472
l 12974 12939
l 10645 10678
l 13427 13429
l 2824 2823
l 12139 12130
l 2655 2653
l 12939 12975
l 2542 2541
l 6505 6506
l 2659 2653
l 11181 11182
l 11154 11159
l 3940 3943
l 11493 11464
l 1378 1372
l 3468 3466
l 1372 1379
l 14816 14396
l 11312 11745
l 3466 3469
l 11464 11496
l 4597 4595
l 3305 3304
l 3466 3471
l 14834 14396
l 14396 14835
l 14396 14836
l 14396 14837
l 13559 13367
l 1372 1384
l 13124 13095
l 14060 14087
l 3304 3310
l 515 514
l 4 5
l 6 4
l 3311 3304
l 259 264
l 1033 1032
l 2825 2826
l 259 267
l 2350 2349
l 2060 2061
l 2062 2060
l 2315 2320
l 3089 3088
l 2322 2315
l 2315 2323
l 3092 3088
l 4117 4116
l 3088 3094
l 4631 4626
l 5399 5400
l 13367 13593
l 3343 3354
l 3355 3343
l 4626 4636
l 3343 3357
l 7965 7966
l 2768 2771
l 8993 8994
l 8483 8484
l 9514 9511
l 10794 10795
l 11053 11049
l 14561 14562
l 11822 11823
l 11567 11568
l 11314 11312
l 10539 10547
l 10548 10539
l 10881 10877
l 13368 13369
l 13368 13370
l 13371 13368
l 14651 14652
l 11837 11822
l 13027 13063
l 1218 1233
l 12353 12340
l 14148 14133
l 14133 14149
l 14150 14133
l 10794 10824
l 10794 10825
l 1218 1235
l 11049 11084
l 10539 10574
l 10575 10539
l 12850 12882
l 11822 11861
l 2994 2996
l 9818 9510
l 1073 1066
l 9821 9510
l 2998 2994
l 14133 14177
l 9510 9829
l 9510 9837
l 1066 1077
l 12402 12340
l 11076 11094
l 10738 10734
l 2037 2042
l 1329 1331
l 14133 14213
l 12340 12423
l 14061 14087
l 3168 3172
l 2037 2045
l 8147 8148
l 12960 12958
l 12093 12055
l 920 922
l 12962 12958
l 920 925
l 6065 6066
l 926 920
l 12958 12966
l 12005 11975
l 6233 6234
l 11975 12006
l 12667 12668
l 12474 12288
l 12667 12669
l 3816 3815
l 11679 11675
l 4614 4617
l 2858 2859
l 770 768
l 14225 14269
l 13548 13368
l 13368 13549
l 13368 13550
l 13368 13551
l 2692 2696
l 14395 14841
l 14272 14225
l 14844 14395
l 1540 1539
l 5 6
l 7 5
l 5 8
l 265 262
l 5 10
l 779 776
l 3081 3084
l 262 269
l 3081 3086
l 2061 2063
l 2575 2576
l 2832 2833
l 2832 2834
l 2318 2323
l 2318 2324
l 776 789
l 2318 2326
l 2318 2327
l 2328 2318
l 4121 4117
l 7193 7194
l 610 615
l 3356 3338
l 3357 3338
l 6173 6174
l 4383 4374
l 6687 6688
l 4374 4385
l 9249 9250
l 9506 9507
l 4374 4388
l 8229 8230
l 8743 8744
l 4464 4466
l 11307 11305
l 13362 13612
l 4464 4467
l 11824 11819
l 13361 13362
l 13618 13619
l 610 620
l 14135 14132
l 12855 12856
l 12855 12857
l 12855 12858
l 12860 12855
l 12855 12861
l 11490 11159
l 13112 13119
l 4798 4801
l 15168 15169
l 10051 10020
l 10020 10053
l 11819 11846
l 14406 14405
l 9642 14478
l 4464 4474
l 14479 9642
l 9816 9507
l 9507 9817
l 14132 14170
l 11562 11612
l 3680 3679
l 14750 14758
l 9825 9507
l 14458 14457
l 4745 4748
l 3516 3515
l 14183 14132
l 14132 14184
l 9507 9835
l 9507 9836
l 3347 3352
l 9838 9507
l 9507 9839
l 2554 2557
l 1429 1430
l 3685 3679
l 2558 2554
l 1431 1429
l 12207 12209
l 3521 3515
l 2517 2515
l 3515 3523
l 14490 9642
l 13465 13476
l 14137 14138
l 7707 7708
l 7543 7544
l 2742 2738
l 10626 10660
l 8973 8974
l 5457 5458
l 9977 9966
l 10661 10626
l 13129 13157
l 14781 14750
l 10901 10803
l 13158 13129
l 14750 14782
l 10905 10903
l 14815 14398
l 9966 9978
l 9642 14508
l 11752 11306
l 11306 11754
l 10216 10192
l 3048 3047
l 3211 3214
l 2961 2968
l 14398 14844
l 4342 4343
l 1282 1281
l 1026 1027
l 1028 1026
l 1026 1029
l 261 263
l 6 8
l 9 6
l 3338 3337
l 3082 3084
l 3853 3851
l 2063 2062
l 2832 2831
l 2321 2317
l 2317 2322
l 2831 2835
l 2831 2836
l 2317 2325
l 2838 2831
l 4119 4118
l 4376 4373
l 4633 4632
l 4890 4887
l 3355 3337
l 3337 3356
l 3337 3357
l 6429 6430
l 6943 6944
l 4632 4641
l 4642 4632
l 9505 9507
l 9505 9508
l 4632 4645
l 8485 8486
l 10023 10019
l 8999 9000
l 11561 11562
l 2097 2096
l 4759 4771
l 11820 11821
l 13614 13361
l 5359 5360
l 13362 13363
l 13364 13362
l 12075 12086
l 15248 15249
l 4276 4280
l 1125 1138
l 12856 12859
l 13628 13617
l 13117 13111
l 10995 10954
l 14653 14655
l 10800 10816
l 4609 4622
l 10053 10019
l 10055 10019
l 10056 10019
l 3860 3862
l 13111 13132
l 12762 12209
l 14599 14610
l 13017 13009
l 4028 4029
l 3155 3151
l 4086 4088
l 4028 4030
l 9817 9508
l 12890 12856
l 12856 12891
l 13345 13351
l 9508 9826
l 14131 14179
l 816 813
l 4033 4028
l 14131 14185
l 14186 14131
l 11159 11550
l 12209 12769
l 13655 13646
l 13681 13686
l 4028 4036
l 9508 9848
l 9508 9849
l 9850 9508
l 9508 9851
l 13499 13505
l 13111 13184
l 13111 13186
l 822 813
l 8517 8518
l 4028 4039
l 2912 2911
l 813 824
l 12544 12534
l 1780 1787
l 13646 13662
l 10903 10942
l 6763 6764
l 1789 1780
l 5981 5982
l 1629 1628
l 9189 9190
l 13129 13206
l 10154 10156
l 1634 1628
l 4849 4851
l 10154 10158
l 4849 4853
l 14815 14397
l 14816 14397
l 13646 13677
l 10154 10160
l 10332 10328
l 11750 11305
l 13009 13047
l 14824 14397
l 3560 3563
l 11305 11756
l 14829 14397
l 3564 3560
l 13553 13362
l 13362 13557
l 13362 13558
l 3560 3566
l 14397 14846
l 1537 1538
l 1539 1537
l 1537 1540
l 1027 1029
l 518 517
l 775 774
l 8 7
l 15004 15005
l 10 7
l 7 11
l 3084 3083
l 264 269
l 2573 2574
l 2573 2575
l 264 272
l 2833 2830
l 274 264
l 5139 5140
l 1474 1482
l 264 278
l 2830 2839
l 2830 2840
l 3340 3353
l 4119 4122
l 4119 4123
l 4124 4119
l 3340 3357
l 6685 6686
l 6175 6176
l 9761 9763
l 9251 9252
l 4697 4702
l 8741 8742
l 9767 9761
l 8231 8232
l 4361 4372
l 11819 11817
l 12074 12076
l 13364 13614
l 10803 10797
l 11817 11828
l 11817 11829
l 12853 12855
l 13110 13113
l 13882 13873
l 10811 10797
l 10797 10812
l 10797 10813
l 15166 15167
l 14400 14399
l 14656 14660
l 11845 11817
l 14841 14389
l 10315 10287
l 10287 10316
l 1322 1328
l 11817 11857
l 12414 12437
l 12438 12414
l 12853 12890
l 1322 1331
l 9505 9825
l 1322 1332
l 12280 12496
l 14182 14130
l 14130 14186
l 13165 13110
l 13110 13166
l 9505 9841
l 9842 9505
l 9641 14485
l 14503 14495
l 3261 3254
l 14204 14198
l 10459 10492
l 10958 10950
l 14566 14457
l 14495 14506
l 2299 2301
l 13403 13418
l 14835 14838
l 12921 12923
l 14784 14400
l 10950 10971
l 12496 12465
l 14389 14867
l 4870 4872
l 2948 2949
l 14813 14400
l 2948 2950
l 4243 4241
l 14224 14198
l 14818 14400
l 14400 14824
l 2948 2952
l 14400 14826
l 14226 14198
l 1992 1991
l 12502 12280
l 13346 13689
l 14400 14847
l 3118 3122
l 1793 1794
l 868 866
l 1029 1028
l 1283 1286
l 773 775
l 263 264
l 8 9
l 3850 3849
l 11 8
l 3339 3340
l 866 870
l 263 271
l 272 263
l 2064 2065
l 2066 2064
l 2064 2067
l 5395 5396
l 263 277
l 2829 2838
l 2839 2829
l 2790 2796
l 4120 4121
l 4122 4120
l 4123 4120
l 7451 7452
l 6941 6942
l 6431 6432
l 12122 12143
l 4720 4722
l 9762 9763
l 8997 8998
l 4723 4720
l 8487 8488
l 12073 12074
l 13363 13612
l 13568 13573
l 14129 14130
l 10803 10798
l 13876 13874
l 10288 10293
l 10950 10994
l 13109 13111
l 13109 13112
l 10809 10798
l 12599 12602
l 10798 10811
l 13109 13116
l 12861 12854
l 11070 11053
l 11053 11071
l 14401 14400
l 12867 12854
l 14404 14400
l 4720 4729
l 10055 10017
l 14655 14664
l 10313 10288
l 4730 4720
l 11457 11464
l 12854 12876
l 12854 12877
l 11465 11457
l 3601 3604
l 11457 11466
l 2211 2218
l 13392 13391
l 4720 4736
l 3557 3558
l 12146 12122
l 9837 9506
l 13395 13391
l 12854 12915
l 11368 11203
l 1687 1688
l 12344 12410
l 1689 1687
l 12467 12465
l 9506 9861
l 10512 10514
l 11209 11208
l 14391 14394
l 1523 1528
l 2491 2488
l 2657 2654
l 7797 7798
l 13736 13727
l 14234 14235
l 2496 2488
l 2488 2498
l 5715 5716
l 2488 2501
l 1535 1540
l 1371 1375
l 10196 10199
l 1371 1376
l 14399 14815
l 1543 1535
l 10232 10215
l 14828 14399
l 11307 11757
l 3470 3465
l 11760 11307
l 11307 11761
l 3465 3471
l 13559 13364
l 1773 1778
l 5231 5232
l 2049 2051
l 2563 2564
l 9733 9519
l 3077 3079
l 3592 3591
l 3081 3077
l 3848 3850
l 266 267
l 524 523
l 780 784
l 258 260
l 786 780
l 780 787
l 780 788
l 4605 4598
l 1223 1219
l 7703 7704
l 5567 5568
l 4635 4636
l 3336 3342
l 5663 5664
l 2352 2353
l 10276 10273
l 13727 13762
l 11558 11559
l 11044 11048
l 11301 11305
l 8233 8234
l 8747 8748
l 11815 11821
l 9261 9262
l 9518 9519
l 13403 13434
l 9779 9519
l 10787 10805
l 10806 10787
l 9519 9783
l 11065 11044
l 11044 11066
l 14562 14563
l 11815 11836
l 11815 11837
l 11838 11815
l 4446 4448
l 14642 14656
l 14657 14642
l 9519 9794
l 12806 12760
l 10787 10820
l 10787 10823
l 10312 10273
l 10273 10313
l 12859 12876
l 12859 12877
l 14059 14101
l 14144 14165
l 3121 3111
l 4007 4014
l 1067 1071
l 13442 13391
l 1072 1067
l 12859 12897
l 12898 12859
l 3557 3568
l 3161 3163
l 13445 13391
l 14240 14242
l 2037 2036
l 13447 13391
l 10787 10870
l 3161 3167
l 8775 8776
l 14841 14867
l 2036 2044
l 9641 14507
l 2036 2047
l 14094 14055
l 7189 7190
l 1885 1884
l 10675 10018
l 7357 7358
l 6861 6862
l 925 919
l 3784 3795
l 13094 13162
l 919 927
l 7029 7030
l 13393 13395
l 4771 4777
l 3513 3504
l 11670 11678
l 3817 3816
l 13373 13530
l 3983 3982
l 13534 13373
l 3816 3819
l 11749 11302
l 11302 11750
l 11302 11751
l 2858 2857
l 2857 2860
l 2857 2861
l 13092 13098
l 4809 4806
l 10713 10723
l 2857 2862
l 13373 13568
l 13569 13373
l 2051 2050
l 2820 2819
l 3333 3334
l 3079 3078
l 3847 3848
l 2313 2305
l 266 265
l 779 780
l 265 269
l 265 270
l 271 265
l 784 779
l 265 273
l 1042 1038
l 6931 6932
l 7445 7446
l 1734 1740
l 3078 3096
l 4378 4377
l 4122 4123
l 4891 4892
l 4636 4637
l 4891 4894
l 5919 5920
l 1734 1742
l 4955 4959
l 10788 10789
l 10790 10788
l 11302 11303
l 10792 10788
l 11302 11305
l 8489 8490
l 11307 11302
l 9003 9004
l 10797 10788
l 9517 9518
l 9517 9519
l 4619 4631
l 9521 9517
l 4404 4410
l 11816 11830
l 11831 11816
l 10788 10808
l 12346 12347
l 9520 9788
l 13374 13375
l 13374 13376
l 13115 13121
l 9520 9794
l 9795 9520
l 4619 4635
l 622 615
l 11816 11847
l 14314 14356
l 14286 14240
l 13130 13115
l 9520 9803
l 11815 11823
l 4463 4472
l 14564 14619
l 4463 4473
l 14143 14167
l 14168 14143
l 11291 11799
l 10111 10108
l 3510 3513
l 10713 10744
l 3681 3680
l 2553 2554
l 11206 11212
l 3510 3517
l 13136 13137
l 2390 2385
l 12670 12702
l 3518 3510
l 3680 3684
l 3510 3519
l 11816 11902
l 14128 14162
l 13140 13136
l 5975 5976
l 12346 12430
l 10878 10948
l 10017 10641
l 2553 2562
l 10648 10017
l 307 309
l 12957 13002
l 9643 14494
l 14496 9643
l 12733 12212
l 13136 13153
l 1281 1280
l 4863 4852
l 13531 13374
l 13374 13532
l 13374 13533
l 6093 6094
l 11748 11301
l 11750 11301
l 10936 10913
l 11301 11755
l 11301 11756
l 12187 12199
l 9715 9716
l 2250 2249
l 10909 10904
l 3374 3379
l 3212 3214
l 9517 9729
l 2818 2820
l 2308 2309
l 3589 3590
l 3591 3589
l 3079 3080
l 521 522
l 523 521
l 11 12
l 781 778
l 1549 1550
l 3079 3089
l 6673 6674
l 1043 1039
l 6163 6164
l 4346 4343
l 778 791
l 7191 7192
l 4633 4634
l 778 795
l 1039 1052
l 4380 4381
l 4380 4382
l 2081 2093
l 4384 4380
l 1039 1057
l 4130 4123
l 4633 4643
l 4123 4132
l 10532 10533
l 10790 10785
l 10791 10785
l 10785 10792
l 10785 10793
l 8745 8746
l 11051 11042
l 8235 8236
l 4976 4982
l 9263 9264
l 9773 9778
l 4926 4923
l 9781 9773
l 9773 9782
l 2605 2598
l 14169 14120
l 4985 4976
l 3929 3928
l 12857 12864
l 13375 13378
l 972 973
l 12604 12614
l 13136 13179
l 13014 13010
l 14644 14667
l 10847 10850
l 11042 11085
l 3861 3859
l 4191 4192
l 13632 13648
l 3859 3862
l 13182 13136
l 14142 14171
l 14172 14142
l 12843 12884
l 12250 12246
l 4027 4031
l 11782 11306
l 10465 10495
l 11222 11234
l 12857 12913
l 12914 12857
l 4199 4191
l 14646 14645
l 9937 9972
l 14645 14647
l 12889 12843
l 9973 9937
l 10768 10770
l 12416 12347
l 10904 10937
l 2746 2744
l 2910 2912
l 1785 1777
l 14104 14122
l 12347 12438
l 14325 14317
l 820 828
l 5637 5638
l 5823 5824
l 11048 11708
l 11709 11048
l 2744 2756
l 8227 8228
l 1625 1630
l 645 644
l 1625 1631
l 14838 14870
l 11629 11132
l 8057 8058
l 4851 4850
l 3724 3723
l 14128 14176
l 10158 10153
l 4522 4516
l 13543 13375
l 11304 11752
l 3559 3561
l 4854 4850
l 13179 13242
l 3559 3562
l 11762 11304
l 3563 3559
l 11304 11764
l 4850 4857
l 4527 4516
l 13010 13050
l 2817 2818
l 2562 2563
l 2052 2053
l 2054 2052
l 2311 2307
l 3335 3336
l 2307 2313
l 3335 3338
l 522 524
l 267 269
l 1806 1805
l 1550 1551
l 16 12
l 12 17
l 6929 6930
l 12 19
l 1044 1040
l 777 790
l 4877 4890
l 7447 7448
l 4889 4890
l 777 795
l 1040 1053
l 4634 4638
l 4639 4634
l 4634 4640
l 1040 1057
l 4379 4386
l 4700 4698
l 10786 10788
l 12069 12070
l 12585 12818
l 4379 4392
l 11305 11304
l 9001 9002
l 11134 11135
l 8491 8492
l 9519 9520
l 9521 9519
l 9774 9779
l 2608 2614
l 12232 12234
l 4704 4698
l 9774 9784
l 9785 9774
l 12859 12858
l 12603 12604
l 360 361
l 10814 10786
l 11839 11814
l 12858 12864
l 13378 13376
l 9518 9795
l 9796 9518
l 11132 11652
l 14818 14823
l 10531 10568
l 13129 13113
l 1317 1320
l 11041 11084
l 11085 11041
l 10786 10831
l 14392 14841
l 10181 10153
l 12891 12858
l 12858 12892
l 12858 12893
l 13113 13155
l 13113 13156
l 14458 14559
l 14643 14702
l 14703 14643
l 14197 14200
l 13660 13345
l 1544 1545
l 11947 11948
l 12348 12419
l 12348 12420
l 12421 12348
l 2301 2300
l 13113 13203
l 13204 13113
l 2300 2304
l 2139 2132
l 12288 12490
l 7283 7284
l 12877 12892
l 12923 12922
l 12951 12979
l 5365 5366
l 13889 13861
l 13129 13108
l 2947 2948
l 13376 13534
l 12899 12877
l 4869 4873
l 4242 4243
l 13376 13545
l 13376 13546
l 11761 11303
l 11303 11762
l 1990 1991
l 2954 2947
l 2955 2947
l 3074 3073
l 3588 3587
l 3078 3073
l 2053 2055
l 2568 2567
l 13577 13370
l 1995 1990
l 2310 2315
l 2310 2316
l 13370 13581
l 1804 1806
l 2310 2319
l 528 527
l 865 869
l 784 786
l 13 19
l 13 20
l 277 270
l 790 784
l 3119 3125
l 24 13
l 270 282
l 871 865
l 5659 5660
l 270 285
l 4125 4126
l 4125 4128
l 4641 4639
l 4896 4898
l 4382 4387
l 4382 4388
l 865 873
l 4125 4134
l 11811 11817
l 9257 9258
l 9515 9514
l 9771 9772
l 11309 11297
l 8237 8238
l 8751 8752
l 1992 1999
l 10036 10028
l 11574 11554
l 14391 14389
l 10028 10040
l 1839 1838
l 13369 13370
l 13627 13626
l 11069 11048
l 12350 12349
l 9791 9515
l 9792 9515
l 11811 11841
l 11048 11074
l 11048 11075
l 11048 11077
l 9799 9515
l 11930 11958
l 9801 9515
l 11930 11959
l 9515 9807
l 9515 9808
l 11602 11554
l 9811 9515
l 9515 9812
l 13626 13653
l 11048 11094
l 3602 3604
l 12863 12896
l 12598 12574
l 3772 3770
l 12863 12907
l 11204 11364
l 2812 2811
l 11470 11458
l 3936 3940
l 11458 11472
l 12574 12599
l 12349 12415
l 3770 3777
l 14255 14197
l 12427 12349
l 2566 2568
l 12574 12600
l 12922 12970
l 11016 10971
l 6507 6508
l 1534 1535
l 2499 2487
l 409 411
l 6679 6680
l 11160 11161
l 11746 11298
l 1536 1542
l 11160 11163
l 3302 3298
l 3298 3303
l 3469 3468
l 14840 14390
l 14390 14841
l 4597 4598
l 14390 14843
l 13422 13392
l 4597 4599
l 15180 15181
l 3472 3468
l 3330 3329
l 1382 1383
l 3843 3844
l 3845 3843
l 2309 2310
l 2055 2054
l 2312 2309
l 1290 1289
l 1034 1035
l 1036 1034
l 1034 1037
l 14 15
l 16 14
l 273 269
l 269 274
l 14 20
l 789 783
l 6421 6422
l 783 791
l 6935 6936
l 26 14
l 1382 1388
l 4597 4605
l 4381 4384
l 4640 4641
l 4386 4381
l 4381 4387
l 4126 4132
l 4133 4126
l 10533 10534
l 4597 4607
l 11047 11048
l 11812 11817
l 4126 4138
l 2351 2353
l 11298 11308
l 4141 4126
l 8493 8494
l 9007 9008
l 3403 3408
l 11827 11812
l 10804 10792
l 10792 10805
l 10792 10806
l 14390 14391
l 14390 14392
l 14393 14390
l 13371 13370
l 9516 9788
l 9789 9516
l 9516 9791
l 13625 13632
l 1220 1230
l 9516 9797
l 1220 1231
l 9516 9800
l 11081 11047
l 3403 3409
l 14139 14155
l 11469 11174
l 12877 12864
l 14162 14139
l 13625 13652
l 13653 13625
l 11047 11095
l 1068 1070
l 12894 12864
l 2343 2353
l 12864 12896
l 14139 14178
l 3403 3410
l 12864 12900
l 14239 14240
l 4080 4074
l 12864 12908
l 11812 11885
l 1074 1068
l 13119 13172
l 12466 12514
l 14239 14243
l 9764 9740
l 3162 3167
l 14139 14211
l 12864 12932
l 12864 12933
l 12934 12864
l 3162 3168
l 7977 7978
l 3162 3169
l 3248 3235
l 13392 13455
l 11939 11941
l 12350 12459
l 12460 12350
l 5895 5896
l 8481 8482
l 1884 1883
l 11669 11670
l 923 918
l 11939 11942
l 918 927
l 4772 4775
l 3814 3813
l 6235 6236
l 3981 3983
l 3813 3818
l 3819 3813
l 2692 2690
l 13550 13370
l 5743 5744
l 13370 13560
l 13370 13561
l 14843 14389
l 2690 2695
l 3585 3586
l 3587 3585
l 3076 3075
l 13372 13573
l 2565 2566
l 2567 2565
l 2565 2568
l 13372 13577
l 2312 2314
l 1545 1547
l 14860 14389
l 1035 1037
l 525 526
l 527 525
l 15 17
l 272 274
l 2865 2864
l 7187 7188
l 12821 12349
l 15 22
l 23 15
l 6167 6168
l 5657 5658
l 5147 5148
l 2690 2702
l 4641 4637
l 2864 2868
l 4131 4127
l 4620 4627
l 4384 4389
l 4390 4384
l 11046 11047
l 4620 4628
l 10789 10794
l 9259 9260
l 9517 9516
l 8749 8750
l 4954 4960
l 8239 8240
l 14897 14389
l 4620 4630
l 617 616
l 15158 15159
l 1580 1579
l 14138 14139
l 13372 13371
l 12861 12864
l 12609 12608
l 10789 10819
l 9739 9774
l 4311 4312
l 11046 11078
l 840 782
l 782 841
l 12608 12619
l 9805 9513
l 9513 9806
l 10831 10789
l 10320 10279
l 10577 10536
l 1579 1585
l 14417 14418
l 3509 3510
l 10536 10586
l 3509 3511
l 10279 10334
l 10279 10335
l 3509 3512
l 15086 15087
l 14185 14138
l 10279 10346
l 10347 10279
l 14417 14419
l 9179 9180
l 3515 3509
l 12861 12914
l 13173 13118
l 13118 13174
l 3677 3682
l 2388 2390
l 14761 14752
l 3509 3518
l 13108 13156
l 12420 12351
l 14563 14627
l 14417 14420
l 14628 14563
l 1432 1431
l 7369 7370
l 4982 4985
l 13803 13804
l 2396 2388
l 14417 14421
l 7537 7538
l 14342 14368
l 13146 13135
l 13298 13807
l 10670 10024
l 7705 7706
l 10212 10692
l 13135 13151
l 13135 13152
l 4987 4982
l 14501 9644
l 10714 10765
l 9644 14502
l 5459 5460
l 13534 13371
l 4982 4988
l 8979 8980
l 13547 13371
l 3373 3375
l 2082 2083
l 12579 12564
l 4504 4498
l 12448 12464
l 3842 3841
l 3331 3332
l 3077 3076
l 2821 2822
l 2823 2821
l 2311 2312
l 2056 2057
l 1802 1801
l 1547 1546
l 1291 1292
l 1037 1036
l 783 781
l 271 272
l 17 16
l 271 274
l 781 787
l 20 16
l 16 21
l 6933 6934
l 1128 1127
l 4345 4344
l 5913 5914
l 781 796
l 4894 4893
l 4383 4384
l 4385 4383
l 4643 4638
l 4128 4132
l 4389 4383
l 4134 4128
l 4383 4391
l 10280 10281
l 10282 10280
l 4128 4139
l 4128 4142
l 8495 8496
l 4975 4981
l 11826 11810
l 4999 5002
l 13533 13534
l 10025 10041
l 10042 10025
l 10790 10812
l 13373 13372
l 10790 10814
l 10815 10790
l 4984 4975
l 13738 13759
l 4052 4054
l 4975 4986
l 14137 14155
l 14137 14156
l 9806 9514
l 10321 10280
l 10280 10322
l 12211 12760
l 9514 9813
l 4975 4989
l 9514 9818
l 9514 9820
l 13348 13347
l 4026 4029
l 14934 14935
l 13350 13347
l 7731 7732
l 12404 12352
l 12844 12886
l 12352 12406
l 12887 12844
l 13051 13052
l 13135 13189
l 13763 13727
l 12256 12257
l 4494 4503
l 820 819
l 3069 3075
l 2909 2910
l 13982 13988
l 12284 12480
l 1784 1778
l 4944 4950
l 1944 1950
l 1778 1785
l 1778 1786
l 6761 6762
l 11429 11437
l 11429 11438
l 14413 14751
l 14391 14815
l 1626 1632
l 13532 13372
l 3554 3557
l 13535 13372
l 14816 14391
l 3558 3554
l 13372 13550
l 14835 14391
l 13725 13755
l 13562 13372
l 14391 14844
l 14845 14391
l 4097 4098
l 4099 4097
l 4097 4100
l 4868 4869
l 4611 4614
l 4354 4359
l 4354 4360
l 4354 4362
l 4354 4363
l 4364 4354
l 9527 9741
l 7181 7182
l 7695 7696
l 516 515
l 532 531
l 21 17
l 17 23
l 1302 1304
l 1561 1559
l 1816 1818
l 2073 2075
l 2076 2073
l 2077 2073
l 2587 2590
l 2330 2335
l 3615 3616
l 2337 2330
l 2073 2082
l 2073 2083
l 1476 1482
l 3358 3366
l 3358 3367
l 2605 2610
l 12082 12095
l 3358 3370
l 3883 3872
l 3872 3884
l 12845 12835
l 4363 4370
l 13606 13616
l 13606 13617
l 8241 8242
l 13606 13619
l 8755 8756
l 12341 12321
l 9269 9270
l 9526 9527
l 9784 9783
l 10554 10555
l 10554 10556
l 12605 12578
l 14142 14120
l 11582 11583
l 11582 11584
l 12578 12611
l 13350 13636
l 839 788
l 788 840
l 12578 12617
l 13645 13350
l 11086 11068
l 12384 12368
l 1324 1326
l 11068 11093
l 13350 13654
l 13350 13655
l 14120 14168
l 1324 1327
l 13350 13658
l 1328 1324
l 3418 3419
l 4703 4712
l 10485 10461
l 10461 10486
l 14196 14199
l 14201 14196
l 1153 1045
l 1045 1154
l 13462 13488
l 13188 13211
l 3262 3256
l 14144 14132
l 2301 2302
l 2301 2303
l 5985 5986
l 2305 2301
l 2140 2133
l 6153 6154
l 2133 2142
l 6321 6322
l 10920 11029
l 11030 10920
l 14518 14481
l 11224 11238
l 2947 2946
l 12878 12898
l 12587 12599
l 1898 1891
l 14378 14842
l 14379 14874
l 4353 4354
l 2946 2954
l 4098 4100
l 4867 4869
l 5381 5382
l 4612 4615
l 4879 4876
l 4867 4874
l 4875 4867
l 6923 6924
l 2946 2956
l 7437 7438
l 4867 4880
l 274 273
l 18 19
l 3120 3123
l 1301 1302
l 18 23
l 24 18
l 1046 1049
l 1560 1562
l 787 795
l 1052 1046
l 2843 2845
l 2074 2078
l 2074 2079
l 2080 2074
l 2081 2074
l 9528 9763
l 3357 3364
l 3102 3110
l 14887 14380
l 3113 3102
l 14634 14633
l 4876 4886
l 12333 12322
l 12322 12334
l 12322 12335
l 4718 4722
l 9011 9012
l 9525 9526
l 9525 9527
l 9528 9525
l 10039 10041
l 4876 4889
l 14459 14600
l 11581 11582
l 1837 1839
l 14601 14459
l 11075 11067
l 11844 11840
l 787 837
l 11956 11927
l 10972 10995
l 11326 11340
l 14670 14678
l 11642 11657
l 10972 10996
l 12113 12095
l 11348 11326
l 11094 11067
l 11067 11096
l 14119 14169
l 3768 3767
l 11100 11067
l 11361 11326
l 11326 11362
l 3936 3935
l 14896 14867
l 10506 10498
l 3767 3773
l 12095 12149
l 3774 3767
l 1686 1685
l 3941 3935
l 15010 15011
l 3935 3943
l 2631 2633
l 14643 14660
l 562 564
l 10000 10001
l 7795 7796
l 13415 13907
l 12801 12731
l 7963 7964
l 14565 14564
l 3528 3527
l 13415 13908
l 1534 1533
l 5713 5714
l 2856 2860
l 12467 12485
l 3632 3631
l 10213 10231
l 3468 3467
l 3303 3299
l 3635 3631
l 3467 3470
l 3241 3248
l 2338 2343
l 9525 9730
l 4866 4867
l 4100 4099
l 4609 4613
l 3025 3024
l 4871 4866
l 5127 5128
l 6665 6666
l 4866 4875
l 6155 6156
l 3467 3473
l 4866 4879
l 7183 7184
l 4609 4625
l 529 530
l 531 529
l 529 532
l 19 21
l 278 276
l 12105 12085
l 1048 1047
l 1047 1049
l 282 276
l 276 283
l 2075 2076
l 1047 1053
l 2078 2075
l 2079 2075
l 3616 3613
l 276 289
l 2594 2585
l 2585 2595
l 3103 3109
l 3367 3360
l 1381 1389
l 12330 12323
l 15146 15147
l 3103 3117
l 2338 2352
l 14385 14379
l 8753 8754
l 8243 8244
l 9271 9272
l 9529 9528
l 13861 13888
l 13352 13633
l 11330 11327
l 13352 13636
l 13637 13352
l 12094 12102
l 12833 12871
l 12872 12833
l 4598 4612
l 12323 12362
l 12363 12323
l 13352 13644
l 269 260
l 13602 13601
l 12323 12370
l 12373 12323
l 12323 12376
l 11327 11361
l 12130 12094
l 12094 12132
l 12094 12137
l 12094 12138
l 14238 14239
l 3535 3527
l 13937 13939
l 3304 3312
l 13937 13940
l 13941 13937
l 3164 3163
l 10891 10868
l 3163 3166
l 3527 3536
l 2999 3001
l 1077 1078
l 12094 12178
l 12179 12094
l 3163 3169
l 3170 3163
l 10731 10730
l 7019 7020
l 9740 9741
l 4713 4705
l 3750 3761
l 917 922
l 11691 11700
l 1886 1882
l 11560 11561
l 5105 5106
l 1890 1882
l 1882 1891
l 14196 14154
l 3980 3981
l 14382 14872
l 3982 3980
l 3818 3814
l 9550 9568
l 9716 9528
l 3814 3820
l 13967 13937
l 1882 1897
l 9727 9528
l 14566 14599
l 13937 13968
l 4865 4866
l 1733 1732
l 4357 4355
l 5893 5894
l 4610 4616
l 2696 2695
l 6921 6922
l 14079 14042
l 6411 6412
l 7949 7950
l 4610 4623
l 7439 7440
l 786 785
l 785 787
l 530 532
l 20 21
l 22 20
l 791 785
l 1304 1303
l 20 25
l 785 794
l 2331 2332
l 29 20
l 30 20
l 1048 1055
l 2586 2592
l 2841 2849
l 2841 2850
l 2586 2595
l 3876 3869
l 2586 2597
l 2586 2598
l 2599 2586
l 9526 9768
l 3104 3113
l 4330 4331
l 12324 12331
l 3104 3117
l 2869 2863
l 14380 14384
l 9009 9010
l 8499 8500
l 9528 9527
l 9481 9922
l 12093 12094
l 14416 14415
l 1732 1745
l 10555 10561
l 4953 4962
l 11588 11583
l 11333 11328
l 1581 1580
l 9141 9142
l 14898 14875
l 13351 13646
l 14118 14119
l 1585 1580
l 10106 10108
l 613 624
l 10109 10106
l 13351 13666
l 13351 13667
l 13351 13668
l 13669 13351
l 13959 13904
l 9740 9781
l 3679 3678
l 3512 3514
l 11536 11541
l 3678 3680
l 12093 12152
l 5941 5942
l 3678 3681
l 4275 4259
l 13134 13136
l 4781 4780
l 12204 12205
l 3683 3678
l 2549 2548
l 3512 3519
l 14463 14460
l 5005 5003
l 3512 3521
l 13782 13803
l 12842 12841
l 11180 11394
l 2994 2997
l 14024 14086
l 11422 11387
l 14209 14191
l 11723 11672
l 12672 12716
l 11672 11724
l 9927 9964
l 12841 12853
l 4498 4497
l 4499 4497
l 1274 1283
l 6423 6424
l 4666 4667
l 14751 14784
l 5121 5122
l 5635 5636
l 4101 4102
l 4103 4101
l 4101 4104
l 7177 7178
l 9523 9739
l 7691 7692
l 6157 6158
l 14059 14100
l 4880 4872
l 4872 4881
l 3376 3380
l 1298 1300
l 1557 1555
l 1046 1041
l 23 21
l 536 535
l 278 281
l 283 278
l 278 284
l 792 797
l 21 30
l 31 21
l 2334 2336
l 2593 2591
l 792 802
l 2083 2077
l 21 36
l 1128 1129
l 1062 1041
l 1041 1063
l 2077 2088
l 2334 2345
l 1128 1130
l 2848 2859
l 2077 2092
l 14381 14382
l 1131 1128
l 4348 4345
l 15152 15153
l 9265 9266
l 9522 9523
l 1132 1128
l 4349 4345
l 8245 8246
l 14165 14183
l 8759 8760
l 4974 4981
l 12839 12860
l 12092 12093
l 11072 11073
l 12678 12679
l 10558 10565
l 10243 10290
l 13177 13134
l 13346 13646
l 13134 13178
l 4301 4307
l 11861 11835
l 11835 11862
l 11835 11863
l 10558 10590
l 11871 11892
l 3216 3218
l 10558 10595
l 12841 12881
l 4025 4028
l 2900 2901
l 10558 10602
l 4029 4025
l 13647 13649
l 13979 13980
l 13678 13346
l 9697 9541
l 13348 13350
l 13745 13777
l 10558 10617
l 10618 10558
l 13348 13352
l 13353 13348
l 1943 1945
l 14316 14315
l 1943 1946
l 2742 2744
l 3070 3075
l 8381 8382
l 5789 5790
l 14161 14202
l 2748 2742
l 14324 14315
l 2751 2742
l 10594 10590
l 10827 10866
l 2753 2742
l 2742 2754
l 5971 5972
l 3721 3722
l 3553 3558
l 3721 3724
l 3560 3553
l 14382 14841
l 11574 11156
l 5377 5378
l 5891 5892
l 4358 4357
l 4102 4104
l 4616 4617
l 4871 4874
l 4871 4875
l 4616 4620
l 4518 4527
l 4871 4878
l 6927 6928
l 1297 1298
l 1042 1043
l 1042 1044
l 1042 1045
l 277 278
l 22 23
l 24 22
l 281 277
l 22 26
l 22 27
l 22 28
l 791 797
l 3102 3098
l 791 799
l 2333 2336
l 11195 11198
l 2850 2847
l 3612 3619
l 2592 2596
l 3877 3867
l 3878 3867
l 2592 2599
l 9768 9524
l 2601 2592
l 2592 2602
l 9524 9772
l 9524 9776
l 9522 9521
l 12851 12840
l 12840 12852
l 8501 8502
l 9015 9016
l 10557 10558
l 10557 10564
l 13095 13125
l 4373 4366
l 12091 12103
l 4705 4704
l 11857 11836
l 11836 11858
l 12115 12091
l 12091 12121
l 10587 10557
l 10557 10588
l 13345 13661
l 12581 12651
l 12581 12652
l 1287 1288
l 12209 12213
l 14195 14198
l 3417 3421
l 15160 15161
l 3422 3417
l 13347 13659
l 14195 14200
l 11661 11126
l 14202 14195
l 12214 12209
l 3417 3425
l 11945 11949
l 12581 12693
l 12694 12581
l 14566 14460
l 2302 2303
l 2142 2134
l 2134 2143
l 10488 10103
l 13347 13678
l 4073 4070
l 2945 2946
l 5367 5368
l 11503 11482
l 14222 14195
l 3113 3114
l 2945 2949
l 3407 3391
l 3115 3113
l 10222 10692
l 14381 14843
l 1988 1989
l 4875 4876
l 5633 5634
l 5123 5124
l 4877 4875
l 4615 4613
l 4104 4103
l 4360 4361
l 7689 7690
l 4363 4360
l 7179 7180
l 4360 4365
l 4870 4878
l 4879 4870
l 6159 6160
l 4625 4613
l 1553 1554
l 4360 4371
l 14530 14482
l 533 534
l 535 533
l 533 536
l 280 281
l 282 280
l 1043 1051
l 28 23
l 3099 3101
l 286 280
l 23 31
l 280 288
l 2081 2079
l 2336 2338
l 23 35
l 790 804
l 2336 2341
l 2846 2854
l 2079 2087
l 2088 2079
l 12837 12841
l 2079 2094
l 5215 5216
l 872 871
l 14640 14641
l 14640 14642
l 9521 9779
l 9267 9268
l 9525 9524
l 8757 8758
l 2187 2189
l 8247 8248
l 11834 11833
l 12327 12352
l 12327 12353
l 1838 1836
l 12837 12869
l 12870 12837
l 13641 13348
l 12618 12584
l 11833 11852
l 13348 13645
l 10994 10969
l 11325 11273
l 879 871
l 12734 12207
l 12586 12609
l 11864 11833
l 13348 13660
l 14378 14379
l 2242 2250
l 11833 11881
l 3935 3934
l 14378 14382
l 14640 14703
l 14704 14640
l 719 720
l 2809 2810
l 14195 14249
l 2811 2809
l 719 722
l 13724 13725
l 3768 3775
l 9711 9743
l 3934 3941
l 1581 1582
l 10214 10212
l 12327 12461
l 12462 12327
l 10247 10151
l 568 567
l 10969 11015
l 8267 8268
l 6509 6510
l 12405 12358
l 6677 6678
l 3463 3462
l 6845 6846
l 12865 12867
l 3632 3633
l 2506 2505
l 9522 9729
l 5889 5890
l 9731 9522
l 3304 3300
l 15178 15179
l 13676 13692
l 4869 4872
l 4359 4361
l 4874 4869
l 4614 4619
l 4359 4364
l 4366 4359
l 4359 4367
l 6415 6416
l 1810 1809
l 1300 1299
l 789 790
l 789 791
l 534 536
l 789 793
l 1044 1050
l 279 284
l 279 285
l 279 286
l 2591 2590
l 2080 2081
l 1044 1058
l 3619 3610
l 2335 2340
l 13348 13349
l 2342 2335
l 12838 12839
l 2335 2344
l 3151 3142
l 14123 14113
l 14113 14127
l 3815 3821
l 3087 3092
l 9013 9014
l 14113 14135
l 8503 8504
l 9778 9785
l 9786 9778
l 11835 11834
l 14639 14654
l 14113 14143
l 14113 14144
l 11073 11069
l 10567 10559
l 11069 11080
l 11850 11834
l 13646 13347
l 11859 11834
l 11069 11092
l 11093 11069
l 11579 11607
l 11579 11608
l 11579 11609
l 11610 11579
l 3142 3153
l 11834 11878
l 11834 11883
l 12328 12398
l 10559 10607
l 11888 11834
l 3533 3541
l 10610 10559
l 14237 14242
l 13127 13101
l 14244 14237
l 2201 2206
l 3169 3164
l 10193 10235
l 12611 12251
l 3164 3171
l 1083 1078
l 1078 1085
l 1883 1881
l 11067 11712
l 11713 11067
l 1881 1884
l 1881 1885
l 3812 3811
l 3811 3814
l 9903 9482
l 14383 14841
l 3820 3811
l 6145 6146
l 6659 6660
l 3811 3821
l 7173 7174
l 7687 7688
l 4105 4106
l 4107 4105
l 4105 4108
l 4876 4877
l 4619 4622
l 4362 4367
l 4362 4368
l 4618 4620
l 4619 4626
l 2065 2067
l 2580 2579
l 4629 4619
l 1729 1735
l 3095 3093
l 13938 13971
l 2585 2579
l 3610 3607
l 27 25
l 540 539
l 2845 2836
l 2862 2864
l 1053 1055
l 288 282
l 1567 1569
l 25 34
l 1053 1059
l 25 36
l 1567 1573
l 1063 1053
l 3607 3624
l 1824 1833
l 1824 1834
l 3607 3627
l 12332 12329
l 2867 2862
l 13358 13357
l 13617 13358
l 10546 10547
l 14132 14128
l 14128 14133
l 10730 10718
l 2862 2869
l 11831 11832
l 11831 11833
l 8249 8250
l 11835 11831
l 8763 8764
l 4618 4629
l 13358 13631
l 14144 14128
l 9534 9537
l 12610 12586
l 4630 4618
l 614 617
l 796 838
l 9799 9791
l 11848 11831
l 841 796
l 4960 4962
l 11831 11851
l 9791 9807
l 9791 9808
l 10425 10435
l 12329 12371
l 12329 12372
l 11574 11605
l 4965 4960
l 14128 14170
l 14171 14128
l 13901 13955
l 614 623
l 13100 13161
l 3675 3676
l 13901 13958
l 3885 3896
l 3675 3678
l 3511 3513
l 3679 3675
l 3511 3514
l 3511 3515
l 3516 3511
l 13133 13136
l 10747 10718
l 13133 13137
l 10718 10748
l 10803 10900
l 10718 10749
l 9791 9879
l 9880 9791
l 12671 12704
l 9737 9788
l 13133 13140
l 2559 2558
l 13133 13141
l 2390 2394
l 2560 2558
l 2561 2560
l 2390 2397
l 9737 9794
l 7539 7540
l 5285 5286
l 10600 10061
l 9797 9737
l 9680 9534
l 9685 9534
l 9687 9534
l 5621 5622
l 13445 13485
l 14226 14234
l 12193 12184
l 9735 9516
l 9534 9710
l 9534 9712
l 3207 3208
l 4500 4501
l 3209 3207
l 6401 6402
l 5133 5134
l 6915 6916
l 7429 7430
l 7943 7944
l 4500 4504
l 4106 4108
l 4365 4361
l 4361 4366
l 4623 4620
l 4620 4624
l 2322 2321
l 2067 2066
l 2835 2836
l 2580 2581
l 2580 2582
l 3096 3094
l 3608 3609
l 3375 3380
l 281 283
l 3608 3612
l 26 29
l 281 286
l 287 281
l 1054 1056
l 1569 1568
l 1568 1570
l 1054 1059
l 3094 3108
l 1573 1568
l 2252 2255
l 1823 1831
l 1823 1832
l 1833 1823
l 1834 1823
l 14916 12834
l 1054 1068
l 2836 2844
l 14127 14129
l 1568 1586
l 4346 4347
l 14127 14132
l 2084 2093
l 12087 12088
l 8505 8506
l 11579 11573
l 9019 9020
l 9535 9533
l 13357 13632
l 10614 10618
l 13357 13637
l 13357 13639
l 13896 13616
l 11899 11912
l 9802 9792
l 5181 5182
l 9792 9804
l 9792 9805
l 12585 12624
l 12625 12585
l 12048 12049
l 12087 12116
l 12117 12087
l 11606 11573
l 11863 11832
l 11832 11864
l 11573 11612
l 11573 11613
l 4025 4024
l 4468 4464
l 14127 14182
l 2969 2961
l 2900 2899
l 12330 12397
l 12398 12330
l 4024 4029
l 9800 9801
l 12842 12883
l 12386 12387
l 3068 3067
l 12386 12388
l 4031 4024
l 12386 12389
l 2905 2899
l 12386 12390
l 12391 12386
l 13610 13358
l 3071 3074
l 11555 11155
l 1786 1792
l 14314 14321
l 14314 14323
l 10920 10973
l 13619 13358
l 14747 14415
l 10566 10604
l 11410 11411
l 13358 13625
l 10605 10566
l 13358 13626
l 11608 11617
l 3889 3888
l 9533 9716
l 3722 3724
l 3556 3560
l 3888 3891
l 9533 9726
l 2763 2764
l 10755 10791
l 4853 4854
l 2763 2765
l 7685 7686
l 3888 3893
l 7175 7176
l 14340 14312
l 4875 4874
l 4108 4107
l 4874 4877
l 4364 4366
l 4364 4368
l 4369 4364
l 2577 2578
l 2579 2577
l 2577 2580
l 1640 1641
l 3605 3606
l 2327 2324
l 2584 2577
l 2324 2329
l 537 538
l 539 537
l 537 540
l 2324 2333
l 2834 2846
l 284 287
l 800 794
l 27 33
l 1565 1570
l 27 35
l 1055 1060
l 794 805
l 2441 2439
l 1055 1064
l 3605 3626
l 14380 14371
l 1646 1640
l 14126 14127
l 13360 13359
l 14312 14348
l 10548 10549
l 10548 10550
l 11949 12024
l 4853 4865
l 8251 8252
l 12841 12861
l 12229 12231
l 2446 2439
l 9279 9280
l 9537 9536
l 12841 12866
l 12232 12229
l 12356 12331
l 4701 4702
l 11829 11847
l 2439 2448
l 12086 12107
l 12108 12086
l 4365 4373
l 11829 11855
l 11856 11829
l 11562 11551
l 12882 12841
l 10581 10548
l 10548 10582
l 14159 14160
l 1486 1490
l 361 363
l 13862 13860
l 14483 14495
l 12399 12331
l 12331 12400
l 12331 12401
l 14194 14196
l 11910 11951
l 3250 3256
l 8065 8066
l 3420 3422
l 3257 3250
l 14194 14200
l 3423 3420
l 3250 3258
l 1411 1414
l 14504 14483
l 14483 14505
l 2136 2135
l 1415 1411
l 2303 2305
l 1634 1639
l 2143 2135
l 2309 2303
l 1857 1863
l 10987 10998
l 11925 11930
l 12281 12448
l 1640 1634
l 9687 9536
l 13886 13860
l 4069 4072
l 1022 1023
l 13555 13359
l 1024 1022
l 13558 13359
l 9721 9536
l 9536 9722
l 9536 9723
l 10692 10221
l 6913 6914
l 6403 6404
l 7941 7942
l 7431 7432
l 1987 1990
l 4874 4873
l 4618 4619
l 4363 4364
l 4365 4363
l 4363 4366
l 4618 4623
l 4368 4363
l 4873 4881
l 2833 2834
l 1987 1992
l 2578 2580
l 2068 2069
l 2068 2070
l 2578 2583
l 1987 1993
l 3096 3097
l 2330 2323
l 2323 2331
l 538 540
l 29 28
l 793 798
l 28 31
l 32 28
l 28 33
l 290 283
l 793 803
l 1572 1566
l 14159 14201
l 13359 13606
l 1056 1064
l 3606 3625
l 1056 1069
l 13359 13615
l 13615 13616
l 2960 2952
l 12842 12850
l 13360 13363
l 13364 13360
l 2952 2961
l 12087 12085
l 9017 9018
l 8507 8508
l 9536 9535
l 12865 12842
l 13870 13891
l 13892 13870
l 12085 12104
l 10547 10569
l 11850 11830
l 14923 11298
l 876 870
l 11575 11600
l 11603 11575
l 12884 12842
l 1835 1840
l 870 879
l 1835 1842
l 1835 1843
l 11274 11328
l 1844 1835
l 11830 11883
l 11884 11830
l 3934 3933
l 11961 11925
l 11274 11330
l 3933 3936
l 11830 11904
l 13615 13697
l 13698 13615
l 1683 1684
l 3933 3939
l 2810 2812
l 3940 3933
l 3775 3765
l 11975 11976
l 3765 3777
l 7793 7794
l 11176 11178
l 7961 7962
l 10237 10197
l 12762 12773
l 2597 2602
l 5379 5380
l 5879 5880
l 11489 11485
l 3461 3463
l 13360 13549
l 9711 9535
l 9712 9535
l 13360 13553
l 9714 9535
l 14715 14738
l 3629 3630
l 2991 2990
l 3631 3629
l 2597 2604
l 414 415
l 414 416
l 7169 7170
l 7683 7684
l 6149 6150
l 3634 3629
l 5129 5130
l 418 414
l 3629 3635
l 4109 4110
l 4111 4109
l 4109 4112
l 4366 4369
l 3090 3089
l 3604 3603
l 3089 3093
l 3094 3089
l 2069 2071
l 2583 2584
l 2508 2510
l 1050 1049
l 2326 2331
l 1049 1052
l 1563 1565
l 30 29
l 286 287
l 286 288
l 33 29
l 29 34
l 286 292
l 293 286
l 806 800
l 15144 15145
l 13354 13353
l 286 300
l 11570 11571
l 13620 13610
l 12085 12084
l 13610 13622
l 13610 13623
l 10208 10212
l 13625 13354
l 9273 9274
l 9531 9530
l 13884 13867
l 8253 8254
l 13867 13887
l 8767 8768
l 13354 13634
l 13354 13635
l 10822 10807
l 1383 1392
l 12106 12084
l 10550 10571
l 10550 10572
l 10573 10550
l 4604 4610
l 12084 12112
l 14984 14985
l 10836 10807
l 10807 10843
l 10807 10844
l 10208 10220
l 13104 13159
l 11570 11624
l 11625 11570
l 13163 13104
l 3158 3157
l 3326 3325
l 14955 14956
l 13443 13444
l 2202 2203
l 10807 10897
l 10898 10807
l 14236 14244
l 1080 1079
l 10866 10896
l 7017 7018
l 1079 1083
l 7185 7186
l 7353 7354
l 14566 14589
l 12094 12054
l 3979 3978
l 3939 3953
l 9816 9817
l 9530 9712
l 9716 9530
l 7425 7426
l 3812 3819
l 5111 5112
l 6405 6406
l 6919 6920
l 14402 14401
l 5385 5386
l 5899 5900
l 3821 3812
l 4366 4365
l 4110 4112
l 4625 4624
l 1896 1898
l 3347 3345
l 3859 3860
l 3345 3349
l 3350 3345
l 1896 1899
l 2839 2840
l 2329 2325
l 1305 1306
l 1307 1305
l 1819 1820
l 1819 1821
l 1564 1566
l 31 30
l 285 288
l 285 289
l 34 30
l 803 799
l 30 37
l 799 806
l 1050 1065
l 14636 14629
l 2693 2700
l 14123 14126
l 13617 13609
l 14374 14386
l 13619 13609
l 4120 4119
l 13609 13625
l 9530 9529
l 9533 9529
l 8509 8510
l 2861 2869
l 9023 9024
l 11841 11828
l 9794 9788
l 13637 13353
l 2693 2705
l 9788 9799
l 13640 13353
l 9788 9801
l 4959 4961
l 10574 10549
l 11828 11856
l 13353 13649
l 9788 9810
l 1578 1581
l 13353 13656
l 10808 10842
l 1582 1578
l 12385 12843
l 4959 4968
l 14225 14228
l 3506 3513
l 1780 1786
l 13697 13609
l 3676 3679
l 13795 13784
l 9782 9738
l 3680 3676
l 13784 13796
l 10626 10058
l 4746 4748
l 14229 14225
l 3676 3682
l 12205 12202
l 10771 10776
l 12207 12202
l 14462 14463
l 10633 10058
l 2389 2396
l 13474 13446
l 2562 2557
l 13446 13475
l 2389 2398
l 2557 2564
l 9766 9741
l 6577 6578
l 3410 3411
l 2389 2401
l 6745 6746
l 12507 12518
l 11226 11227
l 13023 13062
l 4300 4305
l 9647 14500
l 14394 14894
l 13444 13390
l 12216 12735
l 9714 9529
l 14233 14225
l 9717 9529
l 12385 12874
l 4499 4501
l 7171 7172
l 6661 6662
l 6151 6152
l 5641 5642
l 3208 3210
l 5131 5132
l 9742 9529
l 4112 4111
l 4368 4369
l 3601 3602
l 3603 3601
l 3091 3092
l 3093 3091
l 2581 2582
l 1123 1122
l 2840 2838
l 4368 4377
l 1562 1561
l 4621 4635
l 2844 2838
l 3357 3348
l 541 542
l 543 541
l 31 32
l 801 798
l 288 290
l 288 291
l 292 288
l 37 31
l 288 294
l 15142 15143
l 10782 10771
l 14122 14123
l 13355 13356
l 13355 13357
l 13355 13358
l 13359 13355
l 1128 1122
l 14387 14375
l 1122 1129
l 14122 14134
l 13623 13356
l 13356 13624
l 12091 12082
l 9275 9276
l 8765 8766
l 9532 9535
l 8255 8256
l 14632 14658
l 10819 10805
l 10805 10821
l 10805 10822
l 10805 10824
l 10058 10664
l 4085 4086
l 10805 10836
l 11605 11572
l 10805 10838
l 3417 3410
l 4024 4023
l 2899 2898
l 9797 9799
l 10245 10296
l 12022 11976
l 977 976
l 1152 1051
l 1051 1153
l 4023 4031
l 1942 1941
l 12216 12766
l 2898 2905
l 14313 14315
l 10817 10800
l 2898 2908
l 7883 7884
l 11232 11267
l 8051 8052
l 824 825
l 12035 12064
l 1789 1791
l 5969 5970
l 830 824
l 14633 14659
l 13624 13357
l 3720 3719
l 3555 3558
l 9723 9532
l 9532 9724
l 11411 11420
l 12680 12713
l 10731 10714
l 7937 7938
l 7427 7428
l 6917 6918
l 6407 6408
l 5897 5898
l 5387 5388
l 1637 1638
l 3887 3893
l 4880 4877
l 4367 4369
l 3858 3857
l 3348 3347
l 3347 3349
l 2837 2838
l 3351 3347
l 2327 2328
l 2072 2073
l 1818 1817
l 2764 2768
l 1308 1307
l 2596 2603
l 2334 2327
l 1052 1055
l 542 544
l 33 32
l 287 290
l 35 32
l 3108 3092
l 32 37
l 1052 1062
l 295 287
l 4854 4860
l 41 32
l 13610 13355
l 32 43
l 287 301
l 13356 13358
l 32 47
l 13101 13104
l 4520 4531
l 14386 14376
l 13355 13619
l 1637 1646
l 1647 1637
l 9531 9532
l 9531 9533
l 9021 9022
l 9531 9535
l 8511 8512
l 10041 10050
l 4368 4370
l 13355 13642
l 10171 10685
l 11571 11596
l 11608 11571
l 11609 11571
l 11571 11611
l 14484 14492
l 13101 13160
l 13161 13101
l 11571 11626
l 4378 4368
l 4702 4709
l 12968 12958
l 4368 4380
l 3251 3254
l 10756 10815
l 3419 3420
l 3259 3251
l 11943 11949
l 14349 14881
l 14508 14484
l 13337 13336
l 12785 12197
l 12280 12495
l 13677 13687
l 13253 13236
l 13236 13254
l 12219 12741
l 11963 11943
l 11943 11964
l 9713 9531
l 9531 9714
l 9531 9715
l 4068 4074
l 13496 13510
l 4076 4068
l 8193 8194
l 8707 8708
l 9221 9222
l 9478 9480
l 9481 9478
l 3116 3115
l 9997 9992
l 9992 9998
l 4079 4068
l 10694 10224
l 12048 12050
l 12048 12051
l 4068 4080
l 2953 2951
l 12823 12307
l 11801 11791
l 4878 4873
l 4247 4246
l 15132 15133
l 14875 14878
l 13599 13590
l 13590 13600
l 11791 11809
l 33 34
l 4068 4083
l 548 547
l 804 805
l 294 290
l 33 39
l 33 40
l 33 41
l 1066 1061
l 1318 1323
l 1318 1324
l 1061 1069
l 290 302
l 1986 1996
l 1575 1584
l 1832 1841
l 2860 2866
l 2099 2089
l 3380 3374
l 2089 2101
l 3894 3888
l 3639 3631
l 3631 3640
l 2089 2105
l 4410 4402
l 869 871
l 6715 6716
l 4145 4157
l 7229 7230
l 7743 7744
l 9735 9793
l 12305 12355
l 12305 12356
l 1834 1835
l 1986 2001
l 1834 1836
l 4873 4888
l 1837 1834
l 11643 11653
l 13334 13672
l 13334 13673
l 13674 13334
l 13567 13574
l 3768 3766
l 3766 3769
l 10717 10224
l 10224 10718
l 10719 10224
l 3766 3774
l 1684 1686
l 14718 14719
l 3777 3766
l 13702 13728
l 2816 2815
l 11207 11209
l 6667 6668
l 11810 11790
l 11179 11175
l 9923 9479
l 565 568
l 9930 9479
l 9479 9931
l 2607 2608
l 2658 2668
l 1530 1536
l 11486 11487
l 4753 4754
l 4755 4753
l 4753 4756
l 12624 12656
l 3464 3465
l 8449 8450
l 3464 3466
l 8963 8964
l 3630 3632
l 9991 9992
l 4760 4753
l 3633 3630
l 9991 9999
l 12047 12048
l 12307 12306
l 13075 13076
l 13075 13077
l 9991 10006
l 2507 2508
l 12561 12568
l 13081 13075
l 12561 12570
l 12315 12306
l 2509 2507
l 12575 12561
l 12561 12577
l 289 290
l 1378 1383
l 34 37
l 34 38
l 803 807
l 40 34
l 809 803
l 42 34
l 811 803
l 1062 1068
l 1069 1062
l 2604 2607
l 1576 1584
l 1585 1576
l 2098 2090
l 2090 2099
l 3887 3892
l 3118 3125
l 1317 1334
l 3632 3639
l 3640 3632
l 4146 4153
l 6457 6458
l 12470 12496
l 6971 6972
l 7485 7486
l 7999 8000
l 14103 14145
l 4606 4601
l 9736 9802
l 9803 9736
l 3112 3119
l 264 261
l 11969 11976
l 12305 12307
l 12308 12305
l 12174 12156
l 12307 12822
l 15244 15245
l 14235 14236
l 14235 14237
l 14567 14568
l 14235 14238
l 12315 12305
l 12156 12181
l 13333 13716
l 3328 3330
l 12958 12990
l 3280 3286
l 13390 13482
l 9905 9480
l 12324 12305
l 1080 1081
l 12326 12305
l 12305 12327
l 9924 9480
l 3511 3503
l 10173 10300
l 12641 12660
l 9480 9936
l 9937 9480
l 2203 2215
l 9480 9954
l 14567 14589
l 922 926
l 3812 3809
l 3977 3979
l 9480 9970
l 9971 9480
l 2853 2852
l 10745 10731
l 11969 12008
l 4147 4145
l 12009 11969
l 8705 8706
l 3021 3020
l 9223 9224
l 9733 9738
l 2857 2852
l 9484 9480
l 9999 9990
l 11792 11789
l 11502 11170
l 9990 10004
l 9990 10005
l 13078 13074
l 13074 13079
l 12312 12307
l 12046 12057
l 1895 1898
l 14402 14404
l 12316 12307
l 12307 12318
l 9990 10015
l 545 546
l 547 545
l 35 36
l 292 293
l 294 292
l 292 296
l 802 809
l 298 292
l 1063 1067
l 1068 1063
l 2093 2091
l 1838 1830
l 1830 1839
l 2091 2096
l 3377 3376
l 1573 1586
l 1331 1320
l 1573 1588
l 1333 1320
l 4404 4406
l 1830 1847
l 5175 5176
l 3886 3897
l 4147 4154
l 6203 6204
l 9733 9789
l 7741 7742
l 4624 4626
l 7231 7232
l 4409 4403
l 12307 12357
l 12358 12307
l 12836 12386
l 15074 15075
l 14013 14040
l 12704 12215
l 13671 13336
l 13672 13336
l 3673 3674
l 3505 3509
l 3673 3675
l 11969 12033
l 620 625
l 13447 13462
l 9283 9284
l 3678 3673
l 13702 13336
l 10743 10720
l 11969 12036
l 3673 3681
l 10250 10246
l 13336 13726
l 13336 13727
l 1594 1591
l 13732 13336
l 13336 13733
l 13336 13734
l 1591 1596
l 469 466
l 3673 3686
l 14464 14463
l 2558 2561
l 7701 7702
l 10918 10919
l 9477 9927
l 9477 9934
l 13478 13447
l 9957 9477
l 9477 9958
l 9477 9962
l 9477 9963
l 13184 13182
l 14127 14165
l 5623 5624
l 12182 12194
l 3369 3371
l 1282 1275
l 8961 8962
l 4818 4811
l 9734 9735
l 9480 9479
l 10246 10273
l 10252 10253
l 11535 11536
l 10002 9989
l 10004 9989
l 12308 12309
l 12308 12310
l 10252 10263
l 12308 12312
l 12308 12313
l 12200 12182
l 11790 11804
l 5135 5136
l 12182 12201
l 802 801
l 4506 4502
l 546 548
l 36 37
l 801 806
l 1574 1575
l 291 296
l 1577 1574
l 810 801
l 2602 2603
l 300 291
l 1325 1319
l 291 302
l 2863 2857
l 801 816
l 3121 3120
l 3630 3634
l 1319 1331
l 3382 3369
l 1319 1333
l 1334 1319
l 5471 5472
l 2086 2090
l 3369 3383
l 6969 6970
l 2254 2256
l 4403 4412
l 1129 1123
l 7997 7998
l 7487 7488
l 2259 2254
l 10402 10398
l 11225 11249
l 9538 9688
l 10290 10246
l 4023 4022
l 10753 10757
l 4022 4025
l 13644 13645
l 975 976
l 3065 3066
l 3780 3796
l 3067 3065
l 3065 3068
l 13709 13335
l 13335 13710
l 1940 1942
l 12389 12388
l 3065 3070
l 5597 5598
l 10757 10792
l 11430 11425
l 11425 11432
l 9906 9478
l 12321 12342
l 15130 15131
l 9923 9478
l 13473 13465
l 9478 9934
l 13915 13920
l 7261 7262
l 6765 6766
l 11743 11279
l 9478 9953
l 9478 9955
l 9956 9478
l 12188 12194
l 6047 6048
l 7101 7102
l 14529 9642
l 10549 10573
l 11185 11394
l 12679 12711
l 11630 11127
l 11412 11419
l 9217 9218
l 9474 9475
l 9474 9476
l 9474 9477
l 8197 8198
l 671 673
l 3890 3886
l 674 671
l 3886 3891
l 2761 2764
l 11538 11530
l 10757 10797
l 10261 10253
l 10253 10262
l 11123 11121
l 12311 12824
l 12311 12825
l 12044 12060
l 14100 14109
l 14100 14110
l 14622 14623
l 13088 13080
l 15136 15137
l 2768 2761
l 1314 1316
l 1571 1573
l 1574 1571
l 295 294
l 296 294
l 294 297
l 37 42
l 43 37
l 12309 12332
l 1828 1837
l 808 814
l 1643 1638
l 37 48
l 2607 2609
l 2610 2607
l 3891 3884
l 2607 2612
l 1571 1589
l 1590 1571
l 3627 3639
l 2872 2864
l 4149 4153
l 4154 4149
l 4406 4411
l 7739 7740
l 1571 1597
l 6205 6206
l 4406 4416
l 11273 11329
l 10753 10801
l 11185 11397
l 10802 10753
l 12230 12227
l 4920 4938
l 12727 12679
l 11530 11604
l 4367 4372
l 13673 13330
l 14157 14161
l 14622 14705
l 3414 3415
l 12899 12900
l 1095 1097
l 3414 3418
l 3582 3584
l 14783 14401
l 1320 1321
l 12042 12082
l 15088 15089
l 3258 3252
l 13210 13192
l 3252 3260
l 12083 12042
l 11664 11127
l 13330 13739
l 12188 12202
l 14505 14485
l 11846 11816
l 14463 14568
l 1336 1341
l 12899 12916
l 1336 1343
l 9932 9475
l 9475 9933
l 14513 14470
l 12085 12042
l 13023 13038
l 14821 14848
l 4071 4067
l 4067 4073
l 14851 14821
l 6493 6494
l 4067 4074
l 9474 9473
l 9476 9473
l 8453 8454
l 8967 8968
l 4909 4907
l 9987 9996
l 1988 1985
l 10000 9987
l 14585 14463
l 2153 2154
l 13330 13331
l 13332 13330
l 14101 14099
l 12565 12566
l 14099 14103
l 14099 14104
l 12043 12057
l 14383 14873
l 13084 13079
l 10223 10695
l 14099 14112
l 1313 1314
l 1313 1315
l 1827 1828
l 12325 12310
l 39 38
l 808 807
l 4247 4248
l 293 298
l 299 293
l 3114 3116
l 2956 2950
l 38 46
l 807 815
l 38 48
l 807 817
l 1030 1033
l 2612 2608
l 2608 2613
l 1572 1590
l 1591 1572
l 2863 2872
l 4665 4664
l 4150 4154
l 4405 4411
l 4924 4919
l 4157 4150
l 1572 1598
l 12043 12095
l 6975 6976
l 11329 11274
l 10306 10254
l 10254 10307
l 13079 13127
l 12310 12361
l 13079 13130
l 12310 12364
l 12365 12310
l 12374 12310
l 14401 14825
l 10707 10223
l 10223 10708
l 14401 14828
l 876 879
l 14383 14890
l 14213 14157
l 14891 14383
l 3931 3933
l 9540 9537
l 1058 1151
l 10502 10503
l 1154 1058
l 3763 3770
l 14208 14247
l 3936 3931
l 14381 14383
l 14248 14208
l 12573 12598
l 3931 3937
l 13718 13329
l 13329 13719
l 13329 13720
l 7459 7460
l 13701 13729
l 7791 7792
l 7627 7628
l 7959 7960
l 11177 11174
l 9689 9720
l 9926 9476
l 12256 12562
l 5541 5542
l 9476 9934
l 9476 9935
l 9936 9476
l 13436 13434
l 13434 13438
l 2668 2674
l 1529 1535
l 4422 4420
l 9476 9967
l 9976 9476
l 9476 9977
l 3627 3629
l 9219 9220
l 8709 8710
l 9479 9476
l 8199 8200
l 3631 3627
l 9729 9738
l 5389 5390
l 9740 9729
l 12046 12042
l 10512 10513
l 3905 3911
l 13588 13589
l 12312 12311
l 14098 14105
l 13082 13078
l 12042 12059
l 14029 14062
l 3118 3123
l 13087 13078
l 1570 1569
l 1826 1827
l 1569 1572
l 1829 1826
l 549 550
l 551 549
l 549 552
l 296 297
l 298 296
l 806 811
l 812 806
l 39 45
l 2605 2606
l 39 47
l 1384 1377
l 305 296
l 1586 1569
l 2611 2605
l 2095 2100
l 296 309
l 3625 3639
l 4152 4151
l 4153 4151
l 2095 2106
l 2605 2619
l 7227 7228
l 4918 4925
l 6717 6718
l 4408 4415
l 6207 6208
l 4417 4408
l 12568 12611
l 4604 4605
l 12614 12568
l 12568 12615
l 10206 10212
l 12112 12042
l 12042 12113
l 10512 10579
l 10580 10512
l 13162 13078
l 13078 13163
l 14208 14293
l 10054 10055
l 10206 10221
l 10054 10056
l 4602 4615
l 10222 10206
l 10057 10054
l 10060 10054
l 3161 3159
l 3329 3327
l 3165 3159
l 12155 12184
l 3159 3166
l 1073 1081
l 3159 3172
l 9927 9473
l 9933 9473
l 2046 2047
l 7023 7024
l 12216 12733
l 7355 7356
l 9473 9965
l 3976 3977
l 5269 5270
l 12336 12306
l 12306 12337
l 14592 14568
l 2851 2853
l 12306 12338
l 9985 9986
l 9475 9476
l 4146 4147
l 8965 8966
l 8455 8456
l 2851 2855
l 9730 9739
l 9730 9740
l 2856 2851
l 12048 12041
l 1894 1895
l 12052 12041
l 13332 13333
l 9750 9730
l 11531 11543
l 1894 1896
l 12041 12057
l 12041 12058
l 13077 13084
l 11549 11531
l 13077 13086
l 1826 1825
l 12312 12323
l 769 771
l 1061 1060
l 805 806
l 1060 1063
l 550 552
l 40 41
l 42 40
l 295 299
l 3371 3372
l 45 40
l 40 46
l 10511 10543
l 2606 2608
l 1901 1894
l 2861 2866
l 2606 2611
l 5427 5428
l 2613 2606
l 2870 2861
l 4662 4663
l 2096 2104
l 4662 4665
l 2096 2106
l 4155 4152
l 2606 2620
l 4152 4157
l 6973 6974
l 4416 4407
l 4407 4417
l 1894 1905
l 11276 11334
l 11335 11276
l 4621 4627
l 11531 11603
l 11604 11531
l 12630 12567
l 4957 4960
l 12567 12632
l 14476 14473
l 1745 1744
l 4621 4633
l 1975 1969
l 622 617
l 12391 12844
l 3508 3509
l 3674 3676
l 3840 3842
l 13331 13704
l 13717 13331
l 13331 13718
l 3674 3680
l 11527 11171
l 4535 4537
l 3681 3674
l 1592 1594
l 1598 1592
l 9925 9474
l 9474 9926
l 2547 2563
l 13448 13478
l 13778 13809
l 1438 1440
l 14497 9633
l 8439 8440
l 1279 1276
l 12746 12756
l 10755 10756
l 10498 10503
l 11272 11269
l 10498 10505
l 8201 8202
l 8715 8716
l 9229 9230
l 5835 5836
l 4817 4810
l 10000 10002
l 9743 9748
l 15124 15125
l 3375 3372
l 12570 12571
l 13084 13085
l 9491 9496
l 13341 13343
l 14112 14113
l 2083 2081
l 2595 2596
l 2081 2085
l 2598 2595
l 2087 2081
l 2595 2600
l 2345 2338
l 12570 12586
l 41 43
l 44 41
l 41 45
l 3109 3118
l 3109 3119
l 298 304
l 298 305
l 818 812
l 3123 3109
l 308 298
l 1846 1840
l 1326 1335
l 1840 1848
l 1326 1337
l 1326 1338
l 1124 1127
l 4153 4156
l 4667 4669
l 4414 4410
l 4927 4924
l 4160 4153
l 4161 4153
l 14112 14146
l 14147 14112
l 2091 2087
l 10068 10592
l 13877 13279
l 2255 2257
l 4924 4938
l 4924 4942
l 4943 4924
l 4924 4945
l 12736 12216
l 12313 12374
l 2087 2095
l 4351 4349
l 13342 13664
l 9688 9537
l 10528 10516
l 4943 4947
l 3325 3323
l 13342 13692
l 4021 4027
l 13480 13515
l 13342 13705
l 13706 13342
l 3323 3326
l 15202 15203
l 4021 4030
l 2709 2716
l 2905 2904
l 11898 11924
l 13608 13359
l 3548 3550
l 12391 12389
l 8049 8050
l 12263 12266
l 10516 10531
l 9487 9920
l 9921 9487
l 822 824
l 5799 5800
l 825 822
l 822 826
l 1787 1792
l 1787 1793
l 13894 13701
l 3717 3718
l 14611 14599
l 3719 3717
l 14473 14538
l 3717 3720
l 3885 3886
l 10242 10243
l 9720 9537
l 10756 10757
l 12039 12040
l 12039 12041
l 8457 8458
l 3889 3885
l 8971 8972
l 5647 5648
l 12039 12046
l 673 672
l 3885 3890
l 9745 9744
l 11525 11538
l 9491 9485
l 925 935
l 2762 2764
l 9999 10008
l 9999 10009
l 12314 12315
l 13083 13084
l 672 676
l 13343 13342
l 1639 1635
l 13020 13048
l 2341 2337
l 2337 2342
l 2337 2343
l 2600 2596
l 2596 2601
l 3370 3365
l 43 42
l 812 811
l 3879 3885
l 46 42
l 815 811
l 3110 3120
l 42 49
l 811 818
l 297 307
l 1070 1076
l 309 297
l 297 310
l 1325 1335
l 1070 1080
l 4410 4409
l 4923 4924
l 4154 4157
l 4409 4414
l 4415 4409
l 5951 5952
l 4154 4161
l 4162 4154
l 4154 4163
l 12617 12569
l 4940 4923
l 4923 4943
l 4923 4946
l 12871 12385
l 14486 14487
l 15148 15149
l 13688 13341
l 11269 11276
l 12900 12901
l 3583 3581
l 13341 13706
l 3581 3584
l 11942 11941
l 3420 3413
l 12700 12670
l 12569 12695
l 9488 9886
l 14824 14832
l 11941 11947
l 9898 9488
l 9488 9899
l 10163 10190
l 7273 7274
l 11949 11941
l 9511 9816
l 1338 1335
l 14439 14652
l 7441 7442
l 1335 1340
l 13009 13043
l 1335 1344
l 4066 4067
l 4066 4068
l 13009 13044
l 9511 9827
l 13433 13901
l 1183 1184
l 4070 4066
l 13433 13902
l 1183 1185
l 5363 5364
l 3110 3109
l 4402 4403
l 4402 4404
l 10243 10244
l 10243 10245
l 11015 11010
l 11271 11272
l 12038 12041
l 8713 8714
l 8203 8204
l 12046 12038
l 9998 9999
l 9231 9232
l 10210 10691
l 3280 3277
l 11821 11822
l 12931 12900
l 13191 13232
l 4402 4409
l 12315 12316
l 3282 3277
l 12572 12574
l 1890 1898
l 2850 2851
l 2083 2084
l 2085 2083
l 2083 2086
l 2855 2850
l 3878 3880
l 2850 2857
l 553 554
l 555 553
l 43 44
l 300 301
l 810 814
l 1583 1581
l 3368 3376
l 49 43
l 1328 1330
l 3111 3124
l 1071 1077
l 7733 7734
l 1071 1079
l 7223 7224
l 9741 9787
l 1183 1199
l 4155 4158
l 4155 4159
l 4155 4160
l 13082 13122
l 13123 13082
l 14533 14486
l 13646 13344
l 14882 14384
l 13048 13009
l 9696 9692
l 12116 12038
l 2000 2001
l 14589 14597
l 11324 11269
l 9692 9701
l 11269 11325
l 13344 13683
l 2184 2182
l 3930 3931
l 13344 13688
l 13689 13344
l 3930 3932
l 9853 9485
l 10516 10549
l 13191 13252
l 3933 3930
l 10973 10998
l 13704 13719
l 3930 3934
l 10999 10973
l 11941 11992
l 3764 3770
l 3771 3764
l 9485 9886
l 1848 1850
l 3764 3775
l 2645 2648
l 2813 2814
l 723 725
l 2855 2856
l 1848 1853
l 9485 9906
l 2633 2632
l 723 727
l 723 728
l 9485 9917
l 2855 2857
l 6833 6834
l 10493 10459
l 13578 13579
l 7001 7002
l 9485 9947
l 9948 9485
l 13704 13737
l 13704 13738
l 3522 3528
l 1532 1534
l 12568 12255
l 3459 3458
l 8271 8272
l 10754 10755
l 11272 11273
l 4814 4812
l 13680 13646
l 8459 8460
l 9487 9488
l 9489 9487
l 9742 9749
l 9742 9757
l 9758 9742
l 3628 3634
l 13345 13344
l 14114 14109
l 2339 2340
l 2341 2339
l 2849 2854
l 2849 2855
l 3367 3368
l 1380 1381
l 809 810
l 811 809
l 554 556
l 45 44
l 814 809
l 47 44
l 1327 1328
l 44 49
l 299 306
l 307 299
l 299 308
l 53 44
l 1072 1078
l 44 55
l 7479 7480
l 10244 10297
l 4922 4921
l 44 59
l 4412 4411
l 1380 1385
l 4156 4158
l 5439 5440
l 4411 4417
l 1380 1386
l 4156 4163
l 2862 2855
l 4156 4165
l 10311 10244
l 4168 4156
l 4938 4921
l 1388 1380
l 4267 4275
l 10205 10213
l 4276 4267
l 10205 10214
l 13662 13343
l 4267 4278
l 263 265
l 11272 11371
l 10964 11005
l 13677 13343
l 14280 14245
l 13690 13343
l 13343 13691
l 3160 3161
l 3160 3162
l 3163 3160
l 11476 11172
l 4711 4706
l 3160 3164
l 9899 9486
l 9486 9900
l 9486 9901
l 14233 14244
l 12322 12307
l 1074 1080
l 1081 1074
l 9958 9469
l 10579 10468
l 2045 2047
l 4933 4932
l 6225 6226
l 13076 13078
l 4935 4932
l 12331 12307
l 9959 9469
l 4932 4936
l 13294 13276
l 13276 13295
l 5383 5384
l 14613 14589
l 13616 13628
l 10129 10132
l 2852 2850
l 2850 2853
l 10760 10759
l 3018 3019
l 9482 9483
l 8205 8206
l 3020 3018
l 8719 8720
l 10245 10257
l 11795 11779
l 3018 3021
l 14614 14617
l 13338 13337
l 14619 14614
l 6073 6074
l 14614 14623
l 1893 1896
l 3106 3105
l 3362 3363
l 3105 3108
l 1893 1897
l 2085 2086
l 1591 1588
l 3362 3368
l 2599 2601
l 2090 2085
l 2085 2091
l 1324 1322
l 1836 1837
l 45 46
l 14405 14812
l 560 559
l 816 817
l 1330 1322
l 45 51
l 45 52
l 45 53
l 6197 6198
l 2856 2871
l 6711 6712
l 10297 10245
l 5177 5178
l 4150 4152
l 11265 11326
l 4159 4157
l 4414 4416
l 4671 4673
l 4157 4162
l 11010 11057
l 4157 4164
l 4414 4421
l 4422 4414
l 4935 4928
l 4414 4424
l 4928 4937
l 776 777
l 776 778
l 11060 11010
l 14233 14277
l 14742 14744
l 13662 13338
l 13665 13338
l 10429 10432
l 13338 13672
l 12217 12704
l 11265 11370
l 11371 11265
l 13676 13338
l 12705 12217
l 1741 1747
l 14204 14231
l 3672 3671
l 1749 1741
l 14120 14113
l 1151 1065
l 1065 1152
l 3671 3674
l 3839 3840
l 13338 13701
l 13702 13338
l 3507 3510
l 3841 3839
l 13552 13360
l 618 625
l 13360 13554
l 13754 13786
l 4373 4379
l 13494 13495
l 1589 1591
l 13338 13730
l 13731 13338
l 10627 10059
l 1589 1593
l 2770 2772
l 9905 9483
l 9483 9906
l 1595 1589
l 14486 9634
l 9919 9483
l 7699 7700
l 10248 10256
l 7535 7536
l 7867 7868
l 9483 9937
l 9938 9483
l 11833 11882
l 9483 9946
l 12515 12510
l 4556 4560
l 11667 11720
l 5617 5618
l 1437 1440
l 4823 4829
l 9634 14498
l 9483 9974
l 9975 9483
l 14499 9634
l 14776 14742
l 4556 4561
l 14445 14640
l 11521 11524
l 11521 11525
l 11528 11521
l 11521 11529
l 9481 9482
l 9481 9483
l 9481 9484
l 9481 9485
l 8461 8462
l 11780 11791
l 8975 8976
l 11793 11780
l 14439 14686
l 2410 2411
l 13339 13338
l 2410 2412
l 10202 10203
l 12035 12063
l 10246 10272
l 9761 9740
l 3362 3361
l 3107 3106
l 3875 3876
l 3474 3488
l 2342 2341
l 12318 12327
l 2086 2088
l 2089 2086
l 1321 1322
l 1067 1066
l 1069 1066
l 301 302
l 1580 1583
l 1066 1072
l 46 49
l 46 50
l 815 819
l 52 46
l 821 815
l 54 46
l 823 815
l 4504 4507
l 5433 5434
l 10941 10940
l 5947 5948
l 4413 4414
l 10883 10919
l 4673 4672
l 12318 12354
l 12355 12318
l 3371 3382
l 4934 4927
l 4158 4167
l 4927 4937
l 4158 4170
l 14113 14163
l 14164 14113
l 2260 2256
l 13664 13337
l 14644 14445
l 1134 1133
l 11266 11369
l 14210 14153
l 11219 11261
l 4855 4852
l 4020 4023
l 4024 4020
l 1139 1133
l 8595 8596
l 1133 1140
l 4020 4027
l 976 973
l 13337 13708
l 13337 13709
l 2903 2905
l 15000 15001
l 9928 9971
l 14976 14977
l 9904 9484
l 14473 14541
l 9923 9484
l 9484 9928
l 9484 9929
l 12698 12681
l 821 824
l 13398 13393
l 821 827
l 1790 1788
l 1788 1791
l 10883 10926
l 5009 5010
l 15212 15213
l 12077 12044
l 3718 3720
l 3884 3886
l 10247 10248
l 10247 10249
l 9738 9737
l 9227 9228
l 3884 3888
l 8207 8208
l 11524 11537
l 10757 10775
l 14363 14359
l 11804 11777
l 14359 14365
l 11094 11106
l 11777 11808
l 1637 1636
l 3617 3618
l 11777 11811
l 3108 3107
l 10757 10790
l 3111 3107
l 2088 2087
l 2345 2344
l 1578 1577
l 1577 1579
l 1068 1067
l 1324 1325
l 557 558
l 559 557
l 47 48
l 304 306
l 1067 1075
l 814 820
l 814 821
l 814 822
l 304 311
l 304 312
l 313 304
l 5689 5690
l 4857 4859
l 5179 5180
l 13638 13354
l 10466 10451
l 2599 2605
l 4159 4160
l 4416 4417
l 4162 4159
l 4419 4416
l 2606 2599
l 4857 4861
l 4416 4422
l 13086 13128
l 13129 13086
l 11131 11127
l 12225 12229
l 12230 12225
l 13661 13340
l 13340 13662
l 13340 13663
l 13354 13645
l 13159 13086
l 13354 13647
l 13086 13164
l 13648 13354
l 14616 14704
l 14705 14616
l 13994 13998
l 3418 3416
l 3416 3420
l 14498 14487
l 1331 1330
l 15100 15101
l 11197 11374
l 2461 2459
l 3424 3416
l 11197 11376
l 9481 9905
l 14369 14387
l 3416 3426
l 9920 9481
l 1511 1513
l 13994 14002
l 14120 14124
l 4065 4071
l 4401 4402
l 12033 12034
l 11778 11779
l 4072 4065
l 3110 3111
l 6327 6328
l 11787 11778
l 9483 9484
l 10503 10509
l 3110 3112
l 10255 10248
l 8463 8464
l 4065 4075
l 3279 3278
l 6495 6496
l 10976 10974
l 13850 13852
l 13340 13341
l 13085 13086
l 13340 13343
l 13344 13340
l 11013 11041
l 3873 3874
l 11013 11043
l 3364 3363
l 3108 3109
l 3618 3622
l 2598 2599
l 2344 2343
l 2088 2089
l 1833 1834
l 1579 1578
l 1323 1324
l 1068 1069
l 814 813
l 2095 2088
l 304 303
l 48 49
l 813 818
l 1075 1068
l 3285 3278
l 303 310
l 9738 9783
l 312 303
l 303 314
l 3110 3121
l 813 828
l 14141 14105
l 303 319
l 4672 4670
l 4160 4161
l 4160 4162
l 14381 14878
l 4415 4420
l 4165 4160
l 13366 13592
l 4160 4167
l 4249 4251
l 4415 4425
l 4925 4938
l 4925 4939
l 4878 4883
l 4941 4925
l 4884 4878
l 12033 12118
l 12119 12033
l 13664 13339
l 13666 13339
l 13670 13339
l 874 875
l 13190 13246
l 11942 11985
l 874 877
l 11197 11415
l 874 878
l 2006 1999
l 14889 14381
l 13339 13700
l 13339 13703
l 1999 2009
l 883 874
l 2973 2972
l 11800 11291
l 9738 9881
l 2972 2975
l 7621 7622
l 9678 9673
l 2689 2698
l 2646 2648
l 9482 9904
l 1847 1853
l 2814 2816
l 7957 7958
l 14660 14692
l 724 729
l 12428 12440
l 724 733
l 2689 2700
l 1695 1696
l 5543 5544
l 1695 1697
l 5875 5876
l 1533 1531
l 3457 3459
l 2701 2689
l 3626 3625
l 12290 12289
l 14630 14449
l 13317 13318
l 13317 13319
l 13317 13320
l 13065 13060
l 13322 13317
l 15116 15117
l 8209 8210
l 3630 3625
l 14859 14869
l 9237 9238
l 9495 9494
l 10265 10266
l 10522 10523
l 11036 11037
l 3625 3632
l 11036 11039
l 11036 11040
l 11041 11036
l 4130 4129
l 4129 4131
l 11036 11044
l 4643 4645
l 4386 4390
l 5671 5672
l 4393 4386
l 6185 6186
l 12488 12473
l 6699 6700
l 10029 10008
l 7213 7214
l 4763 4760
l 3625 3636
l 564 563
l 4760 4764
l 49 54
l 55 49
l 306 313
l 820 826
l 1383 1379
l 49 60
l 317 306
l 2362 2366
l 2367 2362
l 3133 3136
l 3137 3133
l 3650 3647
l 2362 2371
l 2362 2372
l 3398 3390
l 2376 2362
l 2344 2348
l 3659 3647
l 3390 3404
l 2512 2514
l 10204 10210
l 3390 3407
l 2350 2344
l 10204 10212
l 2344 2351
l 3368 3375
l 4608 4609
l 9844 9495
l 9847 9495
l 12412 12289
l 9495 9854
l 9857 9495
l 3322 3321
l 12308 12311
l 12289 12432
l 12289 12433
l 3153 3159
l 12435 12289
l 12308 12314
l 9495 9883
l 9884 9495
l 11681 11684
l 10204 10227
l 15232 15233
l 10204 10228
l 10229 10204
l 3536 3542
l 13750 13318
l 9495 9911
l 9912 9495
l 1075 1079
l 1080 1075
l 13615 13617
l 2209 2206
l 7517 7518
l 7021 7022
l 4931 4933
l 2206 2213
l 10736 10738
l 3975 3974
l 10722 10734
l 12291 12290
l 5107 5108
l 13318 13319
l 5271 5272
l 14721 14722
l 927 929
l 13584 13573
l 14087 14097
l 8465 8466
l 927 930
l 9494 9493
l 931 927
l 10266 10267
l 11035 11037
l 11035 11040
l 4386 4385
l 1892 1895
l 4899 4900
l 4645 4644
l 4899 4902
l 4391 4385
l 2849 2858
l 4385 4393
l 6441 6442
l 14556 14598
l 6955 6956
l 1892 1897
l 7469 7470
l 7983 7984
l 51 50
l 305 308
l 309 305
l 11549 11574
l 1079 1078
l 11576 11549
l 1081 1078
l 50 58
l 819 827
l 50 60
l 819 829
l 1086 1078
l 3135 3134
l 3134 3136
l 3648 3649
l 3134 3138
l 3395 3389
l 3656 3648
l 3648 3659
l 3648 3660
l 12063 12109
l 14556 14605
l 10266 10321
l 12511 12270
l 12984 13013
l 13780 13782
l 14314 14355
l 1742 1744
l 12703 12220
l 12704 12220
l 9846 9496
l 9848 9496
l 12411 12290
l 9852 9496
l 9496 9853
l 12414 12290
l 12102 12140
l 3672 3673
l 12389 12843
l 2545 2547
l 12429 12290
l 2545 2548
l 12290 12433
l 2714 2713
l 2549 2545
l 4394 4399
l 9496 9882
l 12443 12290
l 12290 12444
l 9496 9885
l 623 627
l 10062 10624
l 10734 10774
l 13780 13797
l 13743 13317
l 13317 13744
l 13859 13752
l 10598 10064
l 14741 14763
l 1596 1590
l 470 467
l 14766 14744
l 14135 14128
l 10064 10599
l 4625 4619
l 12514 12511
l 6413 6414
l 14057 14049
l 12220 12730
l 13495 13511
l 6581 6582
l 9635 14499
l 12292 12291
l 6749 6750
l 4659 4661
l 13184 13155
l 13322 13319
l 3366 3369
l 14347 14348
l 12548 12557
l 8721 8722
l 3534 3536
l 8211 8212
l 10006 10007
l 9239 9240
l 9497 9496
l 9755 9749
l 9749 9756
l 10524 10525
l 11805 11806
l 11295 11296
l 9749 9761
l 4642 4641
l 9749 9764
l 5669 5670
l 3534 3540
l 4388 4392
l 12511 12529
l 6697 6698
l 3541 3534
l 12548 12589
l 7725 7726
l 4978 4971
l 7215 7216
l 561 562
l 563 561
l 561 564
l 1589 1590
l 818 823
l 824 818
l 51 57
l 1079 1082
l 51 59
l 1340 1336
l 818 829
l 1854 1846
l 1288 1290
l 1079 1088
l 2113 2107
l 2370 2364
l 3392 3395
l 2372 2364
l 3392 3397
l 2364 2374
l 2364 2375
l 3135 3144
l 2364 2377
l 3135 3147
l 12062 12110
l 12731 12741
l 12511 12537
l 14930 9737
l 10267 10329
l 12886 12389
l 8691 8692
l 13360 13361
l 4019 4021
l 12048 12043
l 12291 12411
l 12412 12291
l 9853 9493
l 9854 9493
l 5405 5406
l 4019 4026
l 1134 1141
l 12684 12685
l 9884 9493
l 12291 12446
l 12447 12291
l 2105 2106
l 2902 2903
l 10765 10760
l 2904 2902
l 980 981
l 11263 11230
l 13320 13745
l 9493 9907
l 9493 9908
l 13320 13752
l 9913 9493
l 4463 4470
l 9493 9915
l 13357 13354
l 12334 12400
l 2499 2502
l 13775 13320
l 5797 5798
l 13320 13780
l 13320 13781
l 14310 14343
l 9512 9513
l 4025 4017
l 12434 12474
l 11296 11749
l 6133 6134
l 4674 4676
l 4017 4026
l 9489 9490
l 12293 12292
l 13830 13831
l 12296 12292
l 14858 14859
l 14348 14349
l 14348 14350
l 8977 8978
l 5645 5646
l 8467 8468
l 13086 13115
l 9496 9495
l 10009 10005
l 10005 10010
l 9499 9495
l 10523 10524
l 10268 10270
l 670 673
l 11296 11297
l 4898 4897
l 10276 10268
l 11607 11618
l 4387 4390
l 4387 4392
l 6953 6954
l 11296 11307
l 4132 4140
l 4132 4141
l 4142 4132
l 10268 10287
l 7471 7472
l 14447 14446
l 817 818
l 2601 2600
l 308 307
l 52 53
l 54 52
l 1590 1591
l 1335 1336
l 57 52
l 52 58
l 1590 1595
l 1080 1084
l 12349 12292
l 1845 1854
l 1087 1080
l 1088 1080
l 2625 2618
l 2618 2626
l 2115 2108
l 2873 2884
l 2373 2363
l 2108 2118
l 3391 3399
l 2363 2376
l 9791 9509
l 2378 2363
l 2363 2379
l 3391 3405
l 12110 12061
l 2768 2772
l 2607 2600
l 2600 2608
l 11551 11607
l 11551 11608
l 2768 2774
l 11614 11551
l 11551 11616
l 4865 4864
l 12043 12096
l 1481 1485
l 14412 14409
l 9846 9494
l 13727 13735
l 12292 12414
l 14154 14161
l 12568 12564
l 12564 12569
l 12292 12428
l 12429 12292
l 3415 3416
l 3415 3417
l 12441 12292
l 12292 12442
l 4463 4479
l 3584 3583
l 9888 9494
l 9494 9889
l 9494 9890
l 368 369
l 11944 11939
l 11939 11945
l 13744 13319
l 11375 11198
l 4480 4463
l 3415 3424
l 13319 13752
l 13319 13753
l 13754 13319
l 3425 3415
l 14790 14406
l 11378 11198
l 11774 11772
l 3415 3427
l 7443 7444
l 13794 13319
l 13319 13795
l 7611 7612
l 11672 11124
l 12256 12258
l 12256 12260
l 12261 12256
l 13314 13313
l 12294 12293
l 13064 13070
l 15120 15121
l 9233 9234
l 8213 8214
l 4404 4405
l 8727 8728
l 10011 10004
l 11292 11289
l 10270 10269
l 10526 10527
l 4407 4404
l 5153 5154
l 3279 3280
l 5667 5668
l 4133 4135
l 10004 10024
l 4390 4393
l 4133 4138
l 4133 4139
l 4133 4140
l 4397 4390
l 6189 6190
l 14154 14195
l 4390 4400
l 1074 1073
l 1075 1073
l 3111 3118
l 1078 1073
l 53 55
l 56 53
l 53 57
l 314 310
l 3386 3387
l 3643 3644
l 310 317
l 310 318
l 2366 2367
l 2366 2368
l 2366 2369
l 2366 2370
l 2115 2109
l 2884 2880
l 2109 2117
l 2880 2887
l 3122 3111
l 3129 3145
l 4877 4881
l 10318 10269
l 11040 11088
l 11089 11040
l 14406 14819
l 10702 10212
l 4877 4885
l 4886 4877
l 3279 3293
l 12827 12395
l 1998 2003
l 2249 2255
l 2004 1998
l 12410 12293
l 12293 12411
l 1998 2005
l 9491 9854
l 9855 9491
l 13415 13413
l 12293 12427
l 2805 2803
l 14214 14154
l 14562 14618
l 12293 12447
l 1847 1846
l 11198 11423
l 14154 14220
l 1846 1850
l 889 873
l 2600 2598
l 14615 14452
l 9491 9921
l 12429 12437
l 13314 13779
l 10846 10827
l 13053 13065
l 12465 12500
l 6671 6672
l 3659 3658
l 10853 10827
l 569 572
l 13314 13315
l 10222 10224
l 12294 12295
l 12294 12296
l 12294 12297
l 11546 11578
l 2766 2767
l 3626 3627
l 10226 10222
l 3462 3460
l 3626 3628
l 9491 9489
l 8469 8470
l 3629 3626
l 8983 8984
l 11546 11545
l 11290 11291
l 3626 3630
l 9748 9758
l 4758 4757
l 11040 11039
l 5409 5410
l 10784 10787
l 5923 5924
l 4389 4390
l 4135 4134
l 4903 4904
l 4134 4137
l 4903 4906
l 7979 7980
l 4389 4397
l 4398 4389
l 6959 6960
l 4389 4401
l 1330 1329
l 1075 1074
l 1843 1844
l 1588 1589
l 1843 1846
l 55 54
l 824 823
l 419 417
l 58 54
l 827 823
l 3132 3130
l 54 61
l 823 830
l 2367 2365
l 2879 2880
l 3899 3905
l 3385 3394
l 2879 2883
l 2624 2628
l 2885 2879
l 2879 2886
l 2110 2119
l 11039 11080
l 2633 2624
l 2624 2634
l 2511 2512
l 2511 2513
l 417 424
l 10827 10871
l 2349 2343
l 11545 11610
l 2343 2350
l 1391 1390
l 10270 10348
l 13749 13794
l 12059 12151
l 2989 2995
l 12309 12311
l 10784 10899
l 10900 10784
l 4917 4922
l 3154 3159
l 9890 9492
l 9492 9891
l 12645 12646
l 11593 11628
l 13745 13313
l 3164 3154
l 10203 10229
l 3154 3165
l 10230 10203
l 10269 10683
l 10684 10269
l 3154 3168
l 6055 6056
l 1076 1081
l 11684 11694
l 4932 4930
l 13313 13799
l 4930 4933
l 10735 10737
l 6227 6228
l 13812 13313
l 3973 3975
l 10590 10061
l 12309 12333
l 12330 12829
l 13062 13064
l 4905 4903
l 15118 15119
l 13840 13825
l 928 926
l 9235 9236
l 4453 4459
l 8725 8726
l 8215 8216
l 13825 13849
l 11038 11040
l 11297 11291
l 5665 5666
l 14351 14371
l 5155 5156
l 14351 14374
l 14351 14375
l 4135 4136
l 4135 4137
l 7721 7722
l 1891 1895
l 4149 4150
l 6701 6702
l 934 926
l 4151 4149
l 4135 4146
l 10035 10002
l 4148 4135
l 4149 4135
l 565 566
l 567 565
l 55 56
l 312 313
l 314 312
l 312 315
l 1842 1852
l 61 55
l 1332 1342
l 926 937
l 2112 2111
l 2369 2368
l 2111 2114
l 2883 2878
l 2116 2111
l 2368 2373
l 2111 2118
l 12103 12058
l 2621 2632
l 11789 14921
l 11038 11082
l 2621 2635
l 2380 2368
l 2856 2864
l 2865 2856
l 12121 12058
l 12058 12122
l 4686 4680
l 12760 12813
l 12058 12158
l 15078 15079
l 12295 12417
l 12418 12295
l 1748 1739
l 10723 10767
l 4343 4345
l 3669 3673
l 1739 1750
l 11525 11536
l 11537 11525
l 624 625
l 4569 4568
l 12053 12100
l 1739 1754
l 12196 12205
l 13745 13316
l 10061 10626
l 1587 1592
l 13751 13316
l 7529 7530
l 1587 1593
l 4347 4343
l 7697 7698
l 9464 9999
l 1597 1587
l 14744 14765
l 7865 7866
l 13316 13783
l 13316 13784
l 11415 11378
l 14744 14770
l 5783 5784
l 13154 13180
l 5619 5620
l 13154 13181
l 9463 10027
l 3366 3365
l 13317 13316
l 13319 13316
l 4680 4692
l 12390 12868
l 14081 14092
l 4661 4660
l 13061 13072
l 3533 3534
l 9491 9492
l 9491 9493
l 3533 3535
l 8471 8472
l 12219 12736
l 3365 3371
l 10527 10528
l 10527 10529
l 5921 5922
l 14352 14371
l 5411 5412
l 3538 3533
l 4902 4901
l 4646 4647
l 4648 4646
l 4136 4137
l 4138 4136
l 4395 4391
l 7467 7468
l 4141 4136
l 4391 4398
l 4136 4143
l 6447 6448
l 2412 2413
l 12082 12057
l 1843 1841
l 1588 1586
l 1076 1077
l 821 822
l 823 821
l 566 568
l 57 56
l 826 821
l 59 56
l 311 316
l 56 61
l 3132 3134
l 311 319
l 2367 2368
l 65 56
l 1289 1287
l 56 67
l 11037 11076
l 2373 2367
l 2118 2112
l 56 71
l 10272 10312
l 14921 11790
l 4808 4821
l 4405 4407
l 11770 11810
l 11893 11905
l 10266 10282
l 3176 3181
l 12534 12546
l 12042 12043
l 11037 11112
l 10096 10092
l 4301 4309
l 12057 12148
l 12149 12057
l 4018 4020
l 4018 4021
l 12296 12415
l 4018 4022
l 12417 12296
l 4023 4018
l 14674 14684
l 3229 3231
l 3232 3229
l 4311 4301
l 9490 9897
l 2106 2107
l 979 980
l 11819 11823
l 10163 10165
l 15012 15013
l 14974 14975
l 3071 3069
l 14053 14061
l 3072 3069
l 2901 2907
l 11976 12007
l 9946 9973
l 13026 13023
l 5979 5980
l 3061 3076
l 7089 7090
l 13783 13315
l 4976 4983
l 7257 7258
l 13023 13030
l 11291 11747
l 11748 11291
l 11291 11750
l 1786 1789
l 14025 14007
l 1955 1952
l 13315 13812
l 1791 1786
l 827 830
l 2744 2752
l 14617 14629
l 12189 12198
l 3883 3882
l 12298 12297
l 12554 12555
l 13325 13326
l 14096 14097
l 14096 14098
l 12387 12389
l 9492 9493
l 11542 11543
l 10514 10520
l 14617 14630
l 8217 8218
l 13839 13851
l 8731 8732
l 10771 10781
l 9245 9246
l 9502 9503
l 9504 9502
l 10016 10017
l 6177 6178
l 13043 13023
l 6691 6692
l 7205 7206
l 7719 7720
l 4139 4137
l 10514 10540
l 4651 4653
l 4137 4142
l 4137 4143
l 4137 4144
l 4145 4137
l 13530 13571
l 2354 2355
l 2356 2354
l 2354 2357
l 675 676
l 2097 2103
l 2868 2872
l 2097 2105
l 57 58
l 315 314
l 572 571
l 828 829
l 12056 12094
l 57 63
l 57 64
l 57 65
l 1090 1085
l 1856 1859
l 10308 10257
l 1856 1861
l 1863 1856
l 2765 2769
l 1098 1085
l 2765 2770
l 2597 2605
l 13023 13052
l 10757 10798
l 11460 11453
l 12056 12123
l 12124 12056
l 14096 14173
l 14174 14096
l 11917 11954
l 9503 9826
l 11453 11463
l 10397 10413
l 12056 12141
l 14155 14153
l 4863 4866
l 4867 4863
l 11402 11494
l 12056 12153
l 11757 11798
l 1484 1487
l 9503 9859
l 9860 9503
l 11272 11274
l 12425 12297
l 11976 12015
l 1484 1490
l 3578 3580
l 10757 10812
l 1493 1484
l 13326 13725
l 13738 13326
l 3410 3420
l 10816 10757
l 11770 11824
l 12631 12250
l 12903 12906
l 10856 10886
l 13326 13755
l 13756 13326
l 2462 2461
l 11452 11448
l 13326 13764
l 1332 1336
l 13870 13873
l 14204 14205
l 1332 1339
l 12081 12043
l 1341 1332
l 13326 13792
l 6481 6482
l 13534 13548
l 14007 14076
l 1700 1705
l 14514 14473
l 12285 12288
l 12299 12298
l 13326 13327
l 1700 1706
l 13581 13589
l 11453 11498
l 8473 8474
l 12903 12927
l 8987 8988
l 9502 9501
l 4403 4405
l 12320 12298
l 6433 6434
l 6947 6948
l 13605 13581
l 7461 7462
l 7975 7976
l 11123 11683
l 4393 4395
l 4138 4140
l 4653 4652
l 4403 4408
l 4393 4399
l 3281 3280
l 2098 2099
l 2100 2098
l 2613 2612
l 2870 2867
l 2103 2098
l 2098 2104
l 3129 3126
l 2867 2874
l 313 315
l 3895 3900
l 58 61
l 58 62
l 827 831
l 64 58
l 1601 1600
l 66 58
l 827 835
l 1086 1092
l 1855 1861
l 12055 12102
l 12103 12055
l 1865 1855
l 843 827
l 2157 2160
l 10713 10743
l 14371 14879
l 14204 14232
l 3112 3124
l 11125 11682
l 13359 13609
l 9826 9504
l 1997 1999
l 14371 14882
l 2000 1997
l 14369 14371
l 9504 9840
l 12145 12055
l 10211 10706
l 14153 14209
l 3928 3927
l 12298 12418
l 12298 12419
l 9504 9860
l 9861 9504
l 1997 2006
l 4096 4095
l 13417 13414
l 12358 12404
l 2971 2970
l 13722 13325
l 13325 13723
l 14153 14215
l 14369 14381
l 2663 2664
l 2970 2973
l 1846 1845
l 2974 2970
l 1845 1847
l 13752 13753
l 10680 10513
l 2665 2663
l 7787 7788
l 1851 1845
l 14388 14369
l 7955 7956
l 11009 10962
l 8123 8124
l 10962 11010
l 10962 11011
l 13414 13432
l 13102 13076
l 9556 14931
l 1694 1693
l 13076 13103
l 5873 5874
l 2888 2891
l 14626 14451
l 15106 15107
l 14596 14597
l 3623 3625
l 10221 10224
l 12558 12556
l 12303 12299
l 4916 4919
l 2498 2499
l 3792 3791
l 12055 12054
l 3793 3791
l 8729 8730
l 4921 4916
l 8219 8220
l 13837 13853
l 12318 12299
l 4916 4922
l 9505 9504
l 6689 6690
l 9507 9504
l 6179 6180
l 7717 7718
l 7207 7208
l 1541 1542
l 4139 4140
l 4397 4396
l 5677 5678
l 5167 5168
l 3057 3056
l 2099 2101
l 2102 2099
l 2099 2103
l 2866 2872
l 3384 3385
l 569 570
l 571 569
l 59 60
l 316 318
l 3903 3894
l 826 832
l 826 833
l 826 834
l 1344 1347
l 1854 1860
l 12054 12101
l 3894 3910
l 10202 10206
l 10516 10570
l 9576 9549
l 3639 3623
l 10202 10208
l 9826 9501
l 15140 15141
l 13671 13328
l 427 420
l 12054 12139
l 12054 12140
l 13970 13939
l 1392 1389
l 4606 4609
l 9859 9501
l 3127 3206
l 12423 12299
l 13328 13704
l 9501 9865
l 1396 1389
l 4613 4606
l 9501 9871
l 1389 1397
l 14556 14565
l 14556 14566
l 3155 3158
l 14567 14556
l 3323 3324
l 2362 2363
l 13328 13736
l 2362 2364
l 15230 15231
l 11683 11684
l 2365 2362
l 1238 1237
l 1240 1237
l 1237 1242
l 13328 13766
l 13767 13328
l 9601 9549
l 10722 10729
l 9549 9602
l 12310 12323
l 1246 1237
l 12324 12310
l 2208 2209
l 2042 2044
l 4929 4930
l 10733 10722
l 4931 4929
l 2211 2208
l 9765 9772
l 10735 10722
l 9549 9609
l 7519 7520
l 5265 5266
l 13609 13626
l 12555 12556
l 12301 12300
l 12555 12560
l 14053 14095
l 13330 13328
l 925 927
l 13334 13328
l 12053 12055
l 12036 12015
l 8985 8986
l 8475 8476
l 10013 10014
l 1891 1890
l 12320 12300
l 10273 10260
l 6945 6946
l 6435 6436
l 7973 7974
l 12327 12300
l 7463 7464
l 4906 4905
l 4650 4651
l 4396 4395
l 4650 4653
l 925 932
l 4140 4143
l 5423 5424
l 2610 2611
l 2612 2610
l 2101 2100
l 3893 3894
l 2610 2615
l 1896 1890
l 2617 2610
l 826 825
l 2100 2107
l 570 572
l 60 61
l 825 830
l 1598 1599
l 1344 1343
l 1088 1089
l 834 825
l 1091 1088
l 825 836
l 3893 3909
l 14918 12034
l 10260 10314
l 825 844
l 11543 11601
l 9914 9489
l 12949 12951
l 2855 2865
l 11015 11058
l 11059 11015
l 1740 1741
l 14407 14413
l 9841 9502
l 9502 9843
l 2855 2870
l 12300 12407
l 12300 12409
l 1740 1746
l 3128 3206
l 14218 14191
l 13723 13327
l 13444 13460
l 9463 9989
l 14453 14452
l 3670 3676
l 2355 2357
l 13741 13327
l 9149 9150
l 13327 13746
l 13327 13747
l 12196 12202
l 621 629
l 14482 9637
l 630 621
l 2720 2719
l 1593 1588
l 9637 14484
l 1588 1594
l 9637 14485
l 2582 2578
l 14743 14766
l 6739 6740
l 4637 4631
l 14767 14743
l 9807 9832
l 5485 5486
l 12310 12383
l 11220 11226
l 14598 14599
l 15112 15113
l 13321 13323
l 13324 13321
l 12301 12302
l 12301 12303
l 12301 12304
l 12301 12305
l 12306 12301
l 12052 12053
l 12052 12054
l 12052 12055
l 12052 12056
l 9241 9242
l 9498 9500
l 12317 12301
l 8221 8222
l 12301 12319
l 3370 3368
l 14369 14341
l 7201 7202
l 13072 13091
l 7715 7716
l 3368 3371
l 6181 6182
l 14375 14341
l 6695 6696
l 5161 5162
l 5675 5676
l 4143 4141
l 10775 10800
l 4170 4169
l 3122 3121
l 3121 3123
l 3368 3374
l 3381 3378
l 2101 2102
l 2358 2359
l 2360 2358
l 2411 2413
l 3378 3386
l 1338 1339
l 1340 1338
l 1597 1595
l 1081 1086
l 319 318
l 2872 2880
l 1345 1338
l 61 66
l 67 61
l 575 580
l 1595 1605
l 575 582
l 61 72
l 575 585
l 575 586
l 832 844
l 13244 13153
l 2243 2252
l 13229 13220
l 4921 4924
l 10094 10097
l 4505 4508
l 10571 10611
l 13596 13362
l 9964 9981
l 15226 15227
l 4505 4511
l 13609 13696
l 10284 10267
l 4513 4505
l 9499 9846
l 4017 4020
l 10484 10432
l 12385 12389
l 3060 3061
l 9870 9499
l 4017 4024
l 11084 11089
l 1136 1139
l 3064 3060
l 9499 9887
l 10076 10073
l 13741 13322
l 9637 14531
l 13220 13259
l 13748 13322
l 13322 13749
l 13322 13750
l 978 981
l 8045 8046
l 978 982
l 2107 2110
l 978 984
l 13611 13355
l 2107 2112
l 5821 5822
l 13024 13025
l 986 978
l 3062 3077
l 1951 1952
l 6131 6132
l 1954 1951
l 826 827
l 3715 3713
l 3882 3881
l 14597 14602
l 13323 13322
l 13577 13582
l 13583 13577
l 12302 12304
l 11282 11283
l 11282 11284
l 11285 11282
l 5643 5644
l 9497 9498
l 9497 9499
l 9497 9500
l 9501 9497
l 8477 8478
l 10015 10011
l 8991 8992
l 7457 7458
l 9494 9491
l 7971 7972
l 6437 6438
l 9756 9767
l 6951 6952
l 5417 5418
l 5931 5932
l 1799 1800
l 4398 4397
l 4142 4143
l 4911 4912
l 4657 4656
l 1801 1799
l 3123 3122
l 3380 3377
l 3636 3638
l 1799 1802
l 14458 14459
l 2105 2102
l 2618 2616
l 2102 2107
l 1084 1082
l 1082 1085
l 1337 1342
l 63 62
l 832 831
l 1089 1082
l 1851 1858
l 2627 2616
l 2616 2628
l 62 70
l 576 583
l 62 72
l 576 585
l 831 842
l 576 587
l 14460 14458
l 4680 4694
l 676 681
l 12090 12041
l 11316 11289
l 4695 4680
l 12041 12091
l 2598 2607
l 12041 12092
l 11266 11265
l 9844 9500
l 9500 9848
l 12912 12924
l 1647 1650
l 1483 1485
l 9500 9856
l 9500 9857
l 9858 9500
l 14253 14250
l 14089 14105
l 3577 3578
l 11274 11265
l 9872 9500
l 9500 9873
l 3579 3577
l 3577 3580
l 1320 1319
l 13725 13321
l 11937 11939
l 11291 11307
l 3409 3417
l 13741 13321
l 3409 3419
l 13321 13752
l 1333 1331
l 11636 11595
l 13359 13618
l 13765 13321
l 14008 14067
l 13321 13772
l 1331 1336
l 14203 14204
l 3341 3335
l 7605 7606
l 12566 12583
l 13546 13535
l 13535 13547
l 5191 5192
l 12265 12262
l 10399 10418
l 15110 15111
l 14515 14474
l 14091 14090
l 14348 14343
l 13327 13323
l 12304 12303
l 12098 12145
l 14343 14355
l 12050 12052
l 3273 3274
l 3109 3105
l 12057 12050
l 3105 3110
l 9501 9500
l 8733 8734
l 14343 14367
l 8223 8224
l 7713 7714
l 12927 12904
l 7203 7204
l 14090 14117
l 6693 6694
l 6183 6184
l 3278 3273
l 5673 5674
l 5163 5164
l 3273 3279
l 10520 10544
l 4143 4145
l 3634 3633
l 3891 3890
l 3636 3633
l 12303 12341
l 4150 4143
l 2870 2871
l 2103 2104
l 2361 2360
l 1593 1594
l 1595 1593
l 3388 3380
l 1341 1340
l 573 574
l 573 575
l 573 576
l 320 321
l 322 320
l 579 573
l 836 830
l 63 69
l 1606 1593
l 63 71
l 830 842
l 4413 4406
l 10697 10214
l 5375 5376
l 13195 13238
l 12148 12098
l 2158 2163
l 1998 1996
l 10004 10025
l 2164 2158
l 10004 10026
l 9843 9497
l 9497 9844
l 9497 9845
l 13075 13079
l 14884 14372
l 8735 8736
l 3927 3926
l 14661 14675
l 3926 3928
l 3397 3398
l 3926 3929
l 4094 4096
l 880 879
l 11265 11327
l 2970 2969
l 13324 13724
l 13417 13415
l 14708 14710
l 9486 9481
l 2801 2807
l 13739 13324
l 1844 1846
l 11200 11422
l 1844 1849
l 2671 2665
l 1850 1844
l 2444 2448
l 10023 10024
l 11008 10961
l 10961 11009
l 14692 14661
l 14661 14693
l 13431 13415
l 14454 14620
l 12767 12772
l 6669 6670
l 9799 9834
l 9936 9931
l 13220 13256
l 11812 11828
l 6837 6838
l 4915 4916
l 13836 13834
l 13324 13325
l 13324 13326
l 4915 4917
l 13324 13328
l 13329 13324
l 12306 12304
l 13579 13587
l 4915 4918
l 14089 14103
l 4919 4915
l 2499 2497
l 9500 9499
l 10781 10774
l 8989 8990
l 3793 3792
l 7969 7970
l 4425 4423
l 10277 10264
l 6949 6950
l 2665 2667
l 6439 6440
l 578 575
l 5929 5930
l 5419 5420
l 4910 4909
l 4654 4655
l 4400 4399
l 4144 4145
l 3890 3889
l 2890 2899
l 3379 3380
l 3124 3125
l 3379 3383
l 2614 2616
l 2359 2361
l 1849 1850
l 1849 1851
l 1596 1594
l 1339 1341
l 829 830
l 2104 2111
l 1849 1856
l 64 65
l 66 64
l 574 579
l 1092 1084
l 69 64
l 64 70
l 574 583
l 574 584
l 1849 1865
l 1084 1098
l 13375 13544
l 10201 10205
l 12490 12476
l 10201 10206
l 3174 3183
l 3624 3639
l 10208 10201
l 14089 14172
l 14173 14089
l 4272 4271
l 12304 12402
l 12403 12304
l 4271 4276
l 10201 10214
l 4277 4271
l 10201 10215
l 9498 9870
l 1392 1395
l 1397 1392
l 12941 12938
l 13724 13323
l 4271 4284
l 3486 3488
l 14557 14566
l 14557 14567
l 9554 9556
l 13742 13323
l 13323 13744
l 13323 13754
l 13755 13323
l 1238 1239
l 13321 13774
l 13323 13773
l 14576 14557
l 12311 12322
l 10721 10729
l 12938 12954
l 1238 1245
l 13789 13323
l 12955 12938
l 1238 1246
l 12311 12324
l 12671 12221
l 2041 2044
l 12311 12328
l 12311 12329
l 12311 12330
l 1087 1086
l 12311 12331
l 1088 1086
l 4936 4937
l 6229 6230
l 10498 10456
l 1090 1086
l 10514 10090
l 10710 10711
l 10592 10063
l 4646 4649
l 6397 6398
l 5901 5902
l 1889 1891
l 10090 10538
l 10090 10539
l 10544 10090
l 10090 10545
l 10090 10546
l 2057 2059
l 1889 1894
l 1895 1889
l 3022 3023
l 932 934
l 10419 10417
l 65 67
l 68 65
l 65 69
l 1350 1351
l 1607 1608
l 1353 1350
l 1866 1864
l 579 587
l 588 579
l 1864 1870
l 1093 1103
l 1607 1616
l 1864 1873
l 2121 2130
l 3667 3663
l 4177 4180
l 3157 3149
l 3158 3149
l 3927 3920
l 3149 3160
l 4691 4697
l 4948 4954
l 4955 4948
l 6747 6748
l 4948 4957
l 4702 4691
l 7775 7776
l 8289 8290
l 8803 8804
l 9317 9318
l 10088 10089
l 10088 10090
l 10091 10088
l 10088 10093
l 10417 10428
l 10859 10863
l 13560 13599
l 10615 10602
l 10417 10430
l 14202 14200
l 9759 9725
l 10345 10364
l 15228 15229
l 13172 13183
l 3668 3667
l 10345 10374
l 10375 10345
l 11630 11658
l 11659 11630
l 14222 14200
l 13418 13397
l 9573 9596
l 10688 10214
l 12938 12993
l 14500 9593
l 9593 14501
l 3675 3667
l 14200 14248
l 14200 14249
l 3667 3676
l 14453 14455
l 12501 12482
l 622 627
l 14453 14456
l 14457 14453
l 12195 12203
l 9638 14482
l 1737 1757
l 622 630
l 4313 4314
l 12195 12205
l 12482 12506
l 2556 2550
l 7531 7532
l 14200 14295
l 14296 14200
l 14488 9638
l 5445 5446
l 9638 14489
l 2561 2552
l 12221 12725
l 13324 13327
l 11224 11219
l 14600 14457
l 14457 14604
l 4658 4659
l 11228 11219
l 10017 10004
l 4660 4658
l 14457 14621
l 4658 4661
l 3367 3369
l 5293 5294
l 3535 3536
l 3367 3371
l 3535 3537
l 1281 1283
l 4943 4942
l 3367 3373
l 12739 12221
l 3374 3367
l 5629 5630
l 67 66
l 836 835
l 581 580
l 70 66
l 1095 1094
l 1863 1864
l 66 73
l 1349 1354
l 1349 1355
l 1608 1612
l 589 580
l 1870 1863
l 580 591
l 1104 1094
l 3150 3153
l 2130 2122
l 2122 2131
l 3150 3156
l 2417 2414
l 3664 3670
l 1623 1608
l 3919 3928
l 3150 3161
l 6489 6490
l 3919 3931
l 7003 7004
l 4692 4701
l 4947 4958
l 8031 8032
l 10373 10407
l 8545 8546
l 13432 13923
l 9059 9060
l 14527 14470
l 13928 13432
l 3383 3367
l 9573 9578
l 9573 9580
l 10860 10861
l 11118 11115
l 11115 11119
l 11120 11115
l 13171 13172
l 13171 13173
l 13430 13431
l 11642 11629
l 9573 9595
l 4514 4508
l 14972 14973
l 14199 14206
l 14207 14199
l 11650 11629
l 11629 11651
l 11629 11652
l 13960 13432
l 13432 13961
l 1129 1136
l 14964 14965
l 12904 12910
l 10268 10292
l 10967 10970
l 10293 10268
l 10601 10663
l 11690 11117
l 3231 3232
l 10327 10281
l 14520 14526
l 14130 14132
l 3059 3069
l 11262 11219
l 11117 11715
l 9594 14533
l 14534 9594
l 14242 14245
l 12904 12912
l 2108 2110
l 977 983
l 9505 9506
l 11731 11117
l 11734 11117
l 14626 14649
l 14458 14556
l 14558 14458
l 9505 9509
l 9510 9505
l 10469 10090
l 14410 14411
l 3552 3547
l 7259 7260
l 14593 14460
l 828 825
l 14460 14597
l 14460 14601
l 3881 3880
l 5173 5174
l 14760 14755
l 10092 10513
l 10514 10092
l 10027 10004
l 3880 3883
l 13180 13136
l 14290 14332
l 2924 2923
l 14333 14290
l 4048 4052
l 4053 4048
l 10092 10542
l 10543 10092
l 12040 12081
l 4496 4507
l 67 68
l 324 325
l 326 324
l 1096 1095
l 73 67
l 1605 1611
l 2124 2123
l 1352 1357
l 1358 1352
l 1103 1095
l 1872 1862
l 1095 1105
l 1862 1874
l 2131 2123
l 4180 4179
l 3413 3408
l 3151 3158
l 3661 3672
l 3918 3929
l 3918 3930
l 603 577
l 577 604
l 7773 7774
l 7263 7264
l 14480 14475
l 8801 8802
l 12273 12512
l 8291 8292
l 14481 14475
l 10086 10087
l 9319 9320
l 10861 10857
l 9829 9838
l 10857 10863
l 11375 11376
l 9502 9508
l 13170 13171
l 10872 10857
l 10857 10873
l 10874 10857
l 11375 11387
l 11755 11795
l 1649 1648
l 14198 14208
l 10473 10455
l 13954 13429
l 9576 9605
l 9576 9606
l 9576 9607
l 9608 9576
l 521 524
l 12660 12683
l 4861 4869
l 11408 11375
l 14198 14225
l 11375 11410
l 13941 13971
l 13941 13973
l 10857 10902
l 13975 13941
l 13941 13976
l 11275 11266
l 11681 11120
l 3412 3415
l 3416 3412
l 2619 2620
l 11694 11120
l 11120 11695
l 11120 11696
l 14024 14029
l 11942 11938
l 10857 10938
l 1496 1494
l 11938 11943
l 14198 14274
l 14198 14276
l 11633 11642
l 369 371
l 10453 10091
l 2465 2463
l 6147 6148
l 11380 11193
l 14459 14566
l 1666 1671
l 6315 6316
l 10455 10495
l 14202 14208
l 1612 1607
l 12212 12797
l 14510 14475
l 1342 1343
l 6483 6484
l 12901 12918
l 10455 10498
l 6651 6652
l 1342 1346
l 13312 13311
l 11959 11938
l 10501 10455
l 1180 1182
l 10519 10091
l 10091 10520
l 10091 10521
l 3274 3275
l 12904 12926
l 14437 14436
l 3277 3274
l 3274 3278
l 12480 12454
l 1832 1838
l 4408 4405
l 14202 14224
l 833 834
l 578 579
l 580 578
l 69 68
l 1861 1862
l 71 68
l 1351 1352
l 68 73
l 2889 2890
l 587 578
l 1868 1861
l 77 68
l 1096 1102
l 68 79
l 2124 2128
l 68 81
l 2386 2379
l 2379 2387
l 2889 2900
l 3669 3662
l 5973 5974
l 3662 3671
l 5463 5464
l 4698 4690
l 6491 6492
l 4690 4702
l 2160 2159
l 9057 9058
l 13414 13916
l 8547 8548
l 13917 13414
l 9830 9835
l 10604 10603
l 1995 1998
l 11378 11376
l 12659 12660
l 10603 10616
l 14970 14971
l 14461 14460
l 12158 12141
l 12141 12159
l 2002 1995
l 13393 13442
l 11965 11966
l 11193 11413
l 13963 13942
l 11119 11660
l 11661 11119
l 13305 13829
l 11376 11407
l 14736 14715
l 4093 4094
l 11376 11411
l 14371 14376
l 4095 4093
l 10826 10829
l 3930 3925
l 11418 11376
l 4093 4096
l 11681 11119
l 11687 11119
l 11119 11688
l 11119 11689
l 3934 3925
l 1845 1843
l 14197 14256
l 2802 2808
l 878 885
l 3925 3938
l 1849 1843
l 2409 2408
l 1843 1851
l 7953 7954
l 2976 2979
l 10451 10092
l 13942 14037
l 2854 2856
l 13416 13428
l 13906 13413
l 10092 10469
l 10147 10150
l 5703 5704
l 10472 10092
l 13074 13100
l 13416 13431
l 1691 1692
l 13074 13101
l 2629 2634
l 11479 11477
l 1691 1694
l 2798 2797
l 1518 1516
l 11477 11480
l 14618 14448
l 6039 6040
l 14594 14462
l 13393 13443
l 14082 14081
l 2629 2635
l 3621 3623
l 3625 3621
l 12819 12585
l 3621 3626
l 2854 2859
l 12432 12450
l 2667 2666
l 3795 3789
l 4426 4427
l 3789 3797
l 3024 3022
l 4426 4429
l 11890 11882
l 1089 1090
l 1091 1089
l 1092 1089
l 1605 1603
l 69 70
l 327 326
l 1346 1352
l 841 840
l 1603 1610
l 69 75
l 69 76
l 69 77
l 583 590
l 1603 1615
l 1346 1360
l 2897 2896
l 5201 5202
l 2125 2131
l 2382 2388
l 3402 3413
l 3022 3025
l 2382 2391
l 4440 4438
l 4438 4441
l 3402 3418
l 4181 4187
l 4181 4188
l 13419 13956
l 6237 6238
l 4181 4191
l 6751 6752
l 4952 4961
l 9313 9314
l 3789 3805
l 9827 9829
l 3075 3085
l 8807 8808
l 9247 9248
l 11887 11883
l 12144 12140
l 11121 11120
l 11203 11200
l 13682 13683
l 13746 13789
l 14196 14197
l 14196 14198
l 11883 11895
l 14196 14200
l 13176 13177
l 14196 14202
l 12923 12919
l 3473 3468
l 14461 14462
l 10863 10879
l 14464 14461
l 10863 10881
l 14461 14466
l 4272 4277
l 10886 10863
l 12901 12996
l 15220 15221
l 12919 12938
l 12939 12919
l 12662 12687
l 12688 12662
l 3318 3317
l 12140 12179
l 13939 13972
l 12949 12919
l 10863 10903
l 13897 13557
l 3485 3486
l 4272 4283
l 13986 13939
l 13939 13987
l 13988 13939
l 12919 12967
l 11690 11114
l 12919 12972
l 3468 3475
l 13939 14000
l 13939 14001
l 10863 10935
l 10863 10936
l 10937 10863
l 12015 12013
l 270 276
l 7009 7010
l 9667 9570
l 2366 2364
l 2364 2369
l 280 270
l 13282 13279
l 10456 10093
l 10064 10066
l 14555 14461
l 14461 14556
l 14461 14557
l 14461 14558
l 10467 10093
l 10093 10468
l 7513 7514
l 12312 12324
l 13241 13195
l 12312 12325
l 9763 9770
l 12312 12326
l 13700 13702
l 3971 3970
l 12943 12960
l 13075 13078
l 12677 12224
l 12943 12962
l 1088 1087
l 10093 10512
l 10093 10515
l 10071 10072
l 14731 14416
l 11013 11042
l 9615 9551
l 3182 3181
l 12943 12968
l 13080 13075
l 3181 3186
l 2059 2058
l 931 932
l 1345 1346
l 1345 1347
l 1092 1090
l 1604 1606
l 325 327
l 840 839
l 70 73
l 70 74
l 3147 3146
l 76 70
l 1090 1101
l 78 70
l 1345 1359
l 2896 2895
l 2126 2129
l 2381 2386
l 3411 3401
l 3401 3412
l 3401 3414
l 2381 2392
l 4696 4697
l 602 584
l 584 603
l 4188 4182
l 3181 3193
l 4958 4951
l 7007 7008
l 4951 4961
l 4696 4706
l 4707 4696
l 10084 10083
l 8549 8550
l 9063 9064
l 12981 12943
l 12943 12982
l 11119 11121
l 13426 13427
l 13684 13681
l 12943 12983
l 12661 12662
l 12661 12663
l 13175 13176
l 12920 12921
l 1906 1904
l 12920 12923
l 12924 12920
l 14717 14718
l 1904 1907
l 13075 13083
l 13428 13954
l 9569 9604
l 13957 13428
l 779 781
l 12937 12920
l 4600 4597
l 779 782
l 12920 12940
l 10350 10382
l 13753 13784
l 779 783
l 13940 13970
l 13971 13940
l 13940 13972
l 8479 8480
l 12661 12696
l 13977 13940
l 13940 13978
l 13940 13979
l 3836 3837
l 12194 12195
l 12194 12196
l 14195 14248
l 3668 3674
l 4151 4155
l 12224 12710
l 3676 3668
l 4825 4824
l 4780 4778
l 14454 14455
l 12650 12697
l 1586 1591
l 2719 2717
l 1586 1592
l 10450 10094
l 10094 10451
l 10094 10452
l 12714 12680
l 4558 4555
l 14195 14304
l 14305 14195
l 6737 6738
l 4559 4555
l 11219 11218
l 9639 14493
l 14494 9639
l 14140 14124
l 11366 11354
l 4711 4724
l 10096 10511
l 10096 10517
l 10518 10096
l 3531 3530
l 3530 3536
l 3371 3362
l 10917 10884
l 4663 4665
l 1602 1601
l 1859 1858
l 1091 1092
l 1091 1093
l 582 581
l 839 838
l 71 72
l 328 329
l 330 328
l 328 331
l 581 588
l 3404 3405
l 2637 2638
l 591 581
l 2127 2128
l 2894 2897
l 2384 2386
l 3914 3923
l 2384 2388
l 2389 2384
l 4184 4183
l 4441 4440
l 4183 4186
l 4950 4956
l 4183 4189
l 4190 4183
l 6239 6240
l 9825 9826
l 9315 9316
l 8805 8806
l 8295 8296
l 5337 5338
l 9579 9572
l 9580 9572
l 12141 12138
l 4555 4564
l 14625 14626
l 9585 9572
l 13937 13938
l 9572 9587
l 13427 13428
l 10269 10283
l 12039 12042
l 12407 12408
l 9825 9850
l 12039 12043
l 13334 13336
l 10351 10367
l 10861 10880
l 12044 12039
l 13337 13334
l 14124 14164
l 12045 12039
l 11628 11655
l 11656 11628
l 13334 13339
l 10351 10381
l 10382 10351
l 12138 12175
l 12039 12047
l 13937 13969
l 12917 12946
l 1130 1135
l 1130 1136
l 9625 9572
l 9572 9626
l 1130 1137
l 14194 14250
l 12407 12460
l 12461 12407
l 14194 14255
l 11696 11116
l 9572 9649
l 11748 11758
l 14822 14818
l 3234 3232
l 3235 3232
l 4721 4717
l 2109 2110
l 14557 14463
l 984 985
l 10318 10347
l 12274 12485
l 14463 14567
l 8021 8022
l 14318 14311
l 14942 14943
l 6129 6130
l 1949 1952
l 14463 14589
l 11204 11343
l 14595 14463
l 14463 14596
l 14289 14326
l 10507 10095
l 11939 11946
l 14289 14327
l 12735 12731
l 10095 10518
l 14329 14289
l 4048 4047
l 14311 14320
l 3879 3884
l 12607 12572
l 4678 4681
l 2922 2924
l 3879 3887
l 1798 1797
l 4047 4053
l 3888 3879
l 4685 4678
l 5977 5978
l 3879 3889
l 15154 15155
l 1857 1859
l 1347 1348
l 1347 1349
l 838 837
l 837 839
l 1864 1857
l 72 73
l 1092 1098
l 1092 1099
l 3913 3916
l 582 590
l 3148 3151
l 2383 2384
l 2128 2129
l 2128 2130
l 3403 3411
l 2388 2383
l 582 597
l 2383 2390
l 4949 4951
l 2128 2136
l 4185 4184
l 2893 2906
l 2128 2139
l 7515 7516
l 4189 4184
l 7005 7006
l 10348 10318
l 4184 4192
l 14479 14476
l 9061 9062
l 8551 8552
l 4678 4695
l 9836 9826
l 9581 9571
l 10862 10863
l 11120 11117
l 10352 10353
l 10354 10352
l 11882 11891
l 9826 9844
l 13683 13690
l 12918 12925
l 10456 10471
l 14719 14720
l 14465 14464
l 9826 9858
l 10456 10472
l 12408 12421
l 9862 9826
l 9826 9863
l 9826 9864
l 12137 12172
l 11466 11456
l 12137 12174
l 1645 1651
l 10384 10352
l 12918 12945
l 9571 9618
l 9571 9619
l 10352 10388
l 13976 13938
l 13938 13977
l 10910 10862
l 9349 9350
l 10862 10912
l 3744 3743
l 11115 11690
l 3743 3746
l 1494 1493
l 12902 12903
l 1495 1493
l 12902 12904
l 2450 2458
l 12902 12905
l 10352 10440
l 11647 11648
l 14543 14464
l 12902 12908
l 10096 10453
l 11735 11115
l 14554 14464
l 11279 11321
l 13529 13542
l 14105 14119
l 12409 12344
l 7771 7772
l 10073 10613
l 10320 10328
l 7607 7608
l 10330 10320
l 14464 14587
l 12586 12568
l 5521 5522
l 1341 1346
l 10082 10516
l 1348 1341
l 10685 10216
l 10002 10008
l 14631 14450
l 10082 10537
l 5033 5034
l 14450 14639
l 2244 2245
l 10082 10548
l 14450 14646
l 2114 2113
l 1963 1956
l 14875 14897
l 2113 2117
l 3142 3141
l 2119 2113
l 3398 3400
l 3401 3398
l 11950 11930
l 331 330
l 587 588
l 587 589
l 73 78
l 79 73
l 1360 1358
l 587 593
l 73 82
l 1615 1619
l 1876 1872
l 1358 1365
l 1358 1366
l 587 599
l 7767 7768
l 4186 4185
l 4442 4443
l 4444 4442
l 4957 4956
l 5213 5214
l 4185 4191
l 4192 4185
l 4956 4962
l 4699 4708
l 10851 10853
l 4699 4710
l 11622 11623
l 10851 10856
l 12742 12737
l 8297 8298
l 11622 11627
l 8811 8812
l 11108 11117
l 9325 9326
l 9839 9840
l 10097 10096
l 14449 14451
l 11879 11892
l 11893 11879
l 11896 11879
l 11879 11897
l 12666 12667
l 12924 12923
l 12157 12136
l 1999 1994
l 12136 12162
l 12136 12163
l 12136 12165
l 3925 3924
l 10851 10889
l 12939 12923
l 13710 13711
l 1994 2002
l 13409 13411
l 12949 12923
l 12136 12182
l 14208 14233
l 10851 10907
l 13471 13437
l 13437 13472
l 13409 13415
l 3931 3924
l 12923 12967
l 13416 13409
l 10986 10988
l 12923 12972
l 12525 12595
l 10002 10036
l 12979 12923
l 12923 12980
l 14262 14208
l 3935 3924
l 3924 3936
l 14208 14272
l 14208 14275
l 877 886
l 14710 14715
l 2975 2976
l 1842 1849
l 2975 2977
l 11005 10967
l 14294 14208
l 2414 2416
l 2975 2982
l 6995 6996
l 725 730
l 2640 2639
l 1360 1354
l 10469 10578
l 4914 4913
l 3623 3622
l 4587 4577
l 3791 3790
l 10535 10081
l 3627 3622
l 3790 3793
l 573 577
l 573 578
l 10554 10081
l 10081 10559
l 10081 10560
l 2370 2369
l 12943 12922
l 2114 2116
l 2117 2114
l 2369 2374
l 3143 3142
l 1540 1543
l 2628 2633
l 3313 3312
l 75 74
l 2369 2380
l 3661 3656
l 1357 1358
l 588 591
l 1104 1102
l 1105 1102
l 74 82
l 1357 1363
l 74 84
l 1109 1102
l 1110 1102
l 588 600
l 1102 1117
l 4186 4190
l 4191 4186
l 4960 4955
l 4761 4765
l 3312 3314
l 10341 10338
l 10856 10852
l 3622 3639
l 8553 8554
l 10859 10852
l 9067 9068
l 421 423
l 10338 10350
l 10338 10351
l 13590 13591
l 4768 4761
l 14451 14450
l 10868 10852
l 11893 11880
l 11382 11366
l 4761 4769
l 11880 11896
l 1386 1388
l 13438 13439
l 13188 13179
l 9840 9862
l 13179 13192
l 12169 12135
l 10538 10575
l 10852 10894
l 10852 10895
l 10896 10852
l 10338 10385
l 11478 11509
l 12950 12924
l 12135 12183
l 12924 12952
l 10593 10655
l 10656 10593
l 13745 13797
l 11109 11702
l 11706 11109
l 13243 13179
l 3492 3488
l 269 276
l 3488 3494
l 2363 2367
l 12944 12949
l 10725 10723
l 2368 2363
l 11342 11358
l 10468 10082
l 14426 14723
l 9602 9546
l 10730 10723
l 13928 13947
l 9603 9546
l 14105 14140
l 11119 11114
l 2363 2374
l 2195 2209
l 2195 2210
l 14335 14244
l 14796 14761
l 12071 12072
l 3758 3767
l 11036 11038
l 14452 14614
l 10063 10590
l 14452 14616
l 12994 12985
l 14452 14622
l 14452 14625
l 6231 6232
l 11043 11036
l 3182 3183
l 6399 6400
l 10551 10084
l 10084 10552
l 2626 2625
l 2625 2627
l 2115 2116
l 3187 3182
l 2372 2376
l 2377 2372
l 2372 2378
l 2882 2891
l 844 842
l 332 333
l 334 332
l 332 335
l 1103 1104
l 75 81
l 1103 1106
l 75 83
l 1108 1103
l 935 930
l 1613 1622
l 1111 1103
l 7255 7256
l 4955 4954
l 4445 4444
l 4187 4190
l 4153 4154
l 4697 4705
l 4706 4697
l 11106 11107
l 4697 4708
l 4153 4155
l 12134 12135
l 10195 10200
l 8809 8810
l 8299 8300
l 10339 10349
l 10094 10095
l 9327 9328
l 9584 9585
l 10098 10094
l 15218 15219
l 14708 14709
l 11367 11382
l 9465 9464
l 11877 11899
l 13440 13439
l 12673 12668
l 12668 12674
l 11907 11877
l 12134 12165
l 12134 12166
l 1907 1903
l 14744 14732
l 12429 12411
l 11877 11918
l 11877 11923
l 11924 11877
l 1903 1910
l 12952 12921
l 12921 12953
l 13439 13466
l 12411 12444
l 3665 3670
l 12194 12193
l 14099 14102
l 13455 13457
l 3672 3665
l 12411 12457
l 12458 12411
l 2877 2876
l 12193 12197
l 14206 14262
l 14708 14775
l 12710 12223
l 12944 12995
l 1752 1751
l 12996 12944
l 1754 1751
l 14125 14123
l 14455 14456
l 3060 3059
l 12533 12529
l 11236 11241
l 12529 12534
l 7693 7694
l 13492 13497
l 2718 2720
l 13498 13492
l 1751 1759
l 14732 14761
l 2552 2558
l 8029 8030
l 9640 14490
l 1600 1599
l 11220 11217
l 9640 14492
l 13093 13094
l 1599 1602
l 1751 1768
l 14732 14771
l 13541 13539
l 3361 3363
l 12606 12570
l 14616 14451
l 14617 14451
l 4620 4626
l 14624 14451
l 10530 10083
l 10083 10531
l 10083 10532
l 14451 14632
l 14451 14633
l 3529 3533
l 14637 14451
l 14451 14638
l 14777 14732
l 3534 3529
l 3369 3361
l 14732 14778
l 13393 13392
l 3361 3371
l 10270 10271
l 2116 2117
l 2116 2118
l 2371 2375
l 2881 2888
l 2121 2116
l 3399 3402
l 2371 2379
l 2116 2124
l 76 77
l 78 76
l 76 79
l 1359 1360
l 1869 1874
l 83 76
l 76 84
l 1104 1109
l 1614 1622
l 1614 1624
l 586 601
l 1626 1614
l 1614 1627
l 604 586
l 4443 4445
l 4698 4702
l 4698 4703
l 4188 4192
l 4961 4953
l 2246 2251
l 4698 4707
l 10576 10609
l 12133 12134
l 2843 2834
l 4309 4311
l 2253 2246
l 10094 10093
l 14962 14963
l 11623 11636
l 11878 11893
l 11878 11894
l 11895 11878
l 2246 2256
l 10620 10595
l 12412 12413
l 12414 12412
l 12042 12038
l 14205 14208
l 13440 13441
l 13335 13336
l 4510 4514
l 12922 12941
l 12430 12412
l 12412 12431
l 13352 13354
l 1131 1134
l 9583 9623
l 9583 9624
l 12953 12922
l 2935 2936
l 3226 3225
l 1131 1137
l 12564 12580
l 12922 12971
l 11739 11132
l 14007 14003
l 14263 14205
l 14205 14264
l 1141 1131
l 11217 11260
l 5183 5184
l 14225 14246
l 9970 9931
l 12038 12059
l 11217 11263
l 11740 11623
l 10161 10157
l 14562 14452
l 10476 10460
l 14565 14452
l 12484 12275
l 12485 12275
l 7253 7254
l 12155 12782
l 11764 11753
l 4962 4954
l 1949 1948
l 9510 9507
l 13654 13685
l 1948 1950
l 12155 12792
l 12793 12155
l 6925 6926
l 1953 1948
l 7093 7094
l 11190 11429
l 3878 3879
l 6079 6080
l 3881 3878
l 10617 10597
l 14621 14454
l 4835 4844
l 2921 2922
l 898 901
l 10545 10086
l 11014 11052
l 1796 1798
l 4685 4683
l 4054 4046
l 3394 3395
l 3651 3652
l 2117 2119
l 3908 3912
l 2377 2374
l 2374 2378
l 2117 2123
l 1354 1356
l 1611 1613
l 1102 1097
l 77 79
l 80 77
l 7249 7250
l 77 83
l 591 596
l 1611 1621
l 591 598
l 12085 12038
l 6743 6744
l 5209 5210
l 5723 5724
l 4190 4189
l 4446 4447
l 4192 4189
l 4449 4446
l 4194 4189
l 4683 4692
l 4189 4196
l 4197 4189
l 4960 4967
l 4683 4693
l 4960 4970
l 11014 11054
l 10093 10092
l 8301 8302
l 10863 10855
l 8815 8816
l 4468 4446
l 14453 14454
l 10341 10359
l 10360 10341
l 12153 12132
l 12132 12154
l 13435 13433
l 9597 9578
l 12670 12671
l 13184 13185
l 11055 11014
l 12670 12678
l 11875 11912
l 11875 11913
l 9835 9867
l 679 687
l 14735 14710
l 12413 12435
l 9578 9620
l 1646 1651
l 10855 10904
l 3574 3576
l 13184 13213
l 10855 10910
l 10911 10855
l 14813 14821
l 1646 1654
l 11106 11690
l 2449 2452
l 3745 3744
l 2617 2618
l 14710 14769
l 2449 2453
l 11106 11700
l 2619 2617
l 9578 9654
l 13532 13530
l 1352 1353
l 12270 12271
l 2617 2622
l 2617 2623
l 14560 14455
l 2626 2617
l 14453 14556
l 14559 14453
l 14453 14560
l 14453 14561
l 14455 14565
l 12038 12115
l 11967 11976
l 11447 11403
l 11908 11953
l 14510 14477
l 10085 10516
l 6485 6486
l 10529 10085
l 6653 6654
l 10968 10970
l 3438 3440
l 2314 2313
l 3276 3278
l 3393 3394
l 14522 14477
l 3910 3907
l 2118 2119
l 2118 2120
l 2118 2121
l 2122 2118
l 3907 3915
l 1356 1353
l 1867 1869
l 1353 1358
l 79 78
l 848 847
l 1867 1873
l 3907 3922
l 1619 1612
l 84 78
l 78 85
l 592 598
l 599 592
l 1612 1624
l 5465 5466
l 3118 3108
l 4191 4190
l 4959 4960
l 4190 4193
l 4190 4194
l 4704 4707
l 4959 4964
l 4959 4965
l 4190 4199
l 4712 4704
l 4704 4713
l 14614 14636
l 10859 10856
l 10092 10091
l 8557 8558
l 9071 9072
l 1993 1995
l 10868 10856
l 13239 13200
l 1993 1996
l 9836 9849
l 1190 1200
l 11876 11899
l 1997 1993
l 13434 13437
l 10597 10622
l 1993 1999
l 9836 9866
l 9867 9836
l 10856 10894
l 11919 11876
l 1038 1039
l 2305 2314
l 13203 13183
l 12414 12436
l 1038 1040
l 11876 11926
l 4091 4092
l 1038 1041
l 10908 10856
l 10856 10909
l 3928 3923
l 10031 10001
l 11268 11324
l 11105 11691
l 2479 2473
l 11779 11793
l 9577 9652
l 9577 9653
l 11710 11105
l 1841 1845
l 13509 13500
l 2480 2473
l 1841 1847
l 14455 14609
l 2974 2976
l 7951 7952
l 13080 13094
l 1841 1852
l 6839 6840
l 2974 2981
l 5701 5702
l 11506 11500
l 884 895
l 13080 13102
l 10966 11013
l 4581 4580
l 2974 2988
l 11299 14923
l 14456 14614
l 14456 14619
l 2755 2766
l 14456 14628
l 14045 14072
l 5549 5550
l 14709 14735
l 10088 10551
l 4921 4920
l 4920 4922
l 3906 3907
l 3649 3652
l 3649 3653
l 2886 2887
l 3649 3656
l 3139 3145
l 1609 1610
l 2123 2119
l 1609 1612
l 1099 1101
l 1358 1356
l 589 591
l 79 80
l 336 337
l 336 338
l 339 336
l 7251 7252
l 85 79
l 6741 6742
l 1356 1367
l 1356 1368
l 5721 5722
l 5211 5212
l 3373 3379
l 4958 4959
l 336 352
l 4191 4195
l 4191 4198
l 2675 2672
l 10343 10344
l 10853 10857
l 10537 10567
l 10091 10090
l 9323 9324
l 8813 8814
l 12492 12479
l 8303 8304
l 4448 4468
l 4448 4469
l 4470 4448
l 15222 15223
l 11968 12028
l 14457 14455
l 11873 11899
l 11873 11900
l 3150 3157
l 10600 10623
l 10624 10600
l 14723 14712
l 14712 14726
l 13589 13594
l 12681 12672
l 12426 12415
l 14712 14731
l 12130 12173
l 13925 13926
l 14223 14202
l 3373 3381
l 13201 13182
l 12947 12925
l 12925 12948
l 3491 3500
l 9580 9623
l 14712 14744
l 12415 12441
l 9628 9580
l 9591 14497
l 13692 13731
l 10600 10662
l 10663 10600
l 11691 11108
l 1385 1396
l 14261 14263
l 12719 12672
l 11108 11698
l 9580 9651
l 9652 9580
l 14560 14565
l 12941 12942
l 10537 10583
l 13182 13244
l 11108 11716
l 11717 11108
l 14321 14353
l 12017 12011
l 1240 1233
l 1241 1233
l 14455 14564
l 1233 1242
l 9761 9766
l 12938 12985
l 2196 2210
l 14599 14455
l 14604 14455
l 12941 12960
l 5429 5430
l 1081 1087
l 10858 10853
l 14455 14619
l 4936 4933
l 10087 10528
l 9814 9816
l 13936 14015
l 14395 14868
l 11044 11035
l 3650 3651
l 3141 3140
l 3910 3905
l 2630 2631
l 2632 2630
l 2630 2633
l 1865 1866
l 1355 1356
l 1100 1101
l 845 846
l 590 591
l 81 80
l 1355 1362
l 83 80
l 1364 1355
l 80 85
l 6997 6998
l 2375 2391
l 88 80
l 80 90
l 80 91
l 5467 5468
l 4958 4957
l 4702 4704
l 4705 4702
l 929 936
l 11874 11875
l 4192 4197
l 4198 4192
l 4192 4200
l 10089 10090
l 9069 9070
l 9579 9583
l 8559 8560
l 9457 9462
l 4447 4469
l 13437 13467
l 1903 1902
l 13691 13692
l 13182 13181
l 4447 4480
l 10344 10369
l 12671 12679
l 13961 13946
l 13946 13962
l 12129 12171
l 12129 12172
l 12173 12129
l 1902 1907
l 780 777
l 9592 14486
l 13208 13181
l 13181 13209
l 10907 10854
l 10854 10911
l 3666 3669
l 12652 12688
l 12671 12708
l 12671 12709
l 12689 12652
l 11126 11660
l 11107 11697
l 11035 11068
l 11699 11107
l 3673 3666
l 2875 2877
l 2707 2713
l 11071 11035
l 9606 9613
l 11035 11072
l 12485 12500
l 1752 1753
l 13164 13157
l 14122 14127
l 12530 12534
l 11242 11235
l 4567 4570
l 1752 1758
l 14456 14562
l 12536 12530
l 10088 10469
l 10470 10088
l 13968 13986
l 8329 8330
l 9739 9765
l 11248 11235
l 12477 12283
l 12232 12666
l 12485 12515
l 10627 10659
l 12485 12516
l 13479 13456
l 14731 14772
l 12518 12485
l 12848 12387
l 12387 12849
l 3532 3533
l 13444 13392
l 4161 4162
l 12586 12578
l 4675 4677
l 5189 5190
l 4418 4423
l 4424 4418
l 6217 6218
l 6731 6732
l 7245 7246
l 7759 7760
l 81 82
l 11224 11235
l 596 595
l 321 323
l 343 338
l 11224 11236
l 1113 1109
l 2138 2137
l 1366 1371
l 1109 1116
l 1880 1886
l 1880 1887
l 1880 1888
l 1889 1880
l 338 354
l 3171 3165
l 338 356
l 2247 2250
l 12385 12390
l 3943 3936
l 3679 3688
l 13929 13927
l 4175 4173
l 14441 14443
l 12299 12408
l 14441 14445
l 14446 14441
l 9519 9738
l 11134 11632
l 13501 13526
l 8305 8306
l 10025 9459
l 8819 8820
l 13927 13941
l 9333 9334
l 13413 13432
l 2254 2247
l 10107 10104
l 10875 10877
l 13415 13951
l 13952 13415
l 12160 12161
l 2247 2256
l 10361 10375
l 10376 10361
l 1294 1296
l 13966 13927
l 13927 13968
l 4173 4183
l 13156 13205
l 13206 13156
l 12276 12467
l 13157 13204
l 4509 4516
l 9887 9847
l 9847 9888
l 4186 4173
l 10914 10875
l 10875 10915
l 4173 4187
l 9659 9606
l 1137 1132
l 9646 9590
l 10292 10271
l 1132 1139
l 14004 14006
l 13449 13392
l 13666 13676
l 3065 3064
l 2909 2912
l 13411 13909
l 8041 8042
l 13927 14036
l 14037 13927
l 10105 10455
l 10105 10456
l 10457 10105
l 10464 10105
l 10105 10465
l 10105 10466
l 7095 7096
l 12454 12481
l 14954 14955
l 1947 1951
l 14508 14509
l 1952 1947
l 4836 4838
l 10627 10669
l 982 992
l 3877 3878
l 12194 12779
l 4842 4836
l 4046 4045
l 4836 4843
l 9774 9519
l 9777 9739
l 12388 12841
l 4045 4048
l 13666 13699
l 12849 12388
l 12388 12850
l 12388 12851
l 1795 1796
l 14441 14651
l 835 830
l 9739 9778
l 11586 11133
l 4417 4419
l 4420 4417
l 4676 4677
l 4934 4931
l 4417 4423
l 5959 5960
l 4045 4054
l 6473 6474
l 14667 14441
l 6987 6988
l 7501 7502
l 8015 8016
l 340 337
l 82 85
l 1110 1111
l 1365 1368
l 1110 1113
l 1114 1110
l 2139 2138
l 1365 1372
l 1629 1624
l 1624 1630
l 2393 2399
l 1888 1879
l 337 353
l 1879 1890
l 3427 3421
l 337 356
l 1879 1893
l 3430 3421
l 3431 3421
l 3688 3680
l 3421 3433
l 12900 12906
l 3421 3435
l 8561 8562
l 9075 9076
l 9589 9590
l 9589 9591
l 9589 9592
l 9589 9593
l 13928 13946
l 10362 10363
l 680 682
l 10877 10876
l 13155 13183
l 9848 9856
l 9848 9857
l 9858 9848
l 10876 10883
l 10876 10885
l 13958 13416
l 13234 13225
l 11407 11390
l 11133 11665
l 9848 9875
l 9876 9848
l 13205 13155
l 13155 13207
l 9589 9626
l 1643 1651
l 11390 11424
l 10915 10876
l 10876 10916
l 10876 10917
l 1653 1643
l 11216 11262
l 11241 11219
l 10425 10106
l 14824 14816
l 2620 2618
l 10442 10106
l 1495 1496
l 14816 14829
l 2618 2624
l 7433 7434
l 1495 1497
l 10106 10457
l 10106 10459
l 10462 10106
l 10106 10463
l 7601 7602
l 10019 10024
l 7769 7770
l 12286 12284
l 12908 12912
l 1257 1251
l 12913 12908
l 14816 14839
l 14525 14473
l 14510 14478
l 5687 5688
l 5523 5524
l 3269 3270
l 4562 4563
l 12835 12385
l 12837 12385
l 10965 10967
l 12385 12842
l 1343 1348
l 3437 3438
l 3439 3437
l 11633 11650
l 14444 14652
l 13409 13904
l 14912 13929
l 11586 11136
l 4930 4931
l 4163 4164
l 4421 4420
l 4163 4166
l 4930 4935
l 4163 4168
l 6729 6730
l 4171 4163
l 6219 6220
l 11965 11967
l 2316 2317
l 7247 7248
l 593 594
l 595 593
l 83 84
l 14677 14444
l 83 86
l 83 87
l 83 88
l 13413 13913
l 340 346
l 1115 1111
l 1878 1884
l 349 340
l 340 350
l 340 351
l 5371 5372
l 3425 3424
l 3167 3170
l 3939 3934
l 3167 3172
l 3677 3685
l 3686 3677
l 2146 2157
l 15210 15211
l 10019 10049
l 14446 14443
l 12570 12605
l 12908 12936
l 8817 8818
l 13237 13199
l 8307 8308
l 13415 13429
l 9845 9846
l 10102 10103
l 9335 9336
l 10102 10105
l 9594 9592
l 10107 10102
l 11130 11132
l 1191 1199
l 4410 4416
l 10881 10873
l 11293 11316
l 11317 11293
l 13672 13704
l 12644 12682
l 12644 12685
l 13925 13967
l 14700 14737
l 9592 9627
l 4090 4092
l 9636 9592
l 9592 9637
l 9638 9592
l 13411 13413
l 13411 13414
l 3134 3133
l 11780 11792
l 10873 10934
l 10935 10873
l 13079 13086
l 10873 10940
l 2008 2009
l 2008 2010
l 13672 13767
l 10442 10107
l 10446 10107
l 2973 2974
l 883 885
l 6657 6658
l 11648 11739
l 8583 8584
l 6825 6826
l 10240 10171
l 4005 4004
l 6993 6994
l 12040 12042
l 2981 2973
l 10107 10486
l 10107 10488
l 9552 9548
l 2605 2607
l 1856 1857
l 4004 4006
l 1858 1856
l 732 731
l 10873 11031
l 11032 10873
l 3620 3621
l 14046 14068
l 3622 3620
l 12386 12837
l 12386 12838
l 13079 13108
l 2830 2832
l 3788 3790
l 14642 14443
l 14443 14643
l 14072 14046
l 3791 3788
l 14734 14712
l 3626 3620
l 14046 14073
l 10525 10526
l 3620 3627
l 2887 2892
l 13930 14912
l 3056 3055
l 4674 4675
l 4420 4419
l 14443 14661
l 4419 4422
l 5447 5448
l 1538 1540
l 4170 4164
l 4164 4171
l 4164 4172
l 4919 4923
l 8013 8014
l 7503 7504
l 849 850
l 851 849
l 339 340
l 84 85
l 1877 1878
l 87 84
l 579 581
l 89 84
l 346 339
l 339 347
l 1367 1372
l 84 93
l 2140 2142
l 1622 1631
l 3424 3423
l 2145 2140
l 3168 3171
l 2140 2148
l 3678 3685
l 13926 13927
l 13672 13671
l 2140 2153
l 2155 2140
l 14699 14700
l 13933 13414
l 13414 13934
l 13423 13416
l 13122 13079
l 9073 9074
l 8563 8564
l 13429 13416
l 10102 10101
l 9846 9847
l 10104 10101
l 9593 9591
l 11129 11130
l 10874 10875
l 10874 10876
l 10874 10877
l 10874 10878
l 9846 9855
l 10880 10874
l 10874 10881
l 10874 10882
l 11129 11140
l 13702 13671
l 13582 13561
l 12157 12168
l 10378 10364
l 3779 3788
l 4767 4770
l 12157 12180
l 12181 12157
l 1388 1390
l 13926 13975
l 11767 11772
l 1388 1391
l 13671 13726
l 13671 13727
l 9591 9632
l 3483 3482
l 14673 14714
l 14260 14261
l 9591 9644
l 9645 9591
l 11344 11346
l 3482 3485
l 4738 4742
l 13153 13243
l 3487 3482
l 3320 3322
l 10435 10108
l 13768 13671
l 13671 13769
l 273 271
l 10443 10108
l 4743 4738
l 14712 14764
l 10108 10448
l 2365 2366
l 10108 10461
l 1234 1239
l 14663 14442
l 2202 2197
l 6049 6050
l 10108 10474
l 10475 10108
l 10065 10061
l 1242 1234
l 12020 12012
l 2206 2197
l 10725 10729
l 6385 6386
l 9548 9603
l 12566 12567
l 10725 10733
l 3010 3013
l 12846 12391
l 12391 12848
l 14644 14446
l 14647 14446
l 4309 4307
l 14446 14655
l 4941 4940
l 4310 4307
l 5185 5186
l 5699 5700
l 4165 4166
l 4165 4167
l 4679 4681
l 4682 4679
l 4683 4679
l 4679 4684
l 4679 4685
l 6221 6222
l 4165 4175
l 4307 4313
l 4177 4165
l 1362 1364
l 1621 1619
l 1105 1110
l 1105 1111
l 599 600
l 85 89
l 90 85
l 1883 1876
l 85 92
l 3675 3677
l 3166 3161
l 2141 2143
l 2656 2655
l 3932 3937
l 3932 3938
l 3932 3939
l 2660 2655
l 357 342
l 12646 12647
l 4940 4949
l 2141 2154
l 2141 2155
l 2141 2156
l 342 365
l 13934 13923
l 13923 13935
l 14448 14445
l 15216 15217
l 9329 9330
l 9586 9587
l 9586 9588
l 8309 8310
l 8823 8824
l 11034 11055
l 2655 2682
l 342 379
l 13693 13666
l 4155 4157
l 11642 11648
l 11137 11136
l 11139 11136
l 11899 11908
l 11653 11642
l 11058 11034
l 11523 11524
l 14734 14741
l 11918 11899
l 14742 14734
l 11665 11130
l 11130 11666
l 11899 11925
l 3832 3831
l 10912 10879
l 10879 10913
l 10879 10914
l 11855 11860
l 1910 1901
l 12651 12689
l 11899 11956
l 2874 2875
l 10422 10109
l 10423 10109
l 2876 2874
l 10109 10428
l 4812 4809
l 2874 2877
l 1750 1749
l 3999 4005
l 12649 12231
l 784 789
l 4006 3999
l 10109 10441
l 6835 6836
l 3999 4007
l 1753 1749
l 13347 13345
l 13577 13579
l 4635 4632
l 1757 1749
l 7859 7860
l 11244 11234
l 8027 8028
l 13785 13801
l 13224 13219
l 1597 1598
l 5777 5778
l 4632 4637
l 14734 14767
l 14768 14734
l 13414 13931
l 14616 14445
l 12832 12392
l 2402 2403
l 3695 3696
l 14445 14643
l 2404 2402
l 3532 3531
l 14649 14445
l 14445 14650
l 5709 5710
l 9808 9833
l 3531 3534
l 5441 5442
l 5955 5956
l 4422 4421
l 1445 1446
l 4681 4680
l 7497 7498
l 14144 14166
l 4166 4172
l 1447 1445
l 4664 4662
l 4166 4176
l 13905 13412
l 13412 13906
l 1106 1107
l 1875 1876
l 1621 1620
l 341 342
l 341 343
l 341 344
l 345 341
l 86 91
l 3417 3420
l 86 93
l 2398 2397
l 2142 2143
l 2142 2144
l 2142 2145
l 2146 2142
l 13410 13411
l 341 357
l 10606 10562
l 9520 9735
l 12906 12904
l 2667 2656
l 11129 11630
l 11129 11631
l 4947 4940
l 14960 14961
l 9586 9585
l 13365 13549
l 10099 10100
l 10101 10099
l 8565 8566
l 4176 4174
l 9079 9080
l 10099 10105
l 2682 2656
l 9851 9844
l 9844 9852
l 12904 12925
l 11641 11646
l 10621 10623
l 11136 11645
l 14563 14614
l 12163 12155
l 10562 10612
l 13705 13665
l 1293 1294
l 1295 1293
l 2708 2715
l 1293 1296
l 12182 12155
l 4512 4513
l 11419 11430
l 4183 4174
l 12188 12155
l 4184 4174
l 11249 11223
l 9560 9594
l 9657 9605
l 13968 13971
l 13968 13972
l 13413 13910
l 3256 3259
l 13712 13713
l 3227 3228
l 10433 10110
l 3227 3229
l 14968 14969
l 3227 3230
l 14167 14144
l 14817 14818
l 3231 3227
l 10296 10272
l 3063 3069
l 3063 3070
l 7083 7084
l 3063 3071
l 12483 12277
l 13506 13531
l 12277 12484
l 11755 11763
l 2113 2112
l 1948 1946
l 4715 4725
l 1951 1946
l 2980 2976
l 5599 5600
l 1946 1953
l 5169 5170
l 14617 14448
l 2112 2119
l 3878 3876
l 14448 14626
l 12389 12835
l 12837 12389
l 12389 12842
l 3876 3881
l 3882 3876
l 11778 11755
l 9517 9520
l 4044 4049
l 11814 11838
l 3876 3885
l 5697 5698
l 5187 5188
l 4424 4425
l 7753 7754
l 4167 4172
l 4167 4173
l 4174 4167
l 13903 13409
l 2759 2761
l 4167 4177
l 1874 1876
l 12389 12885
l 1364 1366
l 87 88
l 89 87
l 87 90
l 1371 1364
l 1107 1116
l 1107 1117
l 2653 2654
l 351 344
l 2653 2656
l 1617 1633
l 2143 2146
l 2147 2143
l 2653 2660
l 2143 2149
l 2662 2653
l 13411 13415
l 3420 3433
l 12901 12906
l 12908 12901
l 2653 2669
l 11630 11132
l 13935 13921
l 13921 13936
l 13937 13921
l 14450 14447
l 4692 4681
l 9331 9332
l 9588 9589
l 8821 8822
l 13411 13431
l 8311 8312
l 11642 11132
l 344 379
l 4694 4681
l 10879 10877
l 11136 11134
l 10624 10625
l 10624 10626
l 11132 11651
l 11134 11140
l 1645 1644
l 10380 10367
l 12736 12754
l 677 685
l 10367 10390
l 11387 11421
l 10654 10624
l 13921 13985
l 10624 10658
l 13413 13912
l 12080 12040
l 1644 1653
l 10877 10934
l 10935 10877
l 10877 10940
l 10877 10943
l 10944 10877
l 13742 13748
l 10434 10111
l 10796 10841
l 10111 10442
l 14582 14569
l 10111 10444
l 10111 10445
l 3742 3748
l 14827 14815
l 12272 12268
l 11132 11738
l 1490 1496
l 10018 10019
l 3742 3752
l 10021 10018
l 2623 2626
l 3742 3754
l 2627 2623
l 12136 12787
l 12788 12136
l 373 376
l 12569 12584
l 12569 12585
l 11638 11590
l 14479 14512
l 12839 12390
l 14632 14447
l 12390 12841
l 4563 4561
l 1338 1347
l 6487 6488
l 14447 14641
l 14447 14642
l 3272 3270
l 14645 14447
l 12390 12854
l 12855 12390
l 13198 13224
l 14447 14651
l 14447 14653
l 12625 12627
l 12390 12865
l 3270 3275
l 5443 5444
l 12869 12390
l 4933 4934
l 4678 4679
l 4680 4678
l 4169 4168
l 8009 8010
l 4168 4171
l 4684 4678
l 4570 4561
l 4678 4686
l 4168 4175
l 4176 4168
l 1873 1874
l 1619 1618
l 1109 1108
l 853 854
l 855 853
l 600 598
l 88 90
l 347 343
l 343 348
l 3165 3164
l 343 350
l 2911 2909
l 2654 2656
l 2401 2399
l 2658 2654
l 2654 2659
l 343 357
l 2654 2662
l 3674 3687
l 2144 2152
l 2153 2144
l 12902 12906
l 12907 12902
l 2156 2147
l 12902 12909
l 14958 14959
l 2157 2147
l 10098 10097
l 14448 14451
l 14452 14448
l 9587 9589
l 9077 9078
l 8567 8568
l 9587 9593
l 13667 13693
l 11134 11133
l 13776 13308
l 14177 14210
l 10883 10878
l 10878 10885
l 11654 11643
l 10623 10635
l 11131 11663
l 11666 11131
l 11131 11667
l 11131 11668
l 12611 12569
l 4089 4090
l 12905 12944
l 4089 4091
l 13080 13078
l 10878 10920
l 10921 10878
l 9587 9646
l 9587 9647
l 9648 9587
l 11790 11777
l 10422 10112
l 10425 10112
l 10939 10878
l 10428 10112
l 10429 10112
l 14378 14375
l 10878 10945
l 10112 10435
l 10112 10436
l 12449 12455
l 12165 12164
l 12457 12449
l 14027 14056
l 14177 14307
l 8117 8118
l 10112 10478
l 10479 10112
l 11006 10966
l 14375 14389
l 14390 14375
l 2672 2666
l 11806 11777
l 10098 10503
l 13078 13100
l 10098 10507
l 10508 10098
l 6035 6036
l 13078 13101
l 1855 1860
l 8293 8294
l 12395 12831
l 3787 3785
l 12685 12720
l 3785 3788
l 4585 4582
l 12905 12974
l 3785 3791
l 4918 4919
l 6209 6210
l 3792 3785
l 6723 6724
l 11777 11819
l 4920 4918
l 7751 7752
l 1703 1704
l 4169 4171
l 4428 4426
l 3785 3794
l 5197 5198
l 4940 4943
l 4683 4688
l 2958 2946
l 2129 2131
l 2644 2643
l 2386 2389
l 2900 2902
l 2129 2135
l 2136 2129
l 2393 2386
l 90 89
l 347 346
l 604 603
l 346 349
l 11188 11193
l 346 352
l 353 346
l 1378 1374
l 2670 2671
l 1380 1374
l 580 582
l 1894 1888
l 1888 1896
l 14697 14434
l 4430 4431
l 14433 14444
l 14548 14546
l 13544 13376
l 11125 11124
l 11126 11124
l 12663 12650
l 9243 9244
l 8313 8314
l 8827 8828
l 9341 9342
l 11391 11381
l 11381 11392
l 13423 13955
l 13956 13423
l 10353 10373
l 12650 12681
l 10867 10891
l 10892 10867
l 1551 1552
l 4769 4768
l 12650 12690
l 12696 12650
l 426 427
l 3348 3343
l 10396 10353
l 10353 10397
l 10353 10401
l 10353 10402
l 13923 13927
l 11686 11126
l 11126 11687
l 1387 1392
l 1387 1393
l 3481 3483
l 1387 1394
l 3484 3481
l 9654 9598
l 1395 1387
l 9598 9658
l 9499 9874
l 15224 15225
l 11777 11843
l 13591 13602
l 11777 11844
l 13603 13591
l 12009 12011
l 12009 12012
l 10451 10097
l 10097 10456
l 12014 12009
l 10097 10471
l 7341 7342
l 11056 11052
l 2203 2198
l 1235 1242
l 2198 2205
l 2198 2206
l 5091 5092
l 7677 7678
l 14441 14668
l 2208 2198
l 2374 2368
l 10097 10510
l 2198 2211
l 2198 2212
l 1086 1083
l 1083 1088
l 3178 3177
l 1089 1083
l 1083 1090
l 3181 3177
l 6465 6466
l 6979 6980
l 3177 3182
l 8007 8008
l 4171 4170
l 4684 4685
l 5453 5454
l 14433 14671
l 4939 4944
l 2386 2385
l 2130 2131
l 2130 2132
l 2130 2133
l 2134 2130
l 3413 3416
l 2385 2393
l 1239 1242
l 2899 2907
l 860 859
l 1118 1119
l 1373 1377
l 1632 1634
l 1373 1380
l 1632 1637
l 1126 1118
l 1632 1640
l 1118 1129
l 12649 12650
l 4939 4949
l 5279 5280
l 13677 13683
l 11124 11123
l 10358 10354
l 935 937
l 8569 8570
l 13396 13448
l 4243 4250
l 9597 9598
l 9597 9599
l 10112 10111
l 1900 1901
l 13442 13422
l 11945 11938
l 10354 10373
l 1902 1900
l 13422 13447
l 9597 9608
l 10868 10889
l 10868 10890
l 1900 1903
l 11660 11125
l 9869 9856
l 13422 13454
l 13968 13936
l 12691 12649
l 14111 14104
l 10354 10396
l 12649 12701
l 13936 13983
l 13936 13984
l 4689 4698
l 14104 14113
l 1900 1908
l 11125 11688
l 1909 1900
l 10422 10432
l 14191 14254
l 3998 4000
l 783 784
l 10962 10964
l 785 783
l 783 786
l 14016 13936
l 3998 4003
l 2712 2705
l 2878 2873
l 1750 1751
l 11727 11125
l 11125 11728
l 4876 4878
l 2873 2880
l 10455 10098
l 14104 14124
l 14104 14125
l 2882 2873
l 2587 2585
l 8723 8724
l 14483 9627
l 11133 11132
l 632 631
l 2873 2888
l 13121 13140
l 10499 10100
l 14780 14794
l 10100 10508
l 4803 4821
l 13503 13504
l 13225 13191
l 14733 14768
l 10865 10829
l 14799 14780
l 14769 14733
l 12534 12545
l 3527 3526
l 4819 4820
l 6909 6910
l 11224 11222
l 3526 3529
l 12164 12190
l 2569 2570
l 4327 4329
l 6721 6722
l 12905 12901
l 3533 3526
l 4942 4941
l 7749 7750
l 7239 7240
l 2569 2572
l 4681 4682
l 4681 4683
l 10077 10076
l 4429 4428
l 4174 4171
l 4883 4876
l 4171 4176
l 2641 2642
l 2643 2641
l 2641 2644
l 2388 2389
l 2131 2134
l 2135 2131
l 2904 2898
l 2131 2137
l 602 601
l 2388 2395
l 91 92
l 349 348
l 348 350
l 3416 3423
l 2388 2400
l 1886 1889
l 354 348
l 1376 1379
l 1124 1119
l 1119 1125
l 348 358
l 12222 12228
l 11222 11236
l 14698 14436
l 9517 9734
l 11629 11128
l 12910 12905
l 12905 12912
l 13806 13308
l 13427 13423
l 12652 12660
l 12661 12652
l 12905 12919
l 12920 12905
l 11640 11641
l 8825 8826
l 8315 8316
l 9854 9853
l 4175 4176
l 9343 9344
l 11222 11241
l 11187 11437
l 2329 2327
l 11222 11242
l 12936 12905
l 11658 11128
l 11222 11243
l 11128 11660
l 11128 11661
l 11128 11662
l 11663 11128
l 11383 11408
l 11409 11383
l 3249 3241
l 12900 12929
l 4175 4181
l 12234 12690
l 9884 9853
l 13308 13808
l 11128 11686
l 4185 4175
l 4511 4516
l 5437 5438
l 9853 9908
l 13146 13149
l 3390 3391
l 3390 3392
l 13965 13974
l 4511 4520
l 2265 2266
l 14629 14637
l 2265 2267
l 2268 2265
l 10257 10295
l 10099 10450
l 11750 11754
l 3542 3549
l 9949 9853
l 9853 9950
l 3228 3233
l 10793 10794
l 10054 10677
l 4949 4941
l 5957 5958
l 11395 11405
l 11106 11108
l 1945 1948
l 5887 5888
l 1945 1950
l 12900 12930
l 14134 14129
l 11515 11492
l 12196 12777
l 4043 4046
l 4047 4043
l 12496 12278
l 4043 4049
l 6977 6978
l 6467 6468
l 8005 8006
l 7495 7496
l 4937 4938
l 4682 4683
l 931 934
l 4172 4174
l 12278 12500
l 5455 5456
l 6141 6142
l 12394 12366
l 2642 2644
l 2387 2389
l 12916 12901
l 3671 3670
l 2387 2392
l 2132 2137
l 857 858
l 603 602
l 348 347
l 93 92
l 2132 2142
l 3925 3935
l 352 347
l 1121 1120
l 347 354
l 1120 1123
l 1125 1120
l 1375 1382
l 1120 1127
l 1375 1384
l 14691 14698
l 13075 13082
l 2765 2760
l 12506 12278
l 10792 10784
l 12901 12917
l 11121 11122
l 10866 10867
l 10866 10868
l 11121 11125
l 11126 11121
l 11384 11385
l 9081 9082
l 2760 2768
l 8571 8572
l 15138 15139
l 10109 10110
l 10109 10111
l 10109 10112
l 10113 10109
l 10784 10796
l 11652 11127
l 12735 12751
l 10797 10784
l 13451 13424
l 9599 9616
l 10897 10866
l 12906 12947
l 11127 11670
l 11127 11671
l 11127 11672
l 9497 9508
l 13424 13467
l 13424 13468
l 9885 9854
l 9854 9886
l 14024 14080
l 3575 3576
l 9599 9657
l 9658 9599
l 10784 10808
l 526 528
l 11127 11719
l 11720 11127
l 11193 11405
l 3747 3739
l 10100 10455
l 9854 9948
l 12572 12573
l 10017 10018
l 2458 2454
l 10017 10019
l 4377 4376
l 7435 7436
l 12908 12906
l 10017 10023
l 7603 7604
l 12248 12249
l 12248 12250
l 2624 2631
l 12252 12248
l 14537 14525
l 5685 5686
l 12906 12917
l 1337 1344
l 1337 1345
l 12248 12259
l 14480 14515
l 4564 4565
l 14516 14480
l 7233 7234
l 7747 7748
l 6213 6214
l 13675 13895
l 3440 3439
l 5193 5194
l 14244 14290
l 5707 5708
l 14438 14669
l 4173 4174
l 3271 3276
l 4432 4430
l 4945 4944
l 3153 3155
l 3156 3153
l 3413 3410
l 2134 2133
l 2391 2390
l 2133 2136
l 2390 2393
l 1114 1113
l 2395 2390
l 1116 1113
l 1117 1113
l 1374 1370
l 1113 1119
l 608 607
l 864 865
l 864 866
l 864 867
l 350 356
l 869 864
l 3924 3942
l 3271 3281
l 15208 15209
l 4378 4376
l 350 365
l 12911 12912
l 13168 13169
l 13841 13307
l 13431 13417
l 11129 11128
l 9337 9338
l 11193 11412
l 12935 12906
l 8317 8318
l 4413 4412
l 8831 8832
l 14210 14188
l 1185 1197
l 12572 12606
l 5785 5786
l 1185 1198
l 4412 4415
l 11190 11405
l 14188 14219
l 10014 10022
l 10357 10383
l 10357 10384
l 10385 10357
l 10357 10386
l 12911 12950
l 9626 9594
l 9594 9634
l 9594 9635
l 11688 11122
l 2964 2963
l 11122 11695
l 2347 2338
l 11778 11788
l 15036 15037
l 13931 14018
l 14019 13931
l 2007 2006
l 14376 14378
l 3136 3135
l 2963 2971
l 11729 11122
l 11122 11730
l 10455 10101
l 3138 3135
l 2338 2349
l 14376 14384
l 14376 14385
l 11425 11190
l 881 888
l 10238 10169
l 10101 10491
l 2853 2856
l 10101 10499
l 10500 10101
l 6663 6664
l 6831 6832
l 1858 1854
l 1859 1854
l 6999 7000
l 13103 13077
l 12301 12318
l 13077 13104
l 13077 13105
l 7167 7168
l 4581 4583
l 2659 2660
l 3786 3788
l 2659 2661
l 14652 14437
l 2659 2662
l 3952 3955
l 2827 2828
l 7489 7490
l 4918 4917
l 6469 6470
l 13895 13676
l 2659 2664
l 5449 5450
l 5963 5964
l 3952 3958
l 3786 3793
l 4689 4688
l 4688 4691
l 3923 3924
l 3669 3668
l 3414 3409
l 2135 2134
l 3160 3154
l 2389 2393
l 1369 1370
l 1115 1114
l 1706 1704
l 1369 1373
l 350 349
l 94 95
l 96 94
l 94 97
l 866 863
l 1628 1635
l 14475 14514
l 358 349
l 14438 14439
l 2505 2503
l 14437 14697
l 13910 13414
l 4595 4581
l 863 876
l 2503 2506
l 13418 13423
l 863 880
l 13418 13425
l 13418 13426
l 10613 10614
l 11128 11127
l 1704 1712
l 11633 11643
l 10108 10107
l 13949 13932
l 8573 8574
l 1738 1745
l 11649 11633
l 3181 3189
l 4581 4600
l 12912 12939
l 14624 14616
l 14643 14444
l 3249 3244
l 12948 12912
l 12912 12949
l 11378 11414
l 4769 4765
l 9593 9625
l 1552 1553
l 9558 9581
l 9593 9634
l 9593 9635
l 11684 11121
l 4765 4772
l 12741 12799
l 11197 11200
l 11121 11690
l 11121 11693
l 12912 12978
l 12802 12741
l 3474 3467
l 13982 14012
l 13382 13537
l 10447 10102
l 10102 10448
l 10102 10449
l 11121 11732
l 11733 11121
l 1398 1401
l 13982 14013
l 1398 1403
l 2199 2202
l 2204 2199
l 14310 14342
l 2199 2207
l 6387 6388
l 11922 11871
l 13121 13182
l 2199 2211
l 6555 6556
l 12989 12990
l 4485 4490
l 14444 14675
l 1363 1365
l 14444 14676
l 14652 14440
l 2199 2217
l 7745 7746
l 11041 11040
l 7235 7236
l 1091 1084
l 6215 6216
l 5705 5706
l 5195 5196
l 4685 4686
l 4685 4687
l 3017 3016
l 4433 4432
l 11044 11040
l 3178 3183
l 3156 3155
l 3412 3413
l 2645 2646
l 2647 2645
l 1672 1676
l 2392 2393
l 4175 4186
l 3665 3675
l 1115 1116
l 2135 2141
l 605 606
l 607 605
l 1625 1632
l 95 97
l 352 354
l 352 355
l 1115 1126
l 14346 14310
l 352 360
l 361 352
l 862 875
l 13572 13530
l 12909 12910
l 13166 13167
l 862 880
l 11379 11380
l 13929 13942
l 11127 11126
l 14475 14525
l 9339 9340
l 9596 9597
l 8829 8830
l 8319 8320
l 9849 9858
l 13700 13676
l 9849 9863
l 14288 14243
l 11660 11124
l 11661 11124
l 13082 13074
l 14475 14526
l 9849 9876
l 9877 9849
l 11670 11124
l 1899 1904
l 11675 11124
l 1905 1899
l 4376 4375
l 4829 4824
l 3831 3829
l 14103 14113
l 1899 1908
l 13417 14019
l 14020 13417
l 11124 11718
l 1747 1748
l 11040 11068
l 11725 11124
l 11124 11726
l 11040 11069
l 4375 4378
l 14122 14103
l 1752 1747
l 1747 1753
l 7857 7858
l 9533 9725
l 14103 14128
l 2880 2885
l 8025 8026
l 14129 14103
l 10103 10500
l 1595 1596
l 13087 13074
l 13808 13298
l 12516 12522
l 11881 11853
l 5943 5944
l 12533 12544
l 4820 4821
l 13111 13121
l 14103 14142
l 1595 1606
l 8001 8002
l 7491 7492
l 6981 6982
l 3532 3525
l 6471 6472
l 5961 5962
l 5451 5452
l 3309 3302
l 2570 2572
l 3921 3922
l 3667 3666
l 3411 3412
l 3157 3156
l 3158 3156
l 3415 3411
l 2391 2392
l 3411 3417
l 2901 2906
l 1627 1626
l 1371 1372
l 1626 1629
l 861 862
l 861 863
l 606 608
l 97 96
l 1448 1447
l 1379 1371
l 1116 1124
l 1638 1626
l 10564 10603
l 14441 14440
l 861 874
l 14443 14440
l 12910 12911
l 11380 11381
l 4669 4668
l 379 351
l 12910 12924
l 14310 14312
l 9085 9086
l 4717 4720
l 8575 8576
l 11380 11393
l 12910 12937
l 12999 13000
l 11661 11123
l 13423 13957
l 9844 9848
l 12629 12662
l 10372 10121
l 11221 11244
l 11549 11575
l 9595 9628
l 11680 11123
l 11123 11681
l 11123 11682
l 11549 11577
l 1296 1295
l 3222 3221
l 4176 4185
l 12706 12709
l 14374 14371
l 3389 3391
l 4176 4188
l 13974 13966
l 14310 14315
l 14966 14967
l 10448 10104
l 13045 13044
l 14874 14382
l 13109 13079
l 10104 10457
l 10104 10458
l 10461 10104
l 14640 14632
l 10104 10473
l 3061 3069
l 14087 14112
l 10489 10104
l 10104 10490
l 1143 1148
l 12279 12483
l 12034 12065
l 14311 14312
l 12654 12627
l 12825 12371
l 12371 12826
l 11865 11898
l 3876 3874
l 4042 4043
l 12778 12195
l 4042 4044
l 5171 5172
l 4042 4045
l 14683 14901
l 4046 4042
l 14659 14632
l 3874 3882
l 8257 8258
l 8771 8772
l 3874 3883
l 9285 9286
l 9543 9542
l 3087 3085
l 10570 10571
l 9799 9804
l 11341 11342
l 9809 9799
l 11090 11084
l 3874 3886
l 10827 10837
l 13397 13399
l 12376 12369
l 13913 13911
l 13911 13914
l 14427 14425
l 14939 14940
l 12369 12381
l 1960 1964
l 13140 13151
l 2925 2927
l 10827 10852
l 868 869
l 354 358
l 354 359
l 360 354
l 1129 1125
l 354 362
l 1382 1387
l 868 876
l 1133 1125
l 1134 1125
l 1391 1382
l 611 624
l 14196 14203
l 611 626
l 2667 2675
l 1652 1639
l 1639 1653
l 3181 3190
l 3959 3952
l 5751 5752
l 2757 2766
l 2667 2682
l 6779 6780
l 10930 10989
l 7293 7294
l 7807 7808
l 9602 9542
l 10627 10058
l 10628 10058
l 4687 4693
l 5023 5024
l 13397 13450
l 13397 13451
l 10640 10058
l 14311 14313
l 1808 1810
l 10058 10659
l 3572 3570
l 10665 10058
l 4687 4700
l 1284 1286
l 9673 9542
l 9680 9542
l 9542 9682
l 9542 9685
l 13433 13416
l 2622 2621
l 9542 9704
l 9705 9542
l 2621 2628
l 6641 6642
l 2630 2621
l 14311 14314
l 14414 14779
l 13916 14017
l 6809 6810
l 1059 1067
l 14684 14900
l 14901 14684
l 3434 3436
l 1347 1340
l 14526 14545
l 8513 8514
l 1340 1348
l 9027 9028
l 9542 9541
l 3272 3273
l 9545 9541
l 10829 10828
l 15122 15123
l 1962 1955
l 10835 10828
l 10828 10837
l 12374 12370
l 13399 13398
l 4374 4379
l 14940 14941
l 10828 10846
l 10828 10848
l 10828 10849
l 98 99
l 100 98
l 98 101
l 353 358
l 1383 1381
l 1126 1128
l 353 361
l 1386 1381
l 363 353
l 353 364
l 1191 1186
l 1381 1390
l 1903 1895
l 3184 3182
l 3182 3185
l 1895 1906
l 2668 2675
l 1640 1652
l 3957 3951
l 5493 5494
l 4465 4471
l 3951 3960
l 890 867
l 867 891
l 7035 7036
l 11594 11641
l 4465 4478
l 11972 11964
l 8063 8064
l 2149 2157
l 9603 9541
l 10628 10057
l 13912 13960
l 653 612
l 612 654
l 10057 10643
l 10057 10645
l 10057 10646
l 10647 10057
l 13398 13464
l 13398 13465
l 13466 13398
l 1955 1965
l 12571 12610
l 2962 2963
l 9661 9541
l 2962 2967
l 2006 2005
l 9676 9541
l 9541 9677
l 2962 2970
l 9684 9541
l 12744 12756
l 3136 3137
l 2972 2962
l 9541 9696
l 7947 7948
l 8115 8116
l 11927 11955
l 8447 8448
l 12082 12150
l 2695 2698
l 11191 11427
l 14481 14516
l 3146 3136
l 1853 1854
l 6033 6034
l 11807 11808
l 14481 14517
l 12831 12369
l 6201 6202
l 730 732
l 12472 12451
l 2864 2863
l 3787 3783
l 13084 13107
l 3783 3788
l 4584 4585
l 3954 3951
l 8259 8260
l 9797 9798
l 3951 3955
l 9287 9288
l 2826 2828
l 9544 9546
l 10054 10059
l 3951 3956
l 11853 11854
l 10572 10576
l 11343 11346
l 5881 5882
l 14166 14170
l 15194 15195
l 11343 11356
l 11343 11357
l 11358 11343
l 2660 2667
l 13084 13114
l 609 610
l 609 611
l 609 612
l 99 101
l 356 358
l 615 609
l 866 872
l 1707 1701
l 2666 2665
l 1127 1131
l 1894 1900
l 1637 1645
l 1127 1134
l 1127 1135
l 2665 2672
l 866 881
l 3183 3187
l 3188 3183
l 3950 3957
l 3183 3190
l 3183 3191
l 4721 4728
l 3950 3961
l 6777 6778
l 6267 6268
l 14428 14717
l 7805 7806
l 13439 13399
l 2852 2860
l 4721 4737
l 13399 13442
l 10060 10627
l 10628 10060
l 13446 13399
l 12581 12236
l 13453 13422
l 13399 13452
l 11490 11530
l 11853 11922
l 578 589
l 9881 9797
l 10060 10651
l 10652 10060
l 10541 10514
l 13472 13399
l 13399 13473
l 4766 4771
l 13921 13927
l 14651 14443
l 3648 3647
l 3315 3318
l 3483 3484
l 9544 9671
l 9672 9544
l 3485 3483
l 13125 13074
l 2524 2522
l 12007 12009
l 3647 3652
l 437 428
l 14552 14584
l 3647 3654
l 1397 1401
l 10059 10058
l 10060 10058
l 11053 11050
l 3647 3658
l 13249 13279
l 14664 14443
l 7343 7344
l 14443 14665
l 13283 13249
l 11990 11991
l 7511 7512
l 12818 12626
l 7679 7680
l 5425 5426
l 13249 13288
l 14222 14251
l 2200 2212
l 1251 1245
l 9773 9774
l 1245 1253
l 9025 9026
l 10584 10567
l 8515 8516
l 9543 9544
l 9543 9545
l 9543 9546
l 9547 9543
l 3180 3179
l 9543 9549
l 9798 9809
l 10834 10826
l 10826 10835
l 4213 4215
l 13142 13137
l 13910 13911
l 3015 3017
l 12627 12633
l 13400 13402
l 13400 13403
l 13400 13404
l 13400 13405
l 13400 13406
l 11854 11871
l 11854 11873
l 13910 13922
l 13655 13667
l 11039 11046
l 101 100
l 11854 11878
l 355 359
l 865 872
l 617 610
l 610 618
l 610 619
l 355 364
l 1638 1645
l 1390 1383
l 1383 1391
l 355 368
l 2666 2674
l 3949 3955
l 11854 11892
l 4722 4725
l 1093 1099
l 4727 4722
l 4472 4467
l 4467 4474
l 1093 1100
l 4467 4476
l 13304 13848
l 8061 8062
l 7551 7552
l 9543 9603
l 9604 9543
l 13137 13192
l 13137 13193
l 14102 14105
l 10059 10645
l 1898 1902
l 10059 10650
l 1898 1903
l 10758 10748
l 14102 14111
l 10059 10666
l 10667 10059
l 11990 12023
l 4158 4164
l 781 785
l 9543 9678
l 10126 10354
l 2711 2712
l 1751 1748
l 12007 12063
l 12236 12650
l 1748 1752
l 4844 4846
l 12007 12068
l 13468 13452
l 6899 6900
l 11039 11081
l 11082 11039
l 11854 11879
l 1598 1596
l 11854 11880
l 13452 13474
l 4844 4848
l 6575 6576
l 11397 11180
l 13363 13606
l 3529 3528
l 9281 9282
l 9539 9538
l 4617 4626
l 3696 3694
l 1596 1607
l 4954 4953
l 1608 1596
l 14672 14430
l 13393 13394
l 12221 12220
l 1596 1609
l 13393 13397
l 1442 1444
l 11891 11854
l 13907 13912
l 4850 4844
l 13144 13146
l 9005 9006
l 10589 10062
l 14430 14429
l 13151 13144
l 14112 14105
l 15200 15201
l 1122 1121
l 1379 1378
l 1381 1378
l 1638 1635
l 1127 1121
l 1121 1128
l 615 617
l 362 358
l 358 363
l 1635 1644
l 615 621
l 358 366
l 2414 2415
l 872 880
l 2161 2157
l 5233 5234
l 2157 2163
l 2671 2676
l 2671 2678
l 872 887
l 2671 2680
l 4984 4985
l 4727 4730
l 4984 4987
l 2414 2428
l 13907 13949
l 4405 4396
l 6783 6784
l 13441 13393
l 4727 4738
l 10062 10627
l 10062 10628
l 10629 10062
l 11594 11654
l 11655 11594
l 13194 13144
l 13144 13195
l 11102 11103
l 14377 14378
l 10935 10941
l 10942 10935
l 12370 12369
l 13679 13347
l 10062 10652
l 10653 10062
l 10498 10097
l 13334 13332
l 14676 14670
l 13300 13865
l 12236 12691
l 10121 10119
l 14150 14154
l 9680 9538
l 9813 9828
l 9602 9661
l 12369 12382
l 9538 9687
l 9602 9662
l 9538 9689
l 9690 9538
l 2267 2268
l 3392 3396
l 2269 2267
l 3392 3398
l 9633 14496
l 1144 1146
l 1147 1144
l 11076 11099
l 5903 5904
l 11076 11102
l 14115 14098
l 9540 9753
l 987 986
l 11180 11399
l 990 986
l 986 993
l 4209 4210
l 4211 4209
l 9538 9537
l 4209 4212
l 4041 4047
l 9031 9032
l 11593 11594
l 4048 4041
l 11852 11853
l 10318 10319
l 10318 10320
l 4840 4846
l 13394 13396
l 4041 4050
l 1959 1961
l 14680 14429
l 13649 13657
l 1962 1959
l 2758 2759
l 11404 11439
l 11852 11872
l 12641 12629
l 834 836
l 3086 3091
l 1377 1381
l 14694 14685
l 102 103
l 104 102
l 102 105
l 616 618
l 871 875
l 1636 1644
l 3693 3692
l 3182 3178
l 623 616
l 2927 2928
l 2674 2672
l 616 627
l 1636 1652
l 4469 4470
l 12629 12663
l 2680 2672
l 2672 2681
l 4730 4728
l 2672 2683
l 2758 2765
l 4728 4733
l 6525 6526
l 4480 4469
l 10061 10625
l 4738 4728
l 10630 10061
l 9832 9815
l 10061 10633
l 10061 10634
l 10635 10061
l 12629 12684
l 14429 14733
l 14429 14734
l 14738 14429
l 14429 14739
l 14429 14740
l 1807 1808
l 13394 13463
l 13464 13394
l 1809 1807
l 11595 11593
l 4688 4696
l 10567 10608
l 4697 4688
l 10491 10501
l 14184 14179
l 3738 3737
l 3737 3739
l 3569 3574
l 13288 13279
l 12217 12216
l 3569 3575
l 3737 3741
l 1656 1655
l 11404 11444
l 1655 1658
l 11766 11772
l 9702 9537
l 1491 1495
l 9537 9711
l 9537 9714
l 1655 1662
l 1497 1491
l 1663 1655
l 7765 7766
l 12247 12246
l 2622 2629
l 9537 9745
l 9537 9746
l 2622 2630
l 2631 2622
l 3674 3669
l 5683 5684
l 12918 12912
l 1339 1345
l 14179 14212
l 11627 11593
l 1346 1339
l 14842 14390
l 3433 3436
l 9541 9540
l 8773 8774
l 8263 8264
l 11852 11849
l 11339 11342
l 11339 11343
l 11339 11344
l 11345 11339
l 14674 14432
l 10836 10829
l 14678 14432
l 13142 13143
l 13142 13144
l 11849 11865
l 10319 10330
l 10829 10843
l 10829 10844
l 5199 5200
l 14432 14431
l 14162 14177
l 1633 1635
l 14162 14180
l 1123 1125
l 1382 1380
l 871 870
l 870 872
l 103 105
l 362 360
l 360 363
l 613 620
l 613 621
l 3689 3694
l 360 367
l 368 360
l 2159 2161
l 2159 2162
l 3946 3955
l 5235 5236
l 11849 11893
l 3179 3190
l 2423 2416
l 4215 4216
l 2416 2425
l 2416 2426
l 4725 4731
l 4476 4472
l 11849 11901
l 6781 6782
l 1187 1193
l 6271 6272
l 4472 4481
l 13395 13444
l 2320 2322
l 11289 11312
l 2159 2150
l 13395 13462
l 13463 13395
l 4414 4415
l 11289 11315
l 2150 2162
l 13558 13601
l 11407 11192
l 2150 2164
l 11593 11649
l 10320 10682
l 2476 2478
l 3130 3129
l 15034 15035
l 2966 2961
l 2005 2004
l 9680 9540
l 2006 2004
l 9540 9685
l 2004 2007
l 11596 11740
l 11741 11596
l 3136 3129
l 11192 11419
l 3137 3129
l 10037 10012
l 9704 9540
l 3129 3140
l 11424 11192
l 11192 11425
l 888 887
l 3143 3129
l 11192 11426
l 887 889
l 3129 3144
l 1852 1853
l 3657 3656
l 6829 6830
l 13730 13708
l 2988 2979
l 13708 13732
l 5075 5076
l 7165 7166
l 10012 10052
l 3784 3785
l 3950 3951
l 3784 3786
l 11808 11813
l 3950 3952
l 9540 9539
l 3953 3950
l 9029 9030
l 8519 8520
l 12912 12973
l 2825 2827
l 11850 11854
l 14673 14431
l 11808 11817
l 13141 13142
l 4583 4588
l 3151 3154
l 3784 3792
l 12376 12380
l 2756 2767
l 3958 3950
l 10063 10591
l 3793 3784
l 14433 14432
l 1702 1704
l 1634 1635
l 1634 1636
l 1126 1124
l 614 615
l 616 614
l 105 104
l 869 874
l 875 869
l 3435 3436
l 621 614
l 359 366
l 359 367
l 3184 3180
l 2161 2160
l 6001 6002
l 2670 2675
l 5491 5492
l 14431 14709
l 2422 2415
l 4923 4925
l 2415 2425
l 4986 4981
l 4726 4731
l 4471 4476
l 2415 2429
l 4726 4734
l 4471 4479
l 4583 4596
l 14209 14161
l 13442 13396
l 13396 13446
l 13396 13447
l 11595 11656
l 9573 9560
l 4431 4433
l 14161 14221
l 9574 9560
l 13256 13257
l 14737 14431
l 13256 13258
l 583 588
l 13476 13396
l 13396 13477
l 10513 10541
l 14269 14336
l 14161 14253
l 14254 14161
l 11501 11512
l 12963 12964
l 10683 10319
l 11808 11839
l 9871 9498
l 11808 11840
l 3316 3318
l 9677 9539
l 9681 9539
l 9684 9539
l 9685 9539
l 3478 3486
l 9539 9688
l 9589 9560
l 13927 13965
l 12008 12011
l 9701 9539
l 9539 9702
l 9539 9703
l 1400 1402
l 14572 14549
l 14446 14663
l 14549 14573
l 12319 12320
l 14086 14057
l 11340 11360
l 11363 11340
l 14057 14087
l 12379 12846
l 12847 12379
l 6389 6390
l 14221 14252
l 14279 14280
l 4056 4047
l 6061 6062
l 11077 11076
l 10566 10562
l 3342 3343
l 13301 13836
l 8265 8266
l 11595 11590
l 8779 8780
l 3342 3344
l 9293 9294
l 9550 9551
l 9550 9552
l 9550 9553
l 9550 9554
l 9555 9550
l 2217 2218
l 9807 9813
l 9814 9807
l 11076 11096
l 3180 3181
l 12377 12378
l 3016 3014
l 11076 11100
l 11076 11101
l 9566 9550
l 9550 9567
l 3014 3017
l 14176 14177
l 2146 2145
l 2145 2147
l 2145 2148
l 2402 2405
l 2150 2145
l 2663 2659
l 2145 2152
l 9833 9807
l 363 362
l 11847 11884
l 3944 3949
l 878 876
l 367 362
l 1648 1647
l 3953 3944
l 876 882
l 362 371
l 1094 1097
l 7285 7286
l 11590 11639
l 7799 7800
l 4217 4218
l 4219 4217
l 4477 4474
l 4988 4990
l 5759 5760
l 4737 4731
l 4731 4738
l 13191 13148
l 14729 14418
l 14418 14730
l 13558 13698
l 652 619
l 619 653
l 13148 13198
l 1094 1103
l 13301 13852
l 11851 11852
l 11049 11086
l 11087 11049
l 3828 3827
l 15236 15237
l 13148 13234
l 13148 13235
l 3995 3996
l 3827 3833
l 3999 3995
l 9471 9470
l 14285 14331
l 14445 14447
l 4002 3995
l 13716 13704
l 12413 12290
l 2878 2879
l 2712 2714
l 7855 7856
l 2878 2881
l 2878 2882
l 8023 8024
l 11161 11163
l 5605 5606
l 8191 8192
l 14248 14298
l 630 632
l 12380 12834
l 9740 9765
l 636 630
l 12380 12837
l 11083 11038
l 3692 3691
l 1593 1603
l 1593 1604
l 10820 10821
l 10820 10822
l 8521 8522
l 9035 9036
l 9550 9549
l 13408 13903
l 10063 10064
l 10063 10065
l 10063 10066
l 10067 10063
l 14932 9556
l 3634 3635
l 12220 12219
l 12380 12887
l 11075 11096
l 1443 1441
l 10063 10074
l 10869 10827
l 2862 2865
l 13147 13149
l 1441 1444
l 13406 13407
l 9569 9549
l 2147 2146
l 2916 2915
l 3430 3429
l 2660 2663
l 2152 2146
l 2660 2665
l 3943 3946
l 106 107
l 108 106
l 106 109
l 620 622
l 875 879
l 361 368
l 369 361
l 1648 1650
l 875 883
l 1140 1134
l 885 875
l 875 886
l 11551 11565
l 8055 8056
l 14713 14673
l 4474 4473
l 1389 1403
l 4218 4220
l 4473 4477
l 4732 4734
l 4732 4735
l 4736 4732
l 4481 4473
l 4668 4666
l 12892 12934
l 4666 4669
l 4732 4744
l 4745 4732
l 13962 13920
l 13920 13963
l 9549 9612
l 13147 13197
l 1902 1896
l 11551 11570
l 10820 10898
l 10899 10820
l 9738 9516
l 14745 14417
l 14417 14746
l 11573 11551
l 10770 10782
l 10123 10372
l 13964 13966
l 10672 10049
l 10679 10049
l 4893 4891
l 4974 4979
l 3223 3224
l 10643 10641
l 14129 14132
l 3393 3391
l 4980 4974
l 10294 10260
l 3391 3395
l 12683 12629
l 2104 2100
l 4622 4625
l 1144 1137
l 3350 3359
l 5695 5696
l 10509 10097
l 11075 11097
l 1147 1137
l 11974 12007
l 13686 13677
l 12370 12394
l 12708 12725
l 15156 15157
l 12370 12395
l 7419 7420
l 985 987
l 12396 12370
l 988 985
l 11181 11461
l 12728 12708
l 985 989
l 12708 12729
l 4040 4041
l 4040 4042
l 14153 14149
l 9513 9515
l 11462 11181
l 4045 4040
l 10564 10565
l 10566 10564
l 13004 13021
l 8777 8778
l 4210 4212
l 10063 10062
l 9295 9296
l 9553 9552
l 4040 4048
l 11092 11074
l 1958 1959
l 1960 1958
l 13146 13147
l 12379 12380
l 3088 3087
l 13146 13150
l 1958 1961
l 13407 13408
l 9552 9569
l 2658 2657
l 13917 13923
l 2148 2147
l 2405 2404
l 835 833
l 2147 2151
l 3176 3175
l 1958 1963
l 618 617
l 833 836
l 874 876
l 107 109
l 364 366
l 1645 1647
l 364 369
l 1135 1138
l 617 627
l 1908 1902
l 1135 1141
l 1392 1398
l 7287 7288
l 4730 4729
l 4987 4986
l 4220 4219
l 4733 4729
l 5757 5758
l 4688 4685
l 5247 5248
l 4476 4481
l 4685 4689
l 4476 4485
l 9816 9830
l 4476 4488
l 4489 4476
l 14730 14420
l 9831 9816
l 9552 9613
l 9614 9552
l 14747 14420
l 14160 14193
l 10564 10656
l 10657 10564
l 14180 14178
l 13964 14016
l 12709 12728
l 14017 13964
l 681 685
l 3573 3572
l 3739 3738
l 11974 12014
l 9552 9667
l 2611 2613
l 3741 3738
l 690 681
l 13558 13557
l 12264 12266
l 11292 11786
l 2611 2617
l 2618 2611
l 13236 13232
l 1657 1656
l 3738 3747
l 3738 3749
l 1662 1656
l 12541 12262
l 6307 6308
l 1656 1664
l 12246 12245
l 14707 14708
l 11308 11800
l 6475 6476
l 12283 12286
l 1503 1502
l 6643 6644
l 12378 12836
l 11622 11596
l 11294 11290
l 11073 11074
l 11073 11075
l 12589 12573
l 11960 11915
l 9033 9034
l 8523 8524
l 10062 10061
l 9551 9553
l 4235 4229
l 4565 4566
l 11290 11300
l 12635 12636
l 12381 12380
l 14178 14217
l 13663 13664
l 12101 12129
l 2913 2914
l 2659 2658
l 2913 2916
l 2403 2405
l 2148 2150
l 2151 2148
l 2664 2658
l 3177 3176
l 2666 2658
l 2658 2667
l 2148 2156
l 109 108
l 14702 14675
l 1901 1903
l 363 369
l 1136 1138
l 371 363
l 1646 1652
l 1901 1909
l 1355 1350
l 1655 1646
l 1646 1656
l 618 633
l 873 890
l 1350 1356
l 4475 4476
l 4475 4477
l 4730 4734
l 5503 5504
l 13363 13621
l 2319 2320
l 2321 2319
l 14731 14419
l 14419 14732
l 4475 4493
l 9551 9614
l 2319 2322
l 1188 1195
l 14744 14419
l 2151 2161
l 14419 14761
l 2162 2151
l 14419 14771
l 4475 4533
l 2151 2165
l 3130 3131
l 14798 14419
l 14540 14467
l 14467 14541
l 3130 3134
l 12453 12454
l 2008 2003
l 11027 11003
l 7945 7946
l 2971 2968
l 14811 14812
l 8113 8114
l 3130 3139
l 3140 3130
l 3130 3141
l 2968 2976
l 2003 2015
l 5863 5864
l 1852 1851
l 1851 1854
l 1851 1855
l 2829 2830
l 1856 1851
l 12453 12469
l 3782 3781
l 3947 3946
l 2831 2829
l 12363 12395
l 3785 3781
l 13719 13756
l 10824 10823
l 10825 10823
l 9289 9290
l 9547 9546
l 10823 10828
l 10061 10060
l 8269 8270
l 5711 5712
l 8783 8784
l 3954 3949
l 1769 1775
l 10823 10836
l 1699 1700
l 14423 14421
l 10584 10566
l 15192 15193
l 13401 13403
l 10823 10845
l 12638 12639
l 1699 1702
l 3169 3170
l 3169 3171
l 3683 3684
l 3426 3429
l 3686 3683
l 2406 2407
l 2408 2406
l 2406 2409
l 2154 2149
l 3940 3947
l 1129 1132
l 1129 1133
l 1390 1386
l 1705 1699
l 624 623
l 2673 2663
l 3940 3954
l 366 371
l 623 628
l 629 623
l 6261 6262
l 623 631
l 6775 6776
l 13915 13945
l 5241 5242
l 11586 11643
l 2835 2832
l 3280 3275
l 4221 4222
l 4223 4221
l 4221 4224
l 2836 2832
l 4992 4994
l 4735 4739
l 4735 4740
l 14725 14422
l 13190 13152
l 9559 9571
l 4735 4746
l 9546 9611
l 11196 11192
l 13152 13199
l 13200 13152
l 10641 10054
l 10644 10054
l 10516 10536
l 13216 13152
l 13152 13217
l 10539 10516
l 14220 14222
l 9559 9578
l 3107 3118
l 9559 9579
l 9559 9580
l 3054 3059
l 10678 10054
l 11074 11705
l 9546 9661
l 9546 9662
l 13807 13304
l 3500 3506
l 12964 12965
l 3646 3645
l 13152 13253
l 9670 9546
l 8685 8686
l 430 432
l 10074 10564
l 3649 3645
l 2357 2356
l 10516 10550
l 3477 3486
l 3645 3652
l 9546 9700
l 2526 2524
l 13469 13424
l 13817 13304
l 2528 2524
l 7337 7338
l 1399 1402
l 1399 1403
l 7505 7506
l 7673 7674
l 4744 4743
l 12320 12321
l 12626 12654
l 5095 5096
l 10072 10073
l 11585 11586
l 3173 3175
l 3176 3173
l 11585 11593
l 9546 9545
l 10824 10829
l 8525 8526
l 9039 9040
l 10824 10833
l 9810 9804
l 9804 9811
l 13837 13302
l 3173 3179
l 14936 14937
l 4743 4747
l 13334 13335
l 12637 12638
l 13407 13402
l 13916 13920
l 10565 10593
l 13411 13402
l 3939 3940
l 3170 3173
l 12896 12902
l 2150 2151
l 2150 2152
l 2153 2150
l 2664 2666
l 1387 1385
l 3170 3180
l 1385 1389
l 110 111
l 112 110
l 110 113
l 1394 1385
l 11635 11585
l 884 879
l 879 885
l 6517 6518
l 1385 1399
l 4312 4313
l 5497 5498
l 365 379
l 879 892
l 4478 4477
l 14602 14566
l 4222 4224
l 4477 4481
l 4477 4482
l 4483 4477
l 4484 4477
l 4968 4972
l 12320 12343
l 4948 4943
l 14421 14732
l 13151 13200
l 14271 14299
l 14421 14742
l 14566 14603
l 14100 14105
l 13151 13211
l 1842 1848
l 14108 14100
l 939 941
l 12369 12832
l 14566 14604
l 3829 3828
l 14774 14421
l 4632 4629
l 3995 3994
l 13151 13241
l 4409 4408
l 3828 3831
l 11073 11713
l 3997 3994
l 9671 9545
l 9545 9673
l 9545 9674
l 9545 9675
l 3994 3999
l 3834 3828
l 13302 13861
l 4629 4633
l 3828 3835
l 13302 13862
l 12324 12328
l 11066 11037
l 3994 4002
l 11037 11067
l 9469 9986
l 2713 2709
l 2709 2714
l 1912 1918
l 9783 14930
l 14728 14729
l 11037 11073
l 1746 1754
l 14929 9798
l 1746 1755
l 13904 13952
l 14788 14784
l 6897 6898
l 13167 13168
l 13499 13500
l 12833 12381
l 9541 9683
l 12955 12956
l 11550 11546
l 11546 11551
l 10636 10665
l 11078 11079
l 10124 10352
l 1604 1594
l 9291 9292
l 9549 9548
l 8781 8782
l 3529 3522
l 4483 4492
l 14933 14934
l 15190 15191
l 10821 10840
l 10841 10821
l 3522 3531
l 13404 13403
l 12218 12220
l 9567 9548
l 13150 13152
l 12640 12641
l 9570 9548
l 2616 2613
l 3684 3681
l 3171 3173
l 479 482
l 3175 3171
l 2918 2920
l 1594 1610
l 2154 2151
l 1641 1643
l 1132 1131
l 2151 2157
l 621 622
l 621 623
l 1898 1904
l 111 113
l 368 370
l 878 883
l 884 878
l 373 368
l 368 374
l 5933 5934
l 4499 4483
l 13403 13433
l 5753 5754
l 621 635
l 5243 5244
l 878 894
l 896 878
l 4737 4733
l 4733 4738
l 4733 4739
l 14724 14424
l 14424 14725
l 9606 9548
l 2584 2586
l 4744 4733
l 14784 14814
l 9548 9610
l 9611 9548
l 13198 13150
l 10650 10056
l 3061 3072
l 12998 12999
l 13403 13471
l 13150 13218
l 13219 13150
l 10056 10671
l 10056 10672
l 10673 10056
l 13150 13236
l 14627 14617
l 10565 10614
l 10565 10615
l 13246 13150
l 13150 13247
l 10616 10565
l 14482 14529
l 9548 9668
l 9669 9548
l 9469 10033
l 3389 3386
l 10444 10475
l 11746 11747
l 11746 11748
l 3224 3226
l 3392 3386
l 14571 14570
l 3386 3395
l 4403 4397
l 2270 2269
l 5953 5954
l 2107 2101
l 14274 14272
l 8053 8054
l 13782 13799
l 6289 6290
l 12830 12382
l 12066 12063
l 12371 12397
l 4039 4040
l 10933 10972
l 11843 11842
l 2914 2916
l 13112 13117
l 10058 10057
l 9548 9547
l 10822 10829
l 9037 9038
l 8527 8528
l 10822 10833
l 11168 11483
l 4212 4211
l 10822 10839
l 1957 1958
l 11077 11097
l 11077 11098
l 13914 13915
l 1959 1957
l 6137 6138
l 12894 12895
l 12639 12640
l 9569 9547
l 3427 3428
l 3172 3173
l 2917 2918
l 2919 2917
l 3682 3688
l 2407 2409
l 1897 1898
l 1643 1642
l 13404 13420
l 1133 1132
l 1132 1134
l 2152 2159
l 368 367
l 113 112
l 877 882
l 367 371
l 367 372
l 11587 11637
l 374 367
l 367 375
l 632 622
l 622 634
l 5499 5500
l 4989 4990
l 877 896
l 4479 4481
l 4734 4738
l 4734 4740
l 4742 4734
l 4734 4745
l 4689 4686
l 14679 14733
l 14679 14734
l 13149 13199
l 13200 13149
l 4690 4686
l 10643 10055
l 14423 14745
l 12137 12128
l 4686 4692
l 13149 13217
l 14177 14178
l 4695 4686
l 10055 10671
l 10674 10055
l 10055 10675
l 13238 13149
l 14775 14679
l 11075 11704
l 3736 3735
l 685 682
l 10634 10636
l 3735 3737
l 9547 9663
l 9666 9547
l 4686 4700
l 9547 9672
l 11842 11811
l 3903 3906
l 12263 12264
l 13149 13269
l 3907 3903
l 14751 14759
l 2615 2612
l 2612 2616
l 12267 12263
l 1657 1653
l 1653 1658
l 1653 1660
l 7763 7764
l 5681 5682
l 11622 11595
l 10074 10558
l 13248 13220
l 1763 1770
l 13382 13381
l 3268 3267
l 13220 13249
l 14153 14152
l 14410 14409
l 2306 2307
l 3600 3599
l 12867 12878
l 12867 12879
l 12880 12867
l 14152 14161
l 8273 8274
l 8787 8788
l 9301 9302
l 9558 9559
l 11298 11291
l 2474 2475
l 10588 10074
l 10074 10589
l 2474 2476
l 11103 11100
l 14666 14688
l 10074 10593
l 10074 10594
l 2477 2474
l 4193 4196
l 4964 4965
l 4710 4707
l 9815 9831
l 4707 4712
l 11113 11100
l 6249 6250
l 5529 5530
l 4193 4204
l 4205 4193
l 7277 7278
l 4193 4207
l 4450 4464
l 370 372
l 885 884
l 12406 12353
l 631 627
l 627 632
l 370 377
l 1141 1146
l 1141 1147
l 2428 2426
l 893 884
l 894 884
l 627 639
l 2432 2426
l 3968 3969
l 2426 2434
l 2947 2940
l 2940 2948
l 3197 3205
l 12353 12424
l 2426 2441
l 2426 2444
l 10843 10893
l 12128 12176
l 11871 11921
l 1359 1349
l 2152 2157
l 14749 14410
l 2152 2158
l 11186 11404
l 2160 2152
l 13218 13250
l 4416 4418
l 13499 13381
l 13777 13307
l 13381 13506
l 13381 13507
l 13508 13381
l 13218 13251
l 10823 10826
l 10823 10827
l 10823 10829
l 12324 12359
l 3134 3131
l 13381 13541
l 2002 2007
l 3131 3135
l 14048 14024
l 2967 2971
l 14050 14024
l 3138 3131
l 2967 2973
l 12324 12360
l 11080 11709
l 11829 11823
l 3141 3131
l 14550 14468
l 3131 3142
l 2002 2015
l 7155 7156
l 9573 9577
l 3131 3144
l 12867 12841
l 11502 11491
l 1850 1854
l 2671 2672
l 3131 3148
l 13218 13255
l 11806 11807
l 13343 13675
l 1850 1857
l 5073 5074
l 10557 10073
l 1850 1859
l 2673 2671
l 3784 3782
l 10073 10564
l 10073 10565
l 3948 3950
l 13383 13382
l 13637 13641
l 13642 13637
l 3951 3948
l 14410 14412
l 3782 3786
l 14410 14414
l 12653 12651
l 8529 8530
l 8407 8408
l 9043 9044
l 13703 13672
l 9557 9558
l 9557 9559
l 9557 9560
l 9557 9561
l 9557 9562
l 9557 9563
l 10076 10071
l 11186 11441
l 4579 4577
l 1850 1866
l 4450 4449
l 4451 4449
l 4197 4194
l 5477 5478
l 4194 4199
l 1700 1702
l 4963 4969
l 4449 4458
l 4459 4449
l 4449 4460
l 1703 1700
l 7533 7534
l 8047 8048
l 2663 2666
l 114 115
l 116 114
l 369 373
l 1142 1143
l 376 369
l 369 377
l 1656 1658
l 635 628
l 1404 1397
l 1142 1149
l 628 638
l 628 639
l 883 896
l 897 883
l 2946 2939
l 2684 2691
l 3198 3204
l 12127 12168
l 12127 12169
l 12170 12127
l 2663 2671
l 10844 10892
l 10893 10844
l 2837 2831
l 9573 9554
l 11823 11859
l 14751 14409
l 12625 12626
l 9575 9554
l 14757 14409
l 1548 1549
l 13496 13382
l 13500 13382
l 13503 13382
l 13504 13382
l 10921 10924
l 14448 14648
l 14409 14791
l 14409 14792
l 3480 3481
l 13382 13519
l 13382 13520
l 3646 3647
l 3408 3399
l 3482 3480
l 13405 13440
l 13417 13907
l 1394 1395
l 12745 12804
l 10566 10073
l 3652 3646
l 13417 13908
l 1400 1394
l 13801 13753
l 13936 13939
l 9554 9597
l 277 279
l 277 280
l 9554 9600
l 11985 11994
l 10554 10076
l 6223 6224
l 1249 1248
l 10076 10562
l 10076 10563
l 10071 10073
l 14150 14151
l 13384 13383
l 10071 10074
l 12874 12865
l 1251 1248
l 6391 6392
l 14150 14157
l 10071 10075
l 8785 8786
l 8275 8276
l 10071 10070
l 9303 9304
l 6559 6560
l 9772 9777
l 11869 11870
l 3174 3179
l 12126 12128
l 11616 11617
l 4706 4705
l 4707 4705
l 9560 9572
l 4452 4453
l 4454 4452
l 4705 4711
l 4195 4200
l 4195 4201
l 4202 4195
l 6251 6252
l 4195 4205
l 7789 7790
l 4465 4475
l 7279 7280
l 9586 9560
l 625 627
l 11892 11869
l 115 117
l 3184 3174
l 1400 1401
l 372 378
l 1910 1915
l 882 892
l 1910 1917
l 882 894
l 1400 1407
l 1408 1400
l 2433 2428
l 3458 3456
l 1400 1411
l 1097 1096
l 2938 2949
l 14100 14099
l 12126 12170
l 2443 2428
l 11869 11918
l 13966 13936
l 4942 4948
l 9560 9628
l 4950 4942
l 9560 9630
l 10073 10603
l 14099 14105
l 14412 14758
l 14412 14759
l 13936 13971
l 938 939
l 1105 1096
l 940 938
l 11104 11699
l 11849 11854
l 3994 3993
l 3993 3995
l 14412 14793
l 3993 3997
l 10612 10073
l 4475 4467
l 2871 2868
l 13522 13383
l 3038 3036
l 10676 10019
l 1912 1911
l 2875 2868
l 1911 1914
l 787 786
l 2868 2877
l 11866 11849
l 14099 14121
l 12625 12694
l 7853 7854
l 2868 2879
l 14784 14783
l 786 790
l 12695 12625
l 14476 14478
l 2710 2716
l 794 786
l 9468 9997
l 10343 10125
l 5607 5608
l 10537 10075
l 5939 5940
l 9632 14488
l 9628 9625
l 637 636
l 3521 3523
l 10075 10564
l 12356 12357
l 12356 12358
l 1759 1767
l 636 640
l 3526 3521
l 12611 12618
l 12619 12611
l 13388 13384
l 11260 11261
l 14415 14412
l 12866 12880
l 9041 9042
l 12883 12866
l 8531 8532
l 9814 9815
l 3521 3529
l 9561 9559
l 10586 10075
l 3695 3689
l 13348 13351
l 12217 12219
l 4961 4962
l 4707 4706
l 4964 4961
l 9559 9573
l 4706 4710
l 3521 3532
l 4200 4196
l 9559 9577
l 4451 4458
l 4196 4203
l 4204 4196
l 4461 4451
l 4451 4462
l 4196 4208
l 13704 13758
l 13172 13121
l 117 116
l 1607 1611
l 375 371
l 371 376
l 1145 1144
l 371 378
l 891 881
l 2937 2940
l 1654 1661
l 1654 1662
l 2937 2943
l 2937 2944
l 3201 3200
l 2434 2427
l 2427 2435
l 12125 12164
l 2574 2576
l 2427 2439
l 626 651
l 2444 2427
l 2445 2427
l 654 626
l 11870 11919
l 11920 11870
l 13202 13121
l 13459 13384
l 12550 12539
l 9559 9621
l 9559 9622
l 9879 9814
l 13121 13208
l 14756 14411
l 14411 14757
l 12125 12200
l 11545 11572
l 10125 10370
l 12356 12462
l 11545 11573
l 10125 10371
l 2840 2841
l 11574 11545
l 13495 13384
l 13384 13496
l 13384 13502
l 10118 10116
l 12372 12373
l 12422 12419
l 11577 11545
l 9676 9693
l 13513 13384
l 13384 13517
l 13003 13008
l 14427 14421
l 14149 14306
l 14307 14149
l 3385 3392
l 13344 13343
l 5661 5662
l 2103 2102
l 14761 14799
l 13003 13017
l 1139 1143
l 13378 13575
l 1139 1144
l 14022 14042
l 13997 13998
l 3773 3768
l 2102 2109
l 4995 4996
l 4997 4995
l 10078 10536
l 2102 2113
l 12064 12062
l 2114 2102
l 10552 10078
l 10078 10553
l 4038 4041
l 13377 13380
l 6111 6112
l 2915 2913
l 5335 5336
l 3081 3082
l 15184 15185
l 9297 9298
l 13634 13651
l 3083 3081
l 9557 9554
l 8277 8278
l 8791 8792
l 10068 10074
l 12289 12434
l 9564 9554
l 11867 11869
l 12124 12126
l 12124 12127
l 4843 4844
l 10849 10847
l 5217 5218
l 12131 12124
l 5731 5732
l 4843 4845
l 4198 4197
l 4454 4455
l 9554 9576
l 4711 4713
l 4968 4970
l 4711 4716
l 4461 4454
l 6253 6254
l 6767 6768
l 10554 10075
l 1137 1139
l 1396 1394
l 1137 1141
l 1137 1142
l 375 374
l 374 376
l 889 888
l 1394 1402
l 888 891
l 1916 1908
l 3964 3965
l 638 631
l 3964 3967
l 631 640
l 14042 14078
l 1956 1965
l 2430 2441
l 14732 14414
l 2430 2446
l 3095 3081
l 2430 2449
l 13095 13087
l 14747 14414
l 10590 10653
l 14414 14758
l 14772 14414
l 13499 13377
l 14414 14781
l 15150 15151
l 13504 13377
l 13506 13377
l 13219 13221
l 13931 13928
l 3737 3736
l 13219 13222
l 3903 3902
l 13219 13223
l 11456 11506
l 3736 3739
l 13521 13377
l 687 688
l 3740 3736
l 11101 11103
l 13377 13528
l 13377 13530
l 2609 2614
l 3902 3907
l 2777 2780
l 2609 2615
l 3911 3902
l 2619 2609
l 1605 1609
l 12678 12712
l 1654 1659
l 13377 13570
l 14398 14836
l 10536 10077
l 6477 6478
l 11162 11543
l 10555 10077
l 10077 10557
l 13633 13634
l 3431 3430
l 4723 4724
l 10077 10566
l 10567 10077
l 3430 3432
l 13127 13129
l 14414 14416
l 14417 14414
l 9555 9553
l 2307 2305
l 9812 9813
l 8533 8534
l 9047 9048
l 10077 10585
l 2474 2473
l 12123 12125
l 10590 10589
l 9567 9553
l 11103 11104
l 13383 13521
l 5473 5474
l 10339 10334
l 5987 5988
l 4453 4454
l 4199 4198
l 4456 4453
l 4712 4713
l 4712 4714
l 2473 2477
l 8043 8044
l 4712 4718
l 10607 10077
l 2473 2478
l 1138 1140
l 1652 1653
l 374 373
l 118 119
l 118 120
l 118 121
l 118 122
l 3194 3195
l 632 636
l 1652 1661
l 2174 2175
l 640 632
l 2174 2177
l 2688 2690
l 2435 2429
l 2943 2948
l 2943 2949
l 2305 2317
l 9814 9878
l 10334 10376
l 10377 10334
l 2429 2443
l 2429 2445
l 2429 2446
l 4231 4244
l 13594 13559
l 10589 10654
l 10655 10589
l 13369 13585
l 14413 14758
l 11404 11187
l 9553 9655
l 9656 9553
l 11868 11961
l 11097 11707
l 4415 4417
l 4231 4252
l 14782 14413
l 14413 14783
l 14413 14787
l 14413 14788
l 4421 4415
l 1205 1198
l 13529 13378
l 13530 13378
l 13532 13378
l 14021 14044
l 3133 3132
l 2969 2966
l 10832 10824
l 1047 1046
l 13378 13562
l 2966 2972
l 13566 13378
l 13418 13419
l 10824 10834
l 12231 12230
l 14551 14469
l 13418 13424
l 10536 10080
l 10080 10537
l 10550 10080
l 3780 3779
l 1857 1849
l 11433 11187
l 12877 14914
l 14915 12877
l 3948 3947
l 10080 10567
l 10568 10080
l 2962 2955
l 13645 13636
l 12616 12622
l 15182 15183
l 10080 10576
l 14672 14673
l 3947 3951
l 9299 9300
l 3786 3779
l 8789 8790
l 13636 13655
l 8279 8280
l 9561 9556
l 14672 14682
l 11865 11868
l 9565 9556
l 10845 10846
l 3186 3182
l 14626 14447
l 11873 11865
l 5729 5730
l 9571 9556
l 5219 5220
l 11865 11877
l 3955 3947
l 4456 4457
l 7785 7786
l 4459 4456
l 7275 7276
l 4973 4966
l 4966 4974
l 6045 6046
l 6255 6256
l 1650 1649
l 10611 10080
l 1139 1140
l 1397 1396
l 629 630
l 631 629
l 629 632
l 1402 1396
l 119 123
l 886 892
l 637 629
l 629 638
l 2687 2685
l 2685 2688
l 886 897
l 3195 3202
l 119 131
l 119 132
l 3195 3205
l 2834 2830
l 10335 10377
l 2432 2443
l 2444 2432
l 4588 4594
l 2432 2447
l 2449 2432
l 14748 14416
l 2664 2673
l 14416 14750
l 2674 2664
l 14416 14760
l 14761 14416
l 11100 11691
l 11100 11692
l 9576 9553
l 14416 14780
l 13506 13379
l 14795 14416
l 3645 3643
l 14416 14800
l 3479 3480
l 13637 13638
l 10561 10076
l 3481 3479
l 3648 3643
l 3643 3649
l 13379 13542
l 13379 13543
l 14654 14447
l 1393 1398
l 1393 1399
l 1393 1400
l 14569 14552
l 7507 7508
l 5253 5254
l 7839 7840
l 9553 9599
l 10534 10079
l 10079 10535
l 7675 7676
l 11986 11990
l 14278 14269
l 9553 9605
l 13635 13636
l 13381 13380
l 9553 9606
l 12615 12616
l 12360 12361
l 10073 10070
l 14269 14282
l 14671 14672
l 13635 13649
l 10066 10065
l 13651 13635
l 9556 9555
l 9045 9046
l 8535 8536
l 12962 12992
l 11866 11867
l 9564 9555
l 11866 11869
l 11866 11870
l 10846 10847
l 11872 11866
l 11866 11873
l 3175 3178
l 10846 10851
l 5475 5476
l 11101 11109
l 11101 11110
l 4710 4711
l 4455 4456
l 4457 4455
l 4200 4202
l 4203 4200
l 4965 4972
l 4455 4461
l 4200 4206
l 3346 3343
l 6511 6512
l 1905 1906
l 4710 4723
l 3343 3347
l 1141 1140
l 376 375
l 1401 1395
l 1146 1140
l 3183 3175
l 120 124
l 630 637
l 3196 3198
l 895 885
l 2686 2688
l 885 897
l 1089 1095
l 3196 3203
l 120 132
l 2437 2431
l 2431 2442
l 2957 2941
l 2958 2941
l 120 143
l 9555 9616
l 9617 9555
l 1089 1100
l 4493 4488
l 3175 3190
l 1089 1101
l 14754 14415
l 14415 14755
l 14415 14756
l 4941 4950
l 10691 10222
l 10075 10587
l 10682 10335
l 3993 3992
l 14723 14741
l 5655 5656
l 3992 3995
l 2867 2868
l 2867 2869
l 14476 14527
l 14292 14272
l 13380 13529
l 10222 10693
l 3037 3035
l 11611 11741
l 13538 13380
l 13539 13380
l 14528 14476
l 14098 14118
l 2867 2875
l 13864 13300
l 14448 14450
l 4599 4601
l 2867 2878
l 13380 13565
l 1910 1918
l 3046 3035
l 14422 14726
l 12828 12363
l 12363 12830
l 4557 4558
l 14422 14727
l 6735 6736
l 4822 4827
l 6903 6904
l 4599 4604
l 4557 4559
l 1760 1765
l 10276 10288
l 14920 11843
l 12361 12362
l 10289 10276
l 13390 13389
l 3691 3690
l 13136 13132
l 14160 14161
l 3690 3692
l 10276 10291
l 3524 3527
l 3856 3858
l 3690 3693
l 8281 8282
l 3528 3524
l 8795 8796
l 10589 10066
l 2732 2731
l 11349 11359
l 4491 4485
l 10080 10081
l 6241 6242
l 1760 1771
l 6755 6756
l 3524 3530
l 7269 7270
l 7783 7784
l 10066 10601
l 4821 4824
l 4716 4715
l 4972 4973
l 4201 4206
l 4201 4207
l 4821 4825
l 4972 4977
l 2162 2161
l 2418 2419
l 2420 2418
l 2418 2421
l 2932 2934
l 2418 2423
l 3703 3704
l 3189 3195
l 635 637
l 121 126
l 892 895
l 128 121
l 1409 1406
l 1920 1922
l 1663 1669
l 1670 1663
l 9730 9527
l 1663 1673
l 2776 2773
l 2957 2932
l 13389 13457
l 1615 1608
l 13459 13389
l 15054 15055
l 13132 13212
l 13213 13132
l 3834 3833
l 13389 13481
l 10609 10567
l 11902 11850
l 13489 13389
l 11850 11903
l 1457 1454
l 13788 13749
l 9527 9740
l 10115 10116
l 329 331
l 14402 14784
l 14402 14785
l 14786 14402
l 14444 14674
l 3148 3152
l 13389 13516
l 3387 3389
l 323 322
l 11111 11101
l 11350 11742
l 3388 3389
l 3388 3390
l 3391 3388
l 11088 11080
l 13035 13034
l 11306 11767
l 3610 3614
l 15076 15077
l 11768 11306
l 12946 12918
l 13018 13004
l 10794 10787
l 13004 13020
l 2112 2104
l 11160 11162
l 9996 10030
l 14679 14421
l 9761 9527
l 1140 1148
l 2111 2103
l 6291 6292
l 9527 9765
l 12726 12709
l 2103 2114
l 12373 12396
l 2103 2115
l 6459 6460
l 14402 14403
l 774 772
l 14402 14405
l 11869 11877
l 12364 12872
l 12873 12364
l 14402 14413
l 13645 13646
l 13391 13390
l 9770 9527
l 10787 10807
l 4037 4043
l 10322 10323
l 9527 9771
l 5967 5968
l 990 993
l 8537 8538
l 9051 9052
l 11350 11357
l 990 994
l 11359 11350
l 10079 10080
l 9824 9825
l 6497 6498
l 7011 7012
l 13645 13669
l 7525 7526
l 10033 9996
l 8039 8040
l 4457 4458
l 4203 4202
l 4972 4971
l 4202 4205
l 4213 4214
l 5999 6000
l 4716 4721
l 2417 2418
l 2419 2417
l 2932 2931
l 2677 2676
l 4971 4982
l 3445 3447
l 3190 3192
l 2937 2931
l 377 378
l 122 123
l 122 124
l 122 125
l 122 126
l 122 127
l 128 122
l 1664 1665
l 1405 1410
l 1411 1405
l 1668 1664
l 10065 10629
l 1414 1405
l 647 636
l 122 136
l 636 650
l 1405 1419
l 2931 2957
l 9565 9617
l 9618 9565
l 12290 12445
l 838 841
l 11746 11784
l 1803 1804
l 11785 11746
l 12061 12086
l 1805 1803
l 12087 12061
l 13260 13280
l 13485 13390
l 14478 14470
l 13390 13491
l 10496 10495
l 13519 13507
l 3733 3734
l 3735 3733
l 13218 13220
l 3902 3901
l 3733 3737
l 13002 13057
l 13218 13223
l 13058 13002
l 14814 14401
l 14401 14815
l 14401 14816
l 14817 14401
l 2778 2779
l 3733 3742
l 1651 1653
l 3908 3901
l 3743 3733
l 3733 3744
l 1651 1655
l 13560 13561
l 3901 3911
l 1658 1651
l 1651 1659
l 7761 7762
l 13585 13367
l 12242 12243
l 7929 7930
l 12242 12244
l 13537 13507
l 12245 12242
l 13507 13538
l 12061 12111
l 12242 12247
l 11499 11478
l 5847 5848
l 13343 13666
l 15170 15171
l 14403 14405
l 12361 12873
l 1737 1729
l 14158 14159
l 3429 3432
l 12369 12363
l 3597 3598
l 10838 10833
l 3599 3597
l 8793 8794
l 8283 8284
l 3597 3600
l 10078 10079
l 9311 9312
l 9568 9569
l 6753 6754
l 10083 10078
l 6243 6244
l 7781 7782
l 11351 11367
l 7271 7272
l 4713 4715
l 4204 4203
l 11351 11373
l 5741 5742
l 4460 4463
l 4464 4460
l 10833 10865
l 2673 2674
l 4467 4460
l 2930 2932
l 2165 2163
l 2678 2673
l 2423 2420
l 2420 2424
l 3448 3449
l 3450 3448
l 891 890
l 3191 3196
l 380 381
l 382 380
l 14806 14850
l 123 128
l 1408 1409
l 130 123
l 11188 11394
l 123 133
l 123 134
l 123 135
l 136 123
l 651 633
l 633 652
l 11188 11396
l 1351 1355
l 13391 13456
l 13457 13391
l 13391 13459
l 14313 14357
l 1357 1351
l 4244 4232
l 2476 2487
l 13391 13487
l 13488 13391
l 12346 12414
l 11096 11703
l 4082 4084
l 11096 11706
l 11707 11096
l 4252 4232
l 1199 1201
l 1199 1202
l 10226 10703
l 3293 3294
l 1199 1205
l 10706 10226
l 14404 14817
l 10226 10707
l 14820 14404
l 14404 14821
l 14404 14822
l 14044 14022
l 14620 14456
l 2170 2171
l 2965 2968
l 2172 2170
l 9868 9858
l 11988 11957
l 2170 2173
l 9858 9869
l 12853 12878
l 6985 6986
l 2697 2696
l 2965 2975
l 4628 4637
l 2976 2965
l 12362 12828
l 12829 12362
l 7321 7322
l 13087 13094
l 2016 2017
l 12970 12942
l 12795 12794
l 2639 2637
l 11821 11835
l 13098 13087
l 2027 2029
l 2016 2021
l 10558 10067
l 2863 2862
l 14405 14404
l 2023 2016
l 3782 3780
l 2016 2024
l 12364 12368
l 12364 12369
l 10969 11005
l 11103 11107
l 3780 3785
l 11352 11353
l 9049 9050
l 8539 8540
l 11613 11607
l 10334 10324
l 3952 3946
l 10081 10077
l 4749 4743
l 5079 5080
l 6499 6500
l 10067 10597
l 8037 8038
l 3788 3780
l 7527 7528
l 4970 4969
l 4205 4204
l 4969 4974
l 4714 4719
l 5487 5488
l 11889 11862
l 2929 2930
l 2931 2929
l 2929 2932
l 2164 2165
l 2422 2419
l 2674 2679
l 2936 2929
l 2681 2674
l 890 889
l 635 634
l 634 636
l 739 741
l 126 124
l 127 124
l 1407 1408
l 124 129
l 1662 1668
l 124 133
l 14157 14214
l 1662 1672
l 124 137
l 9556 9567
l 14192 14160
l 2661 2668
l 124 141
l 1864 1872
l 13392 13458
l 13392 13461
l 2661 2670
l 2829 2837
l 9385 9386
l 2661 2673
l 2840 2829
l 9700 9674
l 9578 9556
l 14242 14330
l 14888 14873
l 594 587
l 3644 3646
l 3647 3644
l 14819 14403
l 14403 14820
l 3644 3648
l 11917 11951
l 14873 14892
l 14400 14827
l 2525 2526
l 13419 13469
l 6377 6378
l 1396 1404
l 6545 6546
l 9556 9598
l 9599 9556
l 12367 12847
l 6713 6714
l 12627 12653
l 14380 14875
l 10558 10070
l 1242 1247
l 15176 15177
l 13386 13385
l 6057 6058
l 12365 12366
l 10075 10584
l 12365 12368
l 12365 12369
l 12370 12365
l 3338 3339
l 11859 11862
l 12375 12365
l 12365 12376
l 3338 3340
l 9305 9306
l 10839 10843
l 9820 9819
l 9819 9821
l 8285 8286
l 8799 8800
l 11105 11096
l 7265 7266
l 7779 7780
l 6245 6246
l 6759 6760
l 5225 5226
l 5739 5740
l 11886 11859
l 4462 4463
l 4464 4462
l 9562 9586
l 3442 3443
l 3700 3699
l 4719 4725
l 4470 4462
l 3185 3191
l 4976 4984
l 2679 2681
l 1146 1145
l 2936 2939
l 1402 1404
l 1402 1405
l 1402 1406
l 383 382
l 639 640
l 896 897
l 896 899
l 896 900
l 125 134
l 904 896
l 125 139
l 125 141
l 13458 13385
l 1097 1090
l 4214 4216
l 13209 13136
l 13136 13210
l 2221 2226
l 14751 14406
l 3190 3176
l 14433 14434
l 14433 14435
l 13492 13385
l 14462 14593
l 14437 14433
l 13499 13385
l 13385 13501
l 13385 13504
l 3991 3993
l 14434 14696
l 2764 2759
l 11026 11059
l 13385 13522
l 13523 13385
l 14406 14806
l 9466 9468
l 13590 13595
l 3034 3035
l 11062 11026
l 11847 11859
l 3036 3034
l 2871 2866
l 9470 9466
l 11847 11860
l 14097 14115
l 1909 1910
l 12239 12643
l 14116 14097
l 1909 1912
l 4618 4621
l 3040 3034
l 1909 1913
l 4395 4398
l 10749 10768
l 7851 7852
l 1915 1909
l 4622 4618
l 8019 8020
l 13948 13928
l 8187 8188
l 10127 10338
l 12368 12833
l 5937 5938
l 3061 3057
l 10069 10558
l 13676 13894
l 12368 12870
l 14407 14406
l 14661 14666
l 13386 13387
l 13386 13388
l 13386 13389
l 13390 13386
l 13386 13392
l 12366 12369
l 792 804
l 634 639
l 14380 14886
l 13142 13135
l 11346 11352
l 3857 3855
l 10075 10077
l 3527 3523
l 3855 3858
l 9055 9056
l 11885 11847
l 7521 7522
l 8035 8036
l 9561 9573
l 6501 6502
l 9561 9575
l 7015 7016
l 12366 12393
l 5481 5482
l 14187 14155
l 5995 5996
l 14155 14189
l 11860 11886
l 4206 4208
l 4720 4721
l 3441 3442
l 3187 3186
l 3186 3189
l 2421 2422
l 2166 2167
l 2168 2166
l 2166 2169
l 3186 3194
l 1146 1147
l 1401 1404
l 1661 1660
l 2686 2680
l 381 383
l 126 128
l 129 126
l 126 130
l 13187 13135
l 1401 1412
l 895 901
l 646 640
l 640 647
l 640 649
l 10264 10270
l 4822 4829
l 126 143
l 13140 13187
l 12132 12136
l 13460 13386
l 9309 9310
l 14433 14436
l 4832 4822
l 11182 11403
l 11305 11748
l 12285 12448
l 12050 12055
l 14278 14290
l 1453 1454
l 4670 4671
l 10264 10278
l 1453 1455
l 2840 2843
l 13386 13498
l 14622 14624
l 14783 14405
l 14784 14405
l 11305 11755
l 10114 10116
l 10118 10114
l 3221 3219
l 11036 11045
l 9655 9613
l 3387 3388
l 14278 14301
l 2426 2427
l 3390 3387
l 13099 13100
l 11014 11053
l 3387 3392
l 1303 1301
l 2431 2426
l 1301 1304
l 12713 12712
l 14475 14474
l 14850 14405
l 14405 14851
l 2104 2107
l 12271 12530
l 13001 13020
l 2272 2273
l 2104 2108
l 4994 4993
l 9613 9669
l 14902 14623
l 1150 1149
l 7583 7584
l 3295 3288
l 5631 5632
l 15174 15175
l 14407 14408
l 14409 14407
l 4036 4040
l 13387 13389
l 14159 14154
l 4041 4036
l 12369 12367
l 9528 9769
l 11106 11701
l 11094 11096
l 10584 10585
l 12367 12378
l 11347 11355
l 9307 9308
l 9564 9565
l 8797 8798
l 10847 10837
l 8287 8288
l 9825 9817
l 7777 7778
l 10837 10851
l 7267 7268
l 6757 6758
l 6247 6248
l 11094 11113
l 5737 5738
l 9817 9835
l 5227 5228
l 12690 12718
l 4718 4717
l 2920 2919
l 4464 4465
l 3697 3698
l 3699 3697
l 3188 3187
l 3444 3445
l 3446 3444
l 2936 2934
l 2167 2169
l 1658 1657
l 2939 2934
l 2677 2684
l 2934 2941
l 637 638
l 894 895
l 896 894
l 384 385
l 386 384
l 637 643
l 644 637
l 894 902
l 127 135
l 127 136
l 137 127
l 139 127
l 127 140
l 2934 2958
l 14154 14223
l 9817 9877
l 9878 9817
l 11798 11305
l 12060 12083
l 14408 14751
l 10584 10657
l 12060 12084
l 9525 9530
l 13387 13490
l 13491 13387
l 12888 12380
l 8541 8542
l 14408 14790
l 14791 14408
l 12216 12215
l 3901 3900
l 3734 3747
l 3900 3902
l 3737 3734
l 3900 3903
l 3734 3738
l 10775 10803
l 12260 12262
l 12263 12260
l 3906 3900
l 3741 3734
l 9213 9214
l 3900 3908
l 2615 2616
l 3744 3734
l 2617 2615
l 3734 3745
l 1656 1652
l 1652 1657
l 2785 2783
l 2615 2621
l 2623 2615
l 13217 13237
l 2615 2627
l 10556 10071
l 10071 10557
l 13560 13549
l 6479 6480
l 13245 13217
l 13389 13388
l 13133 13134
l 13133 13135
l 12623 12624
l 12881 12878
l 13138 13133
l 13139 13133
l 4724 4721
l 11348 11349
l 11348 11350
l 10583 10584
l 4721 4725
l 12378 12368
l 9818 9819
l 9563 9564
l 3433 3432
l 9053 9054
l 8543 8544
l 12368 12385
l 8033 8034
l 7523 7524
l 3598 3600
l 7013 7014
l 6503 6504
l 5993 5994
l 5483 5484
l 4729 4721
l 2309 2307
l 4973 4975
l 4720 4718
l 4977 4973
l 3953 3954
l 1346 1348
l 2021 2027
l 3189 3188
l 2475 2476
l 2678 2679
l 2680 2678
l 2169 2168
l 1913 1915
l 1403 1404
l 1149 1148
l 2678 2686
l 1658 1663
l 638 640
l 638 641
l 128 130
l 131 128
l 638 646
l 10089 10522
l 14153 14218
l 14219 14153
l 1353 1346
l 12597 12545
l 2307 2316
l 10225 10694
l 10695 10225
l 4569 4577
l 13490 13388
l 10225 10696
l 13388 13492
l 13388 13493
l 13388 13494
l 2923 2921
l 14407 14786
l 13734 13735
l 11150 11148
l 2084 2090
l 1202 1200
l 3126 3127
l 11154 11148
l 3126 3128
l 3294 3295
l 10225 10709
l 10225 10710
l 8109 8110
l 2084 2092
l 10153 10244
l 10245 10153
l 10248 10153
l 10153 10250
l 1049 1048
l 1048 1050
l 1053 1048
l 2532 2540
l 10840 10822
l 2015 2017
l 10307 10153
l 10153 10308
l 3780 3777
l 3946 3945
l 3945 3947
l 3945 3948
l 3777 3783
l 4113 4114
l 4744 4746
l 4113 4115
l 3950 3945
l 4747 4744
l 3945 3952
l 4113 4118
l 13086 13107
l 14726 14762
l 1865 1863
l 6043 6044
l 1863 1867
l 130 129
l 387 386
l 129 133
l 902 900
l 900 903
l 900 904
l 1673 1671
l 1928 1930
l 2700 2699
l 1671 1677
l 1678 1671
l 143 129
l 3728 3727
l 1671 1681
l 3470 3474
l 2956 2963
l 4756 4755
l 2699 2709
l 4755 4758
l 4498 4503
l 4241 4248
l 6297 6298
l 6811 6812
l 7325 7326
l 3488 3470
l 8353 8354
l 8867 8868
l 9381 9382
l 9638 9639
l 9638 9640
l 4926 4927
l 9638 9642
l 9643 9638
l 10666 10668
l 11180 11181
l 129 174
l 11180 11183
l 11184 11180
l 10929 10923
l 12465 12466
l 11437 11443
l 4929 4926
l 10923 10933
l 14008 14007
l 13872 13836
l 14778 14779
l 1715 1711
l 13236 13252
l 10949 10923
l 10923 10950
l 10951 10923
l 13493 13513
l 13516 13493
l 10531 10571
l 3642 3641
l 12498 12465
l 12465 12499
l 10542 10520
l 14046 14007
l 12767 12210
l 3375 3381
l 588 594
l 12210 12774
l 596 588
l 14007 14062
l 3641 3649
l 1559 1560
l 10923 10999
l 10923 11001
l 14007 14074
l 14075 14007
l 13931 13932
l 3641 3651
l 7333 7334
l 434 435
l 12212 12806
l 12807 12212
l 12465 12552
l 1395 1400
l 3490 3473
l 13259 13276
l 2528 2529
l 7669 7670
l 14570 14538
l 13752 13858
l 3473 3493
l 10788 10796
l 13385 13384
l 13259 13282
l 13259 13284
l 12968 12984
l 283 282
l 10641 10024
l 12985 12968
l 10068 10069
l 13828 13298
l 12024 12001
l 10070 10068
l 5591 5592
l 12988 12968
l 12374 12375
l 1243 1249
l 12968 12989
l 1250 1243
l 1243 1251
l 4046 4056
l 282 290
l 3177 3169
l 3343 3337
l 3178 3169
l 12001 12032
l 130 131
l 9555 9615
l 133 130
l 11398 11182
l 644 647
l 648 644
l 899 905
l 899 906
l 899 907
l 908 899
l 1094 1091
l 1413 1422
l 1423 1413
l 2955 2960
l 1095 1091
l 2700 2707
l 5011 5012
l 4757 4756
l 5525 5526
l 4497 4504
l 4242 4249
l 6553 6554
l 4507 4497
l 7067 7068
l 7581 7582
l 3469 3488
l 8609 8610
l 9123 9124
l 9896 9897
l 9896 9898
l 11180 11179
l 174 130
l 11438 11439
l 11438 11440
l 10924 10929
l 10924 10931
l 10932 10924
l 11446 11438
l 11438 11447
l 11182 11448
l 13754 13749
l 10172 10151
l 12347 12292
l 10174 10151
l 11182 11460
l 12466 12485
l 10268 10145
l 3993 3990
l 11728 11693
l 11693 11729
l 3990 3994
l 13235 13268
l 2865 2867
l 2868 2865
l 12508 12466
l 12466 12510
l 12466 12513
l 3035 3033
l 12209 12772
l 1909 1908
l 3033 3037
l 9570 9666
l 4458 4463
l 1908 1911
l 14008 14068
l 14069 14008
l 11916 11935
l 1913 1908
l 3990 4004
l 12209 12812
l 12813 12209
l 13764 13791
l 6071 6072
l 10750 10772
l 2171 2173
l 793 791
l 13298 13872
l 791 794
l 12495 12504
l 6733 6734
l 1758 1761
l 1758 1763
l 4980 4979
l 12540 12541
l 7069 7070
l 9465 10003
l 3688 3691
l 12542 12545
l 3692 3688
l 12215 12214
l 2731 2729
l 1770 1758
l 4973 4974
l 1606 1607
l 1606 1608
l 642 641
l 899 898
l 388 389
l 388 390
l 388 391
l 388 392
l 388 393
l 394 388
l 907 898
l 2954 2956
l 898 909
l 1611 1606
l 2447 2444
l 898 912
l 3217 3215
l 2954 2962
l 2963 2954
l 4244 4243
l 4243 4245
l 5781 5782
l 1606 1613
l 12451 12286
l 483 486
l 6299 6300
l 7837 7838
l 15066 15067
l 7327 7328
l 8865 8866
l 8355 8356
l 9893 9894
l 9383 9384
l 4335 4337
l 10921 10922
l 10921 10923
l 10411 10412
l 10921 10925
l 10926 10921
l 10921 10927
l 10921 10928
l 10668 10673
l 11439 11444
l 12724 12725
l 14005 14007
l 10608 10585
l 1127 1125
l 13754 13752
l 11439 11452
l 11183 11453
l 12734 12212
l 10722 10718
l 14262 14273
l 11949 11970
l 11183 11460
l 11461 11183
l 1456 1457
l 12744 12212
l 11977 11949
l 12746 12212
l 1456 1458
l 11183 11471
l 12752 12212
l 1456 1459
l 14957 14958
l 11949 11991
l 13752 13785
l 12286 12464
l 1461 1456
l 12467 12508
l 12509 12467
l 5469 5470
l 11149 11565
l 9616 9656
l 2425 2427
l 14005 14066
l 14067 14005
l 11949 12023
l 3550 3556
l 12025 11949
l 13342 13338
l 10785 10787
l 10785 10788
l 10785 10789
l 12810 12210
l 12210 12811
l 13017 13002
l 11290 11257
l 9640 14519
l 12529 12543
l 3799 3806
l 12722 12711
l 4912 4914
l 12711 12723
l 4036 4035
l 10156 10305
l 10156 10306
l 11306 11781
l 5000 5002
l 11915 11962
l 4035 4041
l 6461 6462
l 5965 5966
l 12251 12623
l 4043 4035
l 12286 12492
l 10779 10776
l 10788 10819
l 1956 1953
l 2122 2121
l 8555 8556
l 2121 2124
l 10468 10090
l 132 133
l 1926 1925
l 903 897
l 897 904
l 897 905
l 642 650
l 4750 4762
l 11404 11184
l 2189 2188
l 2128 2121
l 3726 3728
l 2443 2449
l 2450 2443
l 2953 2964
l 4245 4244
l 6037 6038
l 4754 4759
l 5527 5528
l 4754 4761
l 7065 7066
l 13002 13043
l 4252 4244
l 4254 4244
l 4767 4754
l 1953 1966
l 9121 9122
l 8611 8612
l 1953 1967
l 4754 4774
l 9894 9895
l 9639 9641
l 1953 1968
l 10922 10925
l 132 174
l 1969 1953
l 12208 12205
l 11441 11184
l 12210 12205
l 11184 11444
l 11957 11950
l 14261 14262
l 14007 14006
l 11440 11449
l 11450 11440
l 13496 13499
l 14779 14780
l 11238 11217
l 12734 12211
l 9981 10034
l 13496 13509
l 11184 11462
l 13511 13496
l 14006 14027
l 14029 14006
l 11950 11983
l 11984 11950
l 11695 11731
l 11732 11695
l 11217 11239
l 12211 12759
l 1193 1190
l 12211 12761
l 10980 10922
l 10922 10981
l 13554 13555
l 11305 11797
l 14006 14064
l 14006 14065
l 14066 14006
l 10412 10483
l 3899 3908
l 3909 3899
l 14337 14269
l 1413 1418
l 14523 14517
l 14517 14524
l 12104 12059
l 14864 14783
l 7595 7596
l 1642 1640
l 12572 12548
l 7927 7928
l 5509 5510
l 8095 8096
l 12282 12285
l 2616 2625
l 10776 10818
l 5845 5846
l 10291 10270
l 12282 12286
l 1497 1504
l 4388 4391
l 3596 3595
l 1863 1868
l 3432 3431
l 3433 3431
l 4722 4726
l 14513 14472
l 12590 12548
l 4722 4730
l 1154 1153
l 1412 1410
l 1670 1667
l 135 133
l 1416 1410
l 137 133
l 1345 1351
l 390 395
l 1410 1420
l 390 397
l 133 142
l 1352 1345
l 390 400
l 390 401
l 2446 2450
l 5779 5780
l 2960 2965
l 2960 2966
l 4503 4502
l 4249 4245
l 4245 4250
l 4502 4507
l 2960 2972
l 4502 4509
l 6301 6302
l 4759 4767
l 6815 6816
l 4770 4759
l 2310 2318
l 4772 4759
l 8357 8358
l 8871 8872
l 11692 11690
l 2320 2310
l 14690 14691
l 10413 10417
l 4572 4576
l 10927 10933
l 10025 10048
l 13400 13397
l 12983 12984
l 10426 10413
l 13755 13746
l 12214 12733
l 12734 12214
l 11947 11970
l 11947 11971
l 10948 10927
l 10927 10949
l 14003 14024
l 14025 14003
l 14545 14525
l 1200 1193
l 11177 11476
l 11177 11478
l 11177 11479
l 9883 9910
l 12214 12765
l 12766 12214
l 4234 4254
l 13792 13746
l 14003 14062
l 10413 10482
l 10483 10413
l 14003 14074
l 14003 14077
l 14078 14003
l 2173 2172
l 1041 1047
l 9569 9570
l 13707 13337
l 13421 13397
l 13397 13422
l 1041 1052
l 1041 1053
l 1041 1054
l 6991 6992
l 7323 7324
l 5237 5238
l 11006 11041
l 2885 2890
l 3778 3783
l 11006 11044
l 13105 13085
l 3499 3501
l 3944 3952
l 4741 4749
l 10775 10809
l 1864 1862
l 12388 12839
l 13440 13397
l 4121 4114
l 1923 1924
l 1668 1669
l 1668 1670
l 904 903
l 134 138
l 3465 3467
l 396 389
l 389 397
l 134 142
l 389 399
l 2192 2190
l 2959 2961
l 2445 2450
l 2707 2704
l 2964 2959
l 2704 2709
l 737 743
l 5015 5016
l 4246 4249
l 1871 1862
l 4501 4507
l 4589 4592
l 6557 6558
l 7071 7072
l 10147 10148
l 9892 9893
l 8613 8614
l 10147 10151
l 9127 9128
l 11689 11690
l 12203 12204
l 11948 11949
l 12206 12203
l 12203 12207
l 12208 12203
l 10928 10929
l 14259 14260
l 14004 14005
l 4928 4925
l 14004 14007
l 14008 14004
l 13745 13753
l 4589 4598
l 12733 12213
l 1712 1713
l 11456 11178
l 15040 15041
l 11458 11178
l 4600 4589
l 14023 14004
l 11464 11178
l 14004 14025
l 14004 14026
l 11178 11467
l 11178 11468
l 11469 11178
l 13601 13897
l 12470 12495
l 585 589
l 12497 12470
l 12470 12498
l 585 590
l 13745 13782
l 3276 3282
l 12213 12760
l 3476 3477
l 11998 11948
l 3476 3478
l 11948 12000
l 14879 14887
l 13796 13745
l 13046 13001
l 13745 13798
l 11497 11178
l 11178 11499
l 4925 4940
l 3642 3648
l 11903 11849
l 2687 2683
l 2683 2688
l 3642 3650
l 12725 12803
l 10159 10247
l 12213 12808
l 12809 12213
l 10088 10086
l 12629 12644
l 11790 14920
l 14539 14569
l 6211 6212
l 10383 10392
l 433 442
l 13117 13139
l 13258 13280
l 11301 11787
l 12629 12649
l 14525 14905
l 14539 14574
l 1406 1407
l 6547 6548
l 12652 12629
l 10068 10067
l 4745 4744
l 14579 14539
l 13932 13948
l 14670 14436
l 14539 14580
l 1248 1244
l 14599 14565
l 6719 6720
l 1395 1397
l 13309 13320
l 14436 14674
l 12965 12991
l 3170 3176
l 3342 3340
l 3170 3177
l 10649 10023
l 3345 3340
l 1667 1665
l 1155 1156
l 1157 1155
l 646 645
l 645 647
l 136 135
l 135 137
l 135 138
l 3723 3721
l 3211 3212
l 3213 3211
l 2701 2702
l 392 399
l 2704 2701
l 392 401
l 392 402
l 2701 2707
l 5267 5268
l 1092 1094
l 2448 2454
l 2448 2455
l 2456 2448
l 4249 4247
l 7833 7834
l 155 135
l 4504 4508
l 4247 4253
l 6813 6814
l 12703 12216
l 6303 6304
l 10147 10146
l 1092 1097
l 8869 8870
l 8359 8360
l 4268 4247
l 4269 4247
l 10927 10925
l 11184 11182
l 12210 12202
l 14258 14259
l 10925 10932
l 9911 9889
l 4317 4318
l 11962 11945
l 11945 11963
l 12732 12216
l 11179 11453
l 12216 12734
l 11455 11179
l 11179 11456
l 11179 11457
l 10947 10925
l 14436 14435
l 4408 4407
l 10077 10606
l 3989 3992
l 12350 12293
l 10925 10973
l 10925 10974
l 3995 3989
l 944 942
l 3996 3989
l 14436 14699
l 1908 1907
l 9469 9468
l 11179 11505
l 3989 3999
l 1910 1907
l 7681 7682
l 3989 4000
l 13019 12965
l 4407 4410
l 3989 4001
l 1907 1914
l 10925 11020
l 11021 10925
l 2877 2872
l 4630 4634
l 1907 1916
l 3989 4006
l 1917 1907
l 8185 8186
l 3040 3046
l 13480 13493
l 12496 12503
l 790 794
l 3049 3040
l 12504 12496
l 798 790
l 13501 13480
l 790 800
l 4978 4980
l 4860 4853
l 10521 10089
l 3685 3688
l 3854 3853
l 3685 3689
l 13174 13138
l 15188 15189
l 3685 3690
l 13138 13175
l 3691 3685
l 2730 2732
l 4370 4365
l 1922 1921
l 1411 1412
l 1411 1413
l 1156 1158
l 647 646
l 1672 1666
l 905 901
l 138 136
l 136 139
l 1676 1666
l 909 901
l 901 910
l 1666 1679
l 2447 2448
l 2193 2192
l 2702 2706
l 2447 2451
l 901 916
l 2453 2447
l 5013 5014
l 2455 2447
l 4503 4504
l 4248 4249
l 4250 4248
l 4829 4828
l 4254 4248
l 1603 1613
l 10146 10145
l 10149 10145
l 4831 4828
l 8615 8616
l 4248 4266
l 11946 11947
l 4248 4268
l 11436 11437
l 4248 4270
l 14257 14258
l 10671 10676
l 10677 10671
l 13492 13495
l 13492 13496
l 12985 12982
l 12986 12982
l 12731 12215
l 12982 12988
l 15038 15039
l 11712 11691
l 12737 12215
l 11691 11714
l 4490 4506
l 14789 14783
l 455 391
l 391 456
l 12215 12745
l 12215 12746
l 1458 1455
l 3923 3927
l 9982 9979
l 14783 14812
l 14783 14813
l 13996 13991
l 9155 9156
l 14420 14416
l 9979 9984
l 10861 10879
l 14624 14629
l 13553 13558
l 335 334
l 3549 3552
l 3553 3549
l 13340 13339
l 14002 13991
l 12215 12798
l 12799 12215
l 3549 3556
l 2428 2429
l 14635 14624
l 2428 2430
l 10250 10145
l 2428 2431
l 12412 12293
l 10253 10145
l 2428 2432
l 7241 7242
l 12383 12376
l 12376 12384
l 10145 10264
l 581 574
l 7409 7410
l 10273 10145
l 12763 12203
l 12287 12477
l 10128 10132
l 11095 11077
l 7577 7578
l 4926 4928
l 11077 11096
l 10145 10288
l 574 582
l 11428 11405
l 11405 11429
l 4035 4034
l 13025 13007
l 10314 10145
l 10145 10315
l 13503 13900
l 1152 1151
l 4999 5000
l 5001 4999
l 5331 5332
l 1151 1154
l 4371 4370
l 9769 9526
l 4042 4034
l 4370 4373
l 3245 3246
l 4034 4043
l 4370 4374
l 13032 13007
l 3245 3249
l 2123 2122
l 995 996
l 2435 2434
l 2691 2692
l 2691 2693
l 2438 2434
l 2948 2951
l 2434 2440
l 2691 2697
l 3978 3976
l 2948 2955
l 140 137
l 2691 2701
l 651 654
l 1422 1423
l 1424 1422
l 908 913
l 394 402
l 403 394
l 6803 6804
l 7317 7318
l 7831 7832
l 4249 4250
l 137 155
l 5277 5278
l 4255 4249
l 5791 5792
l 10401 10403
l 10401 10404
l 11172 11174
l 11175 11172
l 12127 12136
l 8361 8362
l 11947 11943
l 8875 8876
l 4249 4269
l 9389 9390
l 10160 10161
l 14770 14771
l 1969 1968
l 11429 11450
l 11451 11429
l 1968 1970
l 11965 11943
l 13501 13502
l 13501 13503
l 1968 1971
l 12738 12218
l 14808 14793
l 12218 12740
l 13991 14042
l 10401 10439
l 10440 10401
l 13007 13051
l 14513 14540
l 11586 11594
l 14272 14291
l 11476 11173
l 1968 1975
l 11943 11990
l 11480 11173
l 10424 10113
l 3898 3901
l 3902 3898
l 10113 10427
l 12261 12258
l 3739 3732
l 3898 3905
l 3740 3732
l 11173 11511
l 11943 12026
l 11173 11517
l 12220 12802
l 12803 12220
l 3732 3743
l 691 692
l 2782 2781
l 693 691
l 10252 10146
l 12058 12102
l 2613 2618
l 3732 3746
l 14461 14463
l 3732 3747
l 13232 13223
l 3732 3748
l 13925 13921
l 10274 10146
l 10146 10276
l 10146 10277
l 6801 6802
l 12723 12671
l 12038 12082
l 11834 11890
l 14047 14025
l 12671 12724
l 3427 3426
l 2796 2781
l 13813 13311
l 11194 11196
l 3432 3426
l 3426 3433
l 14211 14188
l 3426 3434
l 4728 4727
l 1994 1987
l 2178 2179
l 2180 2178
l 2178 2181
l 2692 2694
l 2695 2692
l 2309 2311
l 2947 2953
l 393 394
l 139 138
l 907 908
l 653 652
l 2702 2692
l 2692 2703
l 1935 1936
l 913 907
l 146 138
l 907 915
l 138 148
l 4734 4727
l 12545 12592
l 138 152
l 138 155
l 1348 1353
l 4505 4509
l 4250 4254
l 4250 4255
l 4505 4512
l 1348 1354
l 8617 8618
l 9131 9132
l 4270 4250
l 4571 4574
l 11899 11909
l 15028 15029
l 10934 10916
l 12729 12730
l 12474 12475
l 14525 14514
l 10943 10916
l 14272 14271
l 14693 14689
l 11586 11642
l 14689 14694
l 13502 13512
l 13515 13502
l 11468 11174
l 10698 10227
l 12217 12753
l 11477 11174
l 11646 11586
l 11174 11482
l 11586 11647
l 13736 13737
l 10227 10702
l 10916 10979
l 13736 13738
l 11174 11501
l 11174 11502
l 11509 11174
l 11174 11510
l 14355 14885
l 7939 7940
l 13133 13111
l 10249 10147
l 10147 10250
l 10147 10251
l 14264 14231
l 10563 10072
l 1046 1042
l 11705 11075
l 1042 1047
l 12757 12752
l 12752 12758
l 2014 2013
l 2013 2015
l 6193 6194
l 4900 4902
l 6361 6362
l 13060 13097
l 3947 3943
l 12537 12267
l 4742 4745
l 10844 10848
l 3943 3949
l 2956 2952
l 2986 2989
l 2990 2986
l 1863 1861
l 12822 12337
l 4115 4119
l 2689 2690
l 2691 2689
l 2179 2181
l 2946 2950
l 2986 2993
l 2436 2440
l 2697 2689
l 650 649
l 3467 3464
l 139 140
l 397 396
l 1678 1677
l 906 911
l 139 144
l 139 145
l 139 146
l 396 403
l 2946 2964
l 406 396
l 1861 1869
l 4251 4253
l 4508 4510
l 4251 4255
l 4251 4256
l 4508 4513
l 1861 1871
l 12708 12220
l 11173 11170
l 4774 4761
l 4508 4519
l 4761 4776
l 8873 8874
l 10403 10411
l 8363 8364
l 11688 11693
l 9901 9902
l 9391 9392
l 10935 10913
l 4596 4592
l 10158 10170
l 12220 12731
l 10158 10172
l 10158 10174
l 10158 10175
l 10913 10944
l 1709 1712
l 11459 11175
l 13760 13764
l 12985 12997
l 13503 13510
l 13512 13503
l 1714 1709
l 11175 11469
l 1709 1715
l 11175 11475
l 12298 12294
l 11688 11736
l 11737 11688
l 15214 15215
l 11941 11998
l 11999 11941
l 12294 12300
l 3478 3475
l 3169 3184
l 14585 14587
l 10993 10955
l 3807 3812
l 2684 2685
l 14590 14585
l 1558 1557
l 2684 2686
l 12730 12801
l 14585 14592
l 14706 14622
l 3807 3816
l 10258 10148
l 10148 10259
l 3475 3488
l 3475 3489
l 13275 13257
l 3475 3490
l 3491 3475
l 7835 7836
l 436 441
l 13309 13308
l 9101 9102
l 9572 9629
l 5585 5586
l 10067 10066
l 14435 14672
l 3171 3174
l 1405 1416
l 284 289
l 12966 12991
l 12213 12767
l 1253 1254
l 2435 2436
l 2181 2180
l 1253 1255
l 2440 2435
l 2698 2690
l 2690 2699
l 396 395
l 141 140
l 910 905
l 905 911
l 2704 2690
l 145 140
l 1168 1170
l 140 147
l 404 395
l 395 406
l 7575 7576
l 140 153
l 5017 5018
l 140 155
l 4764 4762
l 4507 4510
l 5535 5536
l 11169 11170
l 10660 10659
l 2058 2056
l 10408 10404
l 11945 11942
l 9129 9130
l 10659 10667
l 8619 8620
l 13964 13929
l 2224 2225
l 9649 9647
l 15026 15027
l 10165 10157
l 11959 11942
l 12343 12294
l 10157 10170
l 10157 10171
l 10172 10157
l 12294 12344
l 10175 10157
l 10157 10176
l 10157 10177
l 12294 12345
l 12740 12219
l 1101 1102
l 12219 12742
l 11942 11977
l 3988 3989
l 12476 12491
l 14771 14796
l 3988 3990
l 13504 13520
l 11473 11176
l 11176 11474
l 3991 3988
l 13526 13504
l 13504 13527
l 3992 3988
l 11996 11942
l 11942 11997
l 3988 3993
l 14696 14435
l 13759 13793
l 10080 10610
l 13137 13151
l 14435 14700
l 3988 3998
l 14046 14003
l 1906 1910
l 12731 12800
l 5099 5100
l 12896 12928
l 4001 3988
l 13809 13817
l 10149 10252
l 14779 14866
l 10259 10149
l 10149 10260
l 10149 10261
l 4004 3988
l 3043 3039
l 6891 6892
l 13214 13184
l 13809 13823
l 10418 10113
l 789 792
l 4683 4691
l 14435 14713
l 10877 10873
l 789 798
l 4925 4920
l 4977 4978
l 6323 6324
l 4979 4977
l 3686 3687
l 3852 3854
l 12213 12212
l 10602 10620
l 4881 4874
l 10755 10790
l 13178 13137
l 637 642
l 4762 4763
l 3202 3201
l 3203 3201
l 3716 3715
l 3972 3973
l 3974 3972
l 2438 2440
l 1162 1161
l 2952 2955
l 1418 1420
l 1677 1675
l 141 142
l 1418 1423
l 655 656
l 657 655
l 1418 1426
l 912 915
l 912 916
l 6293 6294
l 6807 6808
l 5273 5274
l 5787 5788
l 4768 4767
l 12222 12705
l 4253 4258
l 11425 11427
l 11939 11940
l 4517 4510
l 4510 4518
l 11939 11943
l 4489 4499
l 10919 10921
l 4253 4266
l 10919 10925
l 4825 4831
l 8879 8880
l 9856 14928
l 13609 13358
l 13497 13499
l 10156 10172
l 10156 10173
l 1450 1452
l 13503 13384
l 10156 10180
l 10156 10181
l 454 398
l 398 455
l 12744 12734
l 12991 13001
l 5019 5020
l 11726 11682
l 14275 14292
l 12734 12752
l 11682 11733
l 12991 13017
l 11257 11785
l 13787 13754
l 12734 12764
l 9980 9981
l 10919 10975
l 10919 10980
l 14298 14275
l 333 335
l 10215 10697
l 3553 3552
l 13050 12991
l 11169 11516
l 11517 11169
l 13266 13271
l 3384 3390
l 10150 10245
l 10246 10150
l 2429 2427
l 10250 10150
l 13340 13342
l 14623 14635
l 9660 9610
l 3384 3393
l 12288 12473
l 10128 10127
l 3552 3560
l 10150 10272
l 10150 10273
l 14004 13991
l 9610 9665
l 5885 5886
l 10150 10294
l 10295 10150
l 13340 13351
l 13022 13008
l 10454 10092
l 14609 14903
l 4033 4036
l 8119 8120
l 11432 11406
l 13008 13027
l 1153 1152
l 13008 13028
l 4040 4033
l 13992 14021
l 13992 14022
l 11100 11106
l 4033 4042
l 4369 4373
l 3246 3247
l 6463 6464
l 4369 4376
l 3990 3999
l 4377 4369
l 3203 3202
l 2437 2438
l 2182 2183
l 994 996
l 2182 2185
l 1931 1932
l 1676 1677
l 1676 1678
l 2951 2959
l 2951 2960
l 656 658
l 15206 15207
l 911 916
l 397 405
l 6549 6550
l 11115 11100
l 7063 7064
l 3089 3078
l 142 155
l 397 412
l 929 934
l 4509 4510
l 4512 4509
l 1081 1098
l 4768 4770
l 11426 11427
l 2123 2129
l 4509 4517
l 11940 11942
l 11175 11176
l 11175 11177
l 11175 11178
l 10920 10923
l 10155 10156
l 10920 10925
l 8621 8622
l 10927 10920
l 9135 9136
l 11406 11451
l 4853 4848
l 15032 15033
l 4848 4854
l 12221 12738
l 10947 10920
l 10155 10184
l 10155 10185
l 12746 12733
l 1967 1972
l 12751 12733
l 9900 9938
l 13753 13780
l 3732 3729
l 11681 11735
l 3897 3898
l 11482 11170
l 11995 11940
l 1967 1975
l 10920 10974
l 11940 11999
l 11170 11491
l 11170 11492
l 12257 12258
l 12057 12093
l 13753 13800
l 1829 1830
l 10812 10788
l 11170 11508
l 1384 1383
l 1815 1816
l 11518 11170
l 11170 11519
l 1817 1815
l 10151 10243
l 10151 10246
l 1815 1818
l 13528 13519
l 11302 11304
l 12733 12817
l 14825 14813
l 7757 7758
l 2782 2783
l 10774 10810
l 12057 12103
l 2782 2784
l 11405 11446
l 2782 2785
l 692 696
l 10151 10275
l 2782 2786
l 8093 8094
l 13536 13519
l 692 700
l 5511 5512
l 1663 1665
l 5843 5844
l 692 705
l 12057 12114
l 10001 10035
l 12030 12023
l 1499 1504
l 3593 3594
l 3595 3593
l 3593 3596
l 4390 4396
l 13339 13671
l 12671 12224
l 3713 3714
l 2340 2342
l 3713 3716
l 3460 3461
l 2693 2694
l 3460 3463
l 2952 2950
l 2183 2185
l 5691 5692
l 1673 1675
l 1163 1164
l 1165 1163
l 654 653
l 2950 2959
l 1424 1420
l 1420 1425
l 910 914
l 1420 1428
l 917 910
l 6805 6806
l 6295 6296
l 1351 1347
l 5275 5276
l 4255 4257
l 4765 4770
l 4515 4512
l 4236 4239
l 11937 11942
l 12224 12711
l 4765 4777
l 4255 4266
l 10154 10155
l 9387 9388
l 10154 10157
l 8877 8878
l 10154 10159
l 8367 8368
l 14266 14267
l 9897 9916
l 2283 2285
l 12736 12737
l 13425 13451
l 400 453
l 14022 14009
l 4246 4236
l 456 400
l 11145 11146
l 11937 11980
l 4979 4973
l 12753 12736
l 12561 12258
l 12479 12502
l 14041 14009
l 11937 11995
l 11171 11489
l 11171 11490
l 11491 11171
l 3290 3289
l 14009 14071
l 12258 12570
l 11171 11521
l 3289 3296
l 11171 11526
l 10247 10152
l 3289 3297
l 3298 3289
l 10256 10152
l 10152 10257
l 10152 10258
l 11323 11268
l 1043 1046
l 2176 2174
l 1049 1043
l 1043 1050
l 2012 2014
l 10536 10537
l 6989 6990
l 4901 4899
l 13424 13399
l 7157 7158
l 13735 13757
l 10934 14924
l 14925 10934
l 3942 3943
l 13309 13777
l 2819 2817
l 13309 13778
l 5239 5240
l 13779 13309
l 2985 2986
l 897 895
l 2987 2985
l 13434 13399
l 12102 12142
l 12143 12102
l 1860 1862
l 12223 12671
l 2985 2990
l 3969 3971
l 3714 3716
l 3205 3204
l 2949 2950
l 902 895
l 2185 2184
l 1930 1929
l 2694 2699
l 895 903
l 910 909
l 1674 1679
l 1419 1424
l 1866 1860
l 2694 2706
l 399 403
l 7571 7572
l 399 405
l 144 150
l 5083 5084
l 144 152
l 144 153
l 6041 6042
l 13186 13140
l 5531 5532
l 5021 5022
l 12602 12258
l 4256 4257
l 4256 4258
l 4256 4259
l 4256 4260
l 4261 4256
l 11174 11173
l 4511 4519
l 4264 4256
l 4511 4521
l 4511 4522
l 4523 4511
l 4269 4256
l 9133 9134
l 8623 8624
l 745 743
l 4532 4511
l 3911 3917
l 14265 14266
l 3688 3694
l 13530 13562
l 11456 11172
l 12223 12739
l 13500 13508
l 4591 4597
l 10182 10153
l 11938 11977
l 1710 1712
l 12747 12735
l 13772 13755
l 1713 1710
l 11938 11985
l 11938 11986
l 11987 11938
l 1710 1714
l 12990 13016
l 12295 12297
l 13755 13790
l 13791 13755
l 11172 11491
l 11172 11500
l 11172 11503
l 11504 11172
l 3808 3809
l 14586 14587
l 11662 11671
l 3808 3810
l 3640 3645
l 3646 3640
l 595 591
l 2681 2685
l 3808 3814
l 2688 2681
l 3640 3651
l 10084 10085
l 10086 10084
l 10968 11006
l 14312 14341
l 13530 13567
l 14248 14273
l 6381 6382
l 12971 12981
l 14274 14248
l 11346 11197
l 11351 11197
l 11353 11197
l 14668 14438
l 14578 14541
l 13947 13930
l 3503 3502
l 9958 9465
l 283 287
l 13532 13569
l 3502 3505
l 2378 2377
l 4312 4306
l 4627 4634
l 4225 4226
l 4225 4227
l 4739 4741
l 4996 4998
l 4482 4487
l 5767 5768
l 6281 6282
l 4739 4747
l 4482 4492
l 4493 4482
l 7309 7310
l 7823 7824
l 145 146
l 147 145
l 145 148
l 661 659
l 150 145
l 145 151
l 402 408
l 409 402
l 1687 1690
l 1944 1947
l 2715 2716
l 1949 1944
l 402 414
l 2207 2201
l 2201 2208
l 3229 3234
l 12706 12708
l 2213 2201
l 4000 4007
l 12449 12456
l 4000 4009
l 14506 9641
l 2201 2219
l 4012 4000
l 4000 4013
l 4306 4314
l 13220 13231
l 8369 8370
l 13991 14003
l 8883 8884
l 9397 9398
l 10171 10168
l 10428 10425
l 10429 10425
l 11198 11196
l 11968 11967
l 4151 4135
l 11453 11458
l 10168 10179
l 10425 10436
l 10437 10425
l 11967 11974
l 4306 4315
l 11453 11464
l 13200 13245
l 12706 12748
l 11453 11469
l 11041 11083
l 10195 10168
l 10168 10201
l 10202 10168
l 14438 14437
l 13991 14047
l 12194 12769
l 12003 11967
l 11967 12004
l 11967 12005
l 10757 10737
l 10168 10216
l 10218 10168
l 10168 10219
l 12194 12780
l 12781 12194
l 13220 13294
l 13144 13149
l 6161 6162
l 12835 12380
l 14375 14875
l 10425 10493
l 1905 1909
l 949 948
l 3038 3039
l 14375 14876
l 3038 3040
l 11500 11507
l 3041 3038
l 9609 9611
l 13790 13773
l 8183 8184
l 14471 14574
l 10170 10303
l 10304 10170
l 3050 3038
l 6101 6102
l 14682 14427
l 1753 1760
l 3683 3685
l 3851 3852
l 10783 10737
l 10619 10601
l 11376 11198
l 3690 3683
l 3683 3693
l 4986 4984
l 4481 4483
l 4226 4228
l 4740 4741
l 4995 4998
l 4481 4487
l 643 638
l 4481 4489
l 6537 6538
l 3683 3695
l 4740 4748
l 9642 14477
l 7565 7566
l 11198 11407
l 8079 8080
l 11198 11411
l 146 148
l 149 146
l 146 150
l 919 915
l 1943 1944
l 921 915
l 1688 1690
l 1947 1943
l 2204 2202
l 11421 11198
l 2971 2974
l 3230 3231
l 3233 3230
l 4002 3999
l 13219 13220
l 3237 3230
l 3230 3238
l 2215 2202
l 2202 2216
l 13226 13219
l 4498 4492
l 13219 13228
l 15020 15021
l 13999 13992
l 4492 4499
l 4826 4830
l 8625 8626
l 9139 9140
l 4492 4500
l 10169 10167
l 14779 14761
l 10426 10429
l 10426 10430
l 14247 14271
l 9642 14528
l 488 489
l 11970 11968
l 10167 10179
l 11972 11968
l 10426 10437
l 10438 10426
l 4976 4975
l 12964 13004
l 12964 13005
l 10191 10167
l 2941 2932
l 10167 10195
l 10167 10197
l 10167 10198
l 14040 13992
l 13992 14041
l 13989 13992
l 9739 9524
l 13144 13196
l 12193 12770
l 14062 14082
l 12789 12193
l 11968 12022
l 12023 11968
l 3889 3895
l 3552 3551
l 4833 4827
l 11968 12031
l 12032 11968
l 1299 1297
l 1297 1300
l 11236 11217
l 12378 12379
l 14471 14583
l 14373 14374
l 11420 11407
l 5727 5728
l 7243 7244
l 7411 7412
l 13989 14011
l 5157 5158
l 14012 13989
l 12056 12058
l 7579 7580
l 3666 3675
l 12378 12391
l 10453 10093
l 11407 11431
l 11353 11199
l 14083 14062
l 12568 12608
l 11784 11301
l 11385 11199
l 11199 11387
l 11199 11388
l 13929 14911
l 4227 4228
l 4485 4484
l 5765 5766
l 5255 5256
l 6793 6794
l 4484 4491
l 4492 4484
l 7821 7822
l 7311 7312
l 658 657
l 148 147
l 914 917
l 404 406
l 151 147
l 408 404
l 1177 1175
l 404 410
l 147 155
l 2972 2970
l 2203 2205
l 2460 2462
l 9643 14495
l 914 928
l 3488 3491
l 3236 3231
l 3231 3237
l 2214 2203
l 147 167
l 3998 4008
l 4009 3998
l 3998 4010
l 13227 13218
l 2129 2124
l 14764 14765
l 13232 13218
l 8881 8882
l 8371 8372
l 4533 4484
l 12451 12471
l 9399 9400
l 10166 10169
l 11194 11195
l 10427 10428
l 4845 4853
l 11194 11198
l 11199 11194
l 3079 3095
l 11965 11969
l 10115 10416
l 11971 11965
l 11965 11972
l 11965 11973
l 13254 13218
l 1966 1969
l 13769 13736
l 13736 13770
l 1970 1966
l 10190 10166
l 10166 10191
l 14291 14246
l 1966 1972
l 3896 3897
l 12770 12196
l 2772 2771
l 4064 4065
l 4064 4066
l 12196 12795
l 12796 12196
l 4069 4064
l 10172 10241
l 10172 10242
l 4064 4072
l 12717 12699
l 2771 2780
l 1510 1507
l 11303 11305
l 11803 11771
l 11771 11804
l 11771 11805
l 10537 10576
l 13520 13536
l 14844 14859
l 14844 14860
l 1664 1666
l 1664 1667
l 11354 11200
l 1900 1896
l 11366 11200
l 4389 4391
l 9065 9066
l 11200 11375
l 3594 3596
l 11200 11378
l 11200 11383
l 11384 11200
l 2635 2636
l 3428 3434
l 4725 4727
l 4484 4483
l 4738 4741
l 4483 4486
l 1510 1511
l 4728 4725
l 7049 7050
l 1512 1510
l 8077 8078
l 7567 7568
l 1510 1513
l 913 914
l 913 915
l 148 149
l 403 406
l 913 919
l 385 387
l 403 409
l 1176 1178
l 148 155
l 2459 2460
l 2205 2204
l 2459 2462
l 403 415
l 2976 2969
l 3232 3233
l 2313 2311
l 2211 2204
l 3232 3236
l 12452 12453
l 3742 3750
l 167 148
l 2216 2204
l 3753 3742
l 2479 2480
l 15018 15019
l 13990 13996
l 2204 2221
l 13990 13998
l 9137 9138
l 8627 8628
l 4038 4037
l 10165 10166
l 10165 10167
l 10165 10168
l 10165 10169
l 11194 11193
l 4237 4242
l 2969 3005
l 12222 12221
l 12962 12991
l 11966 11968
l 12993 12962
l 10165 10178
l 13817 13826
l 14508 14535
l 11464 11456
l 4237 4245
l 11456 11467
l 11456 11468
l 11469 11456
l 4237 4246
l 13265 13221
l 14245 14289
l 10165 10194
l 14032 14031
l 13400 13401
l 8423 8424
l 10428 10462
l 12002 11966
l 11966 12003
l 12875 12854
l 14245 14309
l 12195 12776
l 12195 12777
l 1200 1196
l 2346 2352
l 8761 8762
l 1367 1358
l 11152 11153
l 3290 3292
l 14070 14068
l 11154 11152
l 3293 3290
l 1196 1204
l 12152 12056
l 3299 3290
l 13881 13288
l 1047 1044
l 1044 1048
l 6023 6024
l 2175 2177
l 2011 2012
l 13288 13882
l 10173 10299
l 2013 2011
l 12101 12130
l 12101 12131
l 3884 3892
l 6195 6196
l 10871 10859
l 11964 12119
l 10859 10872
l 3941 3943
l 3941 3944
l 13776 13312
l 3941 3945
l 13777 13312
l 3946 3941
l 12344 12292
l 11193 11376
l 5871 5872
l 13386 13459
l 11005 10970
l 894 898
l 13782 13312
l 5249 5250
l 5763 5764
l 900 894
l 4229 4230
l 4231 4229
l 4229 4232
l 4745 4743
l 4748 4749
l 4118 4117
l 4236 4229
l 4229 4237
l 4229 4238
l 1859 1864
l 6799 6800
l 1169 1170
l 1426 1428
l 1685 1683
l 150 149
l 152 149
l 663 665
l 410 406
l 406 411
l 3739 3740
l 406 413
l 158 149
l 671 663
l 149 160
l 2978 2976
l 2205 2211
l 149 164
l 3749 3739
l 2205 2214
l 149 167
l 663 680
l 682 663
l 12967 12971
l 2221 2205
l 13999 13987
l 13233 13224
l 9393 9394
l 9909 9907
l 8373 8374
l 8887 8888
l 12967 12985
l 12967 12986
l 12987 12967
l 11925 11960
l 14014 13987
l 3139 3149
l 11201 11200
l 3313 3307
l 13987 14021
l 13987 14022
l 14244 14280
l 13362 13601
l 13224 13265
l 13224 13266
l 9907 9945
l 3307 3314
l 14244 14301
l 9567 9576
l 12297 12296
l 14159 14194
l 13117 13118
l 10429 10480
l 10481 10429
l 3805 3808
l 14886 14878
l 14244 14334
l 13987 14079
l 1555 1556
l 7329 7330
l 14878 14891
l 13318 13751
l 10384 10370
l 2516 2525
l 13595 13603
l 7665 7666
l 2516 2526
l 13604 13595
l 11561 11563
l 12263 12541
l 12976 12972
l 14247 14270
l 11661 11685
l 5251 5252
l 9600 9567
l 1407 1409
l 5587 5588
l 11377 11194
l 11194 11378
l 11194 11379
l 11364 11357
l 4631 4628
l 11357 11365
l 11234 11219
l 5505 5506
l 6019 6020
l 4486 4485
l 4634 4628
l 4230 4232
l 4233 4230
l 4234 4230
l 4230 4235
l 4230 4236
l 3508 3501
l 7055 7056
l 1939 1940
l 1941 1939
l 405 406
l 150 151
l 919 920
l 921 919
l 919 922
l 667 664
l 150 156
l 150 157
l 150 158
l 664 671
l 2206 2208
l 673 664
l 2975 2978
l 664 676
l 664 677
l 2210 2220
l 4474 4475
l 13224 13223
l 681 664
l 664 682
l 13227 13223
l 10595 10066
l 1255 1260
l 15024 15025
l 4136 4147
l 8629 8630
l 9143 9144
l 10163 10169
l 4136 4148
l 9908 9916
l 9917 9908
l 4136 4149
l 11200 11199
l 11964 11969
l 13223 13250
l 13223 13251
l 4136 4150
l 10066 10600
l 14243 14281
l 10188 10163
l 10163 10189
l 1255 1266
l 3987 3986
l 13271 13223
l 9908 9944
l 9945 9908
l 10753 10738
l 1103 1105
l 14243 14310
l 14311 14243
l 13777 13776
l 12197 12781
l 14440 14438
l 10430 10481
l 10482 10430
l 11964 12022
l 12023 11964
l 3197 3199
l 11964 12028
l 9728 9525
l 13143 13151
l 11557 11558
l 9457 9458
l 2075 2074
l 2869 2872
l 12852 12853
l 947 949
l 3039 3037
l 2874 2869
l 9525 9729
l 2876 2869
l 10066 10621
l 7057 7058
l 10746 10221
l 10622 10066
l 14906 14509
l 7225 7226
l 14239 14242
l 9525 9731
l 4624 4623
l 3687 3684
l 3684 3688
l 13776 13805
l 11183 11400
l 11388 11195
l 11195 11389
l 9989 10028
l 5761 5762
l 3684 3692
l 4232 4231
l 3693 3684
l 4488 4490
l 7307 7308
l 4237 4231
l 4238 4231
l 6287 6288
l 1171 1172
l 1173 1171
l 662 661
l 10595 10589
l 3684 3696
l 153 151
l 410 408
l 408 411
l 918 924
l 157 151
l 2717 2718
l 151 159
l 2208 2207
l 2464 2466
l 2207 2211
l 4495 4491
l 151 165
l 151 167
l 8343 8344
l 2219 2207
l 2207 2220
l 13222 13229
l 13222 13231
l 5519 5520
l 9905 9906
l 9395 9396
l 10589 10601
l 8885 8886
l 12712 12727
l 8375 8376
l 10162 10170
l 12455 12476
l 11199 11198
l 10688 10689
l 10688 10690
l 5401 5402
l 12455 12486
l 12487 12455
l 14280 14242
l 4833 4831
l 10187 10162
l 10162 10188
l 487 490
l 13222 13263
l 13264 13222
l 14242 14289
l 14290 14242
l 13193 13143
l 12965 13018
l 9947 9905
l 3379 3378
l 13222 13278
l 9816 9829
l 13992 13990
l 9739 9521
l 14242 14309
l 11304 11754
l 14273 14294
l 13257 13875
l 14295 14273
l 3383 3378
l 3546 3549
l 14327 14324
l 10688 10746
l 3378 3385
l 10241 10176
l 3378 3387
l 9739 9779
l 3546 3553
l 3554 3546
l 13994 13992
l 11304 11763
l 14825 14827
l 4842 4855
l 14379 14381
l 2429 2433
l 10999 11000
l 13990 14009
l 12296 12416
l 13990 14010
l 6449 6450
l 14011 13990
l 8085 8086
l 12055 12058
l 13021 13006
l 6617 6618
l 13006 13022
l 11098 11099
l 11049 11035
l 12208 12774
l 11196 11380
l 10789 10805
l 4371 4372
l 11389 11196
l 11196 11390
l 11196 11391
l 6017 6018
l 5507 5508
l 4998 4997
l 4743 4742
l 4488 4487
l 4232 4233
l 4232 4234
l 4748 4742
l 4742 4749
l 7053 7054
l 6543 6544
l 1938 1937
l 4487 4499
l 1427 1428
l 1172 1174
l 917 921
l 152 154
l 3080 3086
l 917 924
l 407 413
l 414 407
l 2973 2975
l 2463 2464
l 417 407
l 3228 3234
l 407 419
l 2126 2125
l 2982 2973
l 13221 13223
l 407 425
l 2973 2987
l 2220 2208
l 15022 15023
l 1000 1001
l 10161 10162
l 10161 10163
l 10161 10164
l 1002 1000
l 8631 8632
l 12217 12218
l 4851 4846
l 12217 12220
l 12221 12217
l 9919 9906
l 10687 10688
l 9527 9524
l 12217 12228
l 12999 12966
l 15134 15135
l 14281 14241
l 13925 13941
l 14287 14241
l 13221 13264
l 9906 9937
l 12966 13010
l 12966 13015
l 13016 12966
l 10116 10419
l 9906 9946
l 11744 11308
l 3896 3895
l 9951 9906
l 9906 9952
l 3895 3898
l 3895 3899
l 10432 10479
l 11596 11587
l 1797 1795
l 10789 10830
l 14241 14326
l 3901 3895
l 4063 4067
l 10626 10636
l 11768 11770
l 1814 1813
l 2938 2943
l 2938 2945
l 2780 2772
l 7755 7756
l 2938 2947
l 7591 7592
l 13228 13229
l 11772 11804
l 8091 8092
l 13231 13878
l 13879 13231
l 14908 9635
l 11809 11772
l 5841 5842
l 1661 1664
l 4885 4884
l 12161 12157
l 11620 11587
l 3429 3427
l 3427 3430
l 9737 14929
l 4392 4393
l 6273 6274
l 6787 6788
l 7301 7302
l 7815 7816
l 12055 12122
l 4233 4234
l 4491 4490
l 4747 4749
l 5004 5006
l 4490 4495
l 4496 4490
l 4490 4499
l 2707 2709
l 2707 2710
l 2711 2707
l 2450 2456
l 2457 2450
l 153 154
l 411 410
l 3996 3992
l 2027 2020
l 1182 1181
l 3487 3478
l 928 924
l 924 929
l 667 674
l 667 675
l 12381 14916
l 11189 11433
l 11434 11189
l 2087 2085
l 1952 1966
l 14000 13999
l 14256 14257
l 1952 1970
l 1952 1971
l 12980 12971
l 10421 10417
l 10417 10422
l 11191 11188
l 4736 4726
l 1952 1977
l 8377 8378
l 8891 8892
l 10417 10429
l 9405 9406
l 9664 9662
l 13393 13396
l 10176 10183
l 11959 11980
l 11959 11981
l 11982 11959
l 14031 13999
l 1359 1357
l 9919 9941
l 9919 9942
l 9943 9919
l 14033 14032
l 12769 12202
l 9662 9699
l 2754 2759
l 14892 14841
l 1357 1364
l 10417 10484
l 1366 1357
l 12791 12202
l 12055 12144
l 12202 12794
l 10176 10236
l 10176 10239
l 10176 10240
l 3294 3291
l 11817 11815
l 12260 12570
l 1205 1206
l 13108 13111
l 13432 13915
l 12093 12058
l 12260 12572
l 1209 1205
l 14076 14065
l 3291 3299
l 13115 13108
l 11454 11398
l 7147 7148
l 1205 1211
l 2177 2176
l 3291 3305
l 7319 7320
l 2010 2016
l 10785 10786
l 11035 11069
l 2010 2018
l 2010 2019
l 10252 10144
l 2010 2020
l 2703 2705
l 2021 2010
l 1060 1053
l 3940 3948
l 6529 6530
l 11395 11190
l 7043 7044
l 7557 7558
l 1861 1858
l 4490 4489
l 4236 4234
l 1858 1862
l 4748 4750
l 4234 4240
l 4234 4241
l 2449 2450
l 2194 2195
l 2194 2196
l 2197 2194
l 2708 2710
l 3992 3991
l 2449 2457
l 2970 2963
l 155 154
l 3484 3477
l 923 925
l 1437 1438
l 1439 1437
l 923 928
l 1951 1953
l 1696 1698
l 668 675
l 2194 2213
l 668 678
l 154 167
l 11435 11190
l 11190 11436
l 13741 13742
l 13227 13231
l 1968 1951
l 4118 4124
l 1971 1951
l 11188 11187
l 10418 10421
l 10418 10422
l 10418 10423
l 1951 1976
l 8633 8634
l 12219 12215
l 9147 9148
l 14000 14014
l 13247 13227
l 13227 13248
l 745 741
l 14543 14544
l 741 746
l 9661 9674
l 9682 9661
l 10994 11062
l 7989 7990
l 9699 9661
l 1708 1714
l 3639 3638
l 3638 3640
l 13108 13155
l 9277 9278
l 11668 11664
l 14543 14555
l 3806 3808
l 589 592
l 14338 14243
l 14243 14339
l 593 589
l 12334 12823
l 589 595
l 14890 14867
l 1556 1558
l 3806 3813
l 3814 3806
l 2515 2523
l 10084 10082
l 12824 12334
l 2515 2524
l 2525 2515
l 3829 3822
l 2526 2515
l 10088 10082
l 6707 6708
l 14662 14440
l 1407 1402
l 14440 14666
l 4626 4625
l 6551 6552
l 12655 12633
l 11380 11191
l 12633 12657
l 3336 3338
l 11392 11191
l 6785 6786
l 13951 13912
l 3339 3336
l 7813 7814
l 3505 3504
l 7303 7304
l 3340 3336
l 4746 4745
l 4235 4236
l 3336 3341
l 5263 5264
l 4497 4492
l 2705 2706
l 2705 2707
l 2705 2708
l 2198 2195
l 2705 2711
l 2379 2381
l 3225 3223
l 2452 2458
l 668 665
l 3997 3990
l 670 665
l 3480 3487
l 665 672
l 929 922
l 1186 1183
l 3990 4003
l 665 676
l 4005 3990
l 2379 2384
l 680 665
l 11191 11434
l 665 683
l 13307 13840
l 11143 11623
l 665 687
l 13744 13745
l 10929 10930
l 11957 11958
l 11957 11959
l 13744 13752
l 8889 8890
l 8379 8380
l 9917 9918
l 9917 9919
l 9407 9408
l 453 412
l 412 454
l 14440 14687
l 10599 10065
l 10929 10956
l 10929 10957
l 13774 13744
l 13744 13775
l 4137 4151
l 11957 11987
l 6409 6410
l 12344 12297
l 14543 14466
l 12096 12049
l 9950 9917
l 9917 9951
l 12775 12204
l 12776 12204
l 12297 12348
l 3028 3029
l 12297 12349
l 12513 12515
l 12350 12297
l 4907 4908
l 1104 1107
l 12513 12516
l 12297 12351
l 1104 1108
l 13095 13092
l 3198 3200
l 3201 3198
l 12816 12202
l 2673 2677
l 946 949
l 2075 2077
l 13096 13092
l 10146 10270
l 4907 4910
l 8181 8182
l 11306 11778
l 10065 10623
l 1919 1920
l 1921 1919
l 6099 6100
l 9519 9737
l 795 794
l 3681 3683
l 799 794
l 10065 10631
l 11378 11192
l 4649 4648
l 11381 11192
l 3066 3068
l 14049 14052
l 7041 7042
l 11192 11395
l 4244 4234
l 8069 8070
l 9927 9959
l 7559 7560
l 2892 2895
l 4746 4747
l 1768 1767
l 4237 4236
l 4491 4494
l 2896 2892
l 4240 4236
l 4746 4753
l 4491 4498
l 2963 2961
l 2452 2451
l 2706 2709
l 2451 2454
l 2196 2199
l 2706 2712
l 2892 2898
l 922 921
l 666 667
l 666 668
l 666 669
l 1950 1949
l 927 921
l 1440 1439
l 921 929
l 156 162
l 1187 1184
l 156 164
l 156 165
l 3734 3750
l 12513 12551
l 2734 2736
l 2196 2219
l 1184 1197
l 1966 1949
l 1184 1200
l 13225 13233
l 11185 11186
l 11187 11185
l 9836 9840
l 10420 10421
l 11704 11703
l 9145 9146
l 8635 8636
l 11703 11710
l 9668 9663
l 4494 4500
l 9663 9670
l 14946 14947
l 9522 9732
l 12679 12706
l 11958 11982
l 11983 11958
l 14800 14755
l 14755 14801
l 1615 1617
l 7091 7092
l 9918 9943
l 9944 9918
l 1618 1615
l 3801 3800
l 13998 14045
l 13655 13659
l 3378 3377
l 12203 12769
l 4494 4506
l 13991 13987
l 9978 9927
l 11448 11495
l 13987 13992
l 7477 7478
l 10988 10930
l 3545 3546
l 9927 9980
l 3545 3547
l 13994 13987
l 13998 14070
l 3545 3548
l 13258 13876
l 3551 3545
l 3386 3377
l 14245 14345
l 10810 10775
l 11039 11048
l 3545 3554
l 3389 3377
l 5693 5694
l 7237 7238
l 11116 11117
l 11143 11638
l 12779 12796
l 3377 3394
l 9611 9663
l 7573 7574
l 9611 9664
l 9665 9611
l 9774 9738
l 5159 5160
l 12380 12391
l 13655 13684
l 14288 14316
l 13685 13655
l 3352 3360
l 14288 14317
l 14288 14318
l 4030 4023
l 5495 5496
l 12297 12426
l 14843 14841
l 3073 3079
l 7297 7298
l 7811 7812
l 5003 5004
l 6277 6278
l 6791 6792
l 965 962
l 3800 3808
l 5771 5772
l 4238 4237
l 5003 5006
l 4752 4751
l 3218 3217
l 14483 9637
l 4237 4244
l 3477 3474
l 2197 2198
l 2197 2199
l 2197 2200
l 2197 2201
l 1178 1177
l 2197 2203
l 1434 1436
l 1693 1691
l 157 158
l 159 157
l 157 160
l 414 417
l 162 157
l 157 163
l 3474 3492
l 3493 3474
l 3474 3495
l 14760 14758
l 4380 4374
l 13484 13481
l 1948 1966
l 2127 2126
l 5343 5344
l 1000 999
l 11701 11698
l 12214 12212
l 11193 11192
l 9401 9402
l 9915 9916
l 10172 10173
l 999 1002
l 10421 10431
l 8895 8896
l 13761 13738
l 1964 1965
l 14532 9637
l 10172 10182
l 10172 10183
l 14758 14793
l 13481 13514
l 9606 9660
l 10416 10117
l 11401 11453
l 11698 11734
l 10117 10417
l 12491 12286
l 10117 10418
l 10117 10419
l 10117 10420
l 1191 1192
l 4062 4063
l 3894 3898
l 4062 4065
l 3731 3838
l 1191 1193
l 2769 2774
l 3894 3902
l 2937 2941
l 1812 1814
l 2942 2937
l 12100 12054
l 11769 11803
l 12225 12224
l 6637 6638
l 1662 1663
l 1662 1664
l 13001 13045
l 4883 4885
l 1669 1662
l 4883 4886
l 12227 12224
l 544 543
l 7553 7554
l 4391 4393
l 8067 8068
l 6533 6534
l 4391 4394
l 5513 5514
l 6027 6028
l 3760 3764
l 12287 12286
l 5007 5008
l 4753 4752
l 3473 3474
l 3473 3475
l 3476 3473
l 3733 3732
l 4758 4752
l 2455 2453
l 2453 2456
l 2453 2457
l 1433 1434
l 1435 1433
l 1433 1436
l 1947 1949
l 1692 1694
l 415 413
l 158 160
l 161 158
l 158 162
l 419 413
l 413 420
l 933 927
l 678 672
l 3473 3496
l 15016 15017
l 413 426
l 13996 13997
l 13487 13482
l 672 689
l 11442 11186
l 12212 12211
l 11192 11191
l 8637 8638
l 10431 10422
l 9151 9152
l 10422 10433
l 10178 10171
l 13251 13231
l 10374 10350
l 13231 13257
l 13231 13258
l 4242 4239
l 13231 13260
l 4239 4243
l 10171 10193
l 9916 9939
l 13231 13276
l 12769 12205
l 4239 4247
l 10700 10231
l 12205 12794
l 3455 3454
l 3495 3494
l 3269 3272
l 2330 2329
l 12814 12205
l 12815 12205
l 3292 3296
l 13456 13483
l 2544 2537
l 2336 2329
l 11821 11816
l 2329 2337
l 12919 12994
l 11816 11823
l 1212 1206
l 6021 6022
l 12026 11972
l 3292 3303
l 12259 12578
l 9865 9872
l 14080 14081
l 12995 12919
l 3292 3305
l 2009 2013
l 2009 2015
l 3939 3941
l 2009 2018
l 4904 4906
l 3945 3939
l 6365 6366
l 5869 5870
l 7809 7810
l 3948 3939
l 6789 6790
l 6279 6280
l 5769 5770
l 5259 5260
l 4749 4751
l 4239 4241
l 3729 3730
l 3729 3731
l 3219 3220
l 2822 2824
l 3219 3222
l 3479 3476
l 2201 2199
l 1690 1689
l 1946 1947
l 1179 1180
l 1181 1179
l 669 670
l 671 669
l 160 159
l 926 929
l 163 159
l 932 926
l 416 421
l 416 422
l 167 159
l 10553 10554
l 416 425
l 159 173
l 13230 13231
l 12973 12977
l 11187 11442
l 11191 11190
l 14779 14760
l 9403 9404
l 13909 13910
l 8893 8894
l 11711 11700
l 8383 8384
l 10170 10178
l 10180 10170
l 11700 11717
l 12486 12463
l 10183 10170
l 14794 14760
l 10933 10958
l 13573 13583
l 3778 3786
l 12759 12208
l 10864 10848
l 14029 14081
l 13002 13044
l 9561 9572
l 10973 10933
l 13278 13230
l 12773 12208
l 9561 9574
l 3637 3635
l 11663 11664
l 10987 10933
l 9409 9410
l 14085 14029
l 3803 3804
l 10933 10997
l 3635 3640
l 10933 11000
l 12463 12494
l 3635 3641
l 10236 10170
l 3803 3807
l 10170 10239
l 3635 3643
l 10933 11018
l 11019 10933
l 3645 3635
l 14758 14865
l 14866 14758
l 13808 13306
l 12469 12276
l 12636 12637
l 13524 13501
l 14868 14893
l 14894 14868
l 13667 13677
l 7499 7500
l 14049 14090
l 12896 12929
l 7667 7668
l 14589 14598
l 5413 5414
l 10848 10888
l 13821 13306
l 3887 3896
l 5749 5750
l 1401 1408
l 1409 1401
l 4628 4626
l 11393 11188
l 3337 3335
l 11188 11395
l 7555 7556
l 7045 7046
l 5261 5262
l 6535 6536
l 14589 14612
l 6025 6026
l 5515 5516
l 9640 14477
l 5006 5005
l 4750 4751
l 4496 4495
l 4241 4240
l 4495 4498
l 3985 3987
l 4756 4750
l 4750 4757
l 3220 3222
l 2967 2965
l 2456 2455
l 4750 4761
l 1946 1945
l 1436 1435
l 14493 9640
l 925 926
l 670 671
l 672 670
l 160 161
l 415 418
l 925 931
l 420 415
l 415 421
l 670 678
l 160 167
l 2200 2217
l 14251 14249
l 173 160
l 13229 13230
l 10078 10080
l 14001 13994
l 12209 12210
l 12211 12209
l 10078 10081
l 11189 11190
l 3503 3513
l 10078 10082
l 10171 10169
l 12207 12733
l 2382 2387
l 12464 12479
l 8639 8640
l 10945 10934
l 10178 10169
l 14759 14787
l 11046 11077
l 13229 13260
l 12464 12493
l 12494 12464
l 10169 10192
l 10169 10193
l 14687 14439
l 12342 12298
l 12759 12207
l 14249 14297
l 3335 3355
l 12765 12207
l 12207 12767
l 12207 12768
l 1097 1104
l 3027 3029
l 10169 10236
l 10169 10237
l 3730 3838
l 3033 3027
l 14308 14245
l 11547 11150
l 11559 11560
l 3199 3204
l 2076 2077
l 9641 14484
l 4854 4857
l 11150 11580
l 6727 6728
l 4854 4858
l 14927 9883
l 14685 14691
l 5141 5142
l 799 793
l 9321 9322
l 793 800
l 4016 4017
l 13593 13366
l 3687 3682
l 10099 10098
l 802 793
l 4016 4019
l 8321 8322
l 2891 2892
l 8835 8836
l 10373 10121
l 4982 4981
l 2891 2893
l 9609 9606
l 9866 9863
l 9863 9868
l 2891 2894
l 11405 11406
l 4022 4016
l 2895 2891
l 4861 4854
l 11662 11672
l 11662 11673
l 11674 11662
l 10121 10395
l 12444 12433
l 4981 4987
l 11425 11405
l 162 161
l 164 161
l 10121 10405
l 418 422
l 423 418
l 1446 1448
l 1961 1960
l 161 170
l 1963 1960
l 161 172
l 161 173
l 2478 2474
l 3247 3245
l 675 689
l 4016 4018
l 3759 3763
l 161 180
l 3509 3502
l 3759 3766
l 3502 3511
l 5815 5816
l 4016 4025
l 6329 6330
l 4273 4283
l 3759 3772
l 641 649
l 7871 7872
l 1227 1189
l 1189 1228
l 13650 13654
l 9974 9928
l 11403 11402
l 13988 13989
l 13666 13675
l 13988 13990
l 13988 13991
l 13988 13992
l 4829 4839
l 13988 13994
l 12954 12957
l 13988 13995
l 9535 9742
l 11904 11893
l 2587 2588
l 12072 12073
l 5817 5818
l 2589 2587
l 13367 13365
l 13677 13666
l 12273 12466
l 4866 4860
l 14899 14341
l 9747 9535
l 3380 3389
l 9535 9748
l 3548 3555
l 11115 11116
l 13667 13681
l 10134 10345
l 11115 11117
l 11564 11149
l 3548 3557
l 11149 11566
l 13289 13291
l 3380 3393
l 2431 2433
l 2434 2431
l 2269 2263
l 12203 12205
l 2270 2263
l 6283 6284
l 10591 10629
l 9535 9759
l 2263 2273
l 6451 6452
l 1310 1312
l 6619 6620
l 12381 12392
l 10931 10987
l 11296 11255
l 10122 10353
l 10122 10354
l 10122 10355
l 10356 10122
l 6127 6128
l 3242 3243
l 8577 8578
l 9091 9092
l 3244 3242
l 10119 10120
l 9864 9865
l 11104 11106
l 10633 10636
l 10633 10639
l 11670 11661
l 4373 4375
l 11661 11675
l 13053 13064
l 11110 11104
l 417 418
l 162 163
l 417 420
l 933 931
l 422 417
l 1190 1191
l 162 168
l 169 162
l 170 162
l 683 676
l 2987 2988
l 2218 2221
l 1710 1704
l 1199 1190
l 676 688
l 3761 3760
l 3501 3506
l 3760 3763
l 1704 1716
l 3765 3760
l 5557 5558
l 1704 1719
l 3760 3768
l 4281 4274
l 4274 4282
l 9605 9659
l 7099 7100
l 7613 7614
l 8127 8128
l 1003 998
l 10118 10414
l 10415 10118
l 1315 1316
l 3893 3895
l 11925 11917
l 4061 4064
l 846 848
l 3900 3893
l 2770 2773
l 1811 1812
l 1813 1811
l 3893 3903
l 10628 10640
l 12099 12053
l 10628 10642
l 12897 12892
l 7921 7922
l 8089 8090
l 9625 14908
l 12266 12591
l 13831 13864
l 1659 1660
l 11598 11152
l 696 699
l 1659 1663
l 4546 4549
l 6007 6008
l 3589 3592
l 11917 11950
l 10351 10357
l 1761 1769
l 3757 3759
l 12538 12260
l 4882 4887
l 8833 8834
l 10371 10123
l 8323 8324
l 10119 10118
l 9351 9352
l 4889 4882
l 11146 11147
l 3757 3762
l 11955 11917
l 9627 14482
l 2634 2636
l 11407 11412
l 11664 11669
l 9627 14487
l 13720 13721
l 14235 14230
l 10889 10908
l 14753 14748
l 673 674
l 676 673
l 165 163
l 1702 1701
l 420 423
l 930 936
l 163 169
l 2729 2730
l 171 163
l 2988 2986
l 163 173
l 1198 1191
l 163 175
l 3247 3248
l 689 673
l 2482 2476
l 4401 4394
l 4014 4020
l 2485 2476
l 3504 3510
l 1701 1719
l 1720 1701
l 1701 1721
l 6841 6842
l 2476 2491
l 6331 6332
l 7869 7870
l 7359 7360
l 4394 4404
l 14230 14282
l 14230 14283
l 393 390
l 13411 13412
l 12103 12098
l 13396 13395
l 14036 13973
l 4240 4247
l 4248 4240
l 14708 14684
l 14004 14024
l 3289 3285
l 3453 3455
l 3285 3290
l 11813 11814
l 15030 15031
l 11813 11815
l 11813 11816
l 11813 11817
l 2333 2332
l 11151 11551
l 11818 11813
l 11813 11819
l 11813 11820
l 11563 11151
l 11151 11564
l 12262 12573
l 2332 2337
l 7313 7314
l 7481 7482
l 12770 12791
l 12792 12770
l 3938 3941
l 3938 3942
l 2895 2894
l 10354 10124
l 1057 1055
l 9089 9090
l 8579 8580
l 3149 3150
l 1061 1055
l 12464 12470
l 9607 9609
l 3149 3151
l 10890 10894
l 10384 10124
l 2024 2025
l 10124 10387
l 10124 10388
l 11663 11670
l 10124 10393
l 10394 10124
l 15002 15003
l 11663 11676
l 14747 14749
l 2024 2028
l 14348 14899
l 420 419
l 929 933
l 164 166
l 1702 1703
l 424 419
l 1192 1193
l 1194 1192
l 419 427
l 1196 1192
l 12808 12772
l 1192 1198
l 2991 2985
l 3504 3503
l 4013 4017
l 2985 2994
l 4786 4787
l 2994 2989
l 4276 4277
l 6069 6070
l 1719 1702
l 3768 3758
l 1721 1702
l 7097 7098
l 3758 3771
l 6587 6588
l 14229 14269
l 8125 8126
l 13719 13759
l 7615 7616
l 9564 9566
l 9628 14534
l 2989 2998
l 4757 4751
l 10171 10192
l 4751 4758
l 10082 10577
l 1706 1708
l 10578 10082
l 1709 1706
l 14229 14300
l 13910 13915
l 1706 1710
l 4762 4751
l 1872 1878
l 4751 4765
l 3570 3561
l 3805 3804
l 12300 12299
l 3804 3809
l 13183 13202
l 11373 11374
l 3340 3349
l 2517 2522
l 11570 11146
l 11146 11571
l 11045 11046
l 2524 2517
l 2685 2692
l 9622 9583
l 6705 6706
l 11146 11596
l 11597 11146
l 3788 3797
l 14269 14244
l 6873 6874
l 11608 11146
l 11146 11611
l 11146 11620
l 11621 11146
l 1406 1404
l 4292 4291
l 12344 12350
l 12321 12299
l 1404 1409
l 1404 1410
l 3498 3500
l 10369 10125
l 9345 9346
l 9603 9602
l 10116 10117
l 8325 8326
l 8839 8840
l 9611 9602
l 10381 10383
l 10373 10403
l 3498 3504
l 13714 13715
l 4631 4632
l 10895 10902
l 3505 3498
l 13395 13486
l 11915 11930
l 12437 12443
l 11932 11915
l 13971 13983
l 10406 10373
l 3498 3507
l 11915 11938
l 11939 11915
l 1188 1185
l 1701 1699
l 165 166
l 422 423
l 422 424
l 937 936
l 1706 1699
l 1699 1707
l 679 684
l 422 429
l 430 422
l 287 293
l 2480 2478
l 2993 2992
l 422 434
l 2227 2221
l 4020 4012
l 11915 11957
l 2486 2478
l 2487 2478
l 1699 1720
l 2221 2233
l 4282 4277
l 2385 2381
l 2478 2493
l 6333 6334
l 6847 6848
l 14425 14426
l 14277 14228
l 14228 14278
l 14228 14279
l 10596 10067
l 11401 11470
l 11471 11401
l 14035 13971
l 10067 10598
l 13319 13785
l 12299 12344
l 9602 9706
l 9707 9602
l 13305 13850
l 4485 4475
l 13851 13305
l 3026 3028
l 12348 12299
l 3030 3026
l 4652 4650
l 4427 4429
l 13149 13148
l 12353 12299
l 4919 4921
l 7843 7844
l 12515 12519
l 4696 4698
l 8011 8012
l 3200 3203
l 11568 11145
l 11145 11569
l 11256 11744
l 4696 4699
l 2077 2079
l 11745 11256
l 14105 14120
l 953 952
l 12855 12862
l 6097 6098
l 2086 2077
l 6265 6266
l 10341 10126
l 12574 12570
l 10344 10126
l 13283 13289
l 10351 10126
l 3849 3847
l 5609 5610
l 800 801
l 4015 4018
l 8581 8582
l 2648 2647
l 9095 9096
l 14900 14709
l 2890 2892
l 11917 11916
l 10637 10638
l 10126 10383
l 10126 10384
l 13713 13714
l 13459 13458
l 10126 10389
l 10390 10126
l 1765 1767
l 5945 5946
l 11929 11916
l 11916 11930
l 11916 11932
l 11916 11934
l 2890 2896
l 15008 15009
l 1441 1442
l 1186 1187
l 1186 1188
l 1186 1189
l 1186 1190
l 167 166
l 1704 1700
l 680 681
l 421 426
l 683 680
l 684 680
l 166 173
l 680 686
l 2223 2222
l 2992 2991
l 3497 3505
l 4018 4011
l 3497 3508
l 2222 2230
l 4278 4280
l 2222 2233
l 7609 7610
l 14267 14227
l 4278 4284
l 11402 11453
l 6589 6590
l 7103 7104
l 11457 11402
l 11402 11460
l 4497 4496
l 4499 4496
l 13458 13524
l 13525 13458
l 13972 14039
l 1613 1615
l 4502 4496
l 4830 4834
l 11495 11402
l 1613 1618
l 11554 11599
l 4835 4830
l 12956 12958
l 4830 4836
l 14425 14423
l 14952 14953
l 14321 14322
l 1621 1613
l 6593 6594
l 14614 14624
l 2872 2876
l 3712 3711
l 13197 13148
l 13295 13283
l 14614 14626
l 3547 3549
l 3379 3384
l 3547 3551
l 11545 11148
l 2588 2590
l 11297 11760
l 3387 3379
l 11148 11551
l 3379 3388
l 10122 10123
l 10122 10124
l 11117 11114
l 11148 11571
l 7893 7894
l 11578 11148
l 11148 11579
l 2264 2268
l 11122 11114
l 2264 2270
l 2264 2271
l 1309 1310
l 1311 1309
l 5489 5490
l 1309 1312
l 10343 10127
l 11148 11625
l 12299 12422
l 10127 10352
l 10127 10357
l 10127 10358
l 10359 10127
l 10799 10756
l 10114 10115
l 9347 9348
l 10114 10117
l 8837 8838
l 8327 8328
l 5002 5001
l 14321 14352
l 3243 3244
l 11150 11151
l 11152 11150
l 10119 10400
l 9857 9874
l 14226 14227
l 14226 14228
l 3080 3075
l 14226 14230
l 10640 10647
l 3246 3243
l 11673 11660
l 9882 9857
l 15196 15197
l 11439 11403
l 1158 1157
l 1697 1698
l 1954 1955
l 1954 1956
l 1957 1954
l 1190 1187
l 679 677
l 425 424
l 1187 1194
l 424 427
l 424 428
l 429 424
l 2733 2734
l 424 431
l 677 688
l 2990 2993
l 2482 2480
l 2484 2480
l 2223 2229
l 2480 2486
l 1187 1207
l 2223 2232
l 4537 4536
l 4282 4279
l 2480 2492
l 4286 4279
l 6335 6336
l 4279 4289
l 3243 3255
l 11660 11718
l 4279 4296
l 11403 11465
l 11403 11448
l 14752 14795
l 14797 14752
l 11103 11118
l 11780 11767
l 13459 13523
l 11660 11737
l 2133 2128
l 3892 3894
l 12184 12782
l 12184 12785
l 12786 12184
l 4061 4060
l 11788 11767
l 3892 3897
l 14508 14510
l 847 845
l 4060 4065
l 12052 12093
l 4067 4060
l 2775 2776
l 2775 2777
l 2778 2775
l 11569 11147
l 2775 2782
l 11965 11968
l 6795 6796
l 11582 11147
l 13621 13556
l 11147 11587
l 11147 11588
l 6963 6964
l 697 693
l 693 698
l 7131 7132
l 10340 10128
l 10128 10341
l 10128 10342
l 14531 14508
l 11315 11299
l 1660 1665
l 11970 11965
l 1834 1828
l 4881 4884
l 3590 3592
l 4885 4881
l 10114 10113
l 3758 3759
l 9093 9094
l 4881 4887
l 9858 9865
l 3758 3760
l 12193 12790
l 9612 9603
l 541 544
l 11150 11149
l 10639 10640
l 13715 13716
l 13715 13717
l 10384 10391
l 10392 10384
l 11914 11929
l 10894 10906
l 13970 13982
l 15006 15007
l 4396 4393
l 1444 1443
l 11404 11429
l 934 933
l 1188 1191
l 1192 1188
l 13970 13993
l 1188 1194
l 423 427
l 3499 3500
l 3244 3245
l 423 430
l 168 175
l 432 423
l 168 177
l 2226 2224
l 423 435
l 168 180
l 2229 2224
l 2224 2230
l 4790 4791
l 3000 2989
l 4281 4280
l 8121 8122
l 2989 3003
l 4729 4732
l 4280 4285
l 4280 4286
l 4280 4287
l 6591 6592
l 10323 10340
l 14751 14789
l 14803 14751
l 14751 14804
l 14751 14805
l 389 394
l 14225 14302
l 14303 14225
l 13398 13396
l 9603 9705
l 389 398
l 12593 12549
l 13085 13106
l 12771 12769
l 3287 3286
l 13371 13586
l 3290 3286
l 3286 3291
l 10386 10352
l 3456 3457
l 10352 10387
l 3456 3459
l 11814 11817
l 2331 2335
l 12733 12797
l 9641 9640
l 1208 1210
l 11582 11142
l 13747 13742
l 11589 11142
l 11142 11590
l 11142 11591
l 9619 14932
l 11708 11097
l 13422 13396
l 13409 13905
l 14027 14055
l 3937 3940
l 3937 3942
l 10626 10627
l 10883 10884
l 6199 6200
l 11912 11911
l 11913 11911
l 2984 2980
l 11911 11915
l 8843 8844
l 11911 11917
l 9357 9358
l 4273 4278
l 10128 10129
l 10128 10130
l 10128 10131
l 2980 2986
l 10133 10128
l 14490 14481
l 11911 11931
l 2953 2962
l 10397 10113
l 12955 12958
l 4273 4281
l 12960 12955
l 12961 12955
l 12955 12962
l 12955 12963
l 2724 2723
l 2981 2980
l 3237 3238
l 3239 3237
l 2023 2028
l 169 170
l 171 169
l 169 172
l 941 940
l 686 683
l 1455 1454
l 1712 1711
l 177 169
l 683 690
l 169 179
l 3237 3252
l 1973 1968
l 7349 7350
l 1719 1711
l 7863 7864
l 3237 3257
l 4281 4282
l 4538 4539
l 4540 4538
l 3005 2980
l 5309 5310
l 1454 1471
l 4288 4281
l 1454 1475
l 1711 1733
l 4281 4294
l 4752 4755
l 10846 10858
l 12698 12750
l 14240 14287
l 13983 14033
l 14034 13983
l 10560 10555
l 1872 1871
l 4752 4759
l 4752 4760
l 14243 14245
l 1875 1871
l 14239 14280
l 1871 1876
l 3802 3801
l 14424 14712
l 3633 3640
l 2845 2844
l 3808 3801
l 3801 3809
l 3644 3633
l 1721 1719
l 3633 3646
l 7493 7494
l 13809 13308
l 7661 7662
l 11374 11375
l 13931 13907
l 3633 3650
l 14484 14906
l 14907 14484
l 2686 2689
l 7829 7830
l 2526 2520
l 2520 2529
l 1568 1567
l 5415 5416
l 12345 12346
l 2531 2520
l 5747 5748
l 11141 11622
l 2520 2532
l 1571 1567
l 10114 10353
l 11141 11635
l 13310 13312
l 3497 3498
l 10095 10097
l 3497 3499
l 10884 10885
l 11142 11139
l 8585 8586
l 11398 11403
l 9099 9100
l 11912 11917
l 3502 3497
l 10389 10370
l 11926 11912
l 11912 11927
l 11912 11928
l 10370 10394
l 10114 10398
l 10114 10399
l 10400 10114
l 14239 14241
l 2466 2465
l 2211 2210
l 10625 10661
l 10662 10625
l 2979 2984
l 3493 3497
l 425 426
l 4011 4007
l 170 172
l 684 685
l 684 686
l 1199 1198
l 1456 1453
l 170 177
l 178 170
l 1198 1203
l 1204 1198
l 684 693
l 3254 3238
l 1712 1719
l 1976 1967
l 3238 3257
l 13242 13211
l 4283 4282
l 5051 5052
l 4797 4796
l 1453 1470
l 11398 11455
l 4282 4288
l 290 295
l 9797 9880
l 13725 13764
l 1733 1712
l 1251 1258
l 4282 4295
l 9466 9960
l 13770 13725
l 2214 2221
l 11011 10965
l 13984 14034
l 12956 13011
l 13012 12956
l 11353 11377
l 14038 13984
l 4478 4479
l 2225 2214
l 10965 11012
l 10881 10885
l 9653 9578
l 14478 14525
l 12185 12786
l 12787 12185
l 1099 1104
l 15098 15099
l 3193 3195
l 14478 14526
l 11374 11418
l 12300 12350
l 4715 4718
l 12354 12300
l 15104 15105
l 12520 12516
l 9801 9791
l 10070 10614
l 11144 11570
l 6103 6104
l 11144 11581
l 5165 5166
l 2078 2079
l 11255 11746
l 951 953
l 7221 7222
l 6725 6726
l 1917 1916
l 4804 4803
l 6893 6894
l 4803 4805
l 13074 13126
l 7061 7062
l 4603 4601
l 4015 4014
l 14243 14327
l 11138 11139
l 800 799
l 11909 11910
l 12166 12167
l 11399 11400
l 10633 10628
l 8841 8842
l 9955 9926
l 8331 8332
l 11909 11917
l 2889 2891
l 10127 10126
l 9359 9360
l 10628 10641
l 10130 10126
l 15250 15251
l 9926 9957
l 14486 14483
l 11909 11927
l 11249 11251
l 2894 2889
l 13981 13982
l 1767 1766
l 2721 2722
l 2723 2721
l 2980 2978
l 4782 4783
l 2468 2470
l 2983 2978
l 2978 2984
l 3239 3241
l 682 681
l 681 683
l 172 171
l 173 171
l 1709 1710
l 1711 1709
l 1199 1200
l 428 433
l 434 428
l 179 171
l 1456 1460
l 171 181
l 7861 7862
l 428 439
l 7351 7352
l 13316 13314
l 10938 10881
l 428 443
l 4283 4284
l 1456 1469
l 4784 4782
l 5311 5312
l 13219 13227
l 3565 3558
l 13314 13320
l 12232 12236
l 12188 12770
l 12188 12771
l 4495 4502
l 14739 14425
l 4503 4495
l 14949 14950
l 10144 10140
l 3543 3542
l 10881 10939
l 12392 12888
l 10978 10975
l 491 494
l 13196 13147
l 9834 9808
l 14193 14194
l 5501 5502
l 12070 12071
l 1614 1625
l 2585 2589
l 8195 8196
l 8017 8018
l 2585 2591
l 12749 12706
l 1464 1465
l 13370 13367
l 3613 3608
l 11570 11143
l 7735 7736
l 14880 14879
l 1464 1467
l 11583 11143
l 341 339
l 11143 11585
l 11571 11141
l 12051 12052
l 11143 11595
l 11596 11143
l 13470 13901
l 339 345
l 13047 13027
l 11292 11293
l 6285 6286
l 6453 6454
l 11637 11143
l 10829 10864
l 11582 11141
l 6621 6622
l 6125 6126
l 10882 10883
l 11137 11140
l 11137 11141
l 11142 11137
l 11400 11401
l 9097 9098
l 11910 11915
l 8587 8588
l 11910 11917
l 10126 10125
l 3406 3408
l 10641 10627
l 3076 3078
l 11925 11910
l 12183 12165
l 12165 12184
l 12165 12185
l 12165 12186
l 14039 14013
l 11766 11768
l 10116 10397
l 10398 10116
l 14237 14239
l 3244 3246
l 12449 12444
l 10658 10627
l 2977 2979
l 2467 2468
l 2467 2469
l 2212 2214
l 2977 2983
l 3496 3495
l 14356 14322
l 2212 2218
l 2987 2977
l 682 684
l 172 173
l 1965 1966
l 431 427
l 427 432
l 427 433
l 172 178
l 10405 10120
l 6579 6580
l 181 172
l 1206 1200
l 3255 3240
l 1200 1208
l 11443 11404
l 5049 5050
l 4794 4795
l 4796 4794
l 4539 4541
l 6077 6078
l 1455 1472
l 11400 11458
l 1455 1475
l 12997 12954
l 12954 12998
l 12444 12488
l 12489 12444
l 14284 14237
l 14237 14285
l 14237 14286
l 14334 14285
l 11910 11988
l 11989 11910
l 1964 1961
l 10120 10415
l 4224 4223
l 3891 3894
l 4060 4059
l 13848 13829
l 3898 3891
l 9817 9836
l 4066 4059
l 12556 12559
l 4059 4067
l 3891 3904
l 2779 2776
l 2776 2780
l 2776 2781
l 14509 14521
l 8087 8088
l 1672 1674
l 13619 13354
l 11591 11138
l 11138 11592
l 11624 11141
l 696 694
l 12407 12348
l 1675 1672
l 6005 6006
l 13562 13568
l 1664 1657
l 1657 1665
l 3756 3755
l 11907 11908
l 694 706
l 10631 10630
l 10630 10632
l 10887 10889
l 9353 9354
l 11144 11147
l 11144 11148
l 10125 10124
l 8333 8334
l 5517 5518
l 8847 8848
l 12123 12156
l 3760 3755
l 10373 10388
l 12164 12182
l 14742 14743
l 12164 12184
l 15256 15257
l 12164 12187
l 12164 12188
l 12164 12189
l 10373 10398
l 3755 3763
l 1895 1901
l 3233 3235
l 10373 10404
l 3490 3493
l 3238 3233
l 3747 3751
l 2728 2727
l 3497 3490
l 1193 1194
l 3490 3499
l 1193 1196
l 1707 1709
l 1711 1707
l 173 176
l 945 944
l 7345 7346
l 2984 2995
l 1512 1505
l 1707 1717
l 6325 6326
l 1707 1719
l 1720 1707
l 14742 14777
l 5305 5306
l 5819 5820
l 1505 1514
l 4542 4543
l 4544 4542
l 4542 4545
l 4799 4802
l 4285 4291
l 4732 4730
l 4799 4805
l 4294 4285
l 4285 4296
l 12445 12489
l 14283 14236
l 14236 14284
l 4396 4403
l 1518 1505
l 13011 12959
l 11907 11989
l 1505 1519
l 13829 13890
l 12959 13019
l 14028 14029
l 13232 13266
l 13267 13232
l 3287 3288
l 11811 11812
l 3291 3287
l 13232 13274
l 3363 3365
l 13741 13743
l 2334 2335
l 2795 2800
l 1201 1208
l 11584 11137
l 11137 11585
l 1201 1211
l 2334 2339
l 6983 6984
l 2340 2334
l 7315 7316
l 7151 7152
l 13120 13112
l 7483 7484
l 12129 12128
l 5397 5398
l 12132 12128
l 1055 1049
l 13061 13095
l 13061 13096
l 13097 13061
l 10373 10118
l 10629 10630
l 4274 4275
l 9609 9610
l 3809 3815
l 10123 10124
l 10629 10637
l 8589 8590
l 9103 9104
l 4277 4274
l 2023 2022
l 12163 12184
l 12163 12185
l 13721 13722
l 14064 14028
l 13980 13981
l 11811 11840
l 3151 3153
l 2469 2470
l 2215 2214
l 2983 2984
l 2985 2983
l 1449 1450
l 1451 1449
l 1449 1452
l 1194 1197
l 429 430
l 431 429
l 429 432
l 943 945
l 688 690
l 2214 2227
l 1708 1716
l 1708 1717
l 5245 5246
l 2214 2232
l 14430 14715
l 5561 5562
l 6075 6076
l 11394 11454
l 4287 4286
l 5055 5056
l 4286 4289
l 4290 4286
l 4286 4291
l 14486 14532
l 4800 4805
l 3758 3754
l 1194 1225
l 12346 12293
l 12960 13012
l 1870 1872
l 2256 2248
l 3140 3149
l 9609 9707
l 12128 12156
l 748 745
l 12128 12157
l 745 749
l 1870 1877
l 1878 1870
l 2248 2257
l 3970 3968
l 3802 3807
l 3634 3642
l 3643 3634
l 3809 3802
l 3634 3644
l 11672 11660
l 593 596
l 14485 14907
l 11140 11586
l 11140 11593
l 6539 6540
l 12177 12128
l 13307 13817
l 13307 13819
l 11140 11629
l 10119 10353
l 11634 11140
l 10355 10119
l 13309 13311
l 4776 4777
l 10094 10096
l 441 447
l 4295 4293
l 11143 11142
l 10632 10633
l 3332 3334
l 9355 9356
l 10125 10122
l 8845 8846
l 10122 10127
l 8335 8336
l 11652 11667
l 12180 12162
l 11413 11395
l 15254 15255
l 4630 4629
l 3500 3503
l 13908 13950
l 4629 4631
l 3504 3500
l 3745 3747
l 1414 1415
l 3235 3237
l 2725 2726
l 2727 2725
l 2215 2216
l 1416 1414
l 1705 1706
l 2475 2472
l 2476 2472
l 10094 10105
l 13953 13908
l 942 943
l 175 176
l 2215 2225
l 685 690
l 175 179
l 7347 7348
l 11395 11445
l 685 694
l 3235 3256
l 1252 1254
l 5307 5308
l 10078 10075
l 12957 12991
l 4288 4287
l 4545 4544
l 10885 10946
l 4291 4287
l 4287 4292
l 13724 13765
l 13766 13724
l 12957 12999
l 11721 11652
l 1226 1195
l 1195 1227
l 2385 2383
l 14095 14087
l 2383 2386
l 14765 14798
l 14427 14428
l 10069 10596
l 2215 2223
l 14087 14098
l 14427 14429
l 2224 2215
l 10979 10885
l 14430 14427
l 14087 14100
l 12192 12778
l 14427 14432
l 12957 13056
l 14436 14683
l 1100 1105
l 3194 3196
l 3194 3197
l 14436 14684
l 13146 13148
l 7841 7842
l 3033 3032
l 14464 14594
l 3034 3032
l 11556 11557
l 3032 3035
l 14087 14114
l 3202 3194
l 8177 8178
l 3203 3194
l 11585 11139
l 14712 14743
l 11139 11593
l 952 950
l 11595 11139
l 5927 5928
l 9638 9641
l 12853 12859
l 14054 14106
l 1915 1917
l 12315 12317
l 13869 13287
l 4805 4804
l 11871 11869
l 13313 13811
l 11139 11628
l 11067 11105
l 4804 4807
l 3846 3845
l 11873 11869
l 11639 11139
l 11139 11640
l 14716 14428
l 13367 13589
l 4013 4014
l 12161 12162
l 11906 11907
l 10120 10373
l 11141 11143
l 11144 11141
l 11657 11651
l 10122 10121
l 13107 13109
l 10124 10121
l 798 800
l 2722 2724
l 8591 8592
l 5775 5776
l 11879 11869
l 10886 10902
l 14998 14999
l 798 802
l 10886 10905
l 10906 10886
l 14331 14242
l 12958 12959
l 12704 12703
l 4703 4709
l 3746 3747
l 3492 3491
l 3237 3236
l 2982 2981
l 12455 12448
l 2471 2472
l 2217 2216
l 1961 1962
l 1706 1707
l 1452 1451
l 1197 1196
l 1198 1196
l 687 686
l 432 431
l 2481 2471
l 686 690
l 686 691
l 180 176
l 176 181
l 1196 1206
l 13138 13154
l 6583 6584
l 1196 1210
l 11993 11991
l 5563 5564
l 5053 5054
l 4798 4799
l 4798 4800
l 4289 4288
l 4802 4798
l 4292 4288
l 4288 4293
l 11651 11721
l 12703 12747
l 12748 12703
l 12448 12497
l 13013 12958
l 12958 13014
l 1611 1612
l 1611 1614
l 1611 1615
l 13146 13190
l 11869 11898
l 4174 4182
l 5625 5626
l 10478 10444
l 3709 3710
l 3541 3545
l 3711 3709
l 11166 11532
l 3546 3541
l 14469 14465
l 14626 14616
l 2421 2420
l 10137 10279
l 10280 10137
l 4811 4820
l 14616 14632
l 14616 14633
l 10103 10104
l 13815 13810
l 7569 7570
l 13368 13373
l 10011 10014
l 9534 9752
l 7737 7738
l 9753 9534
l 14381 14380
l 10336 10137
l 10137 10337
l 4847 4856
l 14343 14323
l 13999 14013
l 1312 1311
l 11580 11144
l 4531 4530
l 12932 12931
l 14474 14473
l 13702 13708
l 3405 3406
l 13188 13200
l 8337 8338
l 8851 8852
l 9365 9366
l 10137 10136
l 10393 10395
l 13212 13188
l 11165 11164
l 13188 13216
l 13729 13702
l 11101 11106
l 2282 2283
l 4260 4257
l 4257 4261
l 4262 4257
l 2284 2282
l 4257 4265
l 6313 6314
l 6827 6828
l 10669 10650
l 4257 4270
l 4257 4272
l 177 178
l 177 179
l 434 436
l 434 437
l 438 434
l 177 183
l 184 177
l 1159 1160
l 698 691
l 691 699
l 2492 2490
l 691 701
l 1161 1159
l 691 703
l 177 192
l 705 691
l 3266 3261
l 1462 1475
l 2490 2500
l 4032 4037
l 3261 3270
l 4039 4032
l 13999 14030
l 4032 4042
l 9822 9818
l 1462 1488
l 1489 1462
l 14546 14473
l 11250 11312
l 11483 11165
l 11165 11484
l 14473 14571
l 14473 14572
l 1003 1005
l 12162 12784
l 1003 1006
l 14323 14369
l 3895 3890
l 1350 1348
l 3890 3898
l 4064 4058
l 10629 10633
l 10264 10138
l 10267 10138
l 10269 10138
l 4058 4066
l 1976 1977
l 13943 13926
l 11767 11770
l 10138 10282
l 852 851
l 11630 11629
l 14785 14817
l 9818 9842
l 14510 14517
l 12097 12050
l 2944 2941
l 12050 12098
l 14763 14712
l 12050 12099
l 12895 12896
l 14510 14520
l 10011 10016
l 14521 14510
l 10138 10319
l 6961 6962
l 2941 2949
l 10345 10338
l 10331 10138
l 10138 10332
l 14442 14662
l 1824 1826
l 10349 10338
l 1827 1824
l 1828 1824
l 4547 4549
l 1665 1658
l 12534 12263
l 14216 14215
l 13451 13446
l 14988 14989
l 14479 14474
l 8593 8594
l 9107 9108
l 3756 3759
l 10136 10135
l 13446 13465
l 11164 11163
l 12191 12192
l 11936 11937
l 4513 4514
l 4513 4515
l 5027 5028
l 4773 4772
l 4774 4772
l 4258 4263
l 4258 4264
l 4258 4265
l 6569 6570
l 4258 4267
l 2019 2026
l 4258 4269
l 7597 7598
l 8111 8112
l 14474 14513
l 14474 14514
l 435 433
l 180 178
l 178 181
l 694 692
l 439 433
l 178 184
l 178 186
l 699 692
l 433 444
l 1981 1975
l 1461 1470
l 2234 2239
l 1472 1461
l 178 193
l 706 692
l 4035 4031
l 3524 3517
l 2019 2027
l 1508 1514
l 3769 3756
l 1206 1224
l 3776 3787
l 13902 13408
l 14474 14548
l 4404 4395
l 4395 4405
l 11166 11489
l 12382 14917
l 12263 12554
l 11714 11114
l 11114 11715
l 14025 14029
l 12161 12793
l 10184 10181
l 3451 3450
l 1362 1356
l 11629 11674
l 12942 12969
l 12991 13000
l 3289 3288
l 10266 10139
l 10270 10139
l 3291 3288
l 10278 10139
l 10139 10279
l 10280 10139
l 11816 11812
l 2477 2478
l 1206 1202
l 2254 2255
l 11819 11812
l 3297 3288
l 10325 10362
l 2538 2534
l 14750 14751
l 10139 10318
l 3288 3300
l 14025 14048
l 10861 10862
l 11736 11114
l 6353 6354
l 10139 10336
l 12128 12127
l 6521 6522
l 2986 2984
l 3288 3306
l 11812 11829
l 10836 10837
l 2759 2763
l 12991 13004
l 12933 12929
l 12127 12134
l 12929 12935
l 12419 12425
l 1050 1057
l 14476 14475
l 14478 14475
l 13455 13447
l 2978 2982
l 2534 2541
l 8849 8850
l 8339 8340
l 4275 4276
l 10135 10134
l 9367 9368
l 10137 10134
l 11163 11162
l 13704 13724
l 13131 13111
l 2021 2023
l 11933 11936
l 4770 4769
l 4908 4910
l 4516 4518
l 13447 13479
l 5287 5288
l 4521 4516
l 4280 4275
l 4259 4267
l 3152 3153
l 4516 4525
l 4516 4526
l 4275 4281
l 4259 4272
l 4259 4273
l 4259 4274
l 946 947
l 948 946
l 179 181
l 179 182
l 183 179
l 179 185
l 1466 1464
l 436 443
l 3002 3004
l 436 445
l 436 446
l 447 436
l 3263 3264
l 4030 4033
l 4034 4030
l 2235 2244
l 1974 1989
l 3782 3773
l 3263 3273
l 3274 3263
l 1228 1207
l 1207 1229
l 4753 4750
l 11489 11167
l 13514 13480
l 14242 14241
l 13379 13378
l 4123 4129
l 1869 1875
l 3800 3799
l 11516 11167
l 749 746
l 11167 11520
l 13284 13286
l 3799 3802
l 11167 11533
l 10836 10869
l 2842 2843
l 10870 10836
l 10263 10140
l 10140 10264
l 2844 2842
l 3807 3799
l 1717 1718
l 2676 2683
l 3369 3381
l 594 596
l 2676 2686
l 7827 7828
l 7995 7996
l 12640 12642
l 11991 12030
l 1567 1565
l 5745 5746
l 1565 1568
l 13828 13831
l 12680 12675
l 13832 13828
l 14731 14732
l 14477 14476
l 3331 3333
l 3663 3664
l 13185 13201
l 9105 9106
l 5257 5258
l 3663 3665
l 10134 10133
l 13207 13185
l 444 449
l 3663 3666
l 2539 2538
l 12189 12191
l 3499 3502
l 5025 5026
l 13475 13448
l 3503 3499
l 6053 6054
l 12199 12189
l 4630 4631
l 7081 7082
l 12715 12675
l 6571 6572
l 4260 4269
l 4270 4260
l 4277 4279
l 7599 7600
l 12675 12721
l 4633 4630
l 690 692
l 14773 14731
l 435 438
l 1719 1718
l 1463 1464
l 435 441
l 442 435
l 1211 1208
l 1208 1212
l 2236 2237
l 2746 2750
l 1973 1983
l 1413 1419
l 3774 3777
l 3519 3522
l 2236 2243
l 1973 1988
l 1718 1733
l 3270 3264
l 1413 1421
l 3275 3264
l 14427 14680
l 3264 3282
l 14427 14681
l 11481 11168
l 11168 11482
l 2216 2221
l 2216 2222
l 12302 12339
l 14428 14429
l 2216 2224
l 12163 12783
l 12784 12163
l 2226 2216
l 12172 12177
l 12178 12172
l 14787 14789
l 6633 6634
l 11539 11162
l 11376 11417
l 10320 10138
l 13145 13146
l 9458 10020
l 11162 11552
l 3195 3198
l 1109 1110
l 10286 10141
l 1111 1109
l 3195 3201
l 13199 14913
l 7051 7052
l 4952 4955
l 12854 12857
l 9637 9641
l 9637 9642
l 12854 12859
l 1918 1914
l 5137 5138
l 3844 3846
l 14241 14325
l 11870 11875
l 12680 12678
l 13591 13362
l 14477 14481
l 9361 9362
l 14484 14477
l 10133 10132
l 8341 8342
l 4012 4017
l 8855 8856
l 9875 9882
l 14491 14477
l 11931 11932
l 10398 10397
l 12191 12188
l 11168 11169
l 5281 5282
l 10403 10397
l 5795 5796
l 797 803
l 4262 4261
l 4519 4518
l 4261 4264
l 12201 12188
l 1764 1766
l 12203 12188
l 4518 4524
l 4525 4518
l 6317 6318
l 797 805
l 4528 4518
l 4518 4530
l 1201 1203
l 1458 1461
l 1458 1462
l 1458 1463
l 438 440
l 185 181
l 186 181
l 181 187
l 695 700
l 1725 1715
l 702 695
l 4985 4987
l 3514 3520
l 2751 2753
l 1715 1731
l 2494 2500
l 695 709
l 10397 10438
l 711 695
l 695 712
l 11257 11255
l 12678 12749
l 12750 12678
l 1835 1841
l 14441 14442
l 1614 1612
l 1612 1615
l 13025 13026
l 11870 11899
l 3801 3797
l 11404 11398
l 10453 10470
l 3544 3545
l 13025 13030
l 11161 11539
l 11540 11161
l 13431 13432
l 3710 3712
l 10142 10266
l 14441 14444
l 2419 2421
l 13991 13998
l 13662 13666
l 10142 10283
l 10142 10284
l 10285 10142
l 13668 13662
l 11396 11185
l 13662 13670
l 5103 5104
l 2591 2596
l 14931 9616
l 5917 5918
l 11870 11918
l 4028 4022
l 1306 1308
l 11500 11468
l 4195 4193
l 12049 12057
l 14787 14804
l 10113 10417
l 14015 14000
l 6123 6124
l 13442 13449
l 13450 13442
l 15072 15073
l 6455 6456
l 13191 13199
l 14992 14993
l 3240 3238
l 4022 4030
l 8597 8598
l 9111 9112
l 6623 6624
l 11932 11933
l 11168 11167
l 11932 11937
l 5537 5538
l 6051 6052
l 4263 4262
l 4264 4262
l 3410 3408
l 7593 7594
l 13191 13227
l 8107 8108
l 6573 6574
l 7087 7088
l 10398 10417
l 1202 1205
l 437 438
l 439 437
l 10398 10424
l 697 696
l 182 187
l 182 188
l 1469 1457
l 3772 3774
l 2239 2238
l 192 182
l 2238 2241
l 2242 2238
l 2493 2499
l 2238 2244
l 11773 11768
l 14535 14478
l 14478 14536
l 11768 11774
l 1160 1162
l 14163 14165
l 1457 1489
l 12407 12353
l 13268 13191
l 3408 3419
l 14362 14324
l 15128 15129
l 11236 11223
l 11162 11487
l 4878 4882
l 1002 1005
l 11398 11453
l 3893 3889
l 3238 3262
l 2932 2933
l 11832 11834
l 11532 11164
l 14512 14513
l 11164 11536
l 11164 11540
l 4057 4063
l 10264 10143
l 10143 10268
l 10143 10269
l 10270 10143
l 10143 10271
l 3102 3103
l 3102 3104
l 4057 4066
l 1975 1978
l 1975 1979
l 850 852
l 1975 1980
l 11488 11553
l 7917 7918
l 1415 1417
l 12049 12097
l 14909 14221
l 14911 13965
l 2779 2774
l 14624 14634
l 2774 2780
l 10316 10143
l 10143 10317
l 11766 11802
l 10113 10426
l 10339 10345
l 10346 10339
l 12284 12280
l 1823 1824
l 1825 1823
l 6003 6004
l 12896 12906
l 701 700
l 3585 3588
l 3754 3753
l 13700 13701
l 4550 4551
l 13190 13191
l 14210 14216
l 14217 14210
l 3753 3756
l 15246 15247
l 14479 14480
l 14481 14479
l 9873 9874
l 9363 9364
l 8853 8854
l 3753 3758
l 12698 12680
l 12186 12187
l 3759 3753
l 12282 12281
l 5793 5794
l 5283 5284
l 4774 4773
l 11431 11419
l 4264 4263
l 4263 4265
l 7849 7850
l 7339 7340
l 4520 4526
l 14511 14479
l 6319 6320
l 1714 1713
l 1971 1970
l 1716 1713
l 693 694
l 950 951
l 183 184
l 185 183
l 183 186
l 4026 4027
l 183 188
l 3261 3259
l 693 702
l 703 693
l 693 704
l 3259 3265
l 194 183
l 2749 2755
l 1507 1512
l 1713 1733
l 2749 2758
l 2638 2640
l 13700 13768
l 13687 13675
l 12266 12548
l 1516 1507
l 11485 11163
l 4398 4404
l 11137 11138
l 12991 13049
l 2472 2481
l 11137 11139
l 2315 2317
l 2472 2482
l 4736 4737
l 12168 12788
l 1357 1355
l 394 396
l 11525 11163
l 11163 11530
l 11163 11531
l 1355 1361
l 3449 3451
l 11541 11163
l 10262 10144
l 10180 10187
l 14684 14700
l 10144 10286
l 10144 10287
l 13407 13409
l 13407 13410
l 13230 13277
l 2540 2544
l 9895 9896
l 1203 1209
l 2336 2337
l 1203 1210
l 2339 2336
l 12591 12557
l 7149 7150
l 12500 12520
l 11252 11223
l 13917 13919
l 13699 13700
l 13444 13445
l 13189 13190
l 14220 14209
l 14990 14991
l 9619 9620
l 9621 9619
l 9109 9110
l 8599 8600
l 11933 11930
l 9582 9579
l 11167 11165
l 11675 11680
l 11930 11937
l 2022 2020
l 11165 11171
l 5539 5540
l 3145 3150
l 5029 5030
l 4775 4774
l 9579 9584
l 11930 11945
l 8105 8106
l 4519 4523
l 4524 4519
l 4279 4276
l 7085 7086
l 3145 3152
l 4519 4528
l 1970 1969
l 1714 1715
l 4519 4532
l 1205 1204
l 1204 1206
l 694 695
l 440 439
l 694 697
l 184 186
l 1723 1714
l 1714 1724
l 3260 3261
l 3515 3518
l 191 184
l 704 694
l 2241 2240
l 184 194
l 2240 2243
l 3268 3260
l 2245 2240
l 1224 1204
l 11930 11978
l 11979 11930
l 11489 11164
l 1868 1870
l 1871 1868
l 1868 1872
l 13223 13272
l 1868 1875
l 1877 1868
l 13286 13283
l 3967 3966
l 3270 3281
l 753 751
l 11158 11546
l 3806 3800
l 2679 2673
l 3661 3669
l 8451 8452
l 2841 2846
l 13315 13745
l 2841 2847
l 11574 11158
l 11158 11575
l 13283 13296
l 2851 2841
l 12171 12126
l 11301 11306
l 11601 11158
l 11158 11602
l 13330 13329
l 6373 6374
l 6541 6542
l 1567 1566
l 1566 1569
l 6709 6710
l 10365 10129
l 10129 10366
l 14466 14465
l 14722 14723
l 14722 14724
l 1566 1571
l 6877 6878
l 4787 4789
l 12348 12350
l 12303 12320
l 12939 12943
l 446 443
l 10642 10643
l 11157 11156
l 8345 8346
l 12187 12184
l 8859 8860
l 12184 12189
l 3494 3500
l 11670 11679
l 10145 10144
l 6305 6306
l 2537 2539
l 6819 6820
l 3664 3667
l 7847 7848
l 4266 4265
l 3668 3664
l 4265 4268
l 4779 4781
l 4270 4265
l 4265 4271
l 5807 5808
l 4522 4529
l 2225 2227
l 2228 2225
l 2225 2229
l 3254 3253
l 2739 2743
l 2739 2744
l 2745 2739
l 186 185
l 188 185
l 185 189
l 1417 1416
l 959 956
l 1470 1472
l 961 956
l 1730 1727
l 956 963
l 1213 1220
l 1470 1477
l 1213 1222
l 956 967
l 1480 1470
l 1727 1738
l 956 972
l 14541 14465
l 974 956
l 14544 14465
l 1727 1745
l 956 979
l 14406 14402
l 12442 12437
l 14465 14557
l 11487 11157
l 14569 14465
l 12339 12303
l 12303 12340
l 14465 14581
l 14584 14465
l 14465 14585
l 14465 14586
l 1264 1262
l 13007 13054
l 12820 12428
l 13055 13007
l 14136 14137
l 1262 1271
l 11553 11157
l 11157 11554
l 11157 11555
l 2233 2234
l 3031 3030
l 14746 14747
l 3196 3199
l 10593 10595
l 3200 3196
l 14914 12932
l 3037 3030
l 9592 14530
l 3368 3358
l 5925 5926
l 10593 10602
l 13482 13489
l 1916 1913
l 10130 10343
l 1913 1917
l 12861 12859
l 14567 14607
l 4802 4806
l 10967 10966
l 15186 15187
l 4807 4802
l 10130 10367
l 10130 10368
l 14714 14430
l 14467 14466
l 14980 14981
l 4012 4011
l 4519 4531
l 14740 14741
l 14430 14716
l 12940 12941
l 12867 12859
l 13454 13455
l 13200 13195
l 4813 4814
l 10179 10217
l 11155 11156
l 6269 6270
l 5773 5774
l 10641 10649
l 8601 8602
l 10651 10641
l 9115 9116
l 12044 12078
l 10144 10143
l 13985 13968
l 6561 6562
l 7075 7076
l 7589 7590
l 8103 8104
l 4521 4523
l 5035 5036
l 4525 4521
l 4011 4020
l 6063 6064
l 6109 6110
l 2481 2482
l 2227 2226
l 2996 2995
l 2740 2741
l 2230 2226
l 2743 2740
l 2744 2740
l 3001 2995
l 2226 2234
l 3254 3259
l 441 444
l 189 186
l 958 955
l 186 191
l 449 441
l 441 450
l 4813 4816
l 964 955
l 1214 1221
l 710 700
l 700 711
l 955 968
l 700 714
l 14466 14539
l 973 955
l 12758 12211
l 955 975
l 12958 12954
l 1761 1773
l 11485 11158
l 11488 11158
l 14466 14567
l 10164 10165
l 14466 14575
l 14466 14576
l 14577 14466
l 13361 13613
l 3708 3707
l 3766 3765
l 13025 13037
l 13026 13029
l 11901 11873
l 10279 10131
l 10280 10131
l 1457 1462
l 14209 14909
l 14910 14209
l 14300 14282
l 5997 5998
l 9857 14927
l 7403 7404
l 11594 11633
l 10323 10131
l 1457 1468
l 13109 13113
l 10337 10131
l 10131 10338
l 10131 10339
l 344 345
l 11867 11920
l 14010 13997
l 11921 11867
l 10131 10360
l 5653 5654
l 15234 15235
l 14467 14468
l 14467 14469
l 14467 14470
l 14467 14471
l 14472 14467
l 12427 12428
l 12427 12429
l 13455 13456
l 4592 4601
l 11154 11155
l 11154 11156
l 11157 11154
l 10646 10644
l 10391 10387
l 12182 12184
l 803 806
l 3239 3240
l 8347 8348
l 11672 11678
l 10143 10142
l 9375 9376
l 9632 9633
l 6817 6818
l 3242 3239
l 7845 7846
l 7335 7336
l 10387 10409
l 12427 12458
l 12459 12427
l 14252 14222
l 4524 4525
l 5805 5806
l 4267 4271
l 5295 5296
l 2737 2738
l 2739 2737
l 2227 2228
l 2484 2485
l 2486 2484
l 2994 2999
l 3765 3768
l 2489 2484
l 698 697
l 954 955
l 954 956
l 187 189
l 1726 1725
l 1983 1982
l 448 444
l 193 187
l 962 954
l 1219 1215
l 444 452
l 1733 1725
l 1990 1982
l 1472 1480
l 1472 1481
l 954 971
l 972 954
l 954 973
l 14467 14542
l 10246 10289
l 1725 1745
l 13828 13833
l 8857 8858
l 13455 13525
l 14695 14683
l 11487 11159
l 2116 2127
l 11240 11318
l 4380 4383
l 11897 11898
l 14282 14335
l 11586 11630
l 1004 1001
l 12125 12136
l 11914 11917
l 14280 14338
l 1007 1001
l 1253 1257
l 4060 4056
l 11544 11159
l 11159 11545
l 11159 11549
l 4056 4063
l 14162 14179
l 14181 14162
l 1977 1974
l 11928 11914
l 1974 1978
l 2931 2941
l 2942 2931
l 12893 12894
l 1974 1982
l 9377 9378
l 1983 1974
l 10338 10132
l 10341 10132
l 10345 10132
l 14856 14836
l 10132 10350
l 10132 10351
l 6967 6968
l 14978 14979
l 11612 11614
l 14468 14471
l 3586 3588
l 11615 11612
l 10379 10132
l 10132 10380
l 12215 12744
l 12938 12943
l 13711 13712
l 3755 3754
l 13966 13971
l 10643 10644
l 13966 13973
l 3754 3756
l 10643 10648
l 9113 9114
l 10388 10395
l 8603 8604
l 13997 14069
l 3920 3923
l 10141 10143
l 2796 2795
l 10388 10401
l 7073 7074
l 4886 4885
l 6563 6564
l 8101 8102
l 11697 11116
l 3920 3925
l 9897 9886
l 3754 3760
l 4778 4779
l 4523 4524
l 3920 3926
l 4268 4270
l 12975 12938
l 5551 5552
l 9886 9905
l 2738 2740
l 2229 2228
l 1672 1673
l 3767 3766
l 2232 2228
l 2483 2489
l 2228 2234
l 699 698
l 443 444
l 188 189
l 190 188
l 1726 1727
l 443 448
l 1216 1217
l 545 548
l 443 451
l 1471 1476
l 188 197
l 1471 1478
l 2473 2471
l 11722 11671
l 11671 11723
l 1471 1489
l 9939 9886
l 9886 9940
l 13966 14038
l 14468 14551
l 11484 11160
l 11160 11485
l 11160 11486
l 4397 4402
l 11631 11663
l 2471 2479
l 2471 2480
l 1519 1518
l 2482 2471
l 13229 13261
l 395 393
l 10955 11008
l 1518 1524
l 5149 5150
l 11144 11145
l 10085 10530
l 11144 11146
l 4733 4743
l 11154 11546
l 11154 11547
l 11548 11154
l 3452 3453
l 11149 11144
l 402 393
l 11810 11811
l 3454 3452
l 12736 12744
l 3452 3455
l 393 404
l 12663 12685
l 1366 1367
l 14215 14910
l 13109 13110
l 12663 12686
l 1372 1366
l 14482 14477
l 10323 10133
l 1204 1209
l 13114 13109
l 2335 2337
l 13109 13115
l 13408 13416
l 12687 12663
l 2504 2506
l 6187 6188
l 11810 11827
l 6355 6356
l 10363 10133
l 10133 10364
l 10133 10365
l 6523 6524
l 14471 14469
l 15240 15241
l 14220 14221
l 13738 13760
l 12686 12690
l 1052 1056
l 12134 12125
l 12429 12439
l 12440 12429
l 6031 6032
l 9369 9370
l 9626 9627
l 11164 11160
l 10140 10141
l 8349 8350
l 10140 10143
l 8863 8864
l 3171 3178
l 11160 11171
l 2449 2447
l 10213 10179
l 6309 6310
l 12943 12967
l 6823 6824
l 5289 5290
l 5803 5804
l 14726 14765
l 4269 4270
l 1052 1061
l 4783 4785
l 4526 4530
l 3507 3506
l 2019 2024
l 3763 3765
l 2229 2230
l 2229 2231
l 2743 2744
l 3001 3000
l 2490 2486
l 1211 1209
l 1209 1212
l 1725 1723
l 1723 1726
l 191 189
l 448 446
l 446 449
l 962 960
l 1980 1987
l 12351 12821
l 1209 1223
l 1209 1224
l 189 204
l 13724 13326
l 3396 3403
l 14469 14543
l 1232 1209
l 2992 2984
l 903 902
l 2993 2984
l 14469 14552
l 14469 14553
l 9590 9593
l 14220 14305
l 14306 14220
l 2950 2958
l 14270 14229
l 12154 12125
l 12125 12155
l 1867 1877
l 10140 10265
l 3965 3967
l 3797 3802
l 4125 4133
l 12125 12161
l 3797 3804
l 14272 14229
l 11153 11562
l 1717 1715
l 13665 13707
l 13282 13293
l 13919 13925
l 13919 13927
l 1715 1723
l 7825 7826
l 10983 10984
l 2852 2848
l 2674 2687
l 10324 10134
l 2848 2853
l 7993 7994
l 10334 10134
l 10134 10341
l 1563 1564
l 4450 4451
l 1566 1563
l 4452 4450
l 1563 1567
l 10134 10361
l 10362 10134
l 1715 1733
l 5911 5912
l 14470 14473
l 10134 10378
l 12318 12304
l 13964 13965
l 13919 13942
l 14479 14470
l 4789 4788
l 3661 3662
l 11160 11159
l 3661 3663
l 3498 3493
l 446 447
l 8605 8606
l 9119 9120
l 9884 9889
l 7585 7586
l 8099 8100
l 6565 6566
l 13457 13458
l 7079 7080
l 3666 3661
l 5545 5546
l 6059 6060
l 12944 12973
l 9625 9647
l 5039 5040
l 4785 4784
l 9650 9625
l 13199 13235
l 13199 13236
l 2540 2541
l 3510 3505
l 2485 2487
l 2488 2485
l 2485 2489
l 2230 2234
l 1465 1467
l 4019 4028
l 1724 1726
l 190 191
l 192 190
l 2744 2753
l 190 194
l 190 195
l 1988 1979
l 959 966
l 1210 1224
l 14470 14537
l 959 970
l 14470 14539
l 14679 14429
l 9590 9645
l 4146 4144
l 14470 14578
l 14353 14354
l 14431 14430
l 1263 1265
l 3189 3190
l 4473 4472
l 10902 11032
l 11545 11156
l 11546 11156
l 4144 4155
l 10280 10135
l 13793 13326
l 3032 3029
l 11156 11572
l 11156 11573
l 3198 3189
l 15102 15103
l 3029 3033
l 2234 2237
l 12304 12353
l 2240 2234
l 14145 14135
l 11156 11598
l 11599 11156
l 1111 1114
l 10135 10323
l 10135 10324
l 10135 10325
l 10326 10135
l 7217 7218
l 14135 14148
l 11156 11615
l 7385 7386
l 4923 4918
l 14710 14429
l 15238 15239
l 14472 14471
l 4011 4010
l 13451 13452
l 13451 13453
l 4693 4701
l 12431 12432
l 955 962
l 11159 11158
l 11162 11158
l 10139 10138
l 9371 9372
l 9628 9629
l 8861 8862
l 8351 8352
l 12941 12961
l 4016 4010
l 7331 7332
l 13592 13364
l 6821 6822
l 6311 6312
l 13198 13225
l 5801 5802
l 4010 4018
l 955 967
l 1762 1764
l 4529 4528
l 3761 3762
l 3252 3251
l 1765 1762
l 2741 2742
l 2998 2999
l 3000 2998
l 2489 2488
l 3251 3258
l 2231 2235
l 1211 1212
l 1211 1213
l 702 701
l 1211 1215
l 1978 1984
l 193 191
l 2231 2242
l 2488 2499
l 191 196
l 958 965
l 701 710
l 701 713
l 14538 14471
l 14539 14471
l 4807 4821
l 14541 14471
l 13179 13151
l 2893 2898
l 4655 4657
l 2900 2893
l 10885 10927
l 4825 4807
l 2902 2893
l 4991 4992
l 14471 14569
l 14573 14471
l 4993 4991
l 2893 2904
l 4991 4994
l 9529 9730
l 15070 15071
l 652 651
l 10934 10885
l 1610 1615
l 13151 13190
l 4807 4833
l 11868 11899
l 14281 14289
l 11900 11868
l 3545 3538
l 3258 3263
l 11155 11556
l 3763 3769
l 10281 10136
l 3538 3547
l 4826 4807
l 13920 13919
l 13664 13665
l 495 498
l 11868 11907
l 13284 13292
l 13035 13031
l 2424 2421
l 10947 10885
l 2590 2589
l 8659 8660
l 11868 11910
l 2589 2591
l 1464 1460
l 11868 11911
l 10153 10152
l 10320 10136
l 1460 1466
l 10333 10136
l 10136 10334
l 10136 10335
l 13664 13674
l 6609 6610
l 11362 11349
l 14423 14422
l 11122 11117
l 9529 9756
l 14982 14983
l 14727 14728
l 14473 14472
l 13983 13978
l 9760 9529
l 12942 12943
l 9529 9761
l 11158 11157
l 10902 10903
l 9529 9762
l 11417 11412
l 10138 10137
l 9882 9883
l 9882 9884
l 14317 14281
l 9117 9118
l 3405 3402
l 11412 11425
l 8097 8098
l 7587 7588
l 7077 7078
l 6567 6568
l 12198 12192
l 3402 3407
l 9627 9643
l 5547 5548
l 5037 5038
l 3402 3408
l 4528 4527
l 4529 4527
l 4274 4272
l 3762 3763
l 3508 3507
l 3253 3252
l 3252 3254
l 10902 10935
l 2487 2488
l 2232 2233
l 2997 3002
l 2997 3003
l 1468 1467
l 957 958
l 957 959
l 957 960
l 192 193
l 1722 1730
l 702 707
l 702 708
l 709 702
l 1212 1222
l 1212 1224
l 3240 3248
l 1467 1488
l 14547 14472
l 14472 14549
l 14472 14550
l 11738 11667
l 2124 2117
l 9882 9949
l 10885 10978
l 15126 15127
l 14121 14122
l 2117 2126
l 4381 4379
l 14326 14364
l 11911 11914
l 4385 4379
l 11911 11916
l 13240 13151
l 13827 13303
l 13303 13828
l 13303 13829
l 13303 13830
l 9960 9991
l 4055 4057
l 13044 13068
l 11412 11428
l 13591 13558
l 1009 1008
l 14876 14843
l 14877 14843
l 2934 2930
l 13600 13558
l 4055 4062
l 2930 2935
l 1973 1974
l 11400 11459
l 4055 4064
l 1973 1975
l 13998 14046
l 1976 1973
l 7915 7916
l 1980 1973
l 8083 8084
l 1608 1604
l 12103 12146
l 10866 10844
l 14869 14395
l 1821 1822
l 14161 14194
l 13805 13814
l 12147 12103
l 13565 13542
l 6169 6170
l 13542 13566
l 3755 3751
l 12534 12266
l 12089 12046
l 3751 3756
l 3922 3919
l 3919 3923
l 11619 11611
l 12327 12304
l 12926 12911
l 2796 2797
l 12538 12266
l 1669 1670
l 10956 10990
l 12468 12273
l 12046 12090
l 2800 2796
l 2628 2636
l 450 452
l 964 965
l 1222 1221
l 967 964
l 707 712
l 707 713
l 1735 1738
l 1484 1478
l 1735 1741
l 3278 3277
l 1231 1221
l 2000 1992
l 2257 2249
l 2770 2763
l 1235 1221
l 3284 3277
l 2763 2773
l 5333 5334
l 3277 3287
l 1221 1240
l 2763 2778
l 6875 6876
l 7389 7390
l 3277 3295
l 7903 7904
l 8417 8418
l 4401 4400
l 8931 8932
l 9445 9446
l 10650 10670
l 10216 10217
l 9963 9959
l 4400 4403
l 9710 9702
l 12273 12272
l 12531 12529
l 12015 12021
l 9702 9718
l 1517 1519
l 10730 10744
l 11513 11501
l 10473 10491
l 12529 12541
l 12529 12542
l 11328 11336
l 10473 10496
l 10497 10473
l 9959 9988
l 12015 12037
l 13043 13067
l 13068 13043
l 14861 14844
l 13304 13839
l 11286 11246
l 11246 11287
l 11246 11288
l 13849 13304
l 9624 9572
l 11147 11143
l 3617 3615
l 13557 13606
l 3618 3615
l 13557 13612
l 13615 13557
l 3283 3289
l 12529 12597
l 2495 2490
l 13198 13226
l 3293 3283
l 12028 14919
l 2497 2490
l 3283 3295
l 2490 2499
l 10852 10857
l 14073 14074
l 13116 13117
l 12124 12125
l 13919 13943
l 8909 8910
l 7647 7648
l 5393 5394
l 2735 2736
l 12129 12124
l 2786 2796
l 12124 12132
l 12124 12133
l 1213 1223
l 14230 14244
l 2960 2961
l 13737 13761
l 2018 2022
l 13762 13737
l 1062 1061
l 13440 13398
l 1063 1061
l 964 963
l 708 709
l 710 708
l 708 711
l 1477 1480
l 963 969
l 970 963
l 1483 1477
l 1477 1484
l 3019 3021
l 2250 2254
l 2255 2250
l 1222 1232
l 2001 1991
l 1991 2002
l 3278 3283
l 2772 2764
l 2773 2764
l 5589 5590
l 4306 4311
l 3533 3544
l 4569 4561
l 2983 2992
l 2764 2779
l 4316 4306
l 4306 4317
l 7645 7646
l 4561 4576
l 8673 8674
l 9187 9188
l 12517 12274
l 10852 10886
l 13880 13292
l 2983 2996
l 12274 12527
l 12016 12017
l 10729 10739
l 12530 12533
l 10474 10486
l 11502 11511
l 11512 11502
l 11502 11515
l 10749 10729
l 10729 10753
l 9958 9986
l 9958 9987
l 13061 13042
l 13281 13282
l 13831 13301
l 13577 13560
l 13580 13560
l 13560 13581
l 10729 10770
l 10729 10771
l 3966 3964
l 11799 11757
l 13042 13080
l 13042 13082
l 10729 10779
l 10780 10729
l 3412 3402
l 13042 13087
l 3798 3803
l 13091 13042
l 13042 13092
l 13042 13093
l 3798 3805
l 14893 14841
l 754 749
l 3798 3806
l 13617 13622
l 13923 13920
l 1716 1718
l 9958 10044
l 10045 9958
l 13301 13889
l 13890 13301
l 2847 2848
l 13557 13896
l 3627 3637
l 2679 2684
l 13617 13627
l 13920 13928
l 2685 2679
l 13920 13929
l 2847 2852
l 601 597
l 14815 14846
l 597 602
l 12945 12973
l 2847 2858
l 11350 11351
l 10141 10285
l 1569 1564
l 1564 1570
l 3496 3497
l 12350 12351
l 9589 9631
l 3662 3664
l 445 450
l 445 451
l 3662 3668
l 14672 14432
l 706 705
l 195 196
l 195 197
l 195 198
l 195 199
l 195 200
l 201 195
l 1990 1994
l 1480 1483
l 2252 2251
l 1485 1480
l 195 206
l 4047 4046
l 1223 1232
l 2251 2257
l 3536 3539
l 3540 3536
l 3279 3285
l 3286 3279
l 3800 3789
l 3789 3801
l 4307 4314
l 12275 12507
l 6363 6364
l 2371 2382
l 4307 4318
l 4307 4319
l 7391 7392
l 2371 2383
l 8419 8420
l 12275 12517
l 2384 2371
l 9447 9448
l 293 295
l 10985 10986
l 4640 4633
l 11242 11246
l 11242 11247
l 12272 12270
l 13041 13042
l 10214 10227
l 12013 12020
l 13298 13301
l 4633 4642
l 13816 13817
l 14330 14326
l 13820 13304
l 13822 13304
l 12035 12013
l 10730 10758
l 10759 10730
l 13302 13834
l 13559 13581
l 13814 13841
l 13844 13814
l 1266 1264
l 13559 13591
l 12304 12352
l 13559 13595
l 13559 13596
l 12013 12061
l 12013 12062
l 14435 14431
l 13041 13088
l 13089 13041
l 1264 1269
l 9788 9792
l 13863 13302
l 5431 5432
l 13349 13350
l 11248 11313
l 3361 3360
l 3360 3362
l 14986 14987
l 4718 4716
l 2235 2237
l 9788 9798
l 12013 12108
l 12109 12013
l 10595 10597
l 2933 2930
l 1112 1114
l 3360 3369
l 1112 1117
l 10886 10904
l 14432 14708
l 13978 13972
l 9634 9644
l 11869 11865
l 957 954
l 11239 11212
l 4754 4766
l 12863 12857
l 4010 4009
l 4009 4012
l 954 961
l 4177 4178
l 4179 4177
l 2930 2936
l 3053 3052
l 4009 4016
l 2484 2490
l 1927 1928
l 12276 12466
l 11879 11865
l 12276 12468
l 10140 10139
l 1929 1927
l 4946 4939
l 13412 13415
l 4754 4768
l 2884 2892
l 802 803
l 10595 10619
l 7059 7060
l 961 962
l 963 961
l 451 452
l 1480 1479
l 196 201
l 961 970
l 203 196
l 196 204
l 2253 2252
l 206 196
l 1734 1743
l 196 208
l 196 209
l 3535 3538
l 3539 3535
l 4052 4045
l 4565 4563
l 802 808
l 3287 3280
l 4563 4568
l 4563 4569
l 7129 7130
l 4308 4315
l 4563 4572
l 3280 3294
l 4308 4319
l 802 810
l 13972 13982
l 9185 9186
l 4824 4808
l 8675 8676
l 9959 9958
l 10216 10213
l 9935 9966
l 10986 10987
l 9964 9958
l 12269 12270
l 13808 13303
l 13297 13298
l 13297 13299
l 13300 13297
l 12532 12533
l 9703 9719
l 10213 10232
l 10233 10213
l 12359 12356
l 10731 10747
l 11260 11241
l 10735 10753
l 10735 10754
l 1775 1779
l 11264 11212
l 10271 10684
l 13299 13834
l 3705 3706
l 11241 11283
l 11796 11755
l 3707 3705
l 7509 7510
l 3537 3542
l 3705 3708
l 3544 3537
l 13865 13299
l 13866 13299
l 13087 13099
l 9530 9740
l 3537 3547
l 11905 11865
l 11319 11241
l 11241 11320
l 13032 13033
l 9935 9982
l 11865 11906
l 13995 13996
l 9983 9935
l 5725 5726
l 12857 12901
l 12915 12899
l 2424 2425
l 12902 12857
l 11108 11114
l 10151 10153
l 11188 11189
l 10154 10151
l 9530 9749
l 9530 9750
l 9751 9530
l 7901 7902
l 11188 11190
l 5319 5320
l 5651 5652
l 3233 3234
l 11875 11868
l 11132 11131
l 3401 3402
l 14345 14327
l 3401 3403
l 3404 3401
l 3407 3401
l 4534 4535
l 4536 4534
l 3104 3111
l 4534 4537
l 1217 1218
l 1475 1474
l 1731 1732
l 1221 1217
l 1478 1474
l 199 197
l 200 197
l 197 202
l 971 968
l 197 204
l 197 205
l 2253 2254
l 207 197
l 968 976
l 1489 1474
l 5329 5330
l 4051 4044
l 968 980
l 4044 4054
l 2286 2287
l 4824 4823
l 4313 4309
l 4823 4826
l 4566 4571
l 4566 4572
l 4566 4573
l 4830 4823
l 6879 6880
l 9441 9442
l 8421 8422
l 8935 8936
l 11755 11754
l 12268 12269
l 12268 12270
l 12268 12271
l 10991 10992
l 11249 11248
l 10212 10226
l 12011 12021
l 11754 11766
l 13559 13553
l 13810 13816
l 13305 13304
l 13306 13304
l 11754 11774
l 10734 10752
l 13828 13300
l 12037 12011
l 12011 12038
l 12039 12011
l 13300 13834
l 4054 4056
l 14375 14381
l 4054 4057
l 11756 11796
l 4054 4058
l 4382 4389
l 10777 10736
l 4059 4054
l 13308 13807
l 1008 1007
l 10736 10783
l 13300 13861
l 13553 13606
l 13607 13553
l 13553 13608
l 12510 12267
l 2935 2929
l 9531 9534
l 14810 14789
l 2929 2937
l 9536 9531
l 12011 12087
l 12011 12089
l 1977 1972
l 1972 1978
l 8711 8712
l 2929 2942
l 13758 13759
l 856 855
l 9379 9380
l 6629 6630
l 10342 10343
l 1820 1822
l 6797 6798
l 6965 6966
l 5043 5044
l 7133 7134
l 3918 3919
l 3918 3920
l 703 704
l 3921 3918
l 11140 11633
l 705 703
l 3752 3757
l 3752 3758
l 12278 12465
l 12467 12278
l 12267 12538
l 12267 12539
l 3926 3918
l 2793 2799
l 12267 12540
l 10690 10221
l 1219 1218
l 1473 1476
l 1221 1218
l 454 453
l 10221 10695
l 453 456
l 1473 1481
l 712 714
l 1473 1483
l 198 205
l 967 974
l 975 967
l 1232 1218
l 198 209
l 1218 1234
l 198 211
l 198 212
l 213 198
l 2254 2262
l 4567 4565
l 4568 4565
l 2254 2265
l 7641 7642
l 10221 10715
l 4824 4828
l 4310 4317
l 4318 4310
l 7135 7136
l 10211 10212
l 552 551
l 9191 9192
l 11753 11754
l 12268 12267
l 11247 11248
l 12012 12017
l 13809 13810
l 12012 12019
l 10228 10211
l 11753 11765
l 11002 10953
l 13304 13303
l 10221 10745
l 2632 2628
l 14068 14075
l 4399 4405
l 10953 11004
l 13635 13350
l 13833 13297
l 13297 13834
l 13835 13297
l 13297 13836
l 3447 3446
l 11243 11287
l 395 397
l 11292 11243
l 12068 12010
l 12010 12069
l 13556 13606
l 11140 11659
l 14685 14695
l 2489 2490
l 14394 14395
l 3288 3284
l 13556 13620
l 11243 11317
l 11318 11243
l 3284 3289
l 2489 2494
l 12439 12445
l 2489 2495
l 2489 2496
l 13486 13445
l 1368 1370
l 13740 13741
l 14418 14419
l 13402 13416
l 13402 13417
l 13418 13402
l 13420 13402
l 1214 1215
l 12123 12128
l 1217 1214
l 6357 6358
l 12238 12237
l 13364 13596
l 12132 12123
l 3078 3085
l 1220 1214
l 12453 12279
l 13402 13427
l 3810 3815
l 2982 2983
l 13402 13430
l 2022 2017
l 13115 13131
l 2017 2023
l 12481 12279
l 12279 12482
l 1731 1729
l 1220 1219
l 1989 1986
l 1986 1990
l 709 711
l 10224 10696
l 199 201
l 202 199
l 1986 1995
l 1476 1484
l 3275 3277
l 2766 2765
l 1729 1743
l 2765 2768
l 1729 1745
l 1234 1219
l 2771 2765
l 1236 1219
l 2255 2261
l 2262 2255
l 2255 2264
l 1219 1241
l 7897 7898
l 4821 4827
l 7387 7388
l 4573 4568
l 4284 4279
l 4568 4575
l 6367 6368
l 13269 13235
l 9953 9954
l 10210 10211
l 9443 9444
l 3817 3810
l 8933 8934
l 3078 3088
l 12009 12010
l 10224 10731
l 10224 10732
l 12009 12013
l 11758 11756
l 12009 12015
l 12009 12016
l 10210 10226
l 14322 14323
l 13555 13556
l 11508 11520
l 10753 10734
l 11754 11779
l 11780 11754
l 14065 14085
l 14854 14846
l 908 910
l 14846 14857
l 13192 13240
l 13298 13837
l 13838 13298
l 3795 3798
l 11794 11754
l 10771 10734
l 10772 10734
l 3799 3795
l 10734 10775
l 4127 4130
l 11754 11801
l 914 908
l 12159 12123
l 13917 13918
l 12123 12160
l 13555 13610
l 13555 13611
l 13917 13920
l 3810 3820
l 13289 13288
l 13581 13590
l 13917 13921
l 3255 3246
l 13922 13917
l 13312 13844
l 9953 10047
l 13288 13292
l 13917 13924
l 2681 2680
l 2846 2848
l 3751 3762
l 7659 7660
l 14581 14590
l 2846 2851
l 1724 1713
l 14591 14581
l 2853 2846
l 1713 1726
l 8159 8160
l 13581 13604
l 1713 1730
l 5909 5910
l 10734 10901
l 14151 14153
l 4788 4786
l 3659 3661
l 3929 3919
l 12451 12280
l 3662 3659
l 12454 12280
l 3495 3498
l 12464 12280
l 9632 9592
l 12280 12467
l 14875 14383
l 449 448
l 14670 14431
l 1985 1986
l 1985 1987
l 1730 1732
l 1220 1221
l 711 710
l 456 455
l 1993 1985
l 4041 4043
l 1996 1985
l 3786 3789
l 200 206
l 207 200
l 1985 2000
l 2256 2257
l 2256 2258
l 2256 2259
l 1220 1236
l 12280 12501
l 5077 5078
l 4568 4567
l 2542 2545
l 4314 4312
l 2380 2374
l 7643 7644
l 4567 4573
l 4574 4567
l 2374 2381
l 10209 10210
l 4634 4637
l 8679 8680
l 12266 12265
l 11372 11351
l 11500 11501
l 11500 11502
l 10990 10991
l 10735 10736
l 9954 9969
l 10735 10738
l 10739 10735
l 9972 9954
l 13301 13302
l 13303 13301
l 13301 13305
l 13306 13301
l 10751 10735
l 10735 10752
l 13313 13309
l 13101 13086
l 12035 12008
l 12538 12548
l 12538 12549
l 10740 10780
l 12553 12538
l 13052 13066
l 13067 13052
l 10766 10723
l 1257 1263
l 9744 9711
l 12176 12168
l 15092 15093
l 11215 11211
l 296 303
l 12008 12061
l 12008 12062
l 5719 5720
l 14323 14884
l 14885 14323
l 3191 3192
l 13657 13350
l 14137 14133
l 13944 13919
l 3360 3359
l 12582 12581
l 14133 14139
l 12538 12607
l 3359 3362
l 13898 13567
l 12008 12117
l 12118 12008
l 1105 1112
l 14080 14175
l 13591 13596
l 11233 11211
l 7219 7220
l 11866 11868
l 11632 11129
l 14710 14431
l 5301 5302
l 12858 12863
l 11871 11866
l 2883 2885
l 14996 14997
l 11866 11874
l 4008 4013
l 12453 12281
l 12560 12256
l 14937 14938
l 4178 4180
l 3051 3053
l 12281 12465
l 4008 4016
l 12281 12470
l 12471 12281
l 2241 2242
l 2243 2241
l 2755 2756
l 3013 3012
l 2758 2755
l 3269 3271
l 2755 2760
l 3273 3269
l 804 801
l 201 203
l 458 460
l 717 715
l 974 972
l 3526 3535
l 1743 1744
l 977 972
l 972 978
l 4040 4051
l 6867 6868
l 7381 7382
l 1486 1495
l 7895 7896
l 1486 1498
l 5071 5072
l 4827 4828
l 12281 12509
l 4570 4574
l 7153 7154
l 5855 5856
l 4577 4570
l 10727 10722
l 11236 11240
l 10473 10465
l 8425 8426
l 11236 11243
l 8939 8940
l 2962 2960
l 9453 9454
l 9710 9711
l 9968 9967
l 801 812
l 13811 13310
l 14603 14611
l 13310 13813
l 14612 14603
l 11236 11258
l 11236 11259
l 9936 9968
l 13051 13053
l 10494 10465
l 9967 9983
l 13057 13051
l 10465 10498
l 13051 13059
l 10465 10504
l 14431 14736
l 10212 10764
l 9712 9742
l 9712 9748
l 13845 13312
l 12263 12265
l 9754 9712
l 9712 9755
l 1783 1776
l 11394 11403
l 14322 14370
l 1776 1784
l 11394 11404
l 13658 13659
l 3872 3874
l 11405 11394
l 3230 3228
l 2747 2748
l 14836 14895
l 10210 10206
l 13029 13030
l 3540 3546
l 2620 2614
l 3878 3872
l 3549 3540
l 3880 3872
l 1624 1626
l 4981 4990
l 13121 13154
l 2579 2591
l 10152 10150
l 11107 11115
l 2579 2593
l 6275 6276
l 2594 2579
l 11107 11117
l 14157 14153
l 13082 13086
l 6443 6444
l 13374 13373
l 12679 12726
l 1470 1471
l 13996 14008
l 1470 1473
l 13306 13807
l 10131 10134
l 14328 14344
l 12450 12282
l 12282 12451
l 12282 12452
l 11099 11096
l 11096 11101
l 14599 14604
l 2498 2497
l 2242 2243
l 2242 2244
l 3011 3013
l 1318 1320
l 2247 2242
l 2760 2756
l 2756 2761
l 457 458
l 203 202
l 202 204
l 2242 2253
l 716 718
l 1485 1487
l 1322 1318
l 971 977
l 1999 2002
l 971 979
l 7123 7124
l 12401 12357
l 1230 1238
l 2007 1999
l 1230 1240
l 1230 1241
l 4570 4569
l 4314 4316
l 1744 1757
l 4318 4314
l 4575 4569
l 4314 4320
l 2119 2122
l 10723 10721
l 4828 4837
l 4838 4828
l 10721 10727
l 4828 4840
l 2287 2289
l 8681 8682
l 11243 11235
l 9195 9196
l 12008 12013
l 9709 9710
l 12015 12008
l 2119 2125
l 11235 11250
l 11445 11394
l 10721 10740
l 10721 10741
l 10742 10721
l 13308 13307
l 12541 12538
l 12542 12538
l 13311 13307
l 13571 13568
l 11239 11268
l 11239 11269
l 11270 11239
l 11239 11271
l 13568 13577
l 13568 13580
l 14323 14349
l 14323 14350
l 14323 14352
l 10514 10468
l 4053 4056
l 10958 10954
l 4053 4060
l 10468 10538
l 10468 10539
l 3098 3099
l 14839 14835
l 13847 13839
l 3100 3098
l 1006 1011
l 3098 3101
l 1347 1350
l 1974 1971
l 12512 12268
l 2936 2937
l 2936 2938
l 3098 3104
l 7913 7914
l 1015 1006
l 13630 13358
l 2940 2936
l 8081 8082
l 10468 10581
l 12316 12336
l 854 856
l 5831 5832
l 14393 14868
l 14870 14393
l 14393 14871
l 4708 4709
l 4708 4711
l 6171 6172
l 5679 5680
l 3922 3917
l 10343 10356
l 704 706
l 3917 3923
l 2794 2796
l 4554 4555
l 2797 2794
l 12283 12478
l 10212 10689
l 10690 10212
l 3010 3011
l 3012 3010
l 2243 2245
l 2500 2502
l 4039 4038
l 3781 3784
l 2243 2249
l 713 714
l 204 203
l 3528 3534
l 1743 1741
l 3536 3528
l 2001 1998
l 1998 2002
l 1235 1231
l 1231 1236
l 1231 1237
l 1238 1231
l 7383 7384
l 4826 4825
l 1741 1755
l 4828 4825
l 1741 1757
l 5853 5854
l 4572 4575
l 4315 4320
l 10997 10954
l 4564 4554
l 11752 11753
l 8937 8938
l 4565 4554
l 13312 13805
l 10222 10223
l 9455 9456
l 10222 10225
l 9714 9712
l 11752 11766
l 13307 13306
l 11752 11773
l 12539 12542
l 12539 12543
l 14077 14080
l 13313 13312
l 13826 13822
l 13822 13827
l 11750 11782
l 11783 11750
l 12539 12553
l 12811 12794
l 1519 1522
l 14324 14359
l 14324 14361
l 9710 9754
l 3613 3615
l 10722 10802
l 13071 13072
l 2324 2325
l 11240 11319
l 2536 2533
l 2492 2493
l 14491 14518
l 7137 7138
l 10850 10851
l 13031 13060
l 7305 7306
l 14350 14371
l 9891 9892
l 1370 1367
l 14350 14372
l 7473 7474
l 13031 13061
l 2533 2538
l 13982 13992
l 3652 3655
l 13403 13419
l 2701 2703
l 1215 1216
l 14055 14084
l 13403 13423
l 4434 4435
l 13403 13424
l 3141 3143
l 4436 4434
l 12284 12453
l 1215 1220
l 4434 4437
l 3310 3309
l 3309 3311
l 11469 11504
l 2926 2928
l 11505 11469
l 10844 10837
l 12478 12284
l 12284 12479
l 2186 2187
l 2754 2756
l 2188 2186
l 2244 2246
l 2244 2247
l 2248 2244
l 2761 2754
l 2754 2762
l 3275 3272
l 460 459
l 1997 1998
l 204 207
l 208 204
l 204 210
l 6611 6612
l 2005 1997
l 1494 1487
l 1997 2008
l 5081 5082
l 1487 1499
l 4317 4316
l 4316 4318
l 4831 4826
l 4571 4576
l 10469 10468
l 12262 12261
l 12006 12007
l 11751 11752
l 9193 9194
l 8683 8684
l 9711 9712
l 13311 13809
l 15090 15091
l 14281 14316
l 3372 3377
l 13311 13814
l 13311 13815
l 14835 14840
l 2033 2032
l 9711 9722
l 10723 10748
l 10723 10749
l 12611 12616
l 13823 13824
l 9964 9985
l 2032 2035
l 11525 11490
l 13574 13562
l 10837 10859
l 11992 12025
l 11529 11490
l 909 907
l 11490 11531
l 3378 3372
l 13562 13584
l 2983 2991
l 13842 13819
l 13819 13846
l 3962 3963
l 8607 8608
l 12004 12067
l 10192 10234
l 13380 13379
l 10235 10192
l 10837 10867
l 12542 12593
l 12594 12542
l 10837 10868
l 13918 13920
l 11490 11576
l 13287 13289
l 14022 13998
l 11233 11331
l 11332 11233
l 755 757
l 9874 9912
l 3381 3372
l 1714 1722
l 2677 2687
l 6865 6866
l 11911 11925
l 7033 7034
l 12411 12285
l 12412 12285
l 13312 13804
l 13403 13470
l 13998 14025
l 12432 12285
l 3491 3490
l 10837 10887
l 10888 10837
l 12978 12951
l 12446 12285
l 15258 15259
l 9591 9627
l 12285 12449
l 3660 3661
l 13619 13643
l 13918 13944
l 13945 13918
l 12285 12472
l 14281 14324
l 4791 4793
l 447 449
l 3265 3266
l 3267 3265
l 3522 3524
l 4983 4988
l 3779 3782
l 2245 2248
l 2249 2245
l 1225 1226
l 2245 2251
l 1740 1739
l 1996 1997
l 1742 1739
l 1482 1487
l 462 464
l 721 719
l 205 210
l 212 205
l 976 981
l 205 214
l 6871 6872
l 985 976
l 205 218
l 976 987
l 5851 5852
l 1739 1757
l 1417 1412
l 976 991
l 4574 4577
l 1412 1418
l 4836 4831
l 4831 4838
l 10726 10727
l 4305 4299
l 4574 4585
l 9449 9450
l 4574 4587
l 14422 14417
l 8429 8430
l 9523 9775
l 8943 8944
l 11508 11489
l 14502 9627
l 13818 13819
l 13818 13820
l 4639 4640
l 10397 10412
l 9479 9932
l 13820 13825
l 297 295
l 11489 11524
l 11489 11525
l 9776 9523
l 11534 11489
l 11489 11535
l 11234 11281
l 11234 11282
l 10515 10469
l 10469 10516
l 4299 4314
l 13846 13820
l 13820 13847
l 10728 10778
l 13373 13560
l 12541 12576
l 9732 9517
l 13561 13605
l 14105 14104
l 4729 4728
l 3193 3192
l 3911 3914
l 8003 8004
l 9517 9733
l 13477 13462
l 13899 13564
l 9493 9914
l 3192 3198
l 3354 3364
l 9373 9374
l 1106 1112
l 9905 9956
l 9524 9522
l 1106 1115
l 12523 12524
l 12338 12302
l 6257 6258
l 2237 2245
l 4966 4964
l 10439 10397
l 6425 6426
l 4972 4964
l 2882 2883
l 12448 12286
l 4964 4973
l 2884 2882
l 4007 4012
l 12455 12286
l 960 961
l 3050 3051
l 12286 12463
l 3052 3050
l 3050 3053
l 14132 14162
l 3050 3054
l 2889 2882
l 11533 11166
l 3521 3522
l 3267 3266
l 3266 3268
l 3781 3780
l 2501 2502
l 2761 2760
l 1481 1482
l 1227 1226
l 1996 1995
l 1226 1229
l 461 462
l 463 461
l 206 208
l 12278 12505
l 720 722
l 1747 1740
l 1740 1748
l 981 975
l 6613 6614
l 7127 7128
l 5593 5594
l 13373 13598
l 6107 6108
l 12155 12193
l 4573 4574
l 4573 4575
l 5087 5088
l 4832 4833
l 4580 4573
l 4656 4654
l 4573 4584
l 4573 4585
l 14246 14337
l 4654 4657
l 10732 10725
l 10113 10425
l 4823 4806
l 13807 13305
l 9199 9200
l 2713 2711
l 11165 11166
l 12022 12004
l 15096 15097
l 4806 4826
l 12031 12004
l 9984 9964
l 13817 13825
l 11492 11522
l 14074 14083
l 10328 10333
l 12805 12797
l 14327 14344
l 12797 12809
l 14327 14346
l 13305 13837
l 808 816
l 10472 10511
l 10512 10472
l 5391 5392
l 10989 10956
l 11288 11235
l 11289 11235
l 11235 11290
l 4806 4832
l 11235 11293
l 3871 3872
l 14442 14443
l 11395 11404
l 11235 11314
l 10719 10722
l 2748 2749
l 9962 10045
l 10046 9962
l 2750 2748
l 3547 3539
l 9629 9650
l 2748 2751
l 9651 9629
l 3539 3549
l 10150 10149
l 500 501
l 2591 2580
l 7925 7926
l 500 502
l 500 503
l 10724 10719
l 2593 2580
l 7899 7900
l 1470 1469
l 1469 1471
l 5649 5650
l 13374 13377
l 12432 12287
l 13374 13378
l 10132 10130
l 13379 13374
l 10719 10726
l 3236 3235
l 3238 3235
l 11100 11114
l 10472 10680
l 10681 10472
l 12475 12287
l 12287 12476
l 3403 3406
l 10216 10686
l 10650 10668
l 3777 3779
l 1317 1318
l 3014 3015
l 2248 2247
l 1319 1317
l 1738 1737
l 1995 1994
l 1228 1227
l 1741 1737
l 718 717
l 975 974
l 208 207
l 1745 1737
l 978 974
l 7379 7380
l 974 981
l 1484 1494
l 6359 6360
l 12865 12866
l 5849 5850
l 5339 5340
l 1323 1317
l 4830 4829
l 4319 4320
l 4576 4577
l 1324 1317
l 4829 4835
l 11491 11492
l 4837 4829
l 10981 10982
l 1317 1325
l 10728 10729
l 9451 9452
l 11748 11757
l 8941 8942
l 11759 11748
l 8431 8432
l 3235 3251
l 11507 11491
l 11491 11508
l 10741 10728
l 12023 12001
l 2120 2125
l 13308 13818
l 13564 13563
l 13308 13821
l 3235 3254
l 12289 12288
l 2127 2120
l 12291 12288
l 12865 12875
l 1166 1165
l 11491 11528
l 10505 10471
l 13066 13053
l 4052 4053
l 13306 13838
l 2120 2130
l 4052 4055
l 4384 4386
l 13818 13855
l 13856 13818
l 4058 4052
l 1005 1008
l 12543 12594
l 12595 12543
l 1005 1011
l 1970 1974
l 12022 14918
l 14919 12022
l 14394 14859
l 11067 11703
l 1978 1970
l 12120 11964
l 13873 13885
l 12222 12223
l 1410 1417
l 11829 11836
l 11222 11240
l 12224 12222
l 12526 12269
l 10054 10668
l 7295 7296
l 12433 12288
l 5041 5042
l 12444 12288
l 3750 3751
l 12448 12463
l 12288 12451
l 3916 3918
l 12288 12455
l 1635 1643
l 3919 3916
l 3754 3750
l 3750 3755
l 11414 11193
l 12279 12276
l 10471 10681
l 11618 11608
l 11608 11619
l 11910 11950
l 12276 12281
l 4034 4033
l 3523 3524
l 3523 3525
l 3523 3526
l 708 701
l 2503 2504
l 2249 2248
l 1994 1993
l 1738 1739
l 1483 1484
l 1229 1228
l 1483 1486
l 973 975
l 464 463
l 973 977
l 8145 8146
l 1491 1483
l 7635 7636
l 1483 1493
l 7125 7126
l 11781 11774
l 6615 6616
l 2799 2801
l 6105 6106
l 5595 5596
l 1757 1738
l 5085 5086
l 4830 4831
l 4832 4830
l 4575 4577
l 4575 4578
l 4575 4579
l 4575 4580
l 10982 10983
l 10727 10728
l 9962 9964
l 13805 13307
l 9197 9198
l 11747 11759
l 8687 8688
l 13810 13307
l 10727 10739
l 15094 15095
l 10368 10344
l 10217 10233
l 10234 10217
l 9962 9979
l 13307 13820
l 14352 14351
l 13309 13310
l 10727 10751
l 13309 13312
l 14895 14394
l 9987 9464
l 14853 14827
l 14827 14854
l 9992 9464
l 13036 13123
l 1519 1514
l 9464 10001
l 9464 10002
l 13799 13845
l 14358 14313
l 2093 2094
l 12258 12571
l 12574 12258
l 12258 12586
l 13287 13868
l 9464 10029
l 10030 9464
l 3615 3614
l 1514 1526
l 11320 11261
l 14905 14571
l 11261 11322
l 3614 3617
l 2323 2325
l 3614 3618
l 3619 3614
l 14397 14396
l 2491 2493
l 2323 2328
l 1367 1362
l 14351 14369
l 1369 1362
l 1362 1370
l 10856 10855
l 2762 2767
l 14351 14376
l 14351 14377
l 13115 13113
l 13404 13416
l 10855 10861
l 6683 6684
l 13404 13418
l 13113 13120
l 13404 13421
l 6191 6192
l 1218 1216
l 1216 1219
l 3142 3144
l 3311 3310
l 6527 6528
l 4289 4290
l 4546 4547
l 4548 4546
l 4293 4289
l 5317 5318
l 4808 4803
l 6345 6346
l 6859 6860
l 7373 7374
l 7887 7888
l 209 210
l 723 724
l 209 213
l 723 726
l 215 209
l 209 216
l 729 723
l 466 474
l 2008 2011
l 2012 2008
l 3036 3037
l 466 478
l 1247 1237
l 1494 1504
l 3807 3809
l 2530 2522
l 2522 2531
l 1237 1252
l 3813 3807
l 2522 2534
l 3550 3559
l 1064 1066
l 13284 13289
l 12770 12779
l 4064 4076
l 13293 13284
l 14569 14575
l 14063 14084
l 3057 3036
l 8433 8434
l 13043 13027
l 8947 8948
l 9462 9461
l 9463 9461
l 3036 3064
l 4287 4281
l 11260 11262
l 12826 12323
l 12323 12827
l 3271 3279
l 9990 9463
l 11003 11015
l 12552 12513
l 12772 12810
l 14055 14093
l 14071 13998
l 11262 11279
l 2031 2036
l 10748 10769
l 11003 11026
l 10003 9463
l 14107 14054
l 14357 14314
l 11003 11033
l 3961 3962
l 2039 2031
l 11776 11808
l 906 912
l 9735 9736
l 906 913
l 11776 11818
l 2838 2836
l 13288 13870
l 13915 13917
l 13286 13287
l 12601 12257
l 11322 11262
l 11262 11323
l 1880 1879
l 12257 12613
l 13286 13290
l 1879 1882
l 2678 2681
l 2836 2848
l 2684 2678
l 11374 11366
l 9419 9420
l 8157 8158
l 11302 11306
l 1728 1727
l 5907 5908
l 4116 4118
l 14063 14091
l 3658 3657
l 3489 3494
l 1736 1727
l 3496 3489
l 14092 14063
l 3663 3657
l 3657 3664
l 3489 3499
l 13915 13946
l 4291 4290
l 5059 5060
l 4293 4290
l 5573 5574
l 4793 4792
l 4296 4290
l 1727 1742
l 6601 6602
l 4290 4299
l 5755 5756
l 7629 7630
l 8143 8144
l 465 466
l 465 467
l 468 465
l 4821 4804
l 214 210
l 210 215
l 1493 1496
l 210 217
l 2521 2522
l 731 724
l 724 732
l 465 477
l 724 734
l 2266 2271
l 2266 2272
l 2376 2378
l 1238 1250
l 3811 3808
l 1582 1575
l 2780 2790
l 9959 9464
l 13800 13797
l 9480 9926
l 13797 13802
l 14311 14315
l 14316 14311
l 15084 15085
l 2544 2546
l 3035 3055
l 3056 3035
l 13297 13283
l 8689 8690
l 3035 3059
l 9203 9204
l 4300 4307
l 10490 10491
l 11259 11260
l 11004 11005
l 9726 9717
l 9717 9727
l 12288 12287
l 9989 9462
l 14315 14342
l 14054 14087
l 9801 9823
l 12555 12260
l 11520 11534
l 14054 14095
l 4640 4642
l 298 299
l 300 298
l 2555 2544
l 9462 10012
l 14365 14315
l 11366 11409
l 12260 12575
l 12576 12260
l 1264 1259
l 9462 10025
l 14132 14131
l 9462 10039
l 10040 9462
l 3185 3193
l 9735 9792
l 3185 3194
l 14131 14137
l 4527 4522
l 14139 14131
l 15242 15243
l 2070 2071
l 3353 3364
l 12708 12703
l 9936 9934
l 4747 4752
l 7549 7550
l 4297 4306
l 4968 4963
l 14395 14896
l 4963 4973
l 5303 5304
l 13223 13222
l 2881 2886
l 4972 4978
l 1924 1926
l 2963 2969
l 4801 4802
l 4803 4801
l 2881 2889
l 4549 4548
l 4806 4801
l 4801 4808
l 4291 4297
l 6857 6858
l 6347 6348
l 7885 7886
l 7375 7376
l 14222 14161
l 722 721
l 979 978
l 10178 10218
l 468 469
l 468 470
l 468 471
l 211 216
l 1241 1239
l 211 218
l 1239 1243
l 1239 1244
l 1245 1239
l 2267 2270
l 2777 2783
l 1496 1504
l 1496 1505
l 2524 2530
l 2524 2533
l 12304 12358
l 3559 3552
l 1749 1768
l 14057 14053
l 12522 12515
l 12515 12523
l 5151 5152
l 3034 3054
l 3055 3034
l 8945 8946
l 8435 8436
l 9464 9463
l 9720 9721
l 2860 2853
l 12065 12035
l 11519 11520
l 11774 11777
l 14084 14053
l 9989 9461
l 9990 9461
l 9934 9967
l 14053 14090
l 13286 13835
l 9999 9461
l 9718 9745
l 10002 9461
l 10005 9461
l 14316 14358
l 14316 14359
l 12259 12568
l 12259 12569
l 12570 12259
l 13570 13532
l 12577 12259
l 11265 11209
l 12259 12579
l 3870 3871
l 9632 9643
l 9461 10028
l 3870 3872
l 11774 11825
l 3873 3870
l 2745 2746
l 9461 10037
l 10038 9461
l 3874 3870
l 14321 14312
l 5533 5534
l 2583 2577
l 11106 11105
l 14312 14323
l 13051 13043
l 10309 10236
l 10236 10310
l 11645 11135
l 2577 2585
l 10788 10784
l 11105 11109
l 12124 12128
l 12928 12903
l 1627 1622
l 10148 10150
l 14477 14523
l 1622 1628
l 4598 4591
l 13807 13839
l 13135 13188
l 2577 2594
l 6445 6446
l 5983 5984
l 14823 14824
l 499 512
l 1472 1474
l 4691 4692
l 347 349
l 14228 14245
l 3567 3566
l 13053 13035
l 3398 3403
l 5057 5058
l 4802 4804
l 4292 4293
l 4294 4292
l 3241 3236
l 5575 5576
l 4292 4298
l 6603 6604
l 8141 8142
l 7631 7632
l 977 978
l 2441 2447
l 212 213
l 214 212
l 212 215
l 984 977
l 977 985
l 467 474
l 467 475
l 2523 2524
l 1750 1757
l 2268 2270
l 3806 3807
l 1320 1322
l 4065 4061
l 3551 3554
l 1495 1507
l 13028 13026
l 3557 3551
l 3296 3302
l 3551 3559
l 1768 1750
l 3806 3817
l 3296 3306
l 14054 14059
l 14688 14652
l 14827 14832
l 9201 9202
l 3236 3250
l 11112 11094
l 3251 3236
l 11907 11909
l 9468 9464
l 13950 13907
l 3252 3236
l 11775 11776
l 11771 11777
l 12548 12262
l 9990 9460
l 14052 14087
l 14088 14052
l 14052 14089
l 13070 13035
l 12556 12262
l 13035 13071
l 12262 12561
l 14052 14099
l 14317 14360
l 10010 9460
l 9460 10011
l 9460 10012
l 9460 10013
l 12262 12574
l 11257 11298
l 11257 11299
l 12262 12587
l 12588 12262
l 13283 13870
l 13283 13871
l 14837 14838
l 14538 14539
l 12270 12510
l 14052 14147
l 10960 10962
l 3101 3100
l 10960 10963
l 7911 7912
l 1013 1012
l 11626 11622
l 13874 13881
l 11209 11327
l 2137 2143
l 1969 1978
l 12278 12499
l 13854 13837
l 12519 12270
l 5829 5830
l 12094 12129
l 2934 2945
l 11585 11634
l 3749 3747
l 14648 14644
l 3916 3915
l 14241 14288
l 3915 3919
l 5313 5314
l 5827 5828
l 3923 3915
l 2885 2884
l 4550 4552
l 4810 4807
l 4293 4300
l 6013 6014
l 1665 1670
l 6863 6864
l 1665 1671
l 1749 1747
l 1747 1750
l 213 215
l 470 472
l 470 473
l 986 984
l 1490 1499
l 1490 1500
l 989 984
l 984 990
l 2526 2527
l 2526 2528
l 2529 2526
l 2786 2783
l 3546 3555
l 2783 2788
l 14051 14053
l 2783 2790
l 3048 3040
l 2783 2793
l 3040 3050
l 2795 2783
l 13031 13036
l 13038 13031
l 14830 14831
l 4563 4556
l 9457 9459
l 9460 9457
l 8437 8438
l 9463 9457
l 8951 8952
l 13053 13031
l 766 727
l 727 767
l 11776 11770
l 10755 10752
l 11780 11772
l 10752 10757
l 14674 14683
l 14832 14855
l 472 520
l 12555 12261
l 11772 11789
l 11772 11790
l 12559 12261
l 14685 14674
l 11025 11007
l 14053 14054
l 14055 14053
l 14051 14107
l 11258 11292
l 10752 10784
l 10785 10752
l 9459 10019
l 9459 10020
l 9459 10024
l 3611 3612
l 13284 13869
l 3613 3611
l 10801 10752
l 10752 10803
l 10752 10804
l 11007 11061
l 9125 9126
l 12261 12599
l 12261 12601
l 14063 14053
l 10050 9459
l 13031 13124
l 1363 1361
l 10885 10919
l 14398 14397
l 14350 14880
l 14399 14397
l 14881 14350
l 2891 2884
l 11990 12120
l 1361 1368
l 14370 14352
l 14701 14674
l 1361 1369
l 12735 12745
l 14352 14372
l 2326 2333
l 14352 14373
l 2726 2728
l 2326 2334
l 7475 7476
l 2494 2501
l 5221 5222
l 14674 14707
l 12735 12746
l 1215 1209
l 3623 3618
l 3144 3143
l 4437 4436
l 3618 3624
l 5569 5570
l 6083 6084
l 4294 4295
l 5063 5064
l 7625 7626
l 4811 4808
l 8139 8140
l 6605 6606
l 9889 9913
l 7119 7120
l 1234 1235
l 1236 1234
l 3143 3150
l 1748 1750
l 215 214
l 469 472
l 728 729
l 730 728
l 3290 3291
l 2003 2012
l 983 989
l 2014 2003
l 983 991
l 2003 2016
l 737 728
l 3290 3298
l 728 739
l 3153 3143
l 3039 3046
l 2784 2791
l 2784 2793
l 13032 13034
l 13032 13035
l 13032 13036
l 3120 3109
l 2784 2798
l 13032 13039
l 14833 14829
l 14829 14834
l 3790 3786
l 8693 8694
l 9207 9208
l 13401 13435
l 11769 11772
l 12029 12028
l 10749 10750
l 12546 12264
l 12264 12547
l 14319 14340
l 11006 11014
l 469 519
l 13030 13064
l 2030 2033
l 11786 11257
l 13030 13069
l 2030 2034
l 4265 4262
l 4289 4282
l 10769 10749
l 13401 13436
l 905 908
l 2030 2036
l 11802 11769
l 10011 9458
l 9458 10017
l 11042 11006
l 9458 10019
l 3794 3797
l 9458 10021
l 10022 9458
l 12812 12774
l 11006 11049
l 11006 11050
l 3794 3799
l 3003 3004
l 11662 11652
l 10302 10239
l 3395 3406
l 3794 3803
l 10239 10309
l 13916 13921
l 4017 4009
l 11006 11090
l 11091 11006
l 13923 13916
l 1878 1885
l 1878 1886
l 6531 6532
l 13928 13916
l 13916 13929
l 14301 14333
l 13916 13930
l 4584 4581
l 11346 11347
l 10984 10985
l 6703 6704
l 1728 1729
l 601 604
l 12949 12976
l 5031 5032
l 12977 12949
l 7039 7040
l 1728 1734
l 3493 3492
l 1735 1728
l 1728 1736
l 3658 3662
l 3952 3962
l 5825 5826
l 14336 14301
l 3492 3498
l 12018 12021
l 3664 3658
l 4295 4296
l 4552 4553
l 7881 7882
l 7371 7372
l 3500 3492
l 6351 6352
l 2002 2004
l 1237 1235
l 1492 1494
l 983 982
l 728 725
l 472 474
l 4059 4058
l 725 732
l 4058 4061
l 982 990
l 725 735
l 725 736
l 2271 2273
l 2530 2528
l 2781 2787
l 3300 3291
l 2789 2781
l 2781 2790
l 2781 2791
l 10102 10104
l 3038 3049
l 2794 2781
l 2543 2544
l 14049 14061
l 14063 14049
l 2543 2545
l 10102 10106
l 14419 14420
l 14580 14575
l 9716 9717
l 8949 8950
l 12535 12263
l 2375 2381
l 14575 14585
l 12282 12283
l 12282 12284
l 4301 4306
l 11005 11006
l 12287 12282
l 9716 9728
l 11770 11777
l 2383 2375
l 11260 11270
l 4637 4639
l 10495 10506
l 2375 2385
l 12774 12814
l 4301 4310
l 10750 10770
l 10750 10771
l 10004 9457
l 10773 10750
l 1422 1425
l 9714 9751
l 9752 9714
l 2543 2553
l 9585 9648
l 299 297
l 10014 9457
l 4637 4644
l 11770 11812
l 11813 11770
l 9457 10023
l 14250 14296
l 302 297
l 4402 4413
l 11825 11770
l 9736 9788
l 4317 4301
l 11005 11064
l 9457 10041
l 1260 1267
l 11644 11133
l 3356 3357
l 9457 10051
l 10052 9457
l 4917 4920
l 8169 8170
l 3195 3186
l 14680 14774
l 13404 13399
l 14049 14174
l 14175 14049
l 14487 14504
l 11652 11722
l 1108 1111
l 2240 2239
l 6087 6088
l 1108 1115
l 1116 1108
l 2244 2239
l 2239 2245
l 4962 4966
l 4967 4962
l 6259 6260
l 4006 4005
l 12972 12987
l 4962 4969
l 6427 6428
l 5935 5936
l 15252 15253
l 1925 1923
l 12868 12861
l 5571 5572
l 5061 5062
l 4806 4807
l 4806 4808
l 4551 4553
l 8137 8138
l 4812 4813
l 4879 4880
l 7117 7118
l 6607 6608
l 958 966
l 14587 14595
l 1491 1492
l 1493 1491
l 1236 1238
l 1239 1236
l 1746 1752
l 216 217
l 981 986
l 987 981
l 726 733
l 3547 3550
l 726 735
l 981 992
l 726 737
l 1506 1491
l 2787 2782
l 2527 2532
l 2527 2533
l 13285 13286
l 2527 2535
l 2527 2536
l 2537 2527
l 2782 2794
l 13030 13035
l 3056 3061
l 4808 4822
l 3037 3056
l 3037 3057
l 3037 3060
l 9461 9460
l 9205 9206
l 8695 8696
l 9631 9632
l 3023 3025
l 11772 11771
l 11771 11776
l 3889 3891
l 12266 12549
l 11255 11783
l 4808 4823
l 9472 9993
l 11018 10996
l 11583 11589
l 11767 11789
l 11767 11790
l 1775 1771
l 10996 11024
l 13073 13036
l 13036 13074
l 13075 13036
l 1771 1776
l 10739 10776
l 10739 10777
l 10778 10739
l 13646 13681
l 13550 13597
l 3701 3702
l 13855 13807
l 12367 12392
l 806 817
l 13036 13095
l 3870 3869
l 11253 11310
l 11311 11253
l 12592 12266
l 11767 11826
l 14018 13916
l 14311 14319
l 10395 10406
l 3869 3873
l 9931 9976
l 2581 2578
l 3869 3874
l 1620 1619
l 3875 3869
l 2748 2746
l 12698 12699
l 14524 14475
l 14922 11747
l 2578 2584
l 2752 2746
l 7561 7562
l 10170 10163
l 10147 10149
l 7729 7730
l 2746 2755
l 14420 14752
l 10152 10147
l 14420 14753
l 13040 13036
l 13320 13776
l 502 505
l 13036 13042
l 5315 5316
l 13772 13754
l 13646 13682
l 1471 1474
l 13659 13680
l 3399 3397
l 14315 14343
l 1477 1471
l 4694 4692
l 14651 14677
l 6337 6338
l 6851 6852
l 7365 7366
l 10226 10695
l 7879 7880
l 4298 4297
l 4297 4299
l 4556 4554
l 5325 5326
l 4297 4303
l 5839 5840
l 2445 2444
l 4554 4563
l 2257 2260
l 2261 2257
l 3286 3285
l 2257 2263
l 3028 3032
l 2777 2771
l 218 217
l 4056 4059
l 474 476
l 989 988
l 1246 1245
l 991 988
l 988 993
l 731 738
l 988 995
l 1759 1764
l 741 731
l 1766 1759
l 988 999
l 1000 988
l 9471 9961
l 1759 1770
l 1772 1759
l 1759 1773
l 13038 13035
l 14320 14321
l 10739 10738
l 11252 11253
l 11252 11254
l 11252 11255
l 11252 11256
l 12281 12280
l 8441 8442
l 8955 8956
l 12023 12029
l 9470 9469
l 14080 14063
l 12547 12265
l 13035 13060
l 13035 13061
l 476 518
l 13808 13832
l 13834 13296
l 12265 12555
l 12102 12141
l 12265 12557
l 12265 12558
l 10767 10740
l 13360 13362
l 13549 13590
l 11254 11291
l 4050 4053
l 13597 13549
l 14538 14549
l 11254 11296
l 1167 1168
l 14315 14366
l 13296 13860
l 1167 1169
l 13549 13607
l 13539 13540
l 3093 3094
l 11254 11308
l 11254 11309
l 11310 11254
l 15164 15165
l 14564 14902
l 14903 14564
l 3262 3261
l 13891 13296
l 2933 2934
l 11923 11908
l 1012 1011
l 12906 12918
l 3093 3102
l 3261 3268
l 2138 2141
l 13920 13930
l 14928 9857
l 3093 3105
l 12328 12399
l 7121 7122
l 7289 7290
l 12191 12206
l 1989 1984
l 1984 1990
l 3915 3914
l 3748 3751
l 11190 11406
l 3748 3753
l 9941 9975
l 12578 12608
l 3920 3914
l 4717 4711
l 5047 5048
l 7107 7108
l 3756 3748
l 9472 9927
l 8135 8136
l 3748 3757
l 4298 4300
l 4298 4301
l 4298 4302
l 4303 4298
l 1834 1832
l 2513 2514
l 10708 10225
l 2773 2772
l 3027 3030
l 2258 2263
l 2772 2776
l 2265 2258
l 1836 1832
l 2267 2258
l 987 988
l 2258 2269
l 1502 1501
l 1247 1246
l 2258 2272
l 993 987
l 1762 1760
l 1763 1760
l 732 740
l 1253 1246
l 1246 1254
l 1760 1767
l 14817 14824
l 1760 1769
l 732 747
l 12780 12777
l 9965 9472
l 14817 14830
l 11702 11106
l 10738 10737
l 14319 14323
l 11251 11252
l 10997 10996
l 11765 11766
l 11510 11511
l 12280 12279
l 8697 8698
l 9211 9212
l 12541 12266
l 12542 12266
l 1666 1678
l 12033 12022
l 2797 2806
l 10737 10755
l 4555 4565
l 4895 4896
l 9993 9470
l 9470 9994
l 4897 4895
l 9742 9725
l 12777 12815
l 13034 13072
l 13805 13842
l 13843 13805
l 14564 14614
l 556 555
l 11255 11291
l 14622 14564
l 1516 1519
l 9725 9760
l 13034 13089
l 13090 13034
l 1520 1516
l 11255 11301
l 11302 11255
l 1521 1516
l 12258 12603
l 14789 14405
l 10737 10799
l 10737 10800
l 1516 1523
l 9083 9084
l 11778 11780
l 3612 3613
l 11063 10994
l 3614 3612
l 12142 12138
l 10179 10700
l 2510 2509
l 13808 13822
l 2325 2330
l 14089 14119
l 1364 1369
l 10853 10854
l 2325 2332
l 10853 10855
l 10853 10856
l 6513 6514
l 13049 13020
l 10853 10859
l 10940 14925
l 10853 10860
l 9724 9533
l 6681 6682
l 11472 11497
l 12790 12779
l 11498 11472
l 4435 4437
l 6849 6850
l 6339 6340
l 7877 7878
l 7367 7368
l 4809 4810
l 4809 4811
l 4300 4299
l 4557 4556
l 3147 3144
l 4299 4304
l 2791 2797
l 4562 4556
l 3026 3027
l 2260 2259
l 3026 3029
l 2259 2262
l 2519 2516
l 2520 2516
l 2769 2777
l 2778 2769
l 729 731
l 219 220
l 221 219
l 478 476
l 2015 2014
l 1247 1248
l 729 737
l 738 729
l 1254 1247
l 3144 3152
l 1504 1514
l 13033 13035
l 9964 9469
l 14052 14096
l 12267 12529
l 12530 12267
l 11250 11252
l 12279 12278
l 11250 11256
l 11768 11769
l 8953 8954
l 11768 11771
l 8443 8444
l 10749 10740
l 11511 11518
l 11768 11775
l 9471 9472
l 9473 9471
l 2029 2030
l 9469 9987
l 9471 9477
l 2029 2031
l 8365 8366
l 15198 15199
l 2029 2032
l 13069 13033
l 12021 12046
l 11766 11791
l 14096 14061
l 10771 10738
l 10738 10774
l 10738 10775
l 11256 11289
l 11290 11256
l 12021 12060
l 12061 12021
l 3960 3959
l 11256 11298
l 11256 11299
l 14061 14116
l 14117 14061
l 13633 13635
l 12075 12021
l 2834 2836
l 10034 9469
l 12021 12085
l 12021 12088
l 10738 10817
l 10818 10738
l 9739 9733
l 2840 2834
l 10236 10189
l 12021 12106
l 12107 12021
l 13324 13740
l 1877 1880
l 10189 10238
l 13345 13346
l 1877 1881
l 3628 3636
l 12329 12323
l 7819 7820
l 2834 2845
l 1885 1877
l 7987 7988
l 3628 3637
l 8155 8156
l 14569 14591
l 5905 5906
l 1729 1725
l 10413 10419
l 604 602
l 4948 4950
l 12268 12466
l 3824 3823
l 9459 10679
l 11356 11347
l 13363 13555
l 3823 3826
l 7105 7106
l 6595 6596
l 8133 8134
l 9927 9470
l 7623 7624
l 5065 5066
l 4555 4557
l 4302 4300
l 3655 3664
l 5583 5584
l 3499 3491
l 4792 4790
l 2771 2770
l 2515 2516
l 2261 2260
l 1576 1573
l 2775 2770
l 3544 3543
l 2770 2777
l 3543 3546
l 731 730
l 475 476
l 477 475
l 220 222
l 1758 1759
l 1758 1760
l 475 481
l 1758 1762
l 739 730
l 1764 1758
l 730 741
l 1254 1248
l 1258 1248
l 1248 1259
l 13034 13040
l 14062 14065
l 11249 11250
l 1248 1267
l 13078 13077
l 12277 12278
l 12268 12536
l 9209 9210
l 11003 10994
l 8699 8700
l 9470 9981
l 11774 11767
l 10994 11007
l 14062 14080
l 13836 13296
l 9466 9477
l 9468 9991
l 11000 11017
l 13291 13834
l 9995 9468
l 9468 9996
l 1573 1587
l 11023 11000
l 11763 11794
l 11797 11763
l 1589 1573
l 13040 13080
l 13040 13081
l 14106 14060
l 14060 14108
l 1421 1426
l 14758 14759
l 1421 1427
l 4638 4644
l 13291 13867
l 13870 13291
l 14129 14131
l 4716 4713
l 9733 9788
l 11216 11215
l 13885 13291
l 13291 13886
l 14129 14133
l 9790 9733
l 14129 14135
l 12374 12373
l 14129 14136
l 3194 3187
l 13853 13296
l 2394 2399
l 3187 3196
l 2400 2394
l 4938 4941
l 1269 1274
l 13457 13482
l 2074 2072
l 13483 13457
l 4942 4938
l 13457 13484
l 14432 14679
l 4713 4719
l 4961 4963
l 11215 11232
l 13518 13382
l 13798 13799
l 2072 2080
l 4966 4961
l 4759 4765
l 2072 2081
l 5297 5298
l 2082 2072
l 2083 2072
l 10528 10547
l 4938 4944
l 12862 12863
l 5613 5614
l 13587 13370
l 14382 14873
l 13370 13588
l 7361 7362
l 7875 7876
l 6341 6342
l 6855 6856
l 5321 5322
l 4151 4150
l 2888 2887
l 4816 4815
l 3281 3282
l 3539 3538
l 4301 4308
l 3538 3541
l 2262 2261
l 2518 2519
l 2518 2520
l 2521 2518
l 2522 2518
l 1498 1499
l 1755 1756
l 4052 4061
l 222 221
l 5145 5146
l 478 480
l 992 993
l 13639 13638
l 735 739
l 735 740
l 9935 9962
l 3055 3058
l 13638 13640
l 2714 2706
l 14059 14060
l 4187 4182
l 12783 12782
l 12269 12528
l 12525 12529
l 13298 13296
l 12525 12531
l 12276 12277
l 12276 12278
l 9630 9626
l 4182 4189
l 11257 11256
l 9466 9465
l 12539 12525
l 8445 8446
l 3063 3055
l 8959 8960
l 2706 2715
l 480 518
l 13575 13545
l 11862 11888
l 10761 10744
l 9994 9467
l 9467 9995
l 10744 10766
l 14608 14565
l 14565 14609
l 13804 13843
l 10999 11028
l 11029 10999
l 9626 9636
l 3829 3832
l 14155 14188
l 1776 1772
l 13121 13185
l 12703 12730
l 1772 1778
l 12019 12075
l 11250 11311
l 3702 3704
l 11313 11250
l 3868 3870
l 12596 12525
l 12361 12363
l 3871 3868
l 9474 9478
l 3872 3868
l 10366 10130
l 14319 14310
l 9479 9474
l 10428 10108
l 12697 12698
l 10435 10444
l 3868 3877
l 14324 14310
l 3868 3878
l 4609 4607
l 14565 14706
l 5949 5950
l 6771 6772
l 1467 1466
l 1466 1468
l 6939 6940
l 4355 4353
l 9558 9582
l 4353 4356
l 10459 10435
l 11190 11187
l 4690 4689
l 14762 14419
l 4689 4691
l 11742 11367
l 7617 7618
l 14827 14397
l 8131 8132
l 6597 6598
l 4696 4689
l 7111 7112
l 5577 5578
l 6091 6092
l 349 353
l 3568 3570
l 4302 4303
l 4560 4557
l 4305 4302
l 4819 4816
l 4051 4052
l 14405 14813
l 2518 2517
l 3032 3031
l 2517 2521
l 2443 2445
l 2523 2517
l 1244 1242
l 1757 1756
l 477 478
l 477 479
l 991 992
l 1242 1249
l 12515 12270
l 10108 10460
l 1756 1768
l 15080 15081
l 12270 12524
l 12270 12525
l 14319 14315
l 10435 10476
l 13040 13041
l 12270 12531
l 12276 12275
l 10477 10435
l 12278 12275
l 993 998
l 10486 10489
l 9466 9467
l 736 764
l 9466 9469
l 8701 8702
l 767 736
l 9215 9216
l 11508 11521
l 11522 11508
l 11508 11523
l 10998 11019
l 11020 10998
l 14360 14316
l 13038 13073
l 14568 14613
l 12076 12018
l 12018 12077
l 13289 13873
l 4049 4056
l 14376 14381
l 13883 13289
l 13289 13884
l 14855 14397
l 14397 14856
l 10807 10827
l 2139 2140
l 14419 14797
l 3094 3103
l 3105 3094
l 10958 10969
l 14290 14245
l 12272 12519
l 13033 13090
l 10008 10038
l 1983 1985
l 1986 1983
l 858 860
l 3746 3745
l 10569 10516
l 13191 13224
l 3914 3913
l 3913 3915
l 3918 3913
l 4715 4712
l 14824 14833
l 7873 7874
l 7363 7364
l 6853 6854
l 3913 3920
l 6343 6344
l 5833 5834
l 5323 5324
l 1831 1832
l 4815 4813
l 4303 4304
l 4303 4305
l 4813 4818
l 4051 4050
l 6011 6012
l 3541 3540
l 2961 2956
l 2773 2775
l 2264 2263
l 3030 3033
l 2520 2522
l 1755 1753
l 3030 3036
l 1501 1500
l 1502 1500
l 1500 1503
l 223 224
l 225 223
l 733 738
l 480 483
l 733 740
l 990 997
l 998 990
l 1753 1768
l 14315 14314
l 4558 4559
l 12528 12271
l 12271 12529
l 12017 12018
l 12271 12531
l 12271 12532
l 2798 2802
l 10999 10997
l 11256 11254
l 14585 14567
l 14588 14567
l 9467 9469
l 8957 8958
l 2798 2804
l 9988 9465
l 9465 9989
l 9465 9990
l 9991 9465
l 10997 11016
l 11017 10997
l 13290 13834
l 12017 12044
l 12017 12045
l 14312 14351
l 9465 10000
l 9746 9722
l 9722 9747
l 1679 1681
l 11001 10958
l 11252 11290
l 10958 11002
l 11252 11295
l 11105 11711
l 13290 13866
l 13290 13867
l 13868 13290
l 2347 2350
l 14312 14388
l 3609 3613
l 1515 1524
l 3615 3609
l 3616 3609
l 10214 14926
l 10884 10918
l 13598 13550
l 3609 3618
l 12141 12137
l 402 403
l 402 404
l 3621 3609
l 11180 11182
l 13054 13038
l 2328 2330
l 3609 3623
l 7637 7638
l 2496 2498
l 1363 1371
l 10854 10856
l 2328 2334
l 2335 2328
l 14372 14883
l 10221 10714
l 5223 5224
l 3525 3530
l 14432 14711
l 1211 1214
l 12782 12789
l 5559 5560
l 13118 13121
l 3305 3306
l 8129 8130
l 7619 7620
l 12485 12272
l 7109 7110
l 5067 5068
l 6599 6600
l 6089 6090
l 10231 10699
l 5579 5580
l 5069 5070
l 4814 4816
l 4304 4305
l 4050 4049
l 3795 3794
l 3540 3539
l 3285 3284
l 3284 3287
l 2519 2520
l 2265 2264
l 3802 3794
l 2011 2009
l 1754 1756
l 1245 1244
l 989 990
l 1244 1247
l 479 480
l 479 481
l 224 226
l 1244 1251
l 997 989
l 14093 14051
l 9466 9959
l 989 1000
l 9961 9466
l 14058 14059
l 989 1004
l 12272 12526
l 12527 12272
l 12273 12274
l 12275 12273
l 2190 2191
l 5407 5408
l 1059 1064
l 11253 11256
l 765 734
l 734 766
l 8703 8704
l 12175 12137
l 483 517
l 2028 2030
l 3525 3535
l 3959 3958
l 12242 12582
l 12583 12242
l 3958 3960
l 13808 13304
l 11854 11833
l 9886 9900
l 911 914
l 1878 1876
l 12955 12957
l 12955 12959
l 9908 9886
l 1876 1882
l 3752 3761
l 12324 12330
l 1884 1876
l 10243 10182
l 12242 12664
l 13291 13296
l 9886 9918
l 9886 9919
l 13631 13632
l 6869 6870
l 4611 4616
l 4947 4948
l 14150 14152
l 7037 7038
l 4611 4618
l 4947 4949
l 1726 1733
l 2529 2531
l 3656 3659
l 4952 4947
l 8497 8498
l 8385 8386
l 2698 2697
l 8899 8900
l 14150 14153
l 9413 9414
l 10441 10442
l 11213 11212
l 4947 4955
l 9927 9935
l 10960 10955
l 12240 12241
l 3656 3663
l 12754 12755
l 11952 11951
l 10955 10969
l 1574 1576
l 11232 11212
l 226 225
l 482 483
l 482 484
l 482 485
l 739 742
l 743 739
l 1253 1256
l 739 745
l 13802 13782
l 1771 1767
l 1767 1772
l 996 1005
l 1767 1774
l 2799 2795
l 1745 1726
l 2545 2538
l 2538 2546
l 4795 4797
l 3572 3566
l 3566 3573
l 4594 4598
l 3566 3576
l 4601 4594
l 6393 6394
l 9927 9979
l 6907 6908
l 7421 7422
l 10955 11007
l 7935 7936
l 14812 14849
l 484 517
l 2039 2041
l 12756 12807
l 11370 11348
l 11214 11277
l 11278 11214
l 14156 14150
l 11348 11372
l 1425 1424
l 3351 3350
l 301 299
l 13499 13383
l 3353 3350
l 13150 13191
l 10186 10301
l 10186 10304
l 10305 10186
l 14150 14158
l 3190 3188
l 13323 13788
l 3518 3521
l 3522 3518
l 13383 13504
l 2397 2393
l 12835 12844
l 2398 2393
l 1271 1270
l 12241 12641
l 3196 3188
l 11719 11678
l 3350 3362
l 1270 1273
l 3350 3363
l 3188 3198
l 13613 13363
l 13458 13480
l 15052 15053
l 13458 13481
l 6085 6086
l 1270 1277
l 11678 11725
l 3350 3370
l 2999 2996
l 11894 11880
l 13128 13158
l 14297 14248
l 13160 13128
l 4003 4007
l 5291 5292
l 13924 13925
l 12857 12899
l 4010 4003
l 13586 13369
l 4003 4011
l 8641 8642
l 4623 4622
l 10442 10443
l 11212 11211
l 10442 10447
l 2090 2089
l 9937 9928
l 4003 4015
l 2092 2089
l 10956 10972
l 15068 15069
l 11230 11211
l 2996 3002
l 14417 14731
l 2886 2890
l 481 484
l 740 741
l 1256 1254
l 2089 2095
l 995 1002
l 1259 1254
l 1004 995
l 2282 2285
l 2030 2023
l 2537 2543
l 969 964
l 3825 3824
l 1254 1266
l 1509 1523
l 4338 4340
l 1509 1525
l 2023 2038
l 4599 4593
l 6135 6136
l 4593 4601
l 6649 6650
l 7163 7164
l 4852 4862
l 4810 4820
l 4852 4864
l 13528 13572
l 481 518
l 3054 3063
l 11859 11887
l 3064 3054
l 11277 11215
l 14606 14556
l 11024 10954
l 10954 11025
l 1769 1774
l 812 813
l 14883 14371
l 10208 10205
l 12581 12244
l 12582 12244
l 5341 5342
l 3867 3868
l 13037 13032
l 3869 3867
l 13365 13364
l 11212 11265
l 12835 12889
l 14384 14889
l 11215 11332
l 13032 13038
l 11600 11574
l 2939 2947
l 12627 12244
l 3867 3875
l 3867 3876
l 1622 1617
l 10202 10204
l 9698 9683
l 2584 2585
l 1624 1617
l 12244 12651
l 2584 2587
l 7727 7728
l 2753 2752
l 2588 2584
l 12244 12658
l 12244 12659
l 7563 7564
l 14309 14329
l 1628 1617
l 4176 4184
l 1617 1629
l 14332 14309
l 14149 14154
l 13042 13034
l 504 507
l 13372 13578
l 4845 4855
l 5813 5814
l 4356 4358
l 4691 4690
l 4692 4690
l 3400 3399
l 8897 8898
l 8387 8388
l 13727 13704
l 9415 9416
l 11211 11210
l 3568 3567
l 10445 10443
l 10443 10446
l 12238 12239
l 10960 10953
l 11981 11985
l 10964 10953
l 352 353
l 13270 13266
l 12503 12499
l 13527 13528
l 10953 10969
l 10953 10970
l 11232 11210
l 11049 11040
l 737 738
l 737 739
l 227 228
l 229 227
l 1766 1765
l 484 487
l 744 737
l 1513 1512
l 994 1003
l 1004 994
l 2029 2022
l 2022 2030
l 1255 1263
l 737 752
l 3568 3569
l 1063 1062
l 3571 3568
l 4852 4849
l 4339 4341
l 5877 5878
l 4596 4599
l 3064 3050
l 6905 6906
l 10953 11003
l 6395 6396
l 10436 10477
l 7933 7934
l 7423 7424
l 12557 12588
l 4541 4540
l 11216 11268
l 11216 11269
l 10480 10436
l 10813 10808
l 12242 12240
l 13191 13270
l 13973 14035
l 14848 14400
l 15162 15163
l 11321 11216
l 12091 12114
l 3095 3096
l 11216 11335
l 3098 3095
l 12634 12243
l 12243 12635
l 14857 14398
l 14398 14858
l 2140 2141
l 14170 14181
l 3269 3263
l 13349 13679
l 14382 14390
l 3263 3276
l 13549 13558
l 13549 13559
l 7291 7292
l 1982 1986
l 859 857
l 1740 1735
l 11950 11934
l 5205 5206
l 3701 3703
l 4081 4080
l 11182 11402
l 4709 4713
l 3912 3917
l 9153 9154
l 8643 8644
l 9926 9927
l 5045 5046
l 11210 11209
l 10954 10955
l 9926 9934
l 3912 3920
l 13871 13836
l 3921 3912
l 1832 1830
l 13528 13529
l 10954 10971
l 14720 14721
l 12500 12513
l 2017 2025
l 993 996
l 738 741
l 228 230
l 999 993
l 738 744
l 1256 1257
l 746 738
l 1259 1256
l 2028 2021
l 2285 2284
l 2794 2798
l 1263 1256
l 1256 1264
l 738 753
l 2546 2539
l 3567 3571
l 3573 3567
l 3567 3574
l 4595 4599
l 3832 3822
l 3833 3822
l 7161 7162
l 3822 3836
l 8189 8190
l 4561 4557
l 4353 4342
l 11266 11209
l 487 516
l 11209 11274
l 10703 10763
l 10764 10703
l 14815 14861
l 14862 14815
l 12564 12246
l 12567 12246
l 1680 1681
l 13431 13933
l 12246 12582
l 14675 14685
l 12585 12246
l 553 556
l 14675 14689
l 11209 11326
l 10303 10189
l 3612 3610
l 14059 14052
l 11336 11209
l 2651 2652
l 10364 10379
l 12246 12626
l 12627 12246
l 3610 3618
l 11209 11363
l 3610 3620
l 401 404
l 12246 12655
l 12656 12246
l 401 405
l 3622 3610
l 11439 11182
l 14675 14701
l 2495 2496
l 2536 2537
l 8929 8930
l 2497 2495
l 2495 2498
l 11444 11182
l 3817 3818
l 2327 2336
l 6515 6516
l 1374 1376
l 2985 2982
l 2757 2762
l 2925 2926
l 1214 1212
l 2703 2702
l 1374 1381
l 1217 1212
l 2757 2763
l 9923 9924
l 9923 9925
l 8389 8390
l 8903 8904
l 10185 10180
l 10180 10186
l 2702 2704
l 11168 11170
l 12238 12236
l 10959 10960
l 11168 11171
l 11218 11216
l 11168 11172
l 11173 11168
l 11230 11216
l 1252 1249
l 2020 2021
l 230 229
l 11239 11216
l 743 744
l 486 489
l 743 746
l 1771 1763
l 743 748
l 2020 2029
l 750 743
l 1763 1775
l 2799 2800
l 1777 1763
l 5361 5362
l 2799 2803
l 3819 3828
l 2805 2799
l 4855 4856
l 4598 4601
l 7417 7418
l 3428 3435
l 7931 7932
l 3069 3056
l 4598 4606
l 6911 6912
l 3376 3371
l 2191 2193
l 1060 1066
l 1067 1060
l 14557 14606
l 13117 13138
l 12566 12245
l 2032 2027
l 13780 13857
l 13858 13780
l 3958 3957
l 3957 3960
l 2472 2474
l 11210 11328
l 11331 11210
l 11210 11338
l 14231 14247
l 1877 1875
l 12632 12245
l 12245 12633
l 1875 1879
l 13317 13321
l 2842 2840
l 7817 7818
l 1881 1875
l 3009 3008
l 14109 14141
l 1875 1883
l 7985 7986
l 13545 13576
l 8153 8154
l 5735 5736
l 13290 13297
l 1723 1724
l 1728 1723
l 10692 10717
l 14231 14265
l 1723 1729
l 4946 4947
l 3653 3655
l 13757 13704
l 3821 3823
l 3824 3821
l 8645 8646
l 9159 9160
l 9929 9924
l 9924 9930
l 3660 3653
l 10192 10179
l 10960 10961
l 1571 1572
l 3821 3827
l 10196 10179
l 13781 13777
l 10179 10200
l 3653 3663
l 11980 11996
l 10179 10208
l 2532 2537
l 13480 13384
l 1507 1505
l 1250 1252
l 1250 1253
l 485 486
l 485 487
l 485 488
l 1505 1513
l 744 746
l 1505 1515
l 4076 4075
l 1005 999
l 744 750
l 751 744
l 2288 2286
l 2286 2289
l 2541 2546
l 3561 3572
l 2800 2805
l 2806 2800
l 2800 2807
l 4344 4342
l 4856 4857
l 4839 4844
l 4604 4597
l 3055 3069
l 4342 4350
l 4342 4351
l 4352 4342
l 14849 14813
l 11211 11266
l 14813 14852
l 11269 11211
l 455 454
l 11211 11273
l 11274 11211
l 14605 14560
l 4458 4470
l 13127 13128
l 12693 12661
l 12563 12248
l 12248 12564
l 12248 12565
l 14560 14614
l 14560 14615
l 4280 4279
l 13461 13459
l 1423 1425
l 3349 3350
l 3518 3517
l 11211 11333
l 11334 11211
l 3517 3522
l 3349 3357
l 14450 14644
l 4304 4321
l 2396 2398
l 4950 4953
l 7209 7210
l 3363 3349
l 7377 7378
l 11934 11979
l 7545 7546
l 9757 9756
l 13576 13372
l 11213 11231
l 11046 11037
l 10183 10301
l 10250 10274
l 10275 10250
l 5299 5300
l 4967 4971
l 14421 14712
l 10178 10179
l 9411 9412
l 8901 8902
l 3214 3213
l 8391 8392
l 12234 12235
l 4974 4967
l 11214 11216
l 14669 14433
l 11977 11990
l 11977 11992
l 11977 11993
l 11994 11977
l 10704 10715
l 2090 2091
l 2020 2018
l 1253 1251
l 1508 1510
l 999 998
l 231 232
l 233 231
l 488 490
l 488 491
l 1251 1260
l 998 1005
l 963 967
l 2797 2800
l 1761 1777
l 741 754
l 2892 2885
l 2804 2797
l 2550 2544
l 2544 2551
l 2797 2808
l 3054 3065
l 2544 2554
l 2090 2097
l 3345 3351
l 4818 4815
l 6029 6030
l 4853 4863
l 4343 4352
l 4343 4353
l 4815 4819
l 486 516
l 11212 11272
l 13301 13300
l 11212 11275
l 13276 13279
l 12566 12247
l 12569 12247
l 1936 1938
l 12580 12247
l 12247 12581
l 14760 14808
l 1770 1777
l 1778 1770
l 3795 3800
l 11194 11197
l 12247 12625
l 13807 13854
l 12247 12628
l 14948 14949
l 1618 1621
l 659 660
l 5915 5916
l 2749 2754
l 10414 10115
l 4687 4696
l 6769 6770
l 2749 2757
l 11099 11111
l 10930 10933
l 11037 11048
l 13039 13040
l 2759 2749
l 6937 6938
l 14816 14399
l 8149 8150
l 2680 2688
l 4355 4356
l 12699 12714
l 3563 3562
l 10177 10178
l 9922 9923
l 13127 13215
l 3562 3565
l 9157 9158
l 8647 8648
l 12233 12234
l 11978 11980
l 11213 11214
l 11213 11215
l 11213 11216
l 11213 11217
l 11218 11213
l 11468 11478
l 10448 10455
l 10448 10457
l 12759 12762
l 12759 12763
l 12764 12759
l 11229 11213
l 11213 11230
l 10463 10448
l 10448 10464
l 12424 12408
l 2018 2017
l 1507 1508
l 1507 1509
l 998 997
l 997 999
l 997 1000
l 1001 997
l 232 234
l 997 1003
l 742 748
l 3309 3308
l 1507 1518
l 2798 2799
l 752 742
l 2289 2288
l 742 754
l 2803 2798
l 2548 2543
l 3818 3829
l 5109 5110
l 2551 2543
l 14289 14328
l 2448 2445
l 4599 4602
l 4599 4603
l 4344 4348
l 4344 4349
l 4350 4344
l 4351 4344
l 6655 6656
l 11265 11205
l 4610 4603
l 12035 11976
l 4860 4868
l 4603 4613
l 4462 4478
l 13142 13145
l 12250 12566
l 14825 14826
l 11976 12066
l 12067 11976
l 14399 14845
l 13279 13874
l 11386 11384
l 13279 13880
l 14274 14303
l 11339 11205
l 12250 12624
l 11346 11205
l 11205 11348
l 12250 12630
l 11205 11351
l 11834 11830
l 8075 8076
l 1862 1859
l 11205 11368
l 11369 11205
l 3264 3274
l 1982 1981
l 4700 4701
l 4868 4870
l 13550 13559
l 4868 4871
l 13550 13560
l 13907 13432
l 1987 1981
l 1981 1990
l 13911 13432
l 4080 4079
l 3915 3911
l 4710 4712
l 4079 4081
l 2789 2788
l 10690 10695
l 2955 2954
l 12232 12233
l 8393 8394
l 12232 12235
l 8907 8908
l 12237 12232
l 9421 9422
l 10690 10703
l 10690 10704
l 10705 10690
l 14825 14862
l 864 868
l 10192 10197
l 14863 14825
l 4710 4717
l 6009 6010
l 12505 12507
l 4718 4710
l 10947 10975
l 10947 10976
l 10977 10947
l 2531 2530
l 2787 2789
l 3302 3301
l 3304 3301
l 13276 13289
l 234 233
l 3308 3301
l 490 493
l 1261 1262
l 1263 1261
l 1775 1776
l 1777 1775
l 3301 3314
l 1523 1518
l 1261 1268
l 1781 1775
l 7413 7414
l 1775 1783
l 1261 1272
l 1273 1261
l 4345 4346
l 4345 4347
l 764 747
l 747 765
l 5373 5374
l 4607 4602
l 4864 4859
l 492 514
l 11267 11206
l 4859 4869
l 4560 4561
l 9685 9702
l 13432 13932
l 9708 9685
l 1677 1682
l 14053 14049
l 13280 13877
l 13878 13280
l 9989 10042
l 10043 9989
l 2482 2483
l 2482 2484
l 3775 3777
l 11298 14922
l 2482 2485
l 12620 12249
l 3775 3778
l 12135 12136
l 11206 11345
l 3779 3775
l 12249 12631
l 1525 1526
l 3775 3782
l 10246 10146
l 404 407
l 7803 7804
l 7639 7640
l 1375 1373
l 5553 5554
l 2767 2768
l 11496 11467
l 11204 11203
l 8649 8650
l 12235 12231
l 9163 9164
l 9677 9680
l 10689 10705
l 14546 14547
l 11170 11167
l 15060 15061
l 12761 12762
l 9677 9691
l 9677 9692
l 9693 9677
l 13534 13535
l 11831 11834
l 9953 9936
l 2274 2275
l 2276 2274
l 2274 2277
l 2788 2790
l 3303 3302
l 4072 4071
l 2346 2351
l 3562 3557
l 3139 3148
l 489 492
l 748 749
l 750 748
l 1003 1007
l 1008 1003
l 9969 9936
l 1778 1776
l 1267 1262
l 756 748
l 748 757
l 1776 1782
l 748 759
l 1272 1262
l 2041 2031
l 1262 1274
l 2031 2043
l 5115 5116
l 4861 4860
l 2031 2046
l 4860 4863
l 6143 6144
l 4865 4858
l 489 515
l 4858 4868
l 4601 4615
l 2026 2029
l 11467 11514
l 12568 12252
l 13504 13519
l 11831 11849
l 3279 3272
l 11831 11850
l 1069 1073
l 14710 14679
l 1069 1074
l 3961 3956
l 9934 10046
l 10047 9934
l 1069 1076
l 3272 3280
l 3956 3963
l 12252 12616
l 11207 11337
l 11338 11207
l 12252 12620
l 12621 12252
l 915 909
l 14146 14103
l 909 917
l 13289 13290
l 3007 3009
l 9884 9909
l 11245 11242
l 9910 9884
l 8981 8982
l 7027 7028
l 14341 14898
l 757 762
l 14489 14490
l 4612 4609
l 1727 1724
l 1724 1728
l 4609 4614
l 13633 13625
l 7199 7200
l 4946 4945
l 3654 3655
l 4945 4948
l 14268 14230
l 10945 10946
l 10945 10947
l 11973 11974
l 10692 10695
l 10692 10696
l 8905 8906
l 8395 8396
l 9423 9424
l 9680 9681
l 3660 3654
l 9680 9686
l 14809 14804
l 14804 14810
l 3822 3827
l 10716 10692
l 3654 3662
l 13017 13023
l 2785 2787
l 2788 2785
l 2275 2277
l 2532 2534
l 4071 4070
l 3303 3304
l 1575 1572
l 746 745
l 2539 2532
l 235 236
l 237 235
l 1773 1774
l 492 495
l 1263 1264
l 1002 1009
l 1010 1002
l 1002 1012
l 1270 1263
l 7415 7416
l 1263 1273
l 2706 2703
l 4347 4349
l 4862 4857
l 13017 13055
l 4608 4604
l 4353 4347
l 4602 4610
l 490 515
l 4356 4347
l 4347 4358
l 4347 4359
l 12161 12163
l 13126 13127
l 12564 12251
l 10945 11030
l 11031 10945
l 12251 12569
l 11205 11204
l 1572 1586
l 14423 14424
l 12251 12584
l 12251 12585
l 14310 14347
l 11208 11204
l 12244 12652
l 1425 1418
l 12833 12834
l 12833 12835
l 14227 14229
l 12101 12056
l 12657 12244
l 10251 10252
l 11208 11339
l 11208 11340
l 11208 11341
l 12622 12251
l 3354 3352
l 13169 13170
l 2395 2396
l 3520 3524
l 2397 2395
l 11878 11882
l 2395 2398
l 3352 3361
l 2234 2227
l 2516 2518
l 3352 3363
l 14142 14143
l 3352 3366
l 14142 14144
l 5421 5422
l 8677 8678
l 13371 13579
l 4004 4001
l 4967 4966
l 4001 4006
l 3045 3044
l 15172 15173
l 1122 1120
l 11974 11975
l 6263 6264
l 9161 9162
l 8651 8652
l 10701 10179
l 9934 9935
l 9679 9680
l 15058 15059
l 3637 3638
l 9473 9966
l 10946 10977
l 3042 3041
l 14759 14792
l 2277 2276
l 4070 4069
l 962 964
l 3559 3560
l 3041 3049
l 1001 1002
l 1001 1003
l 491 492
l 491 493
l 236 238
l 746 751
l 1774 1776
l 2033 2029
l 1001 1010
l 1519 1524
l 1001 1013
l 1264 1270
l 1271 1264
l 7671 7672
l 2091 2095
l 5113 5114
l 4858 4859
l 4603 4604
l 4348 4349
l 4606 4603
l 4816 4817
l 495 513
l 4864 4867
l 4607 4612
l 12510 12550
l 12551 12510
l 2091 2098
l 10763 10695
l 10181 10254
l 10181 10255
l 12767 12816
l 12817 12767
l 2100 2091
l 4971 4980
l 12254 12568
l 1937 1935
l 9633 9627
l 12151 12082
l 13971 13978
l 9634 9627
l 810 812
l 14807 14759
l 813 810
l 3697 3700
l 3865 3866
l 14759 14809
l 14650 14651
l 13971 13984
l 12612 12254
l 10807 10829
l 12254 12621
l 11206 11266
l 11346 11201
l 11201 11353
l 11201 11354
l 11355 11201
l 1784 1783
l 14917 12381
l 2584 2582
l 2750 2751
l 660 662
l 4892 4894
l 2752 2750
l 2582 2588
l 2590 2582
l 12376 12364
l 2582 2591
l 2582 2592
l 10696 10730
l 7991 7992
l 5479 5480
l 1631 1633
l 5811 5812
l 12364 12381
l 1631 1634
l 506 507
l 12364 12382
l 506 508
l 11830 11878
l 13376 13372
l 14339 14319
l 11457 11463
l 10951 10952
l 10951 10953
l 9417 9418
l 10951 10955
l 10956 10951
l 10957 10951
l 8397 8398
l 10951 10959
l 8911 8912
l 3561 3566
l 10694 10713
l 13529 13530
l 3568 3561
l 14043 14045
l 9674 9697
l 3298 3297
l 5327 5328
l 3297 3300
l 3301 3297
l 3297 3302
l 2791 2792
l 3049 3048
l 1257 1258
l 2534 2539
l 1772 1771
l 1261 1257
l 238 237
l 494 495
l 494 496
l 494 497
l 2034 2028
l 2028 2035
l 7923 7924
l 2028 2037
l 751 758
l 10140 10142
l 760 751
l 751 761
l 5369 5370
l 13563 13529
l 5883 5884
l 13023 13053
l 3561 3575
l 496 513
l 4608 4610
l 4608 4611
l 3144 3136
l 4349 4357
l 4358 4349
l 13063 13023
l 10696 10760
l 4349 4361
l 14152 14159
l 2450 2448
l 10140 10146
l 4622 4608
l 4623 4608
l 14490 14491
l 12562 12253
l 12253 12563
l 14367 14349
l 12240 12238
l 10182 10298
l 10299 10182
l 10182 10311
l 3257 3260
l 11343 11202
l 11347 11202
l 13852 13863
l 11350 11202
l 11351 11202
l 3257 3262
l 11202 11354
l 12510 12524
l 11617 11621
l 12137 12123
l 11365 11202
l 11202 11366
l 11202 11367
l 11394 11438
l 14490 14511
l 12510 12525
l 14632 14639
l 12245 12634
l 1015 1016
l 12920 12922
l 13777 13806
l 1981 1980
l 1980 1982
l 7453 7454
l 6957 6958
l 1980 1983
l 13429 13904
l 14421 14773
l 14190 14152
l 1985 1980
l 14852 14826
l 13834 13860
l 14152 14191
l 14826 14853
l 14152 14192
l 2250 2243
l 4079 4078
l 10693 10694
l 5207 5208
l 11972 11976
l 4078 4081
l 10952 10954
l 10641 10650
l 9673 9676
l 9673 9677
l 8653 8654
l 9673 9679
l 9167 9168
l 11458 11473
l 9987 10031
l 14805 14806
l 15064 15065
l 13786 13785
l 12920 12938
l 1828 1830
l 13211 13239
l 12511 12510
l 12920 12939
l 11840 11845
l 3554 3553
l 3299 3298
l 13279 13284
l 3813 3812
l 2533 2534
l 2278 2279
l 2280 2278
l 2278 2281
l 1513 1514
l 1258 1259
l 2027 2028
l 1258 1261
l 1262 1258
l 493 496
l 752 753
l 1007 1010
l 2035 2027
l 8179 8180
l 6645 6646
l 2027 2039
l 7159 7160
l 4722 4715
l 11972 12027
l 6139 6140
l 4605 4606
l 4350 4351
l 5119 5120
l 4352 4353
l 493 514
l 4862 4867
l 4869 4862
l 12549 12590
l 1839 1828
l 1840 1828
l 4559 4561
l 12256 12561
l 9702 9688
l 10950 11027
l 11028 10950
l 12349 12820
l 14350 14341
l 4565 4559
l 14050 14051
l 4559 4567
l 14050 14052
l 13887 13834
l 14050 14053
l 13888 13834
l 13694 13667
l 14050 14054
l 10300 10183
l 4559 4570
l 10183 10302
l 14055 14050
l 4559 4571
l 12628 12582
l 14056 14050
l 3608 3610
l 12582 12629
l 14050 14057
l 13529 13898
l 3611 3608
l 14050 14058
l 2649 2650
l 11346 11203
l 3776 3778
l 2649 2651
l 11203 11351
l 9087 9088
l 11178 11177
l 3776 3784
l 13716 13735
l 3620 3608
l 3608 3621
l 1528 1533
l 14341 14371
l 13429 13953
l 11203 11416
l 411 403
l 2660 2669
l 6349 6350
l 12960 12984
l 14341 14380
l 2660 2670
l 13343 13676
l 12226 12227
l 1376 1380
l 9902 9903
l 11974 11969
l 11206 11207
l 11206 11208
l 11206 11209
l 11210 11206
l 3471 3470
l 1382 1376
l 8399 8400
l 10709 10696
l 10711 10696
l 2345 2346
l 10696 10713
l 3140 3143
l 2345 2347
l 12768 12769
l 2348 2345
l 3809 3811
l 3300 3299
l 4066 4069
l 2790 2789
l 3308 3311
l 3299 3304
l 2279 2281
l 2538 2536
l 1516 1517
l 1259 1262
l 751 749
l 239 240
l 241 239
l 239 242
l 496 499
l 4439 4441
l 1013 1006
l 6901 6902
l 759 749
l 749 760
l 1006 1017
l 749 762
l 12027 11969
l 1006 1020
l 3150 3140
l 4862 4861
l 4353 4351
l 11266 11204
l 4351 4355
l 4868 4861
l 4357 4351
l 10873 10878
l 14229 14230
l 4351 4360
l 14227 14268
l 14233 14229
l 3278 3284
l 11468 11513
l 11514 11468
l 1070 1071
l 3955 3959
l 12255 12604
l 11326 11204
l 3960 3955
l 12255 12612
l 12613 12255
l 4008 4015
l 11342 11204
l 3955 3963
l 11204 11349
l 11350 11204
l 12123 12157
l 14229 14246
l 11360 11204
l 9729 9739
l 1873 1878
l 916 917
l 3006 3007
l 2838 2842
l 3008 3006
l 13328 13725
l 3501 3511
l 8151 8152
l 12962 12954
l 12582 12692
l 2838 2847
l 5733 5734
l 758 760
l 12954 12966
l 12968 12954
l 4610 4613
l 13302 13296
l 9425 9426
l 12225 12226
l 12225 12227
l 11716 11715
l 3819 3821
l 11206 11205
l 10950 10953
l 10954 10950
l 9675 9676
l 9165 9166
l 8655 8656
l 5581 5582
l 11730 11715
l 3819 3824
l 10695 10709
l 15062 15063
l 10694 10724
l 3825 3819
l 10695 10714
l 10695 10715
l 4953 4952
l 14042 14045
l 14042 14046
l 12000 11970
l 11970 12001
l 11970 12002
l 4065 4067
l 3555 3556
l 3300 3301
l 3045 3046
l 3047 3045
l 2790 2792
l 2281 2280
l 2026 2025
l 2790 2795
l 1770 1772
l 1260 1261
l 2025 2030
l 750 751
l 752 750
l 1009 1005
l 240 242
l 750 755
l 750 756
l 10997 10950
l 1515 1526
l 14583 14552
l 6647 6648
l 4959 4952
l 5627 5628
l 5117 5118
l 4863 4862
l 4607 4608
l 10458 10497
l 2298 2306
l 1527 1539
l 2308 2298
l 2309 2298
l 13416 13959
l 1527 1543
l 14281 14344
l 4466 4460
l 11427 11435
l 9729 9773
l 12954 12990
l 14281 14363
l 14364 14281
l 11163 11490
l 10388 10408
l 4460 4471
l 10409 10388
l 4472 4460
l 9780 9729
l 14681 14423
l 3351 3352
l 4460 4480
l 11875 11876
l 3519 3520
l 14299 14229
l 9729 9790
l 14783 14863
l 3351 3358
l 3359 3351
l 9661 9698
l 3360 3351
l 12834 12845
l 12676 12226
l 12226 12677
l 2228 2236
l 8969 8970
l 7211 7212
l 7047 7048
l 10696 10761
l 2228 2240
l 5125 5126
l 14448 14449
l 7711 7712
l 2241 2228
l 7547 7548
l 14685 14436
l 12192 12194
l 13818 13805
l 12473 12487
l 14679 14776
l 4402 4398
l 5461 5462
l 4965 4967
l 1120 1113
l 3044 3043
l 9643 9641
l 14280 14281
l 14537 14538
l 4338 4339
l 4971 4965
l 8401 8402
l 13252 13267
l 8915 8916
l 9429 9430
l 9686 9687
l 10200 10202
l 10200 10205
l 3215 3216
l 11485 11490
l 12256 12259
l 4835 4836
l 4837 4835
l 5349 5350
l 4578 4583
l 4584 4578
l 10457 10473
l 4578 4586
l 4843 4835
l 4588 4578
l 7405 7406
l 7919 7920
l 242 241
l 14537 14579
l 498 501
l 10200 10230
l 10200 10231
l 1012 1016
l 755 761
l 1018 1012
l 1012 1019
l 2092 2094
l 1269 1277
l 2040 2046
l 2554 2559
l 498 512
l 1537 1528
l 1539 1528
l 3077 3070
l 11526 11485
l 3070 3080
l 3070 3081
l 12248 12247
l 13155 13121
l 13292 13883
l 4878 4881
l 11485 11544
l 14029 14084
l 4117 4120
l 11163 11542
l 4438 4439
l 2869 2873
l 809 812
l 13980 13972
l 10971 11063
l 3698 3700
l 14642 14643
l 3864 3866
l 809 815
l 13652 13634
l 13983 13972
l 13256 13893
l 2740 2739
l 3706 3708
l 2907 2908
l 2746 2739
l 2689 2704
l 1785 1784
l 12365 12367
l 5435 5436
l 418 420
l 14366 14355
l 14642 14655
l 13972 13994
l 12669 12225
l 12225 12670
l 9487 9486
l 12885 12850
l 13972 13999
l 12365 12377
l 13378 13567
l 11449 11439
l 10686 10201
l 10201 10687
l 1632 1638
l 12737 12743
l 13256 13251
l 14027 14024
l 13517 13510
l 13510 13518
l 13251 13263
l 12496 12482
l 8657 8658
l 9171 9172
l 3565 3564
l 15108 15109
l 14793 14807
l 10199 10200
l 13273 13251
l 2604 2603
l 13251 13275
l 11227 11228
l 11227 11229
l 10713 10719
l 12256 12255
l 14024 14049
l 12258 12255
l 4322 4323
l 4324 4322
l 1479 1478
l 9685 9703
l 6119 6120
l 4577 4586
l 3404 3396
l 4693 4697
l 9685 9709
l 2603 2608
l 14638 14639
l 8175 8176
l 497 498
l 497 499
l 497 500
l 3396 3406
l 756 758
l 759 756
l 756 760
l 1017 1011
l 1011 1018
l 2298 2299
l 1276 1270
l 1011 1021
l 3581 3582
l 2559 2553
l 2553 2560
l 244 257
l 1782 1794
l 1283 1272
l 12584 12819
l 10970 11014
l 11015 10970
l 11133 11648
l 1478 1487
l 11033 10970
l 10970 11034
l 11552 11488
l 11351 11366
l 14434 14436
l 12088 12105
l 13972 14032
l 1321 1318
l 10970 11070
l 1164 1166
l 1326 1332
l 12111 12088
l 3258 3259
l 12879 12876
l 2200 2215
l 3260 3258
l 7905 7906
l 1379 1382
l 1339 1326
l 4766 4776
l 8073 8074
l 3265 3258
l 3258 3267
l 14433 14670
l 12228 12671
l 12228 12678
l 5991 5992
l 1014 1019
l 12702 12228
l 12228 12703
l 1014 1020
l 4866 4868
l 12228 12706
l 12228 12707
l 14519 14491
l 14189 14151
l 1979 1984
l 11935 11933
l 14151 14190
l 11968 11964
l 3909 3910
l 1979 1987
l 12930 12917
l 1832 1825
l 14541 14539
l 14030 14021
l 8913 8914
l 8403 8404
l 865 862
l 4077 4082
l 9719 9702
l 9431 9432
l 13250 13273
l 13274 13250
l 4077 4083
l 10459 10460
l 10459 10461
l 14302 14278
l 11487 11488
l 14278 14308
l 4323 4325
l 5861 5862
l 4580 4583
l 5351 5352
l 4717 4716
l 6889 6890
l 6379 6380
l 2786 2794
l 7407 7408
l 753 754
l 2795 2786
l 243 244
l 243 245
l 243 246
l 243 247
l 1272 1271
l 1528 1529
l 1528 1530
l 1531 1528
l 2809 2812
l 1277 1271
l 2302 2299
l 2303 2299
l 3327 3328
l 3073 3072
l 2798 2786
l 1271 1283
l 2299 2308
l 2299 2309
l 3072 3078
l 2786 2799
l 10762 10714
l 3085 3072
l 4725 4716
l 10969 11026
l 10032 9987
l 11487 11548
l 1676 1675
l 10969 11060
l 11061 10969
l 14538 14904
l 15014 15015
l 3605 3607
l 12681 12717
l 3608 3605
l 12627 12581
l 3773 3774
l 10644 10674
l 3773 3775
l 3773 3776
l 12718 12681
l 14361 14342
l 2650 2652
l 3773 3781
l 12600 12571
l 1528 1527
l 7465 7466
l 12670 12227
l 12225 12228
l 7633 7634
l 12227 12678
l 12227 12679
l 12680 12227
l 7801 7802
l 2793 2792
l 11185 11184
l 1527 1536
l 12227 12712
l 12451 12448
l 12721 12227
l 12227 12722
l 2733 2735
l 5555 5556
l 12456 12448
l 14711 14680
l 14680 14712
l 13258 13249
l 15050 15051
l 3470 3469
l 9169 9170
l 3469 3471
l 3306 3301
l 12335 12316
l 9942 9946
l 14022 14043
l 13276 13249
l 12253 12254
l 12255 12253
l 5089 5090
l 12253 12259
l 4325 4324
l 6117 6118
l 4834 4839
l 3475 3469
l 4834 4841
l 7145 7146
l 4834 4843
l 6635 6636
l 8173 8174
l 3301 3311
l 7663 7664
l 9687 9713
l 1010 1009
l 2348 2350
l 10460 10485
l 499 502
l 2039 2037
l 244 248
l 1273 1272
l 1786 1782
l 1272 1275
l 2044 2037
l 1533 1527
l 1527 1534
l 1527 1535
l 244 256
l 5403 5404
l 3077 3065
l 11482 11527
l 14057 14088
l 10879 10874
l 14235 14228
l 12114 12147
l 9567 9601
l 14239 14228
l 11474 11177
l 12150 12114
l 14139 14157
l 3166 3165
l 14228 14244
l 13056 13017
l 915 917
l 2040 2045
l 915 918
l 3165 3173
l 14574 14582
l 12667 12230
l 12674 12230
l 12230 12675
l 12230 12676
l 14222 14250
l 7025 7026
l 12959 12964
l 4647 4649
l 1888 1889
l 1890 1888
l 1722 1728
l 10206 10688
l 13505 13506
l 10158 10156
l 12999 13001
l 1722 1731
l 3820 3821
l 3820 3822
l 9682 9683
l 3652 3657
l 8405 8406
l 3823 3820
l 8919 8920
l 3658 3652
l 10206 10716
l 12253 12252
l 12485 12511
l 11232 11233
l 5345 5346
l 10718 10723
l 5859 5860
l 10725 10718
l 3820 3826
l 12485 12519
l 4839 4840
l 1971 1973
l 7401 7402
l 4587 4582
l 4582 4588
l 4582 4589
l 4582 4590
l 4582 4591
l 6895 6896
l 14541 14577
l 4594 4582
l 4951 4956
l 1265 1268
l 1265 1269
l 1526 1522
l 10461 10487
l 760 759
l 245 249
l 1016 1018
l 2043 2036
l 1265 1276
l 3835 3837
l 614 611
l 502 511
l 2304 2301
l 245 257
l 12999 13058
l 2705 2701
l 611 616
l 245 268
l 10975 11021
l 611 618
l 12959 12991
l 11203 11202
l 13289 13836
l 4804 4799
l 9730 9780
l 12876 14915
l 13132 13135
l 4491 4492
l 14098 14089
l 4269 4268
l 8163 8164
l 13140 13132
l 4493 4491
l 12839 12840
l 12650 12229
l 3514 3523
l 12667 12229
l 12959 13010
l 6081 6082
l 12229 12678
l 14112 14089
l 10198 10196
l 2238 2229
l 12229 12698
l 12229 12700
l 12701 12229
l 6417 6418
l 12499 12521
l 13132 13153
l 12839 12853
l 2229 2241
l 6585 6586
l 13817 13808
l 12191 12195
l 1371 1369
l 1114 1118
l 14089 14120
l 14431 14680
l 1119 1114
l 3043 3042
l 10590 10066
l 12744 12757
l 13255 13256
l 10205 10698
l 10699 10205
l 14542 14543
l 15056 15057
l 1114 1122
l 4983 4989
l 10195 10196
l 9940 9941
l 8661 8662
l 13015 13000
l 9175 9176
l 9681 9690
l 9691 9681
l 12252 12251
l 10195 10207
l 11231 11232
l 11482 11489
l 5601 5602
l 11482 11491
l 6115 6116
l 4581 4582
l 4326 4327
l 4328 4326
l 4326 4329
l 7657 7658
l 8171 8172
l 4590 4581
l 4591 4581
l 4972 4976
l 1521 1522
l 1266 1267
l 11531 11158
l 4714 4722
l 13000 13046
l 11592 11136
l 501 504
l 1017 1015
l 1015 1018
l 246 251
l 1780 1788
l 253 246
l 501 511
l 3072 3071
l 2304 2305
l 248 258
l 248 259
l 260 248
l 248 261
l 13969 13970
l 10974 11022
l 4817 4814
l 2711 2714
l 14598 14603
l 3141 3151
l 14293 14271
l 1934 1933
l 14684 14431
l 13132 13179
l 13540 13379
l 14598 14608
l 2018 2026
l 13249 13874
l 13182 13132
l 11107 11698
l 3863 3864
l 3863 3865
l 13249 13892
l 13893 13249
l 13353 13350
l 4031 4034
l 2740 2742
l 2906 2908
l 4031 4037
l 1783 1781
l 12232 12649
l 15204 15205
l 1781 1785
l 12665 12232
l 7723 7724
l 13030 13032
l 7891 7892
l 13149 13152
l 14641 14657
l 10585 10605
l 9487 9485
l 14658 14641
l 8059 8060
l 14410 14750
l 12707 12704
l 5809 5810
l 13038 13042
l 13998 14008
l 1635 1629
l 14670 14674
l 14274 14275
l 508 509
l 11129 11131
l 1629 1638
l 4061 4053
l 3397 3395
l 10194 10195
l 9427 9428
l 9684 9685
l 8917 8918
l 14098 14109
l 3564 3563
l 3399 3395
l 12251 12250
l 9684 9692
l 9684 9694
l 9695 9684
l 14304 14274
l 9953 9937
l 5857 5858
l 10720 10723
l 5347 5348
l 11135 11644
l 4838 4837
l 11230 11239
l 4053 4062
l 1478 1477
l 4584 4586
l 4844 4837
l 11136 11641
l 4837 4846
l 6383 6384
l 1777 1778
l 2035 2034
l 1777 1780
l 1777 1781
l 10720 10742
l 1524 1527
l 247 248
l 247 249
l 247 250
l 247 251
l 247 252
l 253 247
l 504 510
l 2815 2813
l 11230 11264
l 2048 2049
l 2050 2048
l 261 247
l 14155 14150
l 10142 10138
l 2303 2312
l 2314 2303
l 2303 2315
l 11022 10973
l 10973 11023
l 11228 11280
l 11281 11228
l 10718 10773
l 12704 12732
l 13633 13695
l 1667 1668
l 13696 13633
l 1327 1325
l 1325 1329
l 12242 12236
l 13656 13349
l 1325 1331
l 10097 10472
l 1334 1325
l 10951 10954
l 12411 12445
l 4831 4841
l 10951 10958
l 1174 1173
l 14507 14492
l 3259 3264
l 12668 12231
l 3259 3266
l 12231 12670
l 7115 7116
l 12231 12680
l 12681 12231
l 2298 2307
l 3091 3104
l 1016 1013
l 12231 12699
l 3107 3091
l 1978 1981
l 14566 14560
l 1982 1978
l 12231 12715
l 12716 12231
l 2144 2149
l 8717 8718
l 7455 7456
l 14492 14522
l 3908 3911
l 11337 11208
l 4076 4077
l 13562 13545
l 9682 9684
l 12743 12744
l 4078 4076
l 3908 3913
l 4076 4079
l 3914 3908
l 9173 9174
l 864 861
l 8663 8664
l 14553 14544
l 14544 14554
l 12249 12251
l 9683 9695
l 10719 10720
l 10719 10721
l 1826 1828
l 10719 10723
l 5603 5604
l 10719 10725
l 5093 5094
l 4329 4328
l 4838 4842
l 1830 1826
l 4846 4838
l 6639 6640
l 4583 4593
l 2034 2033
l 4583 4595
l 1523 1524
l 1013 1014
l 1013 1015
l 503 504
l 503 505
l 503 506
l 758 763
l 3580 3579
l 248 253
l 3324 3326
l 255 248
l 2560 2559
l 2547 2561
l 1792 1794
l 250 259
l 1278 1284
l 1278 1285
l 1535 1542
l 250 263
l 12918 12944
l 250 266
l 12393 12367
l 14787 14864
l 14865 14787
l 11951 11984
l 11954 11934
l 13383 13380
l 9986 10032
l 14680 14679
l 9706 9682
l 13263 13879
l 11416 11197
l 9682 9708
l 10310 10193
l 13519 13899
l 9853 9907
l 3609 3606
l 557 560
l 13728 13726
l 1524 1522
l 12649 12234
l 12234 12650
l 3774 3780
l 13059 13031
l 3781 3774
l 12663 12234
l 11852 11871
l 8261 8262
l 2483 2491
l 15114 15115
l 2483 2492
l 14341 14879
l 12234 12681
l 12682 12234
l 14368 14343
l 3774 3787
l 3606 3624
l 1522 1535
l 6675 6676
l 1372 1370
l 6843 6844
l 12234 12719
l 12720 12234
l 2655 2667
l 2669 2655
l 1370 1377
l 4594 4593
l 1370 1378
l 4593 4595
l 13004 13003
l 13005 13003
l 13003 13006
l 13003 13007
l 6519 6520
l 13003 13009
l 10963 10964
l 11220 11221
l 11220 11222
l 11220 11223
l 11220 11224
l 11220 11225
l 8409 8410
l 12248 12251
l 8923 8924
l 13277 13260
l 9437 9438
l 13260 13279
l 13003 13024
l 13260 13281
l 6369 6370
l 3302 3307
l 6883 6884
l 7397 7398
l 9694 9703
l 3302 3308
l 10219 10208
l 4586 4588
l 3080 3085
l 5357 5358
l 4848 4843
l 4843 4849
l 2347 2348
l 2803 2804
l 2546 2549
l 2803 2806
l 2349 2347
l 2546 2552
l 3831 3834
l 251 249
l 252 249
l 1020 1021
l 249 254
l 1277 1279
l 1280 1277
l 1022 1025
l 249 258
l 1277 1283
l 3076 3062
l 1277 1285
l 249 262
l 249 266
l 13726 13763
l 11222 11285
l 11222 11286
l 13733 13332
l 3080 3087
l 13776 13856
l 13857 13776
l 1224 1232
l 14913 13252
l 12296 12346
l 11830 11849
l 13422 13448
l 1073 1072
l 13900 13520
l 13606 13610
l 1072 1075
l 13612 13606
l 2996 3001
l 11215 11276
l 2039 2040
l 12647 12233
l 12233 12648
l 1079 1072
l 2042 2039
l 3166 3170
l 11859 11830
l 7981 7982
l 14575 14581
l 14139 14210
l 3173 3166
l 920 914
l 922 914
l 9900 9941
l 10403 10407
l 14575 14588
l 10410 10403
l 6067 6068
l 13606 13629
l 14212 14139
l 10714 10696
l 12969 12960
l 6113 6114
l 10279 10136
l 1887 1892
l 1887 1893
l 15044 15045
l 1887 1894
l 10282 10136
l 13260 13259
l 13004 13009
l 10964 10965
l 10964 10966
l 10964 10967
l 10964 10968
l 8665 8666
l 13773 13787
l 3657 3649
l 11997 11992
l 11219 11230
l 13259 13279
l 9952 9953
l 6625 6626
l 13259 13283
l 7139 7140
l 13259 13285
l 7653 7654
l 8167 8168
l 2860 2863
l 4585 4586
l 1735 1736
l 4332 4330
l 10696 10725
l 2864 2860
l 4844 4847
l 1737 1735
l 4954 4950
l 2545 2546
l 2290 2291
l 2292 2290
l 2290 2293
l 2804 2806
l 13427 14020
l 4088 4087
l 3833 3832
l 3832 3834
l 505 508
l 765 764
l 505 510
l 764 767
l 12800 12745
l 1023 1025
l 1282 1280
l 1283 1280
l 252 260
l 252 261
l 262 252
l 263 252
l 14410 14413
l 252 265
l 14415 14410
l 11223 11292
l 11223 11294
l 2543 2536
l 2709 2702
l 4462 4468
l 11202 11201
l 12007 12013
l 2536 2545
l 1583 1584
l 4801 4800
l 15082 15083
l 1419 1420
l 4800 4803
l 14748 14754
l 4473 4462
l 5717 5718
l 1422 1419
l 4474 4462
l 13190 13149
l 14926 10689
l 12236 12629
l 3513 3516
l 1419 1427
l 3517 3513
l 12500 12507
l 3513 3520
l 12840 12841
l 12236 12661
l 306 310
l 12074 12075
l 2230 2235
l 12530 12535
l 12692 12236
l 2400 2401
l 7541 7542
l 5229 5230
l 10136 10324
l 2230 2238
l 11423 11390
l 2239 2230
l 12010 12013
l 12521 12500
l 306 316
l 12190 12191
l 14994 14995
l 4554 4562
l 14686 14437
l 13519 13380
l 13820 13807
l 13001 13002
l 14904 14574
l 13001 13009
l 3210 3209
l 1121 1115
l 13782 13776
l 10455 10451
l 10451 10456
l 10961 10969
l 1122 1115
l 11227 11218
l 8411 8412
l 13258 13279
l 9439 9440
l 11135 11586
l 6881 6882
l 10451 10467
l 6371 6372
l 4340 4341
l 7909 7910
l 14029 14055
l 7399 7400
l 14029 14057
l 4841 4842
l 10220 10206
l 4331 4333
l 4971 4974
l 14029 14063
l 4588 4592
l 4593 4588
l 2802 2801
l 2291 2293
l 3829 3830
l 2548 2551
l 3319 3320
l 3321 3319
l 761 762
l 251 253
l 254 251
l 251 255
l 1280 1279
l 1025 1024
l 1279 1282
l 12804 12746
l 12746 12805
l 13380 13532
l 251 268
l 2094 2095
l 10110 10434
l 11400 11179
l 4732 4733
l 1932 1934
l 2533 2542
l 11724 11718
l 14437 14691
l 10254 10298
l 4846 4850
l 14924 10946
l 4030 4031
l 11718 11727
l 967 980
l 14381 14888
l 4030 4032
l 14644 14645
l 13609 13352
l 13636 13654
l 815 818
l 12268 12511
l 11403 11179
l 12648 12235
l 11141 11593
l 2737 2745
l 2737 2746
l 2747 2737
l 12667 12235
l 2748 2737
l 12235 12672
l 12235 12673
l 11458 11175
l 14943 14944
l 1790 1782
l 1782 1791
l 663 664
l 666 663
l 13380 13564
l 11404 11440
l 663 670
l 10118 10407
l 12367 12380
l 1630 1633
l 6773 6774
l 6015 6016
l 15042 15043
l 10457 10458
l 4851 4852
l 10589 10600
l 3558 3560
l 13002 13007
l 13002 13009
l 14290 14285
l 11217 11219
l 10461 10457
l 10452 10453
l 1630 1638
l 10962 10967
l 2433 2435
l 10969 10962
l 9177 9178
l 11227 11217
l 8667 8668
l 2436 2433
l 3558 3564
l 4857 4851
l 2433 2437
l 6627 6628
l 663 679
l 8165 8166
l 10205 10215
l 7655 7656
l 5097 5098
l 4843 4842
l 4588 4587
l 4333 4332
l 4842 4846
l 3558 3567
l 5615 5616
l 4849 4842
l 3058 3057
l 4842 4851
l 2601 2606
l 2293 2292
l 3057 3062
l 4087 4085
l 2547 2552
l 2553 2547
l 1018 1017
l 3830 3835
l 3830 3836
l 507 509
l 2608 2601
l 1791 1790
l 2560 2547
l 768 769
l 254 258
l 768 771
l 11129 11132
l 11013 10968
l 13643 13352
l 11133 11129
l 268 254
l 14028 14094
l 254 275
l 10517 10454
l 10454 10519
l 14157 14149
l 4699 4703
l 10968 11035
l 11036 10968
l 4207 4208
l 12703 12731
l 13636 13694
l 14438 14444
l 13695 13636
l 10968 11053
l 11064 10968
l 10968 11065
l 4543 4545
l 10156 10182
l 10992 10952
l 10156 10183
l 3423 3422
l 3094 3092
l 3422 3425
l 10492 10457
l 8071 8072
l 3097 3092
l 11139 11594
l 12664 12238
l 12238 12665
l 10457 10494
l 14200 14207
l 2129 2138
l 3267 3260
l 3260 3269
l 14383 14389
l 5989 5990
l 1509 1515
l 3092 3107
l 14443 14660
l 13993 13988
l 1739 1736
l 11300 11255
l 3907 3911
l 6165 6166
l 14027 14028
l 12493 12495
l 4075 4078
l 12245 12244
l 10453 10454
l 3092 3117
l 5837 5838
l 9433 9434
l 10205 10204
l 8413 8414
l 13007 13023
l 8927 8928
l 4081 4075
l 7393 7394
l 3916 3907
l 7907 7908
l 11224 11237
l 4075 4082
l 13007 13031
l 6887 6888
l 5353 5354
l 5867 5868
l 14391 14877
l 1825 1829
l 8427 8428
l 3570 3571
l 1825 1830
l 3570 3573
l 4847 4854
l 2551 2550
l 2808 2807
l 1831 1825
l 3827 3834
l 1275 1273
l 1273 1276
l 3827 3837
l 870 868
l 253 255
l 256 253
l 513 512
l 868 871
l 2552 2564
l 10967 11014
l 11015 10967
l 11218 11278
l 11218 11279
l 11280 11218
l 874 868
l 4723 4714
l 10967 11034
l 2792 2800
l 14149 14209
l 10952 10993
l 13772 13859
l 10722 10750
l 10967 11056
l 11057 10967
l 14149 14215
l 1673 1680
l 12524 12596
l 3771 3772
l 3771 3773
l 14610 14609
l 12643 12237
l 12237 12644
l 12237 12645
l 558 560
l 10510 10511
l 1523 1521
l 2487 2486
l 14344 14362
l 4949 4952
l 7299 7300
l 2656 2657
l 9225 9226
l 2656 2658
l 14607 14598
l 13738 13725
l 11182 11183
l 2760 2758
l 12357 12405
l 13776 13804
l 408 409
l 2486 2499
l 2758 2761
l 1369 1374
l 11201 11386
l 1376 1369
l 15048 15049
l 2981 2985
l 10197 10701
l 3149 3141
l 13009 13008
l 11494 11463
l 12243 12244
l 14789 14806
l 13272 13263
l 10714 10709
l 14789 14811
l 10203 10205
l 8669 8670
l 13008 13023
l 9183 9184
l 13008 13025
l 7649 7650
l 11223 11235
l 2986 2981
l 11237 11223
l 4268 4258
l 7143 7144
l 2763 2758
l 4600 4596
l 4334 4335
l 4336 4334
l 4848 4849
l 4850 4848
l 4083 4084
l 3303 3309
l 2550 2549
l 2294 2295
l 2294 2296
l 11223 11257
l 3310 3303
l 1529 1531
l 2044 2043
l 1788 1789
l 510 509
l 255 254
l 5565 5566
l 1529 1537
l 1276 1282
l 11012 10966
l 1529 1541
l 10504 10456
l 3303 3313
l 12798 12756
l 1224 1217
l 11284 11219
l 8921 8922
l 14226 14229
l 14061 14095
l 14231 14226
l 14232 14226
l 10966 11051
l 10966 11052
l 14226 14233
l 2595 2604
l 14449 14631
l 13725 13771
l 9594 9593
l 10456 10580
l 8769 8770
l 2995 3000
l 12658 12240
l 2995 3004
l 3534 3543
l 3826 3818
l 3767 3759
l 11685 11681
l 913 920
l 13458 13389
l 913 923
l 12964 12957
l 13996 14023
l 10404 10410
l 13921 13964
l 14477 14509
l 7195 7196
l 1891 1886
l 7031 7032
l 11676 11677
l 1886 1892
l 13772 13773
l 14802 14792
l 3818 3819
l 11475 11476
l 4616 4613
l 3984 3985
l 4841 4840
l 3818 3820
l 10712 10713
l 4613 4617
l 3986 3984
l 9435 9436
l 10202 10205
l 8925 8926
l 10207 10202
l 8415 8416
l 10202 10209
l 2859 2860
l 7395 7396
l 4949 4950
l 6885 6886
l 6375 6376
l 2696 2691
l 5865 5866
l 9626 9593
l 5355 5356
l 4845 4847
l 3818 3825
l 3826 3825
l 3315 3316
l 3317 3315
l 2806 2805
l 3062 3063
l 3064 3062
l 2295 2297
l 2554 2552
l 1276 1275
l 1736 1738
l 766 765
l 767 765
l 255 256
l 1275 1281
l 258 255
l 1275 1283
l 1275 1284
l 1530 1541
l 10455 10502
l 1736 1740
l 609 613
l 13389 13480
l 14411 14412
l 2703 2691
l 609 614
l 275 255
l 2535 2540
l 13143 13194
l 2535 2542
l 14747 14748
l 2535 2543
l 12992 12957
l 13875 13258
l 12361 12330
l 14562 14617
l 9775 9521
l 1584 1586
l 459 457
l 11976 12034
l 10110 10112
l 12239 12629
l 3349 3348
l 14482 9641
l 9641 14483
l 12642 12239
l 3517 3516
l 3352 3348
l 12957 13003
l 4503 4505
l 12209 12208
l 1430 1432
l 3523 3516
l 3516 3524
l 14210 14149
l 14393 14841
l 4953 4949
l 10403 10116
l 3348 3363
l 1268 1274
l 1268 1275
l 10715 10762
l 14951 14952
l 6419 6420
l 12189 12194
l 15046 15047
l 14536 14537
l 14026 14027
l 13771 13772
l 13261 13262
l 13006 13009
l 12189 12197
l 11476 11477
l 11221 11222
l 1116 1120
l 10711 10712
l 11476 11481
l 6095 6096
l 1116 1121
l 9181 9182
l 11219 11743
l 8671 8672
l 8161 8162
l 7651 7652
l 10213 10201
l 7141 7142
l 4970 4971
l 6631 6632
l 6121 6122
l 5611 5612
l 11221 11245
l 5101 5102
l 14281 14319
l 4337 4336
l 4591 4594
l 4595 4591
l 14110 14102
l 3571 3573
l 3062 3061
l 4846 4856
l 2296 2297
l 2041 2042
l 2043 2041
l 1531 1532
l 1276 1277
l 1276 1278
l 767 766
l 512 511
