# Blender 5.1.1
# www.blender.org
mtllib nanzhou.mtl
o 南洲大桥
v -10.958538 -12.930451 -0.904228
v -18.916901 -12.930453 -0.285655
v -18.845036 -12.930453 0.329058
v -18.725731 -12.930453 0.936644
v -18.559729 -12.930453 1.532945
v -18.347994 -12.930453 2.114695
v -18.091845 -12.930453 2.678034
v -17.792767 -12.930453 3.220288
v -17.452595 -12.930453 3.737304
v -17.073376 -12.930453 4.226698
v -16.657387 -12.930453 4.685210
v -16.207117 -12.930453 5.109867
v -15.725274 -12.930453 5.498591
v -15.214776 -12.930453 5.848710
v -14.678666 -12.930453 6.158145
v -14.120190 -12.930453 6.425114
v -13.542690 -12.930453 6.648134
v -12.949674 -12.930453 6.825717
v -12.344667 -12.930451 6.956678
v -11.731310 -12.930451 7.040719
v -11.113330 -12.930451 7.076651
v -10.494404 -12.930451 7.064476
v -9.878280 -12.930451 7.004489
v -9.268643 -12.930451 6.897286
v -8.669168 -12.930451 6.742865
v -8.083474 -12.930451 6.542415
v -7.515059 -12.930451 6.297123
v -6.967358 -12.930451 6.008772
v -6.443664 -12.930451 5.678550
v -5.947114 -12.930451 5.308833
v -5.480706 -12.930451 4.901993
v -5.047252 -12.930451 4.459816
v -4.649340 -12.930451 3.985566
v -4.289374 -12.930451 3.482213
v -3.969517 -12.930451 2.952131
v -3.691690 -12.930451 2.398890
v -3.457572 -12.930451 1.825751
v -3.268564 -12.930451 1.236280
v -3.125799 -12.930451 0.634039
v -3.030149 -12.930451 0.022296
v -2.982181 -12.930451 -0.594792
v -2.982181 -12.930451 -1.213960
v -3.030149 -12.930451 -1.831049
v -3.125799 -12.930451 -2.442495
v -3.268564 -12.930451 -3.045033
v -3.457572 -12.930451 -3.634504
v -3.691689 -12.930451 -4.207345
v -3.969517 -12.930451 -4.760587
v -4.289374 -12.930451 -5.290666
v -4.649339 -12.930451 -5.794314
v -5.047251 -12.930451 -6.268564
v -5.480705 -12.930451 -6.710446
v -5.947113 -12.930451 -7.117582
v -6.443663 -12.930451 -7.487004
v -6.967357 -12.930451 -7.817227
v -7.515059 -12.930451 -8.105577
v -8.083473 -12.930451 -8.350868
v -8.669168 -12.930451 -8.551319
v -9.268642 -12.930451 -8.705740
v -9.878279 -12.930451 -8.813240
v -10.494403 -12.930451 -8.873227
v -11.113329 -12.930451 -8.885105
v -11.731309 -12.930451 -8.849173
v -12.344666 -12.930451 -8.765429
v -12.949673 -12.930453 -8.634469
v -13.542689 -12.930453 -8.456885
v -14.120189 -12.930453 -8.233866
v -14.678665 -12.930453 -7.966897
v -15.214775 -12.930453 -7.657165
v -15.725273 -12.930453 -7.307045
v -16.207115 -12.930453 -6.918618
v -16.657385 -12.930453 -6.493664
v -17.073374 -12.930453 -6.035152
v -17.452595 -12.930453 -5.546055
v -17.792767 -12.930453 -5.028746
v -18.091845 -12.930453 -4.486788
v -18.347994 -12.930453 -3.923153
v -18.559729 -12.930453 -3.341403
v -18.725731 -12.930453 -2.745101
v -18.845036 -12.930453 -2.137813
v -18.916901 -12.930453 -1.522802
v -18.940899 -12.930453 -0.904229
v -18.940899 -16.731579 -0.904229
v -18.916901 -16.731579 -0.285655
v -18.845036 -16.731579 0.329058
v -18.725731 -16.731579 0.936644
v -18.559729 -16.731579 1.532945
v -18.347994 -16.731579 2.114695
v -18.091845 -16.731579 2.678034
v -17.792767 -16.731579 3.220288
v -17.452595 -16.731579 3.737304
v -17.073374 -16.731579 4.226698
v -16.657385 -16.731579 4.685210
v -16.207115 -16.731579 5.109867
v -15.725274 -16.731579 5.498591
v -15.214776 -16.731579 5.848710
v -14.678666 -16.731579 6.158145
v -14.120190 -16.731579 6.425114
v -13.542690 -16.731579 6.648134
v -12.949674 -16.731579 6.825717
v -12.344667 -16.731575 6.956678
v -11.731310 -16.731575 7.040719
v -11.113330 -16.731575 7.076651
v -10.494404 -16.731575 7.064476
v -9.878280 -16.731575 7.004489
v -9.268643 -16.731575 6.897286
v -8.669168 -16.731575 6.742865
v -8.083474 -16.731575 6.542415
v -7.515059 -16.731575 6.297123
v -6.967358 -16.731575 6.008772
v -6.443664 -16.731575 5.678550
v -5.947114 -16.731575 5.308833
v -5.480706 -16.731575 4.901993
v -5.047251 -16.731575 4.459816
v -4.649339 -16.731575 3.985566
v -4.289374 -16.731575 3.482213
v -3.969517 -16.731575 2.952131
v -3.691690 -16.731575 2.398890
v -3.457572 -16.731575 1.825751
v -3.268564 -16.731575 1.236280
v -3.125799 -16.731575 0.634039
v -3.030149 -16.731575 0.022296
v -2.982180 -16.731575 -0.594792
v -2.982180 -16.731575 -1.213960
v -3.030149 -16.731575 -1.831049
v -3.125799 -16.731575 -2.442495
v -3.268564 -16.731575 -3.045033
v -3.457571 -16.731575 -3.634504
v -3.691689 -16.731575 -4.207345
v -3.969516 -16.731575 -4.760587
v -4.289373 -16.731575 -5.290666
v -4.649339 -16.731575 -5.794314
v -5.047251 -16.731575 -6.268564
v -5.480705 -16.731575 -6.710446
v -5.947113 -16.731575 -7.117582
v -6.443663 -16.731575 -7.487004
v -6.967357 -16.731575 -7.817227
v -7.515058 -16.731575 -8.105577
v -8.083473 -16.731575 -8.350868
v -8.669168 -16.731575 -8.551319
v -9.268642 -16.731575 -8.705740
v -9.878279 -16.731575 -8.813240
v -10.494403 -16.731575 -8.873227
v -11.113329 -16.731575 -8.885105
v -11.731309 -16.731575 -8.849173
v -12.344666 -16.731575 -8.765429
v -12.949673 -16.731579 -8.634469
v -13.542689 -16.731579 -8.456885
v -14.120189 -16.731579 -8.233866
v -14.678665 -16.731579 -7.966897
v -15.214775 -16.731579 -7.657165
v -15.725273 -16.731579 -7.307045
v -16.207115 -16.731579 -6.918618
v -16.657385 -16.731579 -6.493664
v -17.073374 -16.731579 -6.035152
v -17.452595 -16.731579 -5.546055
v -17.792767 -16.731579 -5.028746
v -18.091845 -16.731579 -4.486788
v -18.347994 -16.731579 -3.923153
v -18.559729 -16.731579 -3.341403
v -18.725731 -16.731579 -2.745101
v -18.845036 -16.731579 -2.137813
v -18.916901 -16.731579 -1.522802
v -10.958537 -16.731575 -0.904228
v 17.169771 -4.461474 99.580292
v 17.169777 -4.461474 39.522522
v 1.205056 -4.043424 39.522522
v 1.205061 -4.043424 -20.535252
v 17.169781 -4.461474 -20.535250
v 1.205065 -4.043424 -80.593002
v 17.169786 -4.461474 -80.593002
v 1.205070 -4.043424 -140.650757
v 17.169790 -4.461474 -140.650757
v 1.205052 -4.043424 99.580292
v 17.169771 -4.841587 99.580292
v 17.169777 -4.841587 39.522522
v 17.169781 -4.841587 -20.535250
v 17.169786 -4.841587 -80.593002
v 17.169790 -4.841587 -140.650757
v 14.508986 -4.841587 99.580292
v 14.508991 -4.841587 39.522522
v 14.508995 -4.841587 -20.535250
v 14.509000 -4.841587 -80.593002
v 14.509005 -4.841587 -140.650757
v 13.748761 -5.069727 99.580292
v 13.748766 -5.069727 39.522522
v 13.748770 -5.069727 -20.535250
v 13.748775 -5.069727 -80.593002
v 13.748779 -5.069727 -140.650757
v 13.748761 -6.818246 99.580292
v 13.748766 -6.818246 39.522522
v 13.748770 -6.818246 -20.535250
v 13.748775 -6.818246 -80.593002
v 13.748779 -6.818246 -140.650757
v -13.619332 -6.818248 99.580292
v -13.619328 -6.818248 39.522522
v -13.619324 -6.818248 -20.535254
v -13.619319 -6.818248 -80.593002
v -13.619314 -6.818248 -140.650757
v -13.619332 -5.069729 99.580292
v -13.619328 -5.069729 39.522522
v -13.619324 -5.069729 -20.535254
v -13.619319 -5.069729 -80.593002
v -13.619314 -5.069729 -140.650757
v -14.379558 -4.841589 99.580292
v -14.379553 -4.841589 39.522522
v -14.379549 -4.841589 -20.535254
v -14.379544 -4.841589 -80.593002
v -14.379539 -4.841589 -140.650757
v -17.040346 -4.841589 99.580292
v -17.040340 -4.841589 39.522522
v -17.040337 -4.841589 -20.535254
v -17.040331 -4.841589 -80.593002
v -17.040327 -4.841589 -140.650757
v -1.075623 -4.043424 99.580292
v -17.040346 -4.461476 99.580292
v -17.040327 -4.461476 -140.650757
v -1.075605 -4.043424 -140.650757
v -17.040340 -4.461476 39.522522
v -17.040337 -4.461476 -20.535254
v -17.040331 -4.461476 -80.593002
v -1.075618 -4.043424 39.522522
v -1.075614 -4.043424 -20.535252
v -1.075609 -4.043424 -80.593002
v 11.087982 -12.930451 -0.904227
v 19.046335 -12.930449 -1.522799
v 18.974470 -12.930449 -2.137810
v 18.855175 -12.930449 -2.745099
v 18.689173 -12.930449 -3.341400
v 18.477448 -12.930449 -3.923150
v 18.221279 -12.930449 -4.486785
v 17.922220 -12.930449 -5.028743
v 17.582048 -12.930449 -5.546052
v 17.202827 -12.930449 -6.035150
v 16.786829 -12.930449 -6.493662
v 16.336559 -12.930449 -6.918615
v 15.854719 -12.930449 -7.307043
v 15.344212 -12.930449 -7.657162
v 14.808110 -12.930449 -7.966895
v 14.249635 -12.930449 -8.233864
v 13.672144 -12.930449 -8.456883
v 13.079109 -12.930449 -8.634467
v 12.474103 -12.930451 -8.765428
v 11.860764 -12.930451 -8.849171
v 11.242775 -12.930451 -8.885103
v 10.623849 -12.930451 -8.873225
v 10.007716 -12.930451 -8.813238
v 9.398088 -12.930451 -8.705738
v 8.798614 -12.930451 -8.551317
v 8.212919 -12.930451 -8.350868
v 7.644504 -12.930451 -8.105577
v 7.096803 -12.930451 -7.817226
v 6.573109 -12.930451 -7.487003
v 6.076559 -12.930451 -7.117581
v 5.610151 -12.930451 -6.710445
v 5.176697 -12.930451 -6.268563
v 4.778786 -12.930451 -5.794314
v 4.418820 -12.930451 -5.290665
v 4.098963 -12.930451 -4.760586
v 3.821136 -12.930451 -4.207345
v 3.587018 -12.930451 -3.634503
v 3.398010 -12.930451 -3.045032
v 3.255245 -12.930451 -2.442495
v 3.159595 -12.930451 -1.831048
v 3.111627 -12.930451 -1.213959
v 3.111626 -12.930451 -0.594792
v 3.159595 -12.930451 0.022297
v 3.255245 -12.930451 0.634040
v 3.398010 -12.930451 1.236281
v 3.587018 -12.930451 1.825752
v 3.821135 -12.930451 2.398890
v 4.098963 -12.930451 2.952132
v 4.418819 -12.930451 3.482214
v 4.778785 -12.930451 3.985567
v 5.176696 -12.930451 4.459816
v 5.610150 -12.930451 4.901993
v 6.076558 -12.930451 5.308833
v 6.573108 -12.930451 5.678552
v 7.096802 -12.930451 6.008774
v 7.644503 -12.930451 6.297125
v 8.212918 -12.930451 6.542417
v 8.798613 -12.930451 6.742867
v 9.398088 -12.930451 6.897288
v 10.007715 -12.930451 7.004491
v 10.623848 -12.930451 7.064477
v 11.242774 -12.930451 7.076653
v 11.860763 -12.930451 7.040720
v 12.474102 -12.930451 6.956680
v 13.079108 -12.930449 6.825719
v 13.672143 -12.930449 6.648136
v 14.249634 -12.930449 6.425116
v 14.808109 -12.930449 6.158147
v 15.344211 -12.930449 5.848711
v 15.854718 -12.930449 5.498593
v 16.336557 -12.930449 5.109869
v 16.786827 -12.930449 4.685212
v 17.202826 -12.930449 4.226700
v 17.582048 -12.930449 3.737307
v 17.922220 -12.930449 3.220291
v 18.221279 -12.930449 2.678037
v 18.477448 -12.930449 2.114698
v 18.689173 -12.930449 1.532948
v 18.855175 -12.930449 0.936646
v 18.974470 -12.930449 0.329061
v 19.046335 -12.930449 -0.285652
v 19.070343 -12.930449 -0.904226
v 19.070343 -16.731575 -0.904226
v 19.046335 -16.731575 -1.522799
v 18.974470 -16.731575 -2.137810
v 18.855175 -16.731575 -2.745099
v 18.689173 -16.731575 -3.341400
v 18.477448 -16.731575 -3.923150
v 18.221279 -16.731575 -4.486785
v 17.922220 -16.731575 -5.028743
v 17.582048 -16.731575 -5.546052
v 17.202827 -16.731575 -6.035150
v 16.786829 -16.731575 -6.493662
v 16.336559 -16.731575 -6.918615
v 15.854719 -16.731575 -7.307043
v 15.344212 -16.731575 -7.657162
v 14.808110 -16.731575 -7.966895
v 14.249635 -16.731575 -8.233864
v 13.672144 -16.731575 -8.456883
v 13.079109 -16.731575 -8.634467
v 12.474103 -16.731575 -8.765428
v 11.860764 -16.731575 -8.849171
v 11.242775 -16.731575 -8.885103
v 10.623849 -16.731575 -8.873225
v 10.007716 -16.731575 -8.813238
v 9.398088 -16.731575 -8.705738
v 8.798614 -16.731575 -8.551317
v 8.212919 -16.731575 -8.350868
v 7.644505 -16.731575 -8.105577
v 7.096803 -16.731575 -7.817226
v 6.573109 -16.731575 -7.487003
v 6.076559 -16.731575 -7.117581
v 5.610151 -16.731575 -6.710445
v 5.176697 -16.731575 -6.268563
v 4.778786 -16.731575 -5.794314
v 4.418820 -16.731575 -5.290665
v 4.098964 -16.731575 -4.760586
v 3.821136 -16.731575 -4.207345
v 3.587018 -16.731575 -3.634503
v 3.398010 -16.731575 -3.045032
v 3.255245 -16.731575 -2.442495
v 3.159595 -16.731575 -1.831048
v 3.111627 -16.731575 -1.213959
v 3.111627 -16.731575 -0.594792
v 3.159595 -16.731575 0.022297
v 3.255245 -16.731575 0.634040
v 3.398010 -16.731575 1.236281
v 3.587018 -16.731575 1.825752
v 3.821136 -16.731575 2.398890
v 4.098963 -16.731575 2.952132
v 4.418820 -16.731575 3.482214
v 4.778785 -16.731575 3.985567
v 5.176696 -16.731575 4.459816
v 5.610150 -16.731575 4.901993
v 6.076558 -16.731575 5.308833
v 6.573108 -16.731575 5.678552
v 7.096802 -16.731575 6.008774
v 7.644503 -16.731575 6.297125
v 8.212918 -16.731575 6.542417
v 8.798613 -16.731575 6.742867
v 9.398088 -16.731575 6.897288
v 10.007715 -16.731575 7.004491
v 10.623848 -16.731575 7.064477
v 11.242774 -16.731575 7.076653
v 11.860763 -16.731575 7.040720
v 12.474102 -16.731575 6.956680
v 13.079108 -16.731575 6.825719
v 13.672143 -16.731575 6.648136
v 14.249634 -16.731575 6.425116
v 14.808109 -16.731575 6.158147
v 15.344211 -16.731575 5.848711
v 15.854718 -16.731575 5.498593
v 16.336559 -16.731575 5.109869
v 16.786829 -16.731575 4.685212
v 17.202827 -16.731575 4.226700
v 17.582048 -16.731575 3.737307
v 17.922220 -16.731575 3.220291
v 18.221279 -16.731575 2.678037
v 18.477448 -16.731575 2.114698
v 18.689173 -16.731575 1.532948
v 18.855175 -16.731575 0.936646
v 18.974470 -16.731575 0.329061
v 19.046335 -16.731575 -0.285652
v 11.087983 -16.731575 -0.904227
v 12.038260 44.420902 2.086189
v 10.137697 44.420902 2.086189
v 10.137697 41.085037 4.926048
v 12.038260 41.085037 4.926048
v 12.038260 42.016079 1.224997
v 10.137697 42.016079 1.224997
v 12.038260 39.595806 0.408349
v 10.137697 39.595806 0.408349
v 12.038260 37.160912 -0.363754
v 10.137697 37.160912 -0.363754
v 12.038260 34.712212 -1.090719
v 10.137698 34.712212 -1.090719
v 12.038260 32.250542 -1.772546
v 10.137698 32.250542 -1.772546
v 12.038260 29.776741 -2.408937
v 10.137698 29.776741 -2.408937
v 12.038260 27.291637 -2.999596
v 10.137698 27.291637 -2.999596
v 12.038261 24.796085 -3.544523
v 10.137699 24.796085 -3.544523
v 12.038261 22.290922 -4.043421
v 10.137699 22.290922 -4.043421
v 12.038261 19.777002 -4.495992
v 10.137699 19.777002 -4.495992
v 12.038261 17.255171 -4.902237
v 10.137699 17.255171 -4.902237
v 12.038262 14.726292 -5.262156
v 10.137700 14.726292 -5.262156
v 12.038262 12.191216 -5.575155
v 10.137700 12.191216 -5.575155
v 12.038262 9.650804 -5.841530
v 10.137700 9.650804 -5.841531
v 12.038262 7.105916 -6.061283
v 10.137700 7.105916 -6.061283
v 12.038262 4.557418 -6.234116
v 10.137700 4.557418 -6.234116
v 12.038263 2.006173 -6.359731
v 10.137701 2.006173 -6.359731
v 12.038263 -0.546958 -6.438723
v 10.137701 -0.546958 -6.438723
v 12.038263 -3.101107 -6.470498
v 10.137701 -3.101107 -6.470498
v 12.038263 -5.655406 -6.455056
v 10.137701 -5.655406 -6.455056
v 12.038263 -8.208995 -6.392990
v 10.137701 -8.208995 -6.392991
v 12.038264 -10.761001 -6.283708
v 10.137702 -10.761001 -6.283709
v 12.038264 -13.310565 -6.127505
v 10.137702 -13.310565 -6.127506
v 12.038263 -0.759975 -2.641162
v 12.038262 1.750724 -2.565733
v 12.038262 4.259584 -2.443682
v 12.038262 6.765739 -2.275007
v 12.038263 -8.294391 -2.586521
v 12.038263 -5.783402 -2.651556
v 12.038263 -10.803735 -2.474863
v 12.038263 -3.271641 -2.669671
v 12.038261 16.745953 -1.134967
v 12.038261 14.259293 -1.489540
v 12.038261 19.225584 -0.734067
v 12.038261 21.697317 -0.286841
v 12.038260 24.160309 0.205821
v 12.038260 26.613693 0.744511
v 12.038260 29.056629 1.328934
v 12.038262 9.268321 -2.059709
v 12.038261 11.766460 -1.797788
v 12.038260 36.314278 3.353036
v 12.038260 33.907761 2.633195
v 12.038260 38.706978 4.117418
v 12.038260 31.488266 1.958495
v 12.038264 -13.310565 -2.316582
v 10.137700 4.259583 -2.443682
v 10.137700 6.765739 -2.275007
v 10.137700 1.750724 -2.565734
v 10.137701 -0.759975 -2.641162
v 10.137701 -3.271641 -2.669671
v 10.137701 -5.783402 -2.651556
v 10.137701 -8.294391 -2.586521
v 10.137701 -10.803735 -2.474863
v 10.137698 26.613693 0.744511
v 10.137698 24.160309 0.205820
v 10.137699 21.697317 -0.286841
v 10.137699 19.225584 -0.734067
v 10.137699 16.745953 -1.134967
v 10.137699 14.259293 -1.489541
v 10.137697 36.314278 3.353036
v 10.137697 33.907761 2.633195
v 10.137699 11.766460 -1.797788
v 10.137700 9.268321 -2.059709
v 10.137702 -13.310565 -2.316582
v 10.137698 31.488266 1.958495
v 10.137698 29.056629 1.328934
v 10.137697 38.706978 4.117418
v 11.772181 33.907761 2.633195
v 11.772182 31.488266 1.958495
v 11.772182 29.056629 1.328934
v 11.772182 26.613693 0.744511
v 11.772182 24.160309 0.205821
v 11.772182 21.697317 -0.286841
v 11.772182 19.225584 -0.734067
v 11.772182 16.745953 -1.134967
v 11.772182 14.259293 -1.489540
v 11.772182 11.766460 -1.797788
v 11.772183 9.268321 -2.059709
v 11.772183 6.765739 -2.275007
v 11.772183 4.259584 -2.443682
v 11.772183 1.750724 -2.565734
v 11.772184 -0.759975 -2.641162
v 11.772184 -3.271641 -2.669671
v 11.772184 -5.783402 -2.651556
v 11.772184 -8.294391 -2.586521
v 11.772184 -10.803735 -2.474863
v 11.772185 -13.310565 -2.316582
v 10.403781 -13.310565 -2.316582
v 10.403780 -10.803735 -2.474863
v 10.403780 -8.294391 -2.586521
v 10.403780 -5.783402 -2.651556
v 10.403780 -3.271641 -2.669671
v 10.403780 -0.759975 -2.641162
v 10.403779 1.750724 -2.565734
v 10.403779 4.259583 -2.443682
v 10.403779 6.765739 -2.275007
v 10.403779 9.268321 -2.059709
v 10.403778 11.766460 -1.797788
v 10.403778 14.259293 -1.489541
v 10.403778 16.745953 -1.134967
v 10.403778 19.225584 -0.734067
v 10.403778 21.697317 -0.286841
v 10.403777 24.160309 0.205820
v 10.403777 26.613693 0.744511
v 10.403777 29.056629 1.328934
v 10.403777 31.488266 1.958495
v 11.772181 35.932594 3.235435
v 10.403776 35.932594 3.235435
v 10.403776 33.907761 2.633195
v 10.403779 -2.626206 6.127857
v 10.403779 -4.043423 6.832846
v 11.772183 -4.043423 6.832846
v 10.403779 -1.188652 5.465630
v 11.772183 -2.626206 6.127857
v 10.403779 0.267969 4.846165
v 11.772183 -1.188652 5.465630
v 10.403779 1.742369 4.270354
v 11.772183 0.267969 4.846165
v 10.403779 3.233240 3.738494
v 11.772183 1.742369 4.270354
v 10.403779 4.739262 3.251472
v 11.772183 3.233240 3.738494
v 10.403779 6.259109 2.809294
v 11.772183 4.739263 3.251472
v 10.403778 7.791431 2.412551
v 11.772183 6.259109 2.809294
v 10.403778 9.334877 2.061541
v 11.772182 7.791431 2.412551
v 10.403778 10.888075 1.756560
v 11.772182 9.334877 2.061541
v 10.403778 12.449656 1.498203
v 11.772182 10.888075 1.756560
v 10.403778 14.018237 1.286171
v 11.772182 12.449656 1.498203
v 10.403778 15.592430 1.120763
v 11.772182 14.018237 1.286171
v 10.403778 17.170841 1.002275
v 11.772182 15.592430 1.120763
v 10.403778 18.752083 0.931004
v 11.772182 17.170841 1.002275
v 10.403778 20.334740 0.906653
v 11.772182 18.752083 0.931004
v 10.403777 21.917423 0.929222
v 11.772182 20.334740 0.906653
v 10.403777 23.498730 0.999008
v 11.772182 21.917423 0.929222
v 10.403777 25.077263 1.116012
v 11.772182 23.498730 0.999008
v 10.403777 26.651623 1.279638
v 11.772182 25.077263 1.116012
v 10.403777 28.220417 1.490185
v 11.772182 26.651623 1.279638
v 10.403777 29.782261 1.747057
v 11.772182 28.220417 1.490185
v 10.403777 31.335770 2.050554
v 11.772182 29.782261 1.747057
v 10.403776 32.879574 2.399782
v 11.772182 31.335770 2.050554
v 10.403776 34.412296 2.795040
v 11.772181 32.879574 2.399782
v 11.772181 34.412296 2.795040
v 10.403780 -12.408906 3.692464
v 10.403780 -13.310565 3.629508
v 11.772184 -13.310565 3.629508
v 10.403780 -11.511802 3.802638
v 11.772184 -12.408906 3.692464
v 10.403780 -10.621741 3.960028
v 11.772184 -11.511802 3.802638
v 10.403780 -9.741187 4.163744
v 11.772184 -10.621741 3.960028
v 10.403780 -8.872581 4.413787
v 11.772184 -9.741187 4.163744
v 10.403780 -8.018324 4.708969
v 11.772184 -8.872581 4.413787
v 10.403779 -7.180789 5.048694
v 11.772184 -8.018324 4.708969
v 10.403779 -6.362294 5.432370
v 11.772183 -7.180789 5.048694
v 10.403779 -5.565104 5.858215
v 11.772183 -6.362294 5.432370
v 10.403779 -4.791434 6.325337
v 11.772183 -5.565104 5.858215
v 11.772183 -4.791434 6.325337
v 11.772184 -9.775762 -1.974778
v 11.772184 -10.244363 -2.060303
v 11.772184 -10.710059 -2.121180
v 11.772184 -11.160619 1.936520
v 11.772184 -10.689979 2.027390
v 11.772184 -10.225947 2.092722
v 11.772184 -11.162393 -2.156816
v 11.772184 -9.759370 2.134000
v 11.772184 -9.307069 -1.864010
v 11.772184 -11.629111 1.820407
v 11.772184 -9.325019 2.150036
v 11.772184 -8.875377 -1.737801
v 11.772184 -11.594216 -2.168694
v 11.772184 -8.911572 2.143503
v 11.772184 -12.001122 -2.158597
v 11.772184 -8.435517 -1.583084
v 11.772184 -8.526599 2.116479
v 11.772184 -12.084699 1.681132
v 11.772184 -12.517264 1.521663
v 11.772184 -8.067541 -1.429851
v 11.772184 -7.730727 -1.266818
v 11.772184 -12.377561 -2.128307
v 11.772184 -12.876534 1.365163
v 11.772184 -13.310565 1.140363
v 11.772184 -13.203332 1.200052
v 11.772184 -7.428027 -1.097252
v 11.772184 -7.827352 2.004524
v 11.772184 -12.726695 -2.080199
v 11.772184 -7.041439 -0.837410
v 11.772184 -7.158649 -0.922341
v 11.772184 -7.537325 1.927908
v 11.772184 -8.173749 2.071341
v 11.772184 -13.046557 -2.015759
v 11.772184 -6.824686 -0.661608
v 11.772184 -6.882272 1.652327
v 11.772184 -7.046699 1.739336
v 11.772184 -7.277378 1.839116
v 11.772184 -6.640987 -0.486400
v 11.772184 -6.703401 1.537402
v 11.772184 -6.488188 -0.312083
v 11.772184 -6.139844 0.517037
v 11.772184 -6.365034 -0.139547
v 11.772184 -6.270412 0.029128
v 11.772184 -6.423963 1.286765
v 11.772184 -6.201962 0.195130
v 11.772184 -6.158921 0.357272
v 11.772184 -6.318734 1.148974
v 11.772184 -6.551205 1.415350
v 11.772184 -6.145906 0.686604
v 11.772184 -6.237252 1.004056
v 11.772184 -6.178567 0.848151
v 11.772184 -13.310565 -1.945081
v 10.403780 -10.244363 -2.060303
v 10.403780 -10.710059 -2.121180
v 10.403780 -9.759370 2.134000
v 10.403780 -10.225947 2.092722
v 10.403780 -10.689979 2.027390
v 10.403780 -11.162393 -2.156816
v 10.403780 -9.325019 2.150036
v 10.403780 -11.594216 -2.168694
v 10.403780 -11.160619 1.936520
v 10.403780 -11.629111 1.820407
v 10.403780 -9.775762 -1.974778
v 10.403780 -8.911572 2.143503
v 10.403780 -9.307069 -1.864010
v 10.403780 -12.001122 -2.158597
v 10.403780 -8.526599 2.116479
v 10.403780 -8.875377 -1.737801
v 10.403780 -12.377561 -2.128307
v 10.403780 -12.084699 1.681132
v 10.403780 -8.067541 -1.429851
v 10.403780 -8.435517 -1.583084
v 10.403780 -8.173749 2.071341
v 10.403780 -12.876534 1.365163
v 10.403780 -13.203332 1.200052
v 10.403780 -12.517264 1.521663
v 10.403780 -12.726695 -2.080199
v 10.403780 -7.827352 2.004524
v 10.403780 -7.730727 -1.266818
v 10.403780 -7.537325 1.927908
v 10.403780 -7.428027 -1.097253
v 10.403780 -7.158649 -0.922341
v 10.403780 -13.046557 -2.015759
v 10.403780 -7.277378 1.839116
v 10.403780 -7.046699 1.739336
v 10.403780 -6.882272 1.652327
v 10.403780 -7.041439 -0.837410
v 10.403780 -13.310565 -1.945081
v 10.403780 -6.640987 -0.486400
v 10.403780 -6.703401 1.537402
v 10.403780 -6.824686 -0.661608
v 10.403780 -6.139844 0.517037
v 10.403780 -6.551205 1.415350
v 10.403780 -6.423963 1.286765
v 10.403780 -6.270412 0.029127
v 10.403780 -6.488188 -0.312083
v 10.403780 -6.318734 1.148974
v 10.403780 -6.145906 0.686604
v 10.403780 -6.158921 0.357272
v 10.403780 -6.201962 0.195130
v 10.403780 -6.365034 -0.139547
v 10.403780 -6.237252 1.004056
v 10.403780 -6.178567 0.848151
v 10.403780 -13.310565 1.140363
v 11.620139 -13.310565 -1.785909
v 10.555824 -13.310565 -1.785909
v 10.555824 -13.310565 0.964263
v 11.620139 -13.310565 0.964263
v 11.620139 -12.676690 -1.934391
v 10.555824 -12.676690 -1.934391
v 10.555824 -13.036263 -1.861932
v 11.620139 -12.290898 -1.984577
v 10.555824 -12.290898 -1.984577
v 11.620139 -11.883370 -2.011601
v 10.555824 -11.883370 -2.011601
v 11.620139 -11.458848 -2.015461
v 10.555824 -11.458848 -2.015461
v 10.555824 -11.594388 -2.016649
v 11.620139 -11.594388 -2.016649
v 11.620139 -11.022264 -1.995862
v 10.555824 -11.022264 -1.995862
v 10.555824 -11.170466 -2.005068
v 11.620139 -11.170466 -2.005068
v 11.620139 -10.578698 -1.953396
v 10.555824 -10.578698 -1.953396
v 10.555824 -10.725879 -1.970026
v 11.620139 -10.725879 -1.970026
v 11.620139 -10.133307 -1.888065
v 10.555824 -10.133307 -1.888065
v 10.555824 -10.267850 -1.910040
v 11.620139 -10.267850 -1.910040
v 11.620139 -9.691270 -1.801054
v 10.555824 -9.691270 -1.801054
v 10.555824 -9.806888 -1.825999
v 11.620139 -9.806888 -1.825999
v 11.620139 -9.257724 -1.693257
v 10.555824 -9.257724 -1.693257
v 10.555824 -9.345969 -1.717014
v 11.620139 -9.345969 -1.717014
v 11.620139 -8.837714 -1.565563
v 10.555824 -8.837714 -1.565563
v 11.620139 -8.436123 -1.420051
v 10.555824 -8.436123 -1.420051
v 11.620139 -8.057618 -1.258206
v 10.555824 -8.057618 -1.258206
v 10.555824 -7.706606 -1.081514
v 10.555824 -7.801001 -1.131997
v 11.620139 -7.801001 -1.131997
v 10.555824 -7.387162 -0.892645
v 10.555824 -7.506525 -0.966886
v 11.620139 -7.506525 -0.966886
v 11.620139 -7.706606 -1.081513
v 11.620139 -7.103005 -0.693383
v 10.555824 -7.103005 -0.693383
v 11.620139 -6.857438 -0.486103
v 10.555824 -6.857438 -0.486103
v 10.555824 -6.925104 -0.547574
v 11.620139 -6.925104 -0.547574
v 11.620139 -6.653316 -0.273478
v 10.555824 -6.653316 -0.273478
v 10.555824 -6.750664 -0.380978
v 11.620139 -6.750664 -0.380978
v 11.620139 -6.493011 -0.057585
v 10.555824 -6.493011 -0.057586
v 10.555824 -6.607254 -0.217352
v 11.620139 -6.607254 -0.217351
v 10.555824 -6.378388 0.158900
v 10.555824 -6.407183 0.095350
v 11.620139 -6.407183 0.095350
v 10.555824 -6.310783 0.373308
v 10.555824 -6.346005 0.243832
v 11.620139 -6.346005 0.243832
v 11.620139 -6.378388 0.158900
v 10.555824 -6.290977 0.583261
v 10.555824 -6.291729 0.523868
v 11.620139 -6.291729 0.523868
v 11.620139 -6.310783 0.373308
v 10.555824 -6.319204 0.786383
v 10.555824 -6.296888 0.668786
v 11.620139 -6.296888 0.668786
v 11.620139 -6.290977 0.583261
v 10.555824 -6.395137 0.980299
v 10.555824 -6.374920 0.939616
v 11.620139 -6.374920 0.939616
v 11.620139 -6.319204 0.786383
v 10.555824 -6.517887 1.162635
v 10.555824 -6.445597 1.065231
v 11.620139 -6.445597 1.065231
v 11.620139 -6.395137 0.980299
v 10.555824 -6.538463 1.186689
v 11.620139 -6.517887 1.162635
v 11.620139 -6.652843 1.302207
v 10.555824 -6.686030 1.331310
v 10.555824 -6.897614 1.484245
v 10.555824 -6.792076 1.413865
v 11.620139 -6.792076 1.413865
v 11.620139 -6.686030 1.331310
v 11.620139 -7.112943 1.602437
v 10.555824 -7.150174 1.620255
v 10.555824 -6.958294 1.520772
v 11.620139 -6.897614 1.484245
v 11.620139 -7.440775 1.736961
v 10.555824 -7.440775 1.736961
v 10.555824 -7.332094 1.697168
v 11.620139 -7.150174 1.620255
v 11.620139 -7.332094 1.697168
v 11.620139 -7.766040 1.833474
v 10.555824 -7.766040 1.833474
v 10.555824 -7.581281 1.782396
v 11.620139 -7.581281 1.782396
v 11.620139 -8.122182 1.908606
v 10.555824 -8.122182 1.908606
v 10.555824 -7.861265 1.856340
v 11.620139 -7.861265 1.856340
v 11.620139 -8.505065 1.961465
v 10.555824 -8.505065 1.961465
v 11.620139 -8.910233 1.991161
v 10.555824 -8.910233 1.991161
v 11.620139 -9.332980 1.997991
v 10.555824 -9.332980 1.997991
v 11.620139 -9.768382 1.981064
v 10.555824 -9.768382 1.981064
v 11.620139 -10.211383 1.941271
v 10.555824 -10.211383 1.941271
v 11.620139 -10.656829 1.878612
v 10.555824 -10.656829 1.878612
v 11.620139 -11.099540 1.794275
v 10.555824 -11.099540 1.794275
v 11.620139 -11.534371 1.688853
v 10.555824 -11.534371 1.688853
v 11.620139 -11.956264 1.563535
v 10.555824 -11.956264 1.563535
v 11.620139 -12.360314 1.420102
v 10.555824 -12.360314 1.420102
v 10.555824 -12.036176 1.537105
v 11.620139 -12.036176 1.537105
v 11.620139 -12.741820 1.260038
v 10.555824 -12.741820 1.260038
v 11.620139 -13.096349 1.085127
v 10.555824 -13.096349 1.085127
v 11.620139 -13.036263 -1.861932
v 11.620139 -7.387162 -0.892645
v 10.517812 19.783554 -3.212816
v 10.517811 31.880520 -1.941518
v 10.517811 31.642124 0.326684
v 10.517812 19.545158 -0.944614
v 4.240797 25.099216 -2.654229
v 3.675788 25.075977 -2.656605
v 3.675788 24.837582 -0.388403
v 4.801945 25.168777 -2.646805
v 4.240797 24.860825 -0.386027
v 5.355409 25.284195 -2.634629
v 4.801945 24.930386 -0.378603
v 5.897385 25.444668 -2.617702
v 5.355409 25.045799 -0.366427
v 6.424197 25.649097 -2.596321
v 5.897385 25.206272 -0.349500
v 6.932226 25.896103 -2.570485
v 6.424197 25.410706 -0.328119
v 7.418020 26.183983 -2.540195
v 6.932226 25.657703 -0.302283
v 7.878248 26.510777 -2.505747
v 7.418020 25.945587 -0.271993
v 8.309762 26.874252 -2.467439
v 7.878247 26.272381 -0.237545
v 8.709632 27.271927 -2.425864
v 8.309762 26.635860 -0.199534
v 9.075109 27.701080 -2.380726
v 8.709632 27.033531 -0.157662
v 9.403699 28.158787 -2.332618
v 9.075109 27.462685 -0.112524
v 9.693163 28.641914 -2.281837
v 9.403699 27.920391 -0.064416
v 9.941526 29.147163 -2.228681
v 9.693163 28.403519 -0.013635
v 10.147090 29.671089 -2.173743
v 9.941526 28.908768 0.039521
v 10.308442 30.210102 -2.117023
v 10.147090 29.432693 0.094459
v 10.424490 30.760525 -2.059115
v 10.308442 29.971710 0.151179
v 10.494443 31.318604 -2.000316
v 10.424490 30.522137 0.209087
v 10.494443 31.080212 0.267589
v -3.546348 25.075977 -2.656605
v -3.546348 24.837582 -0.388403
v -10.365005 31.318604 -2.000318
v -10.388372 31.880520 -1.941519
v -10.388372 31.642124 0.326683
v -10.295052 30.760525 -2.059117
v -10.365005 31.080212 0.267587
v -10.179013 30.210102 -2.117024
v -10.295052 30.522137 0.209085
v -10.017652 29.671089 -2.173744
v -10.179013 29.971710 0.151178
v -9.812088 29.147163 -2.228683
v -10.017652 29.432693 0.094458
v -9.563725 28.641914 -2.281839
v -9.812088 28.908768 0.039520
v -9.274261 28.158787 -2.332619
v -9.563725 28.403519 -0.013637
v -8.945671 27.701080 -2.380727
v -9.274261 27.920391 -0.064417
v -8.580194 27.271927 -2.425866
v -8.945671 27.462685 -0.112525
v -8.180324 26.874252 -2.467440
v -8.580194 27.033531 -0.157664
v -7.748808 26.510777 -2.505749
v -8.180324 26.635860 -0.199535
v -7.288581 26.183983 -2.540196
v -7.748809 26.272381 -0.237546
v -6.802787 25.896103 -2.570486
v -7.288581 25.945587 -0.271994
v -6.294758 25.649097 -2.596322
v -6.802787 25.657703 -0.302284
v -5.767946 25.444668 -2.617703
v -6.294758 25.410706 -0.328120
v -5.225970 25.284195 -2.634630
v -5.767946 25.206272 -0.349501
v -4.672505 25.168777 -2.646806
v -5.225970 25.045799 -0.366428
v -4.111357 25.099216 -2.654230
v -4.672505 24.930386 -0.378604
v -4.111357 24.860825 -0.386028
v -10.388371 19.783552 -3.212817
v -10.388371 19.545155 -0.944615
v -7.347473 22.569397 -0.626865
v 7.476912 22.569399 -0.626864
v -7.714008 22.547348 -0.629240
v 7.843447 22.547350 -0.629239
v 8.204647 22.481522 -0.636069
v 8.555231 22.372875 -0.647354
v -8.075208 22.481520 -0.636071
v 9.493402 21.808836 -0.706746
v -8.425791 22.372873 -0.647355
v -8.760644 22.222990 -0.663094
v -9.363961 21.808834 -0.706748
v -9.074896 22.034061 -0.682991
v -10.040052 20.950592 -0.797024
v -9.850080 21.263123 -0.764062
v 10.169493 20.950596 -0.797023
v 9.204335 22.034063 -0.682989
v 8.890084 22.222992 -0.663093
v -9.623618 21.550602 -0.733772
v -10.190762 20.617567 -0.832066
v 9.753058 21.550604 -0.733770
v 9.979520 21.263124 -0.764060
v -10.366192 19.909691 -0.906307
v -10.300007 20.268906 -0.868593
v 10.429446 20.268908 -0.868591
v 10.495642 19.909695 -0.906306
v 10.320201 20.617569 -0.832065
v -7.347473 22.807793 -2.895067
v 7.476912 22.807796 -2.895066
v 7.843447 22.785746 -2.897144
v -7.714008 22.785744 -2.897146
v 8.204647 22.719917 -2.904272
v 8.555231 22.611271 -2.915556
v -10.040052 21.188988 -3.065227
v -10.190762 20.855965 -3.099971
v -8.075208 22.719915 -2.904273
v 9.493402 22.047232 -2.974948
v 9.204335 22.272455 -2.951191
v -9.850080 21.501518 -3.032264
v -9.363961 22.047230 -2.974950
v -9.623618 21.788998 -3.001974
v -8.425791 22.611269 -2.915557
v 8.890084 22.461388 -2.931295
v 9.753058 21.789000 -3.001972
v -10.300007 20.507301 -3.136795
v -10.366192 20.148083 -3.174509
v -8.760644 22.461388 -2.931296
v -9.074896 22.272453 -2.951193
v 10.169493 21.188992 -3.065225
v 9.979520 21.501522 -3.032262
v 10.429446 20.507303 -3.136793
v 10.320201 20.855965 -3.099970
v 10.495642 20.148085 -3.174508
v 11.468093 21.804218 0.599000
v 11.409359 21.645803 0.511989
v 11.356379 21.669464 0.525055
v 11.314331 21.706314 0.545249
v 11.287335 21.752747 0.570788
v 11.278036 21.804218 0.599000
v 11.287335 21.855696 0.627211
v 11.314330 21.902128 0.652750
v 11.356378 21.938980 0.672943
v 11.409358 21.962639 0.686009
v 11.468092 21.970791 0.690464
v 11.526825 21.962639 0.686009
v 11.579805 21.938980 0.672943
v 11.621854 21.902128 0.652750
v 11.648850 21.855696 0.627211
v 11.658149 21.804218 0.599000
v 11.648850 21.752747 0.570788
v 11.621855 21.706314 0.545249
v 11.579806 21.669464 0.525055
v 11.526826 21.645803 0.511989
v 11.468093 21.637650 0.507535
v 11.468091 -4.970218 48.933868
v 11.409357 -4.962065 48.938324
v 11.356377 -4.938405 48.951389
v 11.314329 -4.901555 48.971581
v 11.287333 -4.855121 48.997120
v 11.278034 -4.803648 49.025333
v 11.287333 -4.752176 49.053543
v 11.314329 -4.705741 49.079082
v 11.356377 -4.668892 49.099277
v 11.409357 -4.645232 49.112343
v 11.468091 -4.637079 49.116798
v 11.526824 -4.645232 49.112343
v 11.579804 -4.668892 49.099277
v 11.621853 -4.705741 49.079082
v 11.648849 -4.752176 49.053543
v 11.658147 -4.803648 49.025333
v 11.648849 -4.855121 48.997120
v 11.621853 -4.901555 48.971581
v 11.579804 -4.938405 48.951389
v 11.526824 -4.962065 48.938324
v 11.468091 -4.803648 49.025333
v 11.468102 -4.803648 -98.078163
v 11.409368 -4.968159 -98.003326
v 11.356387 -4.943589 -98.014313
v 11.314340 -4.905320 -98.031837
v 11.287344 -4.857101 -98.053810
v 11.278045 -4.803648 -98.078163
v 11.287344 -4.750196 -98.102516
v 11.314340 -4.701975 -98.124489
v 11.356387 -4.663708 -98.142014
v 11.409368 -4.639138 -98.153000
v 11.468102 -4.630672 -98.156860
v 11.526834 -4.639138 -98.153000
v 11.579815 -4.663708 -98.142014
v 11.621863 -4.701975 -98.124489
v 11.648859 -4.750196 -98.102516
v 11.658157 -4.803648 -98.078163
v 11.648859 -4.857101 -98.053810
v 11.621863 -4.905320 -98.031837
v 11.579815 -4.943589 -98.014313
v 11.526834 -4.968159 -98.003326
v 11.468102 -4.976624 -97.999466
v 11.468091 40.636864 2.198144
v 11.409357 40.645329 2.194283
v 11.356377 40.669903 2.183296
v 11.314329 40.708164 2.165775
v 11.287333 40.756382 2.143800
v 11.278034 40.809837 2.119449
v 11.287333 40.863289 2.095098
v 11.314329 40.911507 2.073123
v 11.356377 40.949780 2.055602
v 11.409357 40.974354 2.044614
v 11.468091 40.982815 2.040754
v 11.526824 40.974354 2.044614
v 11.579804 40.949780 2.055602
v 11.621853 40.911507 2.073123
v 11.648849 40.863289 2.095098
v 11.658147 40.809837 2.119449
v 11.648849 40.756382 2.143800
v 11.621853 40.708164 2.165775
v 11.579804 40.669903 2.183296
v 11.526824 40.645329 2.194283
v 11.468091 40.809837 2.119449
v 11.468102 -4.803648 -94.738220
v 11.409368 -4.968159 -94.663391
v 11.356387 -4.943589 -94.674675
v 11.314340 -4.905320 -94.691895
v 11.287344 -4.857101 -94.713875
v 11.278045 -4.803648 -94.738220
v 11.287344 -4.750196 -94.762573
v 11.314340 -4.701975 -94.784546
v 11.356387 -4.663708 -94.802071
v 11.409368 -4.639138 -94.813057
v 11.468102 -4.630672 -94.816917
v 11.526834 -4.639138 -94.813057
v 11.579815 -4.663708 -94.802071
v 11.621863 -4.701975 -94.784546
v 11.648859 -4.750196 -94.762573
v 11.658157 -4.803648 -94.738220
v 11.648859 -4.857101 -94.713875
v 11.621863 -4.905320 -94.691895
v 11.579815 -4.943589 -94.674675
v 11.526834 -4.968159 -94.663391
v 11.468102 -4.976624 -94.659531
v 11.468091 39.116417 2.198144
v 11.409357 39.124878 2.194283
v 11.356377 39.149452 2.183296
v 11.314329 39.187714 2.165775
v 11.287333 39.235935 2.143800
v 11.278034 39.289387 2.119449
v 11.287333 39.342838 2.095098
v 11.314329 39.391060 2.073123
v 11.356377 39.429329 2.055602
v 11.409357 39.453903 2.044614
v 11.468091 39.462368 2.040754
v 11.526824 39.453903 2.044614
v 11.579804 39.429329 2.055602
v 11.621853 39.391060 2.073123
v 11.648849 39.342838 2.095098
v 11.658147 39.289387 2.119449
v 11.648849 39.235935 2.143800
v 11.621853 39.187714 2.165775
v 11.579804 39.149452 2.183296
v 11.526824 39.124878 2.194283
v 11.468091 39.289387 2.119449
v 11.468102 -4.803648 -91.398293
v 11.409368 -4.968159 -91.323456
v 11.356387 -4.943589 -91.334740
v 11.314340 -4.905320 -91.351967
v 11.287344 -4.857101 -91.373940
v 11.278045 -4.803648 -91.398293
v 11.287344 -4.750196 -91.422646
v 11.314340 -4.701975 -91.444618
v 11.356387 -4.663708 -91.462135
v 11.409368 -4.639138 -91.473129
v 11.468102 -4.630672 -91.476990
v 11.526834 -4.639138 -91.473129
v 11.579815 -4.663708 -91.462135
v 11.621863 -4.701975 -91.444618
v 11.648859 -4.750196 -91.422646
v 11.658157 -4.803648 -91.398293
v 11.648859 -4.857101 -91.373940
v 11.621863 -4.905320 -91.351967
v 11.579815 -4.943589 -91.334740
v 11.526834 -4.968159 -91.323456
v 11.468102 -4.976624 -91.319595
v 11.468091 37.595966 2.198144
v 11.409357 37.604435 2.194283
v 11.356377 37.629002 2.183296
v 11.314329 37.667271 2.165775
v 11.287333 37.715488 2.143800
v 11.278034 37.768940 2.119449
v 11.287333 37.822395 2.095098
v 11.314329 37.870613 2.073123
v 11.356377 37.908882 2.055602
v 11.409357 37.933456 2.044614
v 11.468091 37.941917 2.040754
v 11.526824 37.933456 2.044614
v 11.579804 37.908882 2.055602
v 11.621853 37.870613 2.073123
v 11.648849 37.822395 2.095098
v 11.658147 37.768940 2.119449
v 11.648849 37.715488 2.143800
v 11.621853 37.667271 2.165775
v 11.579804 37.629002 2.183296
v 11.526824 37.604435 2.194283
v 11.468091 37.768940 2.119449
v 11.468102 -4.803648 -88.058350
v 11.409368 -4.968159 -87.983513
v 11.356387 -4.943589 -87.994797
v 11.314340 -4.905320 -88.012024
v 11.287344 -4.857101 -88.033997
v 11.278045 -4.803648 -88.058350
v 11.287344 -4.750196 -88.082703
v 11.314340 -4.701975 -88.104675
v 11.356387 -4.663708 -88.122200
v 11.409368 -4.639138 -88.133186
v 11.468102 -4.630672 -88.137047
v 11.526834 -4.639138 -88.133186
v 11.579815 -4.663708 -88.122200
v 11.621863 -4.701975 -88.104675
v 11.648859 -4.750196 -88.082703
v 11.658157 -4.803648 -88.058350
v 11.648859 -4.857101 -88.033997
v 11.621863 -4.905320 -88.012024
v 11.579815 -4.943589 -87.994797
v 11.526834 -4.968159 -87.983513
v 11.468102 -4.976624 -87.979652
v 11.468091 36.075516 2.198144
v 11.409357 36.083984 2.194283
v 11.356377 36.108555 2.183296
v 11.314329 36.146820 2.165775
v 11.287333 36.195038 2.143800
v 11.278034 36.248493 2.119449
v 11.287333 36.301945 2.095098
v 11.314329 36.350166 2.073123
v 11.356377 36.388432 2.055602
v 11.409357 36.413006 2.044614
v 11.468091 36.421467 2.040754
v 11.526824 36.413006 2.044614
v 11.579804 36.388432 2.055602
v 11.621853 36.350166 2.073123
v 11.648849 36.301945 2.095098
v 11.658147 36.248493 2.119449
v 11.648849 36.195038 2.143800
v 11.621853 36.146820 2.165775
v 11.579804 36.108555 2.183296
v 11.526824 36.083984 2.194283
v 11.468091 36.248493 2.119449
v 11.468101 -4.803648 -84.718407
v 11.409367 -4.968159 -84.643578
v 11.356386 -4.943589 -84.654861
v 11.314339 -4.905320 -84.672081
v 11.287343 -4.857101 -84.694061
v 11.278044 -4.803648 -84.718407
v 11.287343 -4.750196 -84.742760
v 11.314339 -4.701975 -84.764732
v 11.356386 -4.663708 -84.782257
v 11.409367 -4.639138 -84.793243
v 11.468101 -4.630672 -84.797104
v 11.526834 -4.639138 -84.793243
v 11.579814 -4.663708 -84.782257
v 11.621862 -4.701975 -84.764732
v 11.648858 -4.750196 -84.742760
v 11.658156 -4.803648 -84.718407
v 11.648858 -4.857101 -84.694061
v 11.621862 -4.905320 -84.672081
v 11.579814 -4.943589 -84.654861
v 11.526834 -4.968159 -84.643578
v 11.468101 -4.976624 -84.639717
v 11.468091 34.555065 2.198144
v 11.409357 34.563534 2.194283
v 11.356377 34.588104 2.183296
v 11.314329 34.626369 2.165775
v 11.287333 34.674591 2.143800
v 11.278034 34.728043 2.119449
v 11.287333 34.781494 2.095098
v 11.314329 34.829716 2.073123
v 11.356377 34.867981 2.055602
v 11.409357 34.892555 2.044614
v 11.468091 34.901020 2.040754
v 11.526824 34.892555 2.044614
v 11.579804 34.867981 2.055602
v 11.621853 34.829716 2.073123
v 11.648849 34.781494 2.095098
v 11.658147 34.728043 2.119449
v 11.648849 34.674591 2.143800
v 11.621853 34.626369 2.165775
v 11.579804 34.588104 2.183296
v 11.526824 34.563534 2.194283
v 11.468091 34.728043 2.119449
v 11.468101 -4.803648 -81.378471
v 11.409367 -4.968159 -81.303635
v 11.356386 -4.943589 -81.314919
v 11.314339 -4.905320 -81.332146
v 11.287343 -4.857101 -81.354118
v 11.278044 -4.803648 -81.378471
v 11.287343 -4.750196 -81.402817
v 11.314339 -4.701975 -81.424797
v 11.356386 -4.663708 -81.442314
v 11.409367 -4.639138 -81.453598
v 11.468101 -4.630672 -81.457458
v 11.526834 -4.639138 -81.453598
v 11.579814 -4.663708 -81.442314
v 11.621862 -4.701975 -81.424797
v 11.648858 -4.750196 -81.402817
v 11.658156 -4.803648 -81.378471
v 11.648858 -4.857101 -81.354118
v 11.621862 -4.905320 -81.332146
v 11.579814 -4.943589 -81.314919
v 11.526834 -4.968159 -81.303635
v 11.468101 -4.976624 -81.299774
v 11.468091 33.034618 2.198144
v 11.409357 33.043083 2.194283
v 11.356377 33.067654 2.183296
v 11.314329 33.105919 2.165775
v 11.287333 33.154140 2.143800
v 11.278034 33.207592 2.119449
v 11.287333 33.261047 2.095098
v 11.314329 33.309265 2.073123
v 11.356377 33.347530 2.055602
v 11.409357 33.372105 2.044614
v 11.468091 33.380569 2.040754
v 11.526824 33.372105 2.044614
v 11.579804 33.347530 2.055602
v 11.621853 33.309265 2.073123
v 11.648849 33.261047 2.095098
v 11.658147 33.207592 2.119449
v 11.648849 33.154140 2.143800
v 11.621853 33.105919 2.165775
v 11.579804 33.067654 2.183296
v 11.526824 33.043083 2.194283
v 11.468091 33.207592 2.119449
v 11.468101 -4.803648 -78.038528
v 11.409367 -4.968159 -77.963692
v 11.356386 -4.943589 -77.974976
v 11.314339 -4.905320 -77.992500
v 11.287343 -4.857101 -78.014175
v 11.278044 -4.803648 -78.038528
v 11.287343 -4.750196 -78.062881
v 11.314339 -4.701975 -78.084854
v 11.356386 -4.663708 -78.102371
v 11.409367 -4.639138 -78.113663
v 11.468101 -4.630672 -78.117523
v 11.526834 -4.639138 -78.113663
v 11.579814 -4.663708 -78.102371
v 11.621862 -4.701975 -78.084854
v 11.648858 -4.750196 -78.062881
v 11.658156 -4.803648 -78.038528
v 11.648858 -4.857101 -78.014175
v 11.621862 -4.905320 -77.992500
v 11.579814 -4.943589 -77.974976
v 11.526834 -4.968159 -77.963692
v 11.468101 -4.976624 -77.959831
v 11.468092 30.822006 0.677694
v 11.409358 30.830471 0.673834
v 11.356378 30.855038 0.662847
v 11.314330 30.893311 0.645326
v 11.287334 30.941528 0.623350
v 11.278035 30.994984 0.599000
v 11.287334 31.048435 0.574648
v 11.314330 31.096657 0.552673
v 11.356378 31.134922 0.535152
v 11.409358 31.159492 0.524165
v 11.468092 31.167961 0.520304
v 11.526825 31.159492 0.524165
v 11.579805 31.134922 0.535152
v 11.621854 31.096657 0.552673
v 11.648849 31.048435 0.574648
v 11.658148 30.994984 0.599000
v 11.648849 30.941528 0.623350
v 11.621854 30.893311 0.645326
v 11.579805 30.855038 0.662847
v 11.526825 30.830471 0.673834
v 11.468092 30.994984 0.599000
v 11.468101 -4.803648 -74.698586
v 11.409367 -4.968159 -74.623749
v 11.356386 -4.943589 -74.635033
v 11.314339 -4.905320 -74.652557
v 11.287343 -4.857101 -74.674530
v 11.278044 -4.803648 -74.698586
v 11.287343 -4.750196 -74.722939
v 11.314339 -4.701975 -74.744911
v 11.356386 -4.663708 -74.762436
v 11.409367 -4.639138 -74.773720
v 11.468101 -4.630672 -74.777580
v 11.526834 -4.639138 -74.773720
v 11.579814 -4.663708 -74.762436
v 11.621862 -4.701975 -74.744911
v 11.648858 -4.750196 -74.722939
v 11.658156 -4.803648 -74.698586
v 11.648858 -4.857101 -74.674530
v 11.621862 -4.905320 -74.652557
v 11.579814 -4.943589 -74.635033
v 11.526834 -4.968159 -74.623749
v 11.468101 -4.976624 -74.619888
v 11.468092 29.301556 0.677694
v 11.409358 29.310020 0.673834
v 11.356378 29.334591 0.662847
v 11.314330 29.372860 0.645326
v 11.287334 29.421082 0.623350
v 11.278035 29.474533 0.599000
v 11.287334 29.527988 0.574648
v 11.314330 29.576206 0.552673
v 11.356378 29.614471 0.535152
v 11.409358 29.639042 0.524165
v 11.468092 29.647511 0.520304
v 11.526825 29.639042 0.524165
v 11.579805 29.614471 0.535152
v 11.621854 29.576206 0.552673
v 11.648849 29.527988 0.574648
v 11.658148 29.474533 0.599000
v 11.648849 29.421082 0.623350
v 11.621854 29.372860 0.645326
v 11.579805 29.334591 0.662847
v 11.526825 29.310020 0.673834
v 11.468092 29.474533 0.599000
v 11.468100 -4.803648 -71.358940
v 11.409366 -4.968159 -71.283813
v 11.356385 -4.943589 -71.295097
v 11.314338 -4.905320 -71.312614
v 11.287342 -4.857101 -71.334595
v 11.278043 -4.803648 -71.358940
v 11.287342 -4.750196 -71.382996
v 11.314338 -4.701975 -71.404968
v 11.356385 -4.663708 -71.422493
v 11.409366 -4.639138 -71.433777
v 11.468100 -4.630672 -71.437637
v 11.526833 -4.639138 -71.433777
v 11.579813 -4.663708 -71.422493
v 11.621861 -4.701975 -71.404968
v 11.648857 -4.750196 -71.382996
v 11.658155 -4.803648 -71.358940
v 11.648857 -4.857101 -71.334595
v 11.621861 -4.905320 -71.312614
v 11.579813 -4.943589 -71.295097
v 11.526833 -4.968159 -71.283813
v 11.468100 -4.976624 -71.279953
v 11.468092 27.781109 0.677694
v 11.409358 27.789570 0.673834
v 11.356378 27.814140 0.662847
v 11.314330 27.852406 0.645326
v 11.287334 27.900631 0.623350
v 11.278035 27.954079 0.599000
v 11.287334 28.007534 0.574648
v 11.314330 28.055752 0.552673
v 11.356378 28.094025 0.535152
v 11.409358 28.118591 0.524165
v 11.468092 28.127056 0.520304
v 11.526825 28.118591 0.524165
v 11.579805 28.094025 0.535152
v 11.621854 28.055752 0.552673
v 11.648849 28.007534 0.574648
v 11.658148 27.954079 0.599000
v 11.648849 27.900631 0.623350
v 11.621854 27.852406 0.645326
v 11.579805 27.814140 0.662847
v 11.526825 27.789570 0.673834
v 11.468092 27.954079 0.599000
v 11.468100 -4.803648 -68.019005
v 11.409366 -4.968159 -67.943871
v 11.356385 -4.943589 -67.955154
v 11.314338 -4.905320 -67.972679
v 11.287342 -4.857101 -67.994652
v 11.278043 -4.803648 -68.019005
v 11.287342 -4.750196 -68.043350
v 11.314338 -4.701975 -68.065033
v 11.356385 -4.663708 -68.082550
v 11.409366 -4.639138 -68.093834
v 11.468100 -4.630672 -68.097694
v 11.526833 -4.639138 -68.093834
v 11.579813 -4.663708 -68.082550
v 11.621861 -4.701975 -68.065033
v 11.648857 -4.750196 -68.043350
v 11.658155 -4.803648 -68.019005
v 11.648857 -4.857101 -67.994652
v 11.621861 -4.905320 -67.972679
v 11.579813 -4.943589 -67.955154
v 11.526833 -4.968159 -67.943871
v 11.468100 -4.976624 -67.940010
v 11.468092 26.260654 0.677694
v 11.409358 26.269123 0.673834
v 11.356378 26.293694 0.662847
v 11.314330 26.331959 0.645326
v 11.287334 26.380180 0.623350
v 11.278035 26.433632 0.599000
v 11.287334 26.487083 0.574648
v 11.314330 26.535305 0.552673
v 11.356378 26.573570 0.535152
v 11.409358 26.598141 0.524165
v 11.468092 26.606609 0.520304
v 11.526825 26.598141 0.524165
v 11.579805 26.573570 0.535152
v 11.621854 26.535305 0.552673
v 11.648849 26.487083 0.574648
v 11.658148 26.433632 0.599000
v 11.648849 26.380180 0.623350
v 11.621854 26.331959 0.645326
v 11.579805 26.293694 0.662847
v 11.526825 26.269123 0.673834
v 11.468092 26.433632 0.599000
v 11.468100 -4.803648 -64.679062
v 11.409366 -4.968159 -64.603928
v 11.356385 -4.943589 -64.615211
v 11.314338 -4.905320 -64.632736
v 11.287342 -4.857101 -64.654709
v 11.278043 -4.803648 -64.679062
v 11.287342 -4.750196 -64.703407
v 11.314338 -4.701975 -64.725388
v 11.356385 -4.663708 -64.742607
v 11.409366 -4.639138 -64.753891
v 11.468100 -4.630672 -64.757751
v 11.526833 -4.639138 -64.753891
v 11.579813 -4.663708 -64.742607
v 11.621861 -4.701975 -64.725388
v 11.648857 -4.750196 -64.703407
v 11.658155 -4.803648 -64.679062
v 11.648857 -4.857101 -64.654709
v 11.621861 -4.905320 -64.632736
v 11.579813 -4.943589 -64.615211
v 11.526833 -4.968159 -64.603928
v 11.468100 -4.976624 -64.600067
v 11.468092 24.740208 0.677694
v 11.409358 24.748672 0.673834
v 11.356378 24.773243 0.662847
v 11.314330 24.811508 0.645326
v 11.287334 24.859730 0.623350
v 11.278035 24.913181 0.599000
v 11.287334 24.966637 0.574648
v 11.314330 25.014854 0.552673
v 11.356378 25.053120 0.535152
v 11.409358 25.077690 0.524165
v 11.468092 25.086159 0.520304
v 11.526825 25.077690 0.524165
v 11.579805 25.053120 0.535152
v 11.621854 25.014854 0.552673
v 11.648849 24.966637 0.574648
v 11.658148 24.913181 0.599000
v 11.648849 24.859730 0.623350
v 11.621854 24.811508 0.645326
v 11.579805 24.773243 0.662847
v 11.526825 24.748672 0.673834
v 11.468092 24.913181 0.599000
v 11.468100 -4.803648 -61.339119
v 11.409366 -4.968159 -61.264286
v 11.356385 -4.943589 -61.275272
v 11.314338 -4.905320 -61.292793
v 11.287342 -4.857101 -61.314770
v 11.278043 -4.803648 -61.339119
v 11.287342 -4.750196 -61.363472
v 11.314338 -4.701975 -61.385445
v 11.356385 -4.663708 -61.402668
v 11.409366 -4.639138 -61.413956
v 11.468100 -4.630672 -61.417816
v 11.526833 -4.639138 -61.413956
v 11.579813 -4.663708 -61.402668
v 11.621861 -4.701975 -61.385445
v 11.648857 -4.750196 -61.363472
v 11.658155 -4.803648 -61.339119
v 11.648857 -4.857101 -61.314770
v 11.621861 -4.905320 -61.292793
v 11.579813 -4.943589 -61.275272
v 11.526833 -4.968159 -61.264286
v 11.468100 -4.976624 -61.260426
v 11.468092 23.219757 0.677694
v 11.409358 23.228226 0.673834
v 11.356378 23.252794 0.662847
v 11.314330 23.291061 0.645326
v 11.287334 23.339279 0.623350
v 11.278035 23.392731 0.599000
v 11.287334 23.446186 0.574648
v 11.314330 23.494404 0.552673
v 11.356378 23.532673 0.535152
v 11.409358 23.557240 0.524165
v 11.468092 23.565708 0.520304
v 11.526825 23.557240 0.524165
v 11.579805 23.532673 0.535152
v 11.621854 23.494404 0.552673
v 11.648849 23.446186 0.574648
v 11.658148 23.392731 0.599000
v 11.648849 23.339279 0.623350
v 11.621854 23.291061 0.645326
v 11.579805 23.252794 0.662847
v 11.526825 23.228226 0.673834
v 11.468092 23.392731 0.599000
v 11.468091 -4.803648 50.165668
v 11.409357 -4.646443 50.254757
v 11.356377 -4.669922 50.241692
v 11.314329 -4.706491 50.220905
v 11.287333 -4.752569 50.194771
v 11.278034 -4.803648 50.165668
v 11.287333 -4.854728 50.136566
v 11.314329 -4.900805 50.110435
v 11.356377 -4.937375 50.089649
v 11.409357 -4.960853 50.076580
v 11.468091 -4.968944 50.071831
v 11.526824 -4.960853 50.076580
v 11.579804 -4.937375 50.089649
v 11.621853 -4.900805 50.110435
v 11.648849 -4.854728 50.136566
v 11.658147 -4.803648 50.165668
v 11.648849 -4.752569 50.194771
v 11.621853 -4.706491 50.220905
v 11.579804 -4.669922 50.241692
v 11.526824 -4.646443 50.254757
v 11.468091 -4.638353 50.259510
v 11.468092 23.489964 0.692840
v 11.409358 23.481873 0.688088
v 11.356378 23.458397 0.675022
v 11.314330 23.421825 0.654234
v 11.287334 23.375751 0.628102
v 11.278035 23.324669 0.599000
v 11.287334 23.273590 0.569897
v 11.314330 23.227510 0.543764
v 11.356378 23.190943 0.522977
v 11.409358 23.167465 0.509911
v 11.468092 23.159376 0.505159
v 11.526825 23.167465 0.509911
v 11.579805 23.190943 0.522977
v 11.621854 23.227510 0.543764
v 11.648849 23.273590 0.569897
v 11.658148 23.324669 0.599000
v 11.648849 23.375751 0.628102
v 11.621854 23.421825 0.654234
v 11.579805 23.458397 0.675022
v 11.526825 23.481873 0.688088
v 11.468092 23.324669 0.599000
v 11.468092 24.845116 0.599000
v 11.409358 24.689083 0.507832
v 11.356378 24.712383 0.521492
v 11.314330 24.748684 0.542576
v 11.287334 24.794418 0.569303
v 11.278035 24.845116 0.599000
v 11.287334 24.895821 0.628695
v 11.314330 24.941555 0.655422
v 11.356378 24.977856 0.676507
v 11.409358 25.001156 0.690167
v 11.468092 25.009190 0.694918
v 11.526825 25.001156 0.690167
v 11.579805 24.977856 0.676507
v 11.621854 24.941555 0.655422
v 11.648849 24.895821 0.628695
v 11.658148 24.845116 0.599000
v 11.648849 24.794418 0.569303
v 11.621854 24.748684 0.542576
v 11.579805 24.712383 0.521492
v 11.526825 24.689083 0.507832
v 11.468092 24.681049 0.503080
v 11.468091 -4.967716 51.210087
v 11.409357 -4.959687 51.214840
v 11.356377 -4.936382 51.228500
v 11.314329 -4.900085 51.249584
v 11.287333 -4.854348 51.276310
v 11.278034 -4.803648 51.306007
v 11.287333 -4.752949 51.335705
v 11.314329 -4.707211 51.362431
v 11.356377 -4.670915 51.383514
v 11.409357 -4.647611 51.397175
v 11.468091 -4.639581 51.401928
v 11.526824 -4.647611 51.397175
v 11.579804 -4.670915 51.383514
v 11.621853 -4.707211 51.362431
v 11.648849 -4.752949 51.335705
v 11.658147 -4.803648 51.306007
v 11.648849 -4.854348 51.276310
v 11.621853 -4.900085 51.249584
v 11.579804 -4.936382 51.228500
v 11.526824 -4.959687 51.214840
v 11.468091 -4.803648 51.306007
v 11.468091 -4.803648 52.446342
v 11.409356 -4.648733 52.539589
v 11.356376 -4.671869 52.525635
v 11.314329 -4.707905 52.503956
v 11.287333 -4.753313 52.476635
v 11.278034 -4.803648 52.446342
v 11.287333 -4.853983 52.416054
v 11.314329 -4.899390 52.388733
v 11.356377 -4.935428 52.367054
v 11.409357 -4.958564 52.353100
v 11.468091 -4.966536 52.348347
v 11.526824 -4.958564 52.353100
v 11.579804 -4.935428 52.367054
v 11.621853 -4.899390 52.388733
v 11.648849 -4.853983 52.416054
v 11.658147 -4.803648 52.446342
v 11.648849 -4.753313 52.476635
v 11.621853 -4.707905 52.503956
v 11.579803 -4.671869 52.525635
v 11.526823 -4.648733 52.539589
v 11.468090 -4.640761 52.544342
v 11.468092 26.528458 0.696997
v 11.409358 26.520485 0.692245
v 11.356378 26.497349 0.678288
v 11.314330 26.461311 0.656610
v 11.287334 26.415901 0.629290
v 11.278035 26.365566 0.599000
v 11.287334 26.315231 0.568709
v 11.314330 26.269825 0.541389
v 11.356378 26.233791 0.519710
v 11.409358 26.210655 0.505753
v 11.468092 26.202682 0.501002
v 11.526825 26.210655 0.505753
v 11.579805 26.233791 0.519710
v 11.621854 26.269825 0.541389
v 11.648849 26.315231 0.568709
v 11.658148 26.365566 0.599000
v 11.648849 26.415901 0.629290
v 11.621854 26.461311 0.656610
v 11.579805 26.497349 0.678288
v 11.526825 26.520485 0.692245
v 11.468092 26.365566 0.599000
v 11.468092 27.886021 0.599000
v 11.409358 27.732182 0.503971
v 11.356378 27.755161 0.518226
v 11.314330 27.790943 0.540201
v 11.287334 27.836037 0.568115
v 11.278035 27.886021 0.599000
v 11.287334 27.936001 0.629883
v 11.314330 27.981094 0.657798
v 11.356378 28.016876 0.679773
v 11.409358 28.039856 0.694027
v 11.468092 28.047771 0.698779
v 11.526825 28.039856 0.694027
v 11.579805 28.016876 0.679773
v 11.621854 27.981094 0.657798
v 11.648849 27.936001 0.629883
v 11.658148 27.886021 0.599000
v 11.648849 27.836037 0.568115
v 11.621854 27.790943 0.540201
v 11.579805 27.755161 0.518226
v 11.526825 27.732182 0.503971
v 11.468092 27.724266 0.499220
v 11.468090 -4.965400 53.486900
v 11.409356 -4.957482 53.491653
v 11.356376 -4.934507 53.505909
v 11.314328 -4.898724 53.527882
v 11.287333 -4.853633 53.555798
v 11.278033 -4.803648 53.586681
v 11.287333 -4.753664 53.617565
v 11.314328 -4.708573 53.645481
v 11.356376 -4.672790 53.667454
v 11.409356 -4.649815 53.681709
v 11.468090 -4.641897 53.686462
v 11.526823 -4.649815 53.681709
v 11.579803 -4.672790 53.667454
v 11.621852 -4.708573 53.645481
v 11.648848 -4.753664 53.617565
v 11.658146 -4.803648 53.586681
v 11.648848 -4.853633 53.555798
v 11.621852 -4.898724 53.527882
v 11.579803 -4.934507 53.505909
v 11.526823 -4.957482 53.491653
v 11.468090 -4.803648 53.586681
v 11.468090 -4.803648 54.727020
v 11.409356 -4.650853 54.823532
v 11.356376 -4.673674 54.809277
v 11.314328 -4.709216 54.786709
v 11.287333 -4.754002 54.758495
v 11.278033 -4.803648 54.727020
v 11.287333 -4.853294 54.695541
v 11.314328 -4.898081 54.667328
v 11.356376 -4.933623 54.644760
v 11.409356 -4.956444 54.630505
v 11.468090 -4.964307 54.625458
v 11.526823 -4.956444 54.630505
v 11.579803 -4.933623 54.644760
v 11.621852 -4.898081 54.667328
v 11.648848 -4.853294 54.695541
v 11.658146 -4.803648 54.727020
v 11.648848 -4.754002 54.758495
v 11.621852 -4.709216 54.786709
v 11.579803 -4.673674 54.809277
v 11.526823 -4.650853 54.823532
v 11.468090 -4.642990 54.828579
v 11.468092 29.567127 0.700561
v 11.409358 29.559265 0.695512
v 11.356378 29.536446 0.681258
v 11.314330 29.500904 0.658689
v 11.287334 29.456116 0.630477
v 11.278035 29.406467 0.599000
v 11.287334 29.356823 0.567521
v 11.314330 29.312038 0.539310
v 11.356378 29.276493 0.516741
v 11.409358 29.253674 0.502486
v 11.468092 29.245811 0.497438
v 11.526825 29.253674 0.502486
v 11.579805 29.276493 0.516741
v 11.621854 29.312038 0.539310
v 11.648849 29.356823 0.567521
v 11.658148 29.406467 0.599000
v 11.648849 29.456116 0.630477
v 11.621854 29.500904 0.658689
v 11.579805 29.536446 0.681258
v 11.526825 29.559265 0.695512
v 11.468092 29.406467 0.599000
v 11.468092 30.926918 0.599000
v 11.409358 30.775124 0.501002
v 11.356378 30.797794 0.515553
v 11.314330 30.833107 0.538419
v 11.287334 30.877598 0.567225
v 11.278035 30.926918 0.599000
v 11.287334 30.976242 0.630774
v 11.314330 31.020737 0.659580
v 11.356378 31.056042 0.682446
v 11.409358 31.078712 0.696997
v 11.468092 31.086525 0.702045
v 11.526825 31.078712 0.696997
v 11.579805 31.056042 0.682446
v 11.621854 31.020737 0.659580
v 11.648849 30.976242 0.630774
v 11.658148 30.926918 0.599000
v 11.648849 30.877598 0.567225
v 11.621854 30.833107 0.538419
v 11.579805 30.797794 0.515553
v 11.526825 30.775124 0.501002
v 11.468092 30.767311 0.495953
v 11.468090 -4.963255 55.764309
v 11.409356 -4.955443 55.769360
v 11.356376 -4.932774 55.783909
v 11.314328 -4.897463 55.806774
v 11.287333 -4.852969 55.835583
v 11.278033 -4.803648 55.867355
v 11.287333 -4.754327 55.899132
v 11.314328 -4.709833 55.927937
v 11.356376 -4.674523 55.950802
v 11.409356 -4.651854 55.965355
v 11.468090 -4.644042 55.970402
v 11.526823 -4.651854 55.965355
v 11.579803 -4.674523 55.950802
v 11.621852 -4.709833 55.927937
v 11.648848 -4.754327 55.899132
v 11.658146 -4.803648 55.867355
v 11.648848 -4.852969 55.835583
v 11.621852 -4.897463 55.806774
v 11.579803 -4.932774 55.783909
v 11.526823 -4.955443 55.769360
v 11.468090 -4.803648 55.867355
v 11.468090 -4.803648 61.569046
v 11.409356 -4.656315 61.673882
v 11.356376 -4.678318 61.658142
v 11.314328 -4.712592 61.633781
v 11.287333 -4.755776 61.603195
v 11.278033 -4.803648 61.569046
v 11.287333 -4.851520 61.534889
v 11.314328 -4.894706 61.504303
v 11.356376 -4.928978 61.479950
v 11.409356 -4.950982 61.464218
v 11.468090 -4.958564 61.458870
v 11.526823 -4.950982 61.464218
v 11.579803 -4.928978 61.479950
v 11.621852 -4.894706 61.504303
v 11.648848 -4.851520 61.534889
v 11.658146 -4.803648 61.569046
v 11.648848 -4.755776 61.603195
v 11.621852 -4.712592 61.633781
v 11.579803 -4.678318 61.658142
v 11.526823 -4.656315 61.673882
v 11.468090 -4.648733 61.679222
v 11.468091 38.684082 0.709173
v 11.409357 38.676502 0.703827
v 11.356377 38.654499 0.688088
v 11.314329 38.620216 0.663737
v 11.287333 38.577038 0.633150
v 11.278034 38.529163 0.599000
v 11.287333 38.481297 0.564848
v 11.314329 38.438107 0.534261
v 11.356377 38.403835 0.509911
v 11.409357 38.381832 0.494172
v 11.468091 38.374249 0.488826
v 11.526824 38.381832 0.494172
v 11.579804 38.403835 0.509911
v 11.621853 38.438107 0.534261
v 11.648849 38.481297 0.564848
v 11.658147 38.529163 0.599000
v 11.648849 38.577038 0.633150
v 11.621853 38.620216 0.663737
v 11.579804 38.654499 0.688088
v 11.526824 38.676502 0.703827
v 11.468091 38.529163 0.599000
v 11.468091 37.008717 0.599000
v 11.409357 36.860561 0.495359
v 11.356377 36.882683 0.510801
v 11.314329 36.917149 0.535152
v 11.287333 36.960575 0.565443
v 11.278034 37.008717 0.599000
v 11.287333 37.056858 0.632556
v 11.314329 37.100285 0.662847
v 11.356377 37.134750 0.687197
v 11.409357 37.156879 0.702640
v 11.468091 37.164501 0.707985
v 11.526824 37.156879 0.702640
v 11.579804 37.134750 0.687197
v 11.621853 37.100285 0.662847
v 11.648849 37.056858 0.632556
v 11.658147 37.008717 0.599000
v 11.648849 36.960575 0.565443
v 11.621853 36.917149 0.535152
v 11.579804 36.882683 0.510801
v 11.526824 36.860561 0.495359
v 11.468091 36.852932 0.490014
v 11.468090 -4.959432 60.319717
v 11.409356 -4.951807 60.325066
v 11.356376 -4.929680 60.340508
v 11.314328 -4.895216 60.364861
v 11.287333 -4.851789 60.395149
v 11.278033 -4.803648 60.428703
v 11.287333 -4.755508 60.462265
v 11.314328 -4.712081 60.492554
v 11.356376 -4.677617 60.516907
v 11.409356 -4.655489 60.532349
v 11.468090 -4.647864 60.537689
v 11.526823 -4.655489 60.532349
v 11.579803 -4.677617 60.516907
v 11.621852 -4.712081 60.492554
v 11.648848 -4.755508 60.462265
v 11.658146 -4.803648 60.428703
v 11.648848 -4.851789 60.395149
v 11.621852 -4.895216 60.364861
v 11.579803 -4.929680 60.340508
v 11.526823 -4.951807 60.325066
v 11.468090 -4.803648 60.428703
v 11.468090 -4.803648 59.288368
v 11.409356 -4.654632 59.390820
v 11.356376 -4.676887 59.375378
v 11.314328 -4.711551 59.351620
v 11.287333 -4.755229 59.321629
v 11.278033 -4.803648 59.288368
v 11.287333 -4.852067 59.255108
v 11.314328 -4.895746 59.225113
v 11.356376 -4.930409 59.201359
v 11.409356 -4.952665 59.185917
v 11.468090 -4.960333 59.180866
v 11.526823 -4.952665 59.185917
v 11.579803 -4.930409 59.201359
v 11.621852 -4.895746 59.225113
v 11.648848 -4.852067 59.255108
v 11.658146 -4.803648 59.288368
v 11.648848 -4.755229 59.321629
v 11.621852 -4.711551 59.351620
v 11.579803 -4.676887 59.375378
v 11.526823 -4.654632 59.390820
v 11.468090 -4.646963 59.395870
v 11.468091 35.644951 0.706500
v 11.409357 35.637287 0.701451
v 11.356377 35.615028 0.686009
v 11.314329 35.580368 0.662252
v 11.287333 35.536686 0.632259
v 11.278034 35.488266 0.599000
v 11.287333 35.439850 0.565740
v 11.314329 35.396172 0.535746
v 11.356377 35.361507 0.511989
v 11.409357 35.339252 0.496547
v 11.468091 35.331581 0.491499
v 11.526824 35.339252 0.496547
v 11.579804 35.361507 0.511989
v 11.621853 35.396172 0.535746
v 11.648849 35.439850 0.565740
v 11.658147 35.488266 0.599000
v 11.648849 35.536686 0.632259
v 11.621853 35.580368 0.662252
v 11.579804 35.615028 0.686009
v 11.526824 35.637287 0.701451
v 11.468091 35.488266 0.599000
v 11.468090 -4.803648 57.007694
v 11.409356 -4.652815 57.107178
v 11.356376 -4.675342 57.092327
v 11.314328 -4.710428 57.069164
v 11.287333 -4.754640 57.040062
v 11.278033 -4.803648 57.007694
v 11.287333 -4.852657 56.975323
v 11.314328 -4.896869 56.946220
v 11.356376 -4.931954 56.923058
v 11.409356 -4.954482 56.908211
v 11.468090 -4.962243 56.902866
v 11.526823 -4.954482 56.908211
v 11.579803 -4.931954 56.923058
v 11.621852 -4.896869 56.946220
v 11.648848 -4.852657 56.975323
v 11.658146 -4.803648 57.007694
v 11.648848 -4.754640 57.040062
v 11.621852 -4.710428 57.069164
v 11.579803 -4.675342 57.092327
v 11.526823 -4.652815 57.107178
v 11.468090 -4.645054 57.112522
v 11.468092 32.605965 0.703827
v 11.409358 32.598202 0.698482
v 11.356378 32.575676 0.683634
v 11.314330 32.540588 0.660470
v 11.287334 32.496376 0.631368
v 11.278035 32.447369 0.599000
v 11.287334 32.398361 0.566630
v 11.314330 32.354149 0.537528
v 11.356378 32.319061 0.514365
v 11.409358 32.296535 0.499517
v 11.468092 32.288776 0.494172
v 11.526825 32.296535 0.499517
v 11.579805 32.319061 0.514365
v 11.621854 32.354149 0.537528
v 11.648849 32.398361 0.566630
v 11.658148 32.447369 0.599000
v 11.648849 32.496376 0.631368
v 11.621854 32.540588 0.660470
v 11.579805 32.575676 0.683634
v 11.526825 32.598202 0.698482
v 11.468092 32.447369 0.599000
v 11.468092 33.967819 0.599000
v 11.409358 33.817913 0.498032
v 11.356378 33.840302 0.513177
v 11.314330 33.875172 0.536637
v 11.287334 33.919109 0.566036
v 11.278035 33.967819 0.599000
v 11.287334 34.016525 0.631962
v 11.314330 34.060467 0.661362
v 11.356378 34.095337 0.684822
v 11.409358 34.117725 0.699967
v 11.468092 34.125439 0.705312
v 11.526825 34.117725 0.699967
v 11.579805 34.095337 0.684822
v 11.621854 34.060467 0.661362
v 11.648849 34.016525 0.631962
v 11.658148 33.967819 0.599000
v 11.648849 33.919109 0.566036
v 11.621854 33.875172 0.536637
v 11.579805 33.840302 0.513177
v 11.526825 33.817913 0.498032
v 11.468092 33.810196 0.492687
v 11.468090 -4.961270 58.041718
v 11.409356 -4.953556 58.047062
v 11.356376 -4.931167 58.062210
v 11.314328 -4.896296 58.085667
v 11.287333 -4.852357 58.115067
v 11.278033 -4.803648 58.148029
v 11.287333 -4.754940 58.180992
v 11.314328 -4.711000 58.210392
v 11.356376 -4.676130 58.233852
v 11.409356 -4.653741 58.248997
v 11.468090 -4.646026 58.254345
v 11.526823 -4.653741 58.248997
v 11.579803 -4.676130 58.233852
v 11.621852 -4.711000 58.210392
v 11.648848 -4.754940 58.180992
v 11.658146 -4.803648 58.148029
v 11.648848 -4.852357 58.115067
v 11.621852 -4.896296 58.085667
v 11.579803 -4.931167 58.062210
v 11.526823 -4.953556 58.047062
v 11.468090 -4.803648 58.148029
v -11.338653 21.804218 0.598998
v -11.397377 21.645802 0.511987
v -11.450366 21.669460 0.525054
v -11.492405 21.706312 0.545247
v -11.519410 21.752745 0.570786
v -11.528708 21.804218 0.598998
v -11.519410 21.855694 0.627209
v -11.492406 21.902126 0.652748
v -11.450367 21.938978 0.672941
v -11.397378 21.962637 0.686007
v -11.338654 21.970791 0.690462
v -11.279929 21.962637 0.686007
v -11.226940 21.938978 0.672941
v -11.184901 21.902126 0.652748
v -11.157895 21.855694 0.627209
v -11.148596 21.804218 0.598998
v -11.157895 21.752745 0.570786
v -11.184900 21.706312 0.545247
v -11.226939 21.669460 0.525054
v -11.279928 21.645802 0.511987
v -11.338653 21.637650 0.507533
v -11.338655 -4.970220 48.933868
v -11.397379 -4.962067 48.938324
v -11.450368 -4.938407 48.951389
v -11.492407 -4.901557 48.971581
v -11.519412 -4.855123 48.997120
v -11.528710 -4.803650 49.025333
v -11.519412 -4.752178 49.053543
v -11.492407 -4.705743 49.079082
v -11.450368 -4.668894 49.099277
v -11.397379 -4.645234 49.112343
v -11.338655 -4.637081 49.116798
v -11.279930 -4.645234 49.112343
v -11.226941 -4.668894 49.099277
v -11.184902 -4.705743 49.079082
v -11.157897 -4.752178 49.053543
v -11.148598 -4.803650 49.025333
v -11.157897 -4.855123 48.997120
v -11.184902 -4.901557 48.971581
v -11.226941 -4.938407 48.951389
v -11.279930 -4.962067 48.938324
v -11.338655 -4.803650 49.025333
v -11.338655 -4.803650 50.165668
v -11.397379 -4.646445 50.254757
v -11.450368 -4.669924 50.241692
v -11.492407 -4.706492 50.220905
v -11.519412 -4.752571 50.194771
v -11.528710 -4.803650 50.165668
v -11.519412 -4.854730 50.136566
v -11.492407 -4.900807 50.110435
v -11.450368 -4.937377 50.089649
v -11.397379 -4.960855 50.076580
v -11.338655 -4.968946 50.071831
v -11.279930 -4.960855 50.076580
v -11.226941 -4.937377 50.089649
v -11.184902 -4.900807 50.110435
v -11.157897 -4.854730 50.136566
v -11.148598 -4.803650 50.165668
v -11.157897 -4.752571 50.194771
v -11.184902 -4.706492 50.220905
v -11.226941 -4.669924 50.241692
v -11.279930 -4.646445 50.254757
v -11.338655 -4.638355 50.259510
v -11.338654 23.489964 0.692838
v -11.397378 23.481873 0.688087
v -11.450367 23.458397 0.675020
v -11.492406 23.421825 0.654233
v -11.519411 23.375748 0.628100
v -11.528709 23.324667 0.598998
v -11.519411 23.273590 0.569895
v -11.492406 23.227509 0.543762
v -11.450367 23.190941 0.522975
v -11.397378 23.167461 0.509909
v -11.338654 23.159374 0.505157
v -11.279929 23.167461 0.509909
v -11.226940 23.190941 0.522975
v -11.184901 23.227509 0.543762
v -11.157896 23.273590 0.569895
v -11.148597 23.324667 0.598998
v -11.157896 23.375748 0.628100
v -11.184901 23.421825 0.654233
v -11.226940 23.458397 0.675020
v -11.279929 23.481873 0.688087
v -11.338654 23.324667 0.598998
v -11.338654 24.845116 0.598998
v -11.397378 24.689083 0.507830
v -11.450367 24.712383 0.521490
v -11.492406 24.748684 0.542574
v -11.519411 24.794418 0.569301
v -11.528709 24.845116 0.598998
v -11.519411 24.895821 0.628694
v -11.492406 24.941555 0.655420
v -11.450367 24.977856 0.676505
v -11.397378 25.001156 0.690165
v -11.338654 25.009190 0.694916
v -11.279929 25.001156 0.690165
v -11.226940 24.977856 0.676505
v -11.184901 24.941555 0.655420
v -11.157896 24.895821 0.628694
v -11.148597 24.845116 0.598998
v -11.157896 24.794418 0.569301
v -11.184901 24.748684 0.542574
v -11.226940 24.712383 0.521490
v -11.279929 24.689083 0.507830
v -11.338654 24.681049 0.503078
v -11.338655 -4.967718 51.210087
v -11.397379 -4.959689 51.214840
v -11.450368 -4.936384 51.228500
v -11.492407 -4.900087 51.249584
v -11.519412 -4.854350 51.276310
v -11.528710 -4.803650 51.306007
v -11.519412 -4.752951 51.335705
v -11.492407 -4.707213 51.362431
v -11.450368 -4.670917 51.383514
v -11.397379 -4.647613 51.397175
v -11.338655 -4.639583 51.401928
v -11.279930 -4.647613 51.397175
v -11.226941 -4.670917 51.383514
v -11.184902 -4.707213 51.362431
v -11.157897 -4.752951 51.335705
v -11.148598 -4.803650 51.306007
v -11.157897 -4.854350 51.276310
v -11.184902 -4.900087 51.249584
v -11.226941 -4.936384 51.228500
v -11.279930 -4.959689 51.214840
v -11.338655 -4.803650 51.306007
v -11.338655 -4.803650 52.446342
v -11.397380 -4.648735 52.539589
v -11.450369 -4.671871 52.525635
v -11.492407 -4.707907 52.503956
v -11.519412 -4.753315 52.476635
v -11.528710 -4.803650 52.446342
v -11.519412 -4.853985 52.416054
v -11.492407 -4.899392 52.388733
v -11.450368 -4.935430 52.367054
v -11.397379 -4.958566 52.353100
v -11.338655 -4.966537 52.348347
v -11.279930 -4.958566 52.353100
v -11.226941 -4.935430 52.367054
v -11.184902 -4.899392 52.388733
v -11.157897 -4.853985 52.416054
v -11.148598 -4.803650 52.446342
v -11.157897 -4.753315 52.476635
v -11.184902 -4.707907 52.503956
v -11.226942 -4.671871 52.525635
v -11.279931 -4.648735 52.539589
v -11.338655 -4.640763 52.544342
v -11.338654 26.528458 0.696995
v -11.397378 26.520485 0.692244
v -11.450367 26.497349 0.678287
v -11.492406 26.461311 0.656608
v -11.519411 26.415901 0.629288
v -11.528709 26.365566 0.598998
v -11.519411 26.315231 0.568707
v -11.492406 26.269825 0.541387
v -11.450367 26.233791 0.519708
v -11.397378 26.210655 0.505751
v -11.338654 26.202682 0.501000
v -11.279929 26.210655 0.505751
v -11.226940 26.233791 0.519708
v -11.184901 26.269825 0.541387
v -11.157896 26.315231 0.568707
v -11.148597 26.365566 0.598998
v -11.157896 26.415901 0.629288
v -11.184901 26.461311 0.656608
v -11.226940 26.497349 0.678287
v -11.279929 26.520485 0.692244
v -11.338654 26.365566 0.598998
v -11.338654 27.886021 0.598998
v -11.397378 27.732182 0.503969
v -11.450367 27.755161 0.518224
v -11.492406 27.790943 0.540199
v -11.519411 27.836037 0.568113
v -11.528709 27.886021 0.598998
v -11.519411 27.936001 0.629881
v -11.492406 27.981094 0.657796
v -11.450367 28.016876 0.679771
v -11.397378 28.039856 0.694026
v -11.338654 28.047771 0.698777
v -11.279929 28.039856 0.694026
v -11.226940 28.016876 0.679771
v -11.184901 27.981094 0.657796
v -11.157896 27.936001 0.629881
v -11.148597 27.886021 0.598998
v -11.157896 27.836037 0.568113
v -11.184901 27.790943 0.540199
v -11.226940 27.755161 0.518224
v -11.279929 27.732182 0.503969
v -11.338654 27.724266 0.499218
v -11.338655 -4.965402 53.486900
v -11.397380 -4.957484 53.491653
v -11.450369 -4.934509 53.505909
v -11.492408 -4.898726 53.527882
v -11.519413 -4.853635 53.555798
v -11.528711 -4.803650 53.586681
v -11.519413 -4.753666 53.617565
v -11.492408 -4.708575 53.645481
v -11.450369 -4.672791 53.667454
v -11.397380 -4.649817 53.681709
v -11.338655 -4.641899 53.686462
v -11.279931 -4.649817 53.681709
v -11.226942 -4.672791 53.667454
v -11.184903 -4.708575 53.645481
v -11.157898 -4.753666 53.617565
v -11.148599 -4.803650 53.586681
v -11.157898 -4.853635 53.555798
v -11.184903 -4.898726 53.527882
v -11.226942 -4.934509 53.505909
v -11.279931 -4.957484 53.491653
v -11.338655 -4.803650 53.586681
v -11.338655 -4.803650 54.727020
v -11.397380 -4.650855 54.823532
v -11.450369 -4.673676 54.809277
v -11.492408 -4.709218 54.786709
v -11.519413 -4.754004 54.758495
v -11.528711 -4.803650 54.727020
v -11.519413 -4.853296 54.695541
v -11.492408 -4.898083 54.667328
v -11.450369 -4.933625 54.644760
v -11.397380 -4.956446 54.630505
v -11.338655 -4.964309 54.625458
v -11.279931 -4.956446 54.630505
v -11.226942 -4.933625 54.644760
v -11.184903 -4.898083 54.667328
v -11.157898 -4.853296 54.695541
v -11.148599 -4.803650 54.727020
v -11.157898 -4.754004 54.758495
v -11.184903 -4.709218 54.786709
v -11.226942 -4.673676 54.809277
v -11.279931 -4.650855 54.823532
v -11.338655 -4.642992 54.828579
v -11.338654 29.567127 0.700559
v -11.397378 29.559265 0.695510
v -11.450367 29.536446 0.681256
v -11.492406 29.500904 0.658687
v -11.519411 29.456116 0.630476
v -11.528709 29.406467 0.598998
v -11.519411 29.356823 0.567519
v -11.492406 29.312038 0.539308
v -11.450367 29.276493 0.516739
v -11.397378 29.253674 0.502484
v -11.338654 29.245811 0.497436
v -11.279929 29.253674 0.502484
v -11.226940 29.276493 0.516739
v -11.184901 29.312038 0.539308
v -11.157896 29.356823 0.567519
v -11.148597 29.406467 0.598998
v -11.157896 29.456116 0.630476
v -11.184901 29.500904 0.658687
v -11.226940 29.536446 0.681256
v -11.279929 29.559265 0.695510
v -11.338654 29.406467 0.598998
v -11.338654 30.926918 0.598998
v -11.397378 30.775124 0.501000
v -11.450367 30.797794 0.515551
v -11.492406 30.833107 0.538417
v -11.519411 30.877598 0.567223
v -11.528709 30.926918 0.598998
v -11.519411 30.976242 0.630773
v -11.492406 31.020737 0.659578
v -11.450367 31.056042 0.682444
v -11.397378 31.078712 0.696995
v -11.338654 31.086525 0.702044
v -11.279929 31.078712 0.696995
v -11.226940 31.056042 0.682444
v -11.184901 31.020737 0.659578
v -11.157896 30.976242 0.630773
v -11.148597 30.926918 0.598998
v -11.157896 30.877598 0.567223
v -11.184901 30.833107 0.538417
v -11.226940 30.797794 0.515551
v -11.279929 30.775124 0.501000
v -11.338654 30.767311 0.495951
v -11.338655 -4.963257 55.764309
v -11.397380 -4.955445 55.769360
v -11.450369 -4.932775 55.783909
v -11.492408 -4.897465 55.806774
v -11.519413 -4.852971 55.835583
v -11.528711 -4.803650 55.867355
v -11.519413 -4.754329 55.899132
v -11.492408 -4.709835 55.927937
v -11.450369 -4.674525 55.950802
v -11.397380 -4.651855 55.965355
v -11.338655 -4.644044 55.970402
v -11.279931 -4.651855 55.965355
v -11.226942 -4.674525 55.950802
v -11.184903 -4.709835 55.927937
v -11.157898 -4.754329 55.899132
v -11.148599 -4.803650 55.867355
v -11.157898 -4.852971 55.835583
v -11.184903 -4.897465 55.806774
v -11.226942 -4.932775 55.783909
v -11.279931 -4.955445 55.769360
v -11.338655 -4.803650 55.867355
v -11.338655 -4.803650 57.007694
v -11.397380 -4.652817 57.107178
v -11.450369 -4.675344 57.092327
v -11.492408 -4.710430 57.069164
v -11.519413 -4.754642 57.040062
v -11.528711 -4.803650 57.007694
v -11.519413 -4.852659 56.975323
v -11.492408 -4.896871 56.946220
v -11.450369 -4.931956 56.923058
v -11.397380 -4.954484 56.908211
v -11.338655 -4.962245 56.902866
v -11.279931 -4.954484 56.908211
v -11.226942 -4.931956 56.923058
v -11.184903 -4.896871 56.946220
v -11.157898 -4.852659 56.975323
v -11.148599 -4.803650 57.007694
v -11.157898 -4.754642 57.040062
v -11.184903 -4.710430 57.069164
v -11.226942 -4.675344 57.092327
v -11.279931 -4.652817 57.107178
v -11.338655 -4.645056 57.112522
v -11.338654 32.605965 0.703825
v -11.397378 32.598202 0.698480
v -11.450367 32.575676 0.683632
v -11.492406 32.540588 0.660469
v -11.519411 32.496376 0.631366
v -11.528709 32.447369 0.598998
v -11.519411 32.398361 0.566628
v -11.492406 32.354149 0.537526
v -11.450367 32.319061 0.514363
v -11.397378 32.296535 0.499515
v -11.338654 32.288776 0.494170
v -11.279929 32.296535 0.499515
v -11.226940 32.319061 0.514363
v -11.184901 32.354149 0.537526
v -11.157896 32.398361 0.566628
v -11.148597 32.447369 0.598998
v -11.157896 32.496376 0.631366
v -11.184901 32.540588 0.660469
v -11.226940 32.575676 0.683632
v -11.279929 32.598202 0.698480
v -11.338654 32.447369 0.598998
v -11.338654 33.967819 0.598998
v -11.397378 33.817913 0.498030
v -11.450367 33.840302 0.513175
v -11.492406 33.875172 0.536635
v -11.519411 33.919109 0.566034
v -11.528709 33.967819 0.598998
v -11.519411 34.016525 0.631960
v -11.492406 34.060467 0.661360
v -11.450367 34.095337 0.684820
v -11.397378 34.117725 0.699965
v -11.338654 34.125439 0.705310
v -11.279929 34.117725 0.699965
v -11.226940 34.095337 0.684820
v -11.184901 34.060467 0.661360
v -11.157896 34.016525 0.631960
v -11.148597 33.967819 0.598998
v -11.157896 33.919109 0.566034
v -11.184901 33.875172 0.536635
v -11.226940 33.840302 0.513175
v -11.279929 33.817913 0.498030
v -11.338654 33.810196 0.492685
v -11.338655 -4.961272 58.041718
v -11.397380 -4.953558 58.047062
v -11.450369 -4.931169 58.062210
v -11.492408 -4.896297 58.085667
v -11.519413 -4.852359 58.115067
v -11.528711 -4.803650 58.148029
v -11.519413 -4.754942 58.180992
v -11.492408 -4.711002 58.210392
v -11.450369 -4.676132 58.233852
v -11.397380 -4.653743 58.248997
v -11.338655 -4.646028 58.254345
v -11.279931 -4.653743 58.248997
v -11.226942 -4.676132 58.233852
v -11.184903 -4.711002 58.210392
v -11.157898 -4.754942 58.180992
v -11.148599 -4.803650 58.148029
v -11.157898 -4.852359 58.115067
v -11.184903 -4.896297 58.085667
v -11.226942 -4.931169 58.062210
v -11.279931 -4.953558 58.047062
v -11.338655 -4.803650 58.148029
v -11.338655 -4.803650 59.288368
v -11.397380 -4.654634 59.390820
v -11.450369 -4.676888 59.375378
v -11.492408 -4.711553 59.351620
v -11.519413 -4.755231 59.321629
v -11.528711 -4.803650 59.288368
v -11.519413 -4.852069 59.255108
v -11.492408 -4.895748 59.225113
v -11.450369 -4.930411 59.201359
v -11.397380 -4.952667 59.185917
v -11.338655 -4.960335 59.180866
v -11.279931 -4.952667 59.185917
v -11.226942 -4.930411 59.201359
v -11.184903 -4.895748 59.225113
v -11.157898 -4.852069 59.255108
v -11.148599 -4.803650 59.288368
v -11.157898 -4.755231 59.321629
v -11.184903 -4.711553 59.351620
v -11.226942 -4.676888 59.375378
v -11.279931 -4.654634 59.390820
v -11.338655 -4.646965 59.395870
v -11.338655 35.644951 0.706498
v -11.397379 35.637287 0.701449
v -11.450368 35.615028 0.686007
v -11.492407 35.580368 0.662251
v -11.519412 35.536686 0.632257
v -11.528710 35.488266 0.598998
v -11.519412 35.439850 0.565738
v -11.492407 35.396172 0.535744
v -11.450368 35.361507 0.511987
v -11.397379 35.339252 0.496545
v -11.338655 35.331581 0.491497
v -11.279930 35.339252 0.496545
v -11.226941 35.361507 0.511987
v -11.184902 35.396172 0.535744
v -11.157897 35.439850 0.565738
v -11.148598 35.488266 0.598998
v -11.157897 35.536686 0.632257
v -11.184902 35.580368 0.662251
v -11.226941 35.615028 0.686007
v -11.279930 35.637287 0.701449
v -11.338655 35.488266 0.598998
v -11.338655 37.008717 0.598998
v -11.397379 36.860561 0.495358
v -11.450368 36.882683 0.510799
v -11.492407 36.917149 0.535151
v -11.519412 36.960575 0.565441
v -11.528710 37.008717 0.598998
v -11.519412 37.056858 0.632554
v -11.492407 37.100285 0.662845
v -11.450368 37.134750 0.687195
v -11.397379 37.156879 0.702638
v -11.338655 37.164501 0.707983
v -11.279930 37.156879 0.702638
v -11.226941 37.134750 0.687195
v -11.184902 37.100285 0.662845
v -11.157897 37.056858 0.632554
v -11.148598 37.008717 0.598998
v -11.157897 36.960575 0.565441
v -11.184902 36.917149 0.535151
v -11.226941 36.882683 0.510799
v -11.279930 36.860561 0.495358
v -11.338655 36.852932 0.490012
v -11.338655 -4.959434 60.319717
v -11.397380 -4.951809 60.325066
v -11.450369 -4.929682 60.340508
v -11.492408 -4.895218 60.364861
v -11.519413 -4.851790 60.395149
v -11.528711 -4.803650 60.428703
v -11.519413 -4.755510 60.462265
v -11.492408 -4.712083 60.492554
v -11.450369 -4.677619 60.516907
v -11.397380 -4.655491 60.532349
v -11.338655 -4.647866 60.537689
v -11.279931 -4.655491 60.532349
v -11.226942 -4.677619 60.516907
v -11.184903 -4.712083 60.492554
v -11.157898 -4.755510 60.462265
v -11.148599 -4.803650 60.428703
v -11.157898 -4.851790 60.395149
v -11.184903 -4.895218 60.364861
v -11.226942 -4.929682 60.340508
v -11.279931 -4.951809 60.325066
v -11.338655 -4.803650 60.428703
v -11.338655 -4.803650 61.569046
v -11.397380 -4.656317 61.673882
v -11.450369 -4.678320 61.658142
v -11.492408 -4.712594 61.633781
v -11.519413 -4.755778 61.603195
v -11.528711 -4.803650 61.569046
v -11.519413 -4.851521 61.534889
v -11.492408 -4.894708 61.504303
v -11.450369 -4.928980 61.479950
v -11.397380 -4.950984 61.464218
v -11.338655 -4.958566 61.458870
v -11.279931 -4.950984 61.464218
v -11.226942 -4.928980 61.479950
v -11.184903 -4.894708 61.504303
v -11.157898 -4.851521 61.534889
v -11.148599 -4.803650 61.569046
v -11.157898 -4.755778 61.603195
v -11.184903 -4.712594 61.633781
v -11.226942 -4.678320 61.658142
v -11.279931 -4.656317 61.673882
v -11.338655 -4.648735 61.679222
v -11.338655 38.684082 0.709171
v -11.397379 38.676502 0.703825
v -11.450368 38.654499 0.688087
v -11.492407 38.620216 0.663735
v -11.519412 38.577038 0.633148
v -11.528710 38.529163 0.598998
v -11.519412 38.481297 0.564847
v -11.492407 38.438107 0.534259
v -11.450368 38.403835 0.509909
v -11.397379 38.381832 0.494170
v -11.338655 38.374249 0.488824
v -11.279930 38.381832 0.494170
v -11.226941 38.403835 0.509909
v -11.184902 38.438107 0.534259
v -11.157897 38.481297 0.564847
v -11.148598 38.529163 0.598998
v -11.157897 38.577038 0.633148
v -11.184902 38.620216 0.663735
v -11.226941 38.654499 0.688087
v -11.279930 38.676502 0.703825
v -11.338655 38.529163 0.598998
v -11.338644 -4.803650 -98.078163
v -11.397368 -4.968161 -98.003326
v -11.450357 -4.943591 -98.014313
v -11.492396 -4.905322 -98.031837
v -11.519402 -4.857103 -98.053810
v -11.528700 -4.803650 -98.078163
v -11.519402 -4.750197 -98.102516
v -11.492396 -4.701977 -98.124489
v -11.450357 -4.663710 -98.142014
v -11.397368 -4.639140 -98.153000
v -11.338644 -4.630673 -98.156860
v -11.279920 -4.639140 -98.153000
v -11.226931 -4.663710 -98.142014
v -11.184892 -4.701977 -98.124489
v -11.157887 -4.750197 -98.102516
v -11.148587 -4.803650 -98.078163
v -11.157887 -4.857103 -98.053810
v -11.184892 -4.905322 -98.031837
v -11.226931 -4.943591 -98.014313
v -11.279920 -4.968161 -98.003326
v -11.338644 -4.976626 -97.999466
v -11.338655 40.636864 2.198142
v -11.397379 40.645329 2.194282
v -11.450368 40.669903 2.183294
v -11.492407 40.708164 2.165773
v -11.519412 40.756382 2.143798
v -11.528710 40.809837 2.119447
v -11.519412 40.863289 2.095096
v -11.492407 40.911507 2.073121
v -11.450368 40.949780 2.055600
v -11.397379 40.974354 2.044612
v -11.338655 40.982815 2.040752
v -11.279930 40.974354 2.044612
v -11.226941 40.949780 2.055600
v -11.184902 40.911507 2.073121
v -11.157897 40.863289 2.095096
v -11.148598 40.809837 2.119447
v -11.157897 40.756382 2.143798
v -11.184902 40.708164 2.165773
v -11.226941 40.669903 2.183294
v -11.279930 40.645329 2.194282
v -11.338655 40.809837 2.119447
v -11.338644 -4.803650 -94.738220
v -11.397368 -4.968161 -94.663391
v -11.450357 -4.943591 -94.674675
v -11.492396 -4.905322 -94.691895
v -11.519402 -4.857103 -94.713875
v -11.528700 -4.803650 -94.738220
v -11.519402 -4.750197 -94.762573
v -11.492396 -4.701977 -94.784546
v -11.450357 -4.663710 -94.802071
v -11.397368 -4.639140 -94.813057
v -11.338644 -4.630673 -94.816917
v -11.279920 -4.639140 -94.813057
v -11.226931 -4.663710 -94.802071
v -11.184892 -4.701977 -94.784546
v -11.157887 -4.750197 -94.762573
v -11.148587 -4.803650 -94.738220
v -11.157887 -4.857103 -94.713875
v -11.184892 -4.905322 -94.691895
v -11.226931 -4.943591 -94.674675
v -11.279920 -4.968161 -94.663391
v -11.338644 -4.976626 -94.659531
v -11.338655 39.116417 2.198142
v -11.397379 39.124878 2.194282
v -11.450368 39.149452 2.183294
v -11.492407 39.187714 2.165773
v -11.519412 39.235935 2.143798
v -11.528710 39.289387 2.119447
v -11.519412 39.342838 2.095096
v -11.492407 39.391060 2.073121
v -11.450368 39.429329 2.055600
v -11.397379 39.453903 2.044612
v -11.338655 39.462368 2.040752
v -11.279930 39.453903 2.044612
v -11.226941 39.429329 2.055600
v -11.184902 39.391060 2.073121
v -11.157897 39.342838 2.095096
v -11.148598 39.289387 2.119447
v -11.157897 39.235935 2.143798
v -11.184902 39.187714 2.165773
v -11.226941 39.149452 2.183294
v -11.279930 39.124878 2.194282
v -11.338655 39.289387 2.119447
v -11.338644 -4.803650 -91.398293
v -11.397368 -4.968161 -91.323456
v -11.450357 -4.943591 -91.334740
v -11.492396 -4.905322 -91.351967
v -11.519402 -4.857103 -91.373940
v -11.528700 -4.803650 -91.398293
v -11.519402 -4.750197 -91.422646
v -11.492396 -4.701977 -91.444618
v -11.450357 -4.663710 -91.462135
v -11.397368 -4.639140 -91.473129
v -11.338644 -4.630673 -91.476990
v -11.279920 -4.639140 -91.473129
v -11.226931 -4.663710 -91.462135
v -11.184892 -4.701977 -91.444618
v -11.157887 -4.750197 -91.422646
v -11.148587 -4.803650 -91.398293
v -11.157887 -4.857103 -91.373940
v -11.184892 -4.905322 -91.351967
v -11.226931 -4.943591 -91.334740
v -11.279920 -4.968161 -91.323456
v -11.338644 -4.976626 -91.319595
v -11.338655 37.595966 2.198142
v -11.397379 37.604435 2.194282
v -11.450368 37.629002 2.183294
v -11.492407 37.667271 2.165773
v -11.519412 37.715488 2.143798
v -11.528710 37.768940 2.119447
v -11.519412 37.822395 2.095096
v -11.492407 37.870613 2.073121
v -11.450368 37.908882 2.055600
v -11.397379 37.933456 2.044612
v -11.338655 37.941917 2.040752
v -11.279930 37.933456 2.044612
v -11.226941 37.908882 2.055600
v -11.184902 37.870613 2.073121
v -11.157897 37.822395 2.095096
v -11.148598 37.768940 2.119447
v -11.157897 37.715488 2.143798
v -11.184902 37.667271 2.165773
v -11.226941 37.629002 2.183294
v -11.279930 37.604435 2.194282
v -11.338655 37.768940 2.119447
v -11.338644 -4.803650 -88.058350
v -11.397368 -4.968161 -87.983513
v -11.450357 -4.943591 -87.994797
v -11.492396 -4.905322 -88.012024
v -11.519402 -4.857103 -88.033997
v -11.528700 -4.803650 -88.058350
v -11.519402 -4.750197 -88.082703
v -11.492396 -4.701977 -88.104675
v -11.450357 -4.663710 -88.122200
v -11.397368 -4.639140 -88.133186
v -11.338644 -4.630673 -88.137047
v -11.279920 -4.639140 -88.133186
v -11.226931 -4.663710 -88.122200
v -11.184892 -4.701977 -88.104675
v -11.157887 -4.750197 -88.082703
v -11.148587 -4.803650 -88.058350
v -11.157887 -4.857103 -88.033997
v -11.184892 -4.905322 -88.012024
v -11.226931 -4.943591 -87.994797
v -11.279920 -4.968161 -87.983513
v -11.338644 -4.976626 -87.979652
v -11.338655 36.075516 2.198142
v -11.397379 36.083984 2.194282
v -11.450368 36.108555 2.183294
v -11.492407 36.146820 2.165773
v -11.519412 36.195038 2.143798
v -11.528710 36.248493 2.119447
v -11.519412 36.301945 2.095096
v -11.492407 36.350166 2.073121
v -11.450368 36.388432 2.055600
v -11.397379 36.413006 2.044612
v -11.338655 36.421467 2.040752
v -11.279930 36.413006 2.044612
v -11.226941 36.388432 2.055600
v -11.184902 36.350166 2.073121
v -11.157897 36.301945 2.095096
v -11.148598 36.248493 2.119447
v -11.157897 36.195038 2.143798
v -11.184902 36.146820 2.165773
v -11.226941 36.108555 2.183294
v -11.279930 36.083984 2.194282
v -11.338655 36.248493 2.119447
v -11.338645 -4.803650 -84.718407
v -11.397369 -4.968161 -84.643578
v -11.450358 -4.943591 -84.654861
v -11.492397 -4.905322 -84.672081
v -11.519403 -4.857103 -84.694061
v -11.528701 -4.803650 -84.718407
v -11.519403 -4.750197 -84.742760
v -11.492397 -4.701977 -84.764732
v -11.450358 -4.663710 -84.782257
v -11.397369 -4.639140 -84.793243
v -11.338645 -4.630673 -84.797104
v -11.279921 -4.639140 -84.793243
v -11.226932 -4.663710 -84.782257
v -11.184893 -4.701977 -84.764732
v -11.157887 -4.750197 -84.742760
v -11.148588 -4.803650 -84.718407
v -11.157887 -4.857103 -84.694061
v -11.184893 -4.905322 -84.672081
v -11.226932 -4.943591 -84.654861
v -11.279921 -4.968161 -84.643578
v -11.338645 -4.976626 -84.639717
v -11.338655 34.555065 2.198142
v -11.397379 34.563534 2.194282
v -11.450368 34.588104 2.183294
v -11.492407 34.626369 2.165773
v -11.519412 34.674591 2.143798
v -11.528710 34.728043 2.119447
v -11.519412 34.781494 2.095096
v -11.492407 34.829716 2.073121
v -11.450368 34.867981 2.055600
v -11.397379 34.892555 2.044612
v -11.338655 34.901020 2.040752
v -11.279930 34.892555 2.044612
v -11.226941 34.867981 2.055600
v -11.184902 34.829716 2.073121
v -11.157897 34.781494 2.095096
v -11.148598 34.728043 2.119447
v -11.157897 34.674591 2.143798
v -11.184902 34.626369 2.165773
v -11.226941 34.588104 2.183294
v -11.279930 34.563534 2.194282
v -11.338655 34.728043 2.119447
v -11.338645 -4.803650 -81.378471
v -11.397369 -4.968161 -81.303635
v -11.450358 -4.943591 -81.314919
v -11.492397 -4.905322 -81.332146
v -11.519403 -4.857103 -81.354118
v -11.528701 -4.803650 -81.378471
v -11.519403 -4.750197 -81.402817
v -11.492397 -4.701977 -81.424797
v -11.450358 -4.663710 -81.442314
v -11.397369 -4.639140 -81.453598
v -11.338645 -4.630673 -81.457458
v -11.279921 -4.639140 -81.453598
v -11.226932 -4.663710 -81.442314
v -11.184893 -4.701977 -81.424797
v -11.157887 -4.750197 -81.402817
v -11.148588 -4.803650 -81.378471
v -11.157887 -4.857103 -81.354118
v -11.184893 -4.905322 -81.332146
v -11.226932 -4.943591 -81.314919
v -11.279921 -4.968161 -81.303635
v -11.338645 -4.976626 -81.299774
v -11.338655 33.034618 2.198142
v -11.397379 33.043083 2.194282
v -11.450368 33.067654 2.183294
v -11.492407 33.105919 2.165773
v -11.519412 33.154140 2.143798
v -11.528710 33.207592 2.119447
v -11.519412 33.261047 2.095096
v -11.492407 33.309265 2.073121
v -11.450368 33.347530 2.055600
v -11.397379 33.372105 2.044612
v -11.338655 33.380569 2.040752
v -11.279930 33.372105 2.044612
v -11.226941 33.347530 2.055600
v -11.184902 33.309265 2.073121
v -11.157897 33.261047 2.095096
v -11.148598 33.207592 2.119447
v -11.157897 33.154140 2.143798
v -11.184902 33.105919 2.165773
v -11.226941 33.067654 2.183294
v -11.279930 33.043083 2.194282
v -11.338655 33.207592 2.119447
v -11.338645 -4.803650 -78.038528
v -11.397369 -4.968161 -77.963692
v -11.450358 -4.943591 -77.974976
v -11.492397 -4.905322 -77.992500
v -11.519403 -4.857103 -78.014175
v -11.528701 -4.803650 -78.038528
v -11.519403 -4.750197 -78.062881
v -11.492397 -4.701977 -78.084854
v -11.450358 -4.663710 -78.102371
v -11.397369 -4.639140 -78.113663
v -11.338645 -4.630673 -78.117523
v -11.279921 -4.639140 -78.113663
v -11.226932 -4.663710 -78.102371
v -11.184893 -4.701977 -78.084854
v -11.157887 -4.750197 -78.062881
v -11.148588 -4.803650 -78.038528
v -11.157887 -4.857103 -78.014175
v -11.184893 -4.905322 -77.992500
v -11.226932 -4.943591 -77.974976
v -11.279921 -4.968161 -77.963692
v -11.338645 -4.976626 -77.959831
v -11.338654 30.822006 0.677692
v -11.397378 30.830471 0.673832
v -11.450367 30.855038 0.662845
v -11.492406 30.893311 0.645324
v -11.519411 30.941528 0.623348
v -11.528709 30.994984 0.598998
v -11.519411 31.048435 0.574646
v -11.492406 31.096657 0.552671
v -11.450367 31.134922 0.535151
v -11.397378 31.159492 0.524163
v -11.338654 31.167961 0.520302
v -11.279929 31.159492 0.524163
v -11.226940 31.134922 0.535151
v -11.184901 31.096657 0.552671
v -11.157896 31.048435 0.574646
v -11.148597 30.994984 0.598998
v -11.157896 30.941528 0.623348
v -11.184901 30.893311 0.645324
v -11.226940 30.855038 0.662845
v -11.279929 30.830471 0.673832
v -11.338654 30.994984 0.598998
v -11.338645 -4.803650 -74.698586
v -11.397369 -4.968161 -74.623749
v -11.450358 -4.943591 -74.635033
v -11.492397 -4.905322 -74.652557
v -11.519403 -4.857103 -74.674530
v -11.528701 -4.803650 -74.698586
v -11.519403 -4.750197 -74.722939
v -11.492397 -4.701977 -74.744911
v -11.450358 -4.663710 -74.762436
v -11.397369 -4.639140 -74.773720
v -11.338645 -4.630673 -74.777580
v -11.279921 -4.639140 -74.773720
v -11.226932 -4.663710 -74.762436
v -11.184893 -4.701977 -74.744911
v -11.157887 -4.750197 -74.722939
v -11.148588 -4.803650 -74.698586
v -11.157887 -4.857103 -74.674530
v -11.184893 -4.905322 -74.652557
v -11.226932 -4.943591 -74.635033
v -11.279921 -4.968161 -74.623749
v -11.338645 -4.976626 -74.619888
v -11.338654 29.301556 0.677692
v -11.397378 29.310020 0.673832
v -11.450367 29.334591 0.662845
v -11.492406 29.372860 0.645324
v -11.519411 29.421082 0.623348
v -11.528709 29.474533 0.598998
v -11.519411 29.527988 0.574646
v -11.492406 29.576206 0.552671
v -11.450367 29.614471 0.535151
v -11.397378 29.639042 0.524163
v -11.338654 29.647511 0.520302
v -11.279929 29.639042 0.524163
v -11.226940 29.614471 0.535151
v -11.184901 29.576206 0.552671
v -11.157896 29.527988 0.574646
v -11.148597 29.474533 0.598998
v -11.157896 29.421082 0.623348
v -11.184901 29.372860 0.645324
v -11.226940 29.334591 0.662845
v -11.279929 29.310020 0.673832
v -11.338654 29.474533 0.598998
v -11.338646 -4.803650 -71.358940
v -11.397370 -4.968161 -71.283813
v -11.450359 -4.943591 -71.295097
v -11.492398 -4.905322 -71.312614
v -11.519403 -4.857103 -71.334595
v -11.528702 -4.803650 -71.358940
v -11.519403 -4.750197 -71.382996
v -11.492398 -4.701977 -71.404968
v -11.450359 -4.663710 -71.422493
v -11.397370 -4.639140 -71.433777
v -11.338646 -4.630673 -71.437637
v -11.279922 -4.639140 -71.433777
v -11.226933 -4.663710 -71.422493
v -11.184894 -4.701977 -71.404968
v -11.157888 -4.750197 -71.382996
v -11.148589 -4.803650 -71.358940
v -11.157888 -4.857103 -71.334595
v -11.184894 -4.905322 -71.312614
v -11.226933 -4.943591 -71.295097
v -11.279922 -4.968161 -71.283813
v -11.338646 -4.976626 -71.279953
v -11.338654 27.781109 0.677692
v -11.397378 27.789570 0.673832
v -11.450367 27.814140 0.662845
v -11.492406 27.852406 0.645324
v -11.519411 27.900631 0.623348
v -11.528709 27.954079 0.598998
v -11.519411 28.007534 0.574646
v -11.492406 28.055752 0.552671
v -11.450367 28.094025 0.535151
v -11.397378 28.118591 0.524163
v -11.338654 28.127056 0.520302
v -11.279929 28.118591 0.524163
v -11.226940 28.094025 0.535151
v -11.184901 28.055752 0.552671
v -11.157896 28.007534 0.574646
v -11.148597 27.954079 0.598998
v -11.157896 27.900631 0.623348
v -11.184901 27.852406 0.645324
v -11.226940 27.814140 0.662845
v -11.279929 27.789570 0.673832
v -11.338654 27.954079 0.598998
v -11.338646 -4.803650 -68.019005
v -11.397370 -4.968161 -67.943871
v -11.450359 -4.943591 -67.955154
v -11.492398 -4.905322 -67.972679
v -11.519403 -4.857103 -67.994652
v -11.528702 -4.803650 -68.019005
v -11.519403 -4.750197 -68.043350
v -11.492398 -4.701977 -68.065033
v -11.450359 -4.663710 -68.082550
v -11.397370 -4.639140 -68.093834
v -11.338646 -4.630673 -68.097694
v -11.279922 -4.639140 -68.093834
v -11.226933 -4.663710 -68.082550
v -11.184894 -4.701977 -68.065033
v -11.157888 -4.750197 -68.043350
v -11.148589 -4.803650 -68.019005
v -11.157888 -4.857103 -67.994652
v -11.184894 -4.905322 -67.972679
v -11.226933 -4.943591 -67.955154
v -11.279922 -4.968161 -67.943871
v -11.338646 -4.976626 -67.940010
v -11.338654 26.260654 0.677692
v -11.397378 26.269123 0.673832
v -11.450367 26.293694 0.662845
v -11.492406 26.331959 0.645324
v -11.519411 26.380180 0.623348
v -11.528709 26.433632 0.598998
v -11.519411 26.487083 0.574646
v -11.492406 26.535305 0.552671
v -11.450367 26.573570 0.535151
v -11.397378 26.598141 0.524163
v -11.338654 26.606609 0.520302
v -11.279929 26.598141 0.524163
v -11.226940 26.573570 0.535151
v -11.184901 26.535305 0.552671
v -11.157896 26.487083 0.574646
v -11.148597 26.433632 0.598998
v -11.157896 26.380180 0.623348
v -11.184901 26.331959 0.645324
v -11.226940 26.293694 0.662845
v -11.279929 26.269123 0.673832
v -11.338654 26.433632 0.598998
v -11.338646 -4.803650 -64.679062
v -11.397370 -4.968161 -64.603928
v -11.450359 -4.943591 -64.615211
v -11.492398 -4.905322 -64.632736
v -11.519403 -4.857103 -64.654709
v -11.528702 -4.803650 -64.679062
v -11.519403 -4.750197 -64.703407
v -11.492398 -4.701977 -64.725388
v -11.450359 -4.663710 -64.742607
v -11.397370 -4.639140 -64.753891
v -11.338646 -4.630673 -64.757751
v -11.279922 -4.639140 -64.753891
v -11.226933 -4.663710 -64.742607
v -11.184894 -4.701977 -64.725388
v -11.157888 -4.750197 -64.703407
v -11.148589 -4.803650 -64.679062
v -11.157888 -4.857103 -64.654709
v -11.184894 -4.905322 -64.632736
v -11.226933 -4.943591 -64.615211
v -11.279922 -4.968161 -64.603928
v -11.338646 -4.976626 -64.600067
v -11.338654 24.740208 0.677692
v -11.397378 24.748672 0.673832
v -11.450367 24.773243 0.662845
v -11.492406 24.811508 0.645324
v -11.519411 24.859730 0.623348
v -11.528709 24.913181 0.598998
v -11.519411 24.966637 0.574646
v -11.492406 25.014854 0.552671
v -11.450367 25.053120 0.535151
v -11.397378 25.077690 0.524163
v -11.338654 25.086159 0.520302
v -11.279929 25.077690 0.524163
v -11.226940 25.053120 0.535151
v -11.184901 25.014854 0.552671
v -11.157896 24.966637 0.574646
v -11.148597 24.913181 0.598998
v -11.157896 24.859730 0.623348
v -11.184901 24.811508 0.645324
v -11.226940 24.773243 0.662845
v -11.279929 24.748672 0.673832
v -11.338654 24.913181 0.598998
v -11.338646 -4.803650 -61.339119
v -11.397370 -4.968161 -61.264286
v -11.450359 -4.943591 -61.275272
v -11.492398 -4.905322 -61.292793
v -11.519403 -4.857103 -61.314770
v -11.528702 -4.803650 -61.339119
v -11.519403 -4.750197 -61.363472
v -11.492398 -4.701977 -61.385445
v -11.450359 -4.663710 -61.402668
v -11.397370 -4.639140 -61.413956
v -11.338646 -4.630673 -61.417816
v -11.279922 -4.639140 -61.413956
v -11.226933 -4.663710 -61.402668
v -11.184894 -4.701977 -61.385445
v -11.157888 -4.750197 -61.363472
v -11.148589 -4.803650 -61.339119
v -11.157888 -4.857103 -61.314770
v -11.184894 -4.905322 -61.292793
v -11.226933 -4.943591 -61.275272
v -11.279922 -4.968161 -61.264286
v -11.338646 -4.976626 -61.260426
v -11.338654 23.219755 0.677692
v -11.397378 23.228224 0.673832
v -11.450367 23.252792 0.662845
v -11.492406 23.291058 0.645324
v -11.519411 23.339279 0.623348
v -11.528709 23.392731 0.598998
v -11.519411 23.446186 0.574646
v -11.492406 23.494404 0.552671
v -11.450367 23.532673 0.535151
v -11.397378 23.557240 0.524163
v -11.338654 23.565708 0.520302
v -11.279929 23.557240 0.524163
v -11.226940 23.532673 0.535151
v -11.184901 23.494404 0.552671
v -11.157896 23.446186 0.574646
v -11.148597 23.392731 0.598998
v -11.157896 23.339279 0.623348
v -11.184901 23.291058 0.645324
v -11.226940 23.252792 0.662845
v -11.279929 23.228224 0.673832
v -11.338654 23.392731 0.598998
v -11.908823 41.085037 4.926046
v -10.008261 41.085037 4.926046
v -10.008261 44.420902 2.086187
v -11.908823 44.420902 2.086187
v -10.008256 -13.310565 -6.127507
v -11.908818 -13.310565 -6.127507
v -11.908818 -10.761001 -6.283710
v -10.008256 -10.761001 -6.283710
v -11.908819 -8.208997 -6.392992
v -10.008257 -8.208997 -6.392992
v -11.908819 -5.655408 -6.455058
v -10.008257 -5.655408 -6.455057
v -11.908819 -3.101109 -6.470500
v -10.008257 -3.101109 -6.470499
v -11.908819 -0.546960 -6.438725
v -10.008257 -0.546960 -6.438725
v -11.908819 2.006171 -6.359733
v -10.008257 2.006171 -6.359732
v -11.908820 4.557416 -6.234118
v -10.008258 4.557416 -6.234117
v -11.908820 7.105914 -6.061285
v -10.008258 7.105914 -6.061285
v -11.908820 9.650802 -5.841532
v -10.008258 9.650802 -5.841532
v -11.908820 12.191214 -5.575157
v -10.008258 12.191214 -5.575156
v -11.908820 14.726290 -5.262158
v -10.008258 14.726290 -5.262157
v -11.908821 17.255169 -4.902239
v -10.008259 17.255169 -4.902239
v -11.908821 19.777000 -4.495994
v -10.008259 19.777000 -4.495994
v -11.908821 22.290920 -4.043422
v -10.008259 22.290920 -4.043422
v -11.908821 24.796085 -3.544525
v -10.008259 24.796085 -3.544525
v -11.908822 27.291637 -2.999598
v -10.008260 27.291637 -2.999598
v -11.908822 29.776741 -2.408939
v -10.008260 29.776741 -2.408939
v -11.908822 32.250542 -1.772548
v -10.008260 32.250542 -1.772547
v -11.908822 34.712212 -1.090721
v -10.008260 34.712212 -1.090721
v -11.908823 37.160912 -0.363756
v -10.008261 37.160912 -0.363756
v -11.908823 39.595806 0.408347
v -10.008261 39.595806 0.408347
v -11.908823 42.016079 1.224995
v -10.008261 42.016079 1.224995
v -11.908821 11.766459 -1.797790
v -11.908820 9.268319 -2.059711
v -11.908821 16.745949 -1.134969
v -11.908821 14.259291 -1.489542
v -11.908820 6.765737 -2.275009
v -11.908821 19.225582 -0.734069
v -11.908820 4.259582 -2.443684
v -11.908819 -3.271643 -2.669672
v -11.908819 -0.759977 -2.641164
v -11.908819 -5.783404 -2.651558
v -11.908823 36.314278 3.353034
v -11.908823 33.907761 2.633193
v -11.908822 31.488266 1.958493
v -11.908822 29.056629 1.328932
v -11.908822 26.613693 0.744509
v -11.908822 24.160309 0.205819
v -11.908821 21.697315 -0.286843
v -11.908820 1.750722 -2.565735
v -11.908819 -8.294393 -2.586523
v -11.908819 -10.803735 -2.474865
v -11.908818 -13.310565 -2.316584
v -11.908823 38.706978 4.117416
v -10.008258 6.765737 -2.275009
v -10.008258 9.268320 -2.059711
v -10.008259 11.766459 -1.797789
v -10.008259 14.259291 -1.489542
v -10.008259 16.745949 -1.134968
v -10.008259 19.225582 -0.734068
v -10.008257 -3.271643 -2.669672
v -10.008257 -0.759977 -2.641164
v -10.008259 21.697315 -0.286842
v -10.008257 -8.294393 -2.586523
v -10.008257 -5.783404 -2.651557
v -10.008258 1.750722 -2.565735
v -10.008258 4.259583 -2.443684
v -10.008260 24.160309 0.205819
v -10.008260 26.613693 0.744509
v -10.008260 29.056629 1.328932
v -10.008260 31.488266 1.958493
v -10.008261 33.907761 2.633193
v -10.008261 36.314278 3.353034
v -10.008261 38.706978 4.117416
v -10.008257 -10.803735 -2.474864
v -10.008256 -13.310565 -2.316583
v -10.274340 33.907761 2.633193
v -10.274339 31.488266 1.958493
v -10.274339 29.056629 1.328932
v -10.274339 26.613693 0.744509
v -10.274339 24.160309 0.205819
v -10.274338 21.697315 -0.286842
v -10.274338 19.225582 -0.734068
v -10.274338 16.745949 -1.134968
v -10.274338 14.259291 -1.489542
v -10.274338 11.766459 -1.797789
v -10.274337 9.268319 -2.059711
v -10.274337 6.765737 -2.275009
v -10.274337 4.259583 -2.443684
v -10.274337 1.750722 -2.565735
v -10.274336 -0.759977 -2.641164
v -10.274336 -3.271643 -2.669672
v -10.274336 -5.783404 -2.651557
v -10.274336 -8.294393 -2.586523
v -10.274336 -10.803735 -2.474865
v -11.642739 -13.310565 -2.316584
v -11.642740 -10.803735 -2.474865
v -11.642740 -8.294393 -2.586523
v -11.642740 -5.783404 -2.651557
v -11.642740 -3.271643 -2.669672
v -11.642740 -0.759977 -2.641164
v -11.642741 1.750722 -2.565735
v -11.642741 4.259582 -2.443684
v -11.642741 6.765737 -2.275009
v -11.642741 9.268319 -2.059711
v -11.642742 11.766459 -1.797789
v -11.642742 14.259291 -1.489542
v -11.642742 16.745949 -1.134969
v -11.642742 19.225582 -0.734069
v -11.642742 21.697315 -0.286843
v -11.642743 24.160309 0.205819
v -11.642743 26.613693 0.744509
v -11.642743 29.056629 1.328932
v -11.642743 31.488266 1.958493
v -11.642744 33.907761 2.633193
v -10.274340 35.932594 3.235434
v -11.642744 35.932594 3.235434
v -10.274335 -13.310565 -2.316584
v -10.274340 34.412296 2.795038
v -10.274340 32.879574 2.399780
v -11.642744 34.412296 2.795038
v -10.274339 31.335770 2.050552
v -11.642744 32.879574 2.399780
v -10.274339 29.782261 1.747056
v -11.642743 31.335770 2.050552
v -10.274339 28.220417 1.490183
v -11.642743 29.782261 1.747056
v -10.274339 26.651623 1.279636
v -11.642743 28.220417 1.490183
v -10.274339 25.077263 1.116010
v -11.642743 26.651623 1.279636
v -10.274339 23.498730 0.999006
v -11.642743 25.077263 1.116010
v -10.274339 21.917419 0.929220
v -11.642743 23.498730 0.999006
v -10.274338 20.334738 0.906651
v -11.642743 21.917419 0.929220
v -10.274338 18.752079 0.931002
v -11.642742 20.334738 0.906651
v -10.274338 17.170841 1.002273
v -11.642742 18.752079 0.931002
v -10.274338 15.592428 1.120761
v -11.642742 17.170841 1.002273
v -10.274338 14.018235 1.286170
v -11.642742 15.592428 1.120761
v -10.274338 12.449654 1.498201
v -11.642742 14.018235 1.286170
v -10.274338 10.888073 1.756558
v -11.642742 12.449654 1.498201
v -10.274338 9.334875 2.061539
v -11.642742 10.888073 1.756558
v -10.274338 7.791430 2.412549
v -11.642742 9.334875 2.061539
v -10.274337 6.259107 2.809292
v -11.642742 7.791430 2.412549
v -10.274337 4.739261 3.251470
v -11.642741 6.259107 2.809292
v -10.274337 3.233238 3.738492
v -11.642741 4.739261 3.251470
v -10.274337 1.742367 4.270352
v -11.642741 3.233238 3.738492
v -10.274337 0.267967 4.846163
v -11.642741 1.742367 4.270352
v -10.274337 -1.188654 5.465628
v -11.642741 0.267967 4.846163
v -10.274337 -2.626208 6.127855
v -11.642741 -1.188654 5.465628
v -10.274337 -4.043425 6.832844
v -11.642741 -2.626208 6.127855
v -11.642741 -4.043425 6.832844
v -10.274337 -4.791436 6.325335
v -10.274337 -5.565106 5.858213
v -11.642741 -4.791436 6.325335
v -10.274337 -6.362296 5.432368
v -11.642741 -5.565106 5.858213
v -10.274337 -7.180791 5.048692
v -11.642741 -6.362296 5.432368
v -10.274336 -8.018326 4.708967
v -11.642741 -7.180791 5.048692
v -10.274336 -8.872581 4.413785
v -11.642740 -8.018326 4.708967
v -10.274336 -9.741187 4.163743
v -11.642740 -8.872581 4.413785
v -10.274336 -10.621741 3.960026
v -11.642740 -9.741187 4.163743
v -10.274336 -11.511802 3.802636
v -11.642740 -10.621741 3.960026
v -10.274336 -12.408906 3.692462
v -11.642740 -11.511802 3.802636
v -10.274336 -13.310565 3.629507
v -11.642740 -12.408906 3.692462
v -11.642740 -13.310565 3.629507
v -11.642740 -10.244363 -2.060305
v -11.642740 -10.710059 -2.121182
v -11.642740 -9.759370 2.133998
v -11.642740 -10.225947 2.092721
v -11.642740 -10.689979 2.027389
v -11.642740 -11.162393 -2.156817
v -11.642740 -9.325019 2.150034
v -11.642740 -11.594216 -2.168696
v -11.642740 -11.160619 1.936518
v -11.642740 -11.629111 1.820405
v -11.642740 -9.775762 -1.974779
v -11.642740 -8.911572 2.143501
v -11.642740 -9.307069 -1.864012
v -11.642740 -12.001122 -2.158599
v -11.642740 -8.526601 2.116477
v -11.642740 -8.875377 -1.737803
v -11.642740 -12.377561 -2.128309
v -11.642740 -12.084699 1.681130
v -11.642740 -8.067543 -1.429852
v -11.642740 -8.435519 -1.583086
v -11.642740 -8.173751 2.071339
v -11.642740 -12.876534 1.365161
v -11.642740 -13.203332 1.200050
v -11.642740 -12.517264 1.521661
v -11.642740 -12.726695 -2.080201
v -11.642740 -7.827353 2.004522
v -11.642740 -7.730729 -1.266820
v -11.642740 -7.537327 1.927906
v -11.642740 -7.428029 -1.097254
v -11.642740 -7.158651 -0.922343
v -11.642740 -13.046557 -2.015760
v -11.642740 -7.277380 1.839114
v -11.642740 -7.046700 1.739335
v -11.642740 -6.882274 1.652325
v -11.642740 -7.041441 -0.837412
v -11.642740 -13.310565 -1.945083
v -11.642740 -6.139846 0.517035
v -11.642740 -6.640989 -0.486402
v -11.642740 -6.703403 1.537400
v -11.642740 -6.824688 -0.661610
v -11.642740 -6.551207 1.415348
v -11.642740 -6.423965 1.286763
v -11.642740 -6.145908 0.686602
v -11.642740 -6.270414 0.029126
v -11.642740 -6.488190 -0.312084
v -11.642740 -6.318736 1.148973
v -11.642740 -6.158923 0.357270
v -11.642740 -6.201964 0.195128
v -11.642740 -6.365036 -0.139549
v -11.642740 -6.237254 1.004055
v -11.642740 -6.178569 0.848149
v -11.642740 -13.310565 1.140361
v -10.274336 -9.775762 -1.974779
v -10.274336 -10.244363 -2.060305
v -10.274336 -10.710059 -2.121182
v -10.274336 -11.160619 1.936518
v -10.274336 -10.689979 2.027389
v -10.274336 -10.225947 2.092721
v -10.274336 -11.162393 -2.156817
v -10.274336 -9.759370 2.133998
v -10.274336 -9.307069 -1.864012
v -10.274336 -11.629111 1.820405
v -10.274336 -9.325019 2.150034
v -10.274336 -8.875377 -1.737803
v -10.274336 -11.594216 -2.168696
v -10.274336 -8.911572 2.143501
v -10.274336 -12.001122 -2.158599
v -10.274336 -8.435519 -1.583085
v -10.274336 -8.526601 2.116477
v -10.274336 -12.084699 1.681130
v -10.274336 -12.517264 1.521661
v -10.274336 -8.067543 -1.429852
v -10.274336 -7.730729 -1.266820
v -10.274336 -12.377561 -2.128309
v -10.274336 -12.876534 1.365161
v -10.274336 -13.310565 1.140361
v -10.274336 -13.203332 1.200050
v -10.274336 -7.428029 -1.097254
v -10.274336 -7.827353 2.004522
v -10.274336 -12.726695 -2.080201
v -10.274336 -7.041441 -0.837412
v -10.274336 -7.158651 -0.922343
v -10.274336 -7.537327 1.927906
v -10.274336 -8.173751 2.071339
v -10.274336 -13.046557 -2.015760
v -10.274336 -6.824688 -0.661610
v -10.274336 -6.882274 1.652325
v -10.274336 -7.046700 1.739335
v -10.274336 -7.277380 1.839114
v -10.274336 -6.640989 -0.486402
v -10.274336 -6.703403 1.537400
v -10.274336 -6.488190 -0.312084
v -10.274336 -6.139846 0.517035
v -10.274336 -6.365036 -0.139549
v -10.274336 -6.270414 0.029126
v -10.274336 -6.158923 0.357270
v -10.274336 -6.423965 1.286763
v -10.274336 -6.201964 0.195128
v -10.274336 -6.318736 1.148973
v -10.274336 -6.551207 1.415348
v -10.274336 -6.145908 0.686602
v -10.274336 -6.237254 1.004055
v -10.274336 -6.178569 0.848149
v -10.274336 -13.310565 -1.945083
v -10.426381 -13.310565 -1.785911
v -11.490696 -13.310565 -1.785911
v -11.490696 -13.310565 0.964262
v -10.426381 -13.310565 0.964262
v -11.490696 -12.741820 1.260036
v -10.426381 -12.741820 1.260036
v -10.426381 -13.096349 1.085125
v -11.490696 -12.360314 1.420100
v -10.426381 -12.360314 1.420100
v -10.426381 -11.956264 1.563533
v -10.426381 -12.036176 1.537103
v -11.490696 -12.036176 1.537103
v -11.490696 -11.534371 1.688851
v -10.426381 -11.534371 1.688851
v -11.490696 -11.099540 1.794273
v -10.426381 -11.099540 1.794273
v -11.490696 -10.656829 1.878610
v -10.426381 -10.656829 1.878610
v -11.490696 -10.211383 1.941269
v -10.426381 -10.211383 1.941269
v -11.490696 -9.768382 1.981062
v -10.426381 -9.768382 1.981062
v -11.490696 -9.332980 1.997989
v -10.426381 -9.332980 1.997989
v -11.490696 -8.910233 1.991159
v -10.426381 -8.910233 1.991159
v -11.490696 -8.505067 1.961463
v -10.426381 -8.505067 1.961463
v -11.490696 -8.122184 1.908604
v -10.426381 -8.122184 1.908604
v -10.426381 -7.766042 1.833472
v -10.426381 -7.861267 1.856338
v -11.490696 -7.861267 1.856338
v -10.426381 -7.440777 1.736959
v -10.426381 -7.581283 1.782394
v -11.490696 -7.581283 1.782394
v -11.490696 -7.766042 1.833472
v -10.426381 -7.150176 1.620253
v -10.426381 -7.332096 1.697166
v -11.490696 -7.332096 1.697166
v -11.490696 -7.440777 1.736959
v -10.426381 -7.112945 1.602435
v -11.490696 -7.150176 1.620253
v -11.490696 -6.958296 1.520770
v -10.426381 -6.897616 1.484243
v -11.490696 -6.686032 1.331308
v -10.426381 -6.686032 1.331308
v -10.426381 -6.792078 1.413863
v -11.490696 -6.897616 1.484243
v -11.490696 -6.792078 1.413863
v -11.490696 -6.538465 1.186687
v -10.426381 -6.517889 1.162633
v -10.426381 -6.652844 1.302206
v -11.490696 -6.395139 0.980298
v -10.426381 -6.395139 0.980298
v -10.426381 -6.445599 1.065229
v -11.490696 -6.517889 1.162633
v -11.490696 -6.445599 1.065229
v -11.490696 -6.319206 0.786381
v -10.426381 -6.319206 0.786381
v -10.426381 -6.374922 0.939614
v -11.490696 -6.374922 0.939614
v -10.426381 -6.290978 0.583259
v -10.426381 -6.296890 0.668784
v -11.490696 -6.296890 0.668784
v -11.490696 -6.310785 0.373306
v -10.426381 -6.310785 0.373306
v -10.426381 -6.291731 0.523866
v -11.490696 -6.290978 0.583259
v -11.490696 -6.291731 0.523866
v -11.490696 -6.378390 0.158899
v -10.426381 -6.378390 0.158899
v -10.426381 -6.346007 0.243830
v -11.490696 -6.346007 0.243830
v -10.426381 -6.493013 -0.057587
v -10.426381 -6.407185 0.095349
v -11.490696 -6.407185 0.095348
v -10.426381 -6.653317 -0.273479
v -10.426381 -6.607256 -0.217353
v -11.490696 -6.607256 -0.217353
v -11.490696 -6.493013 -0.057587
v -10.426381 -6.857440 -0.486104
v -10.426381 -6.750666 -0.380980
v -11.490696 -6.750666 -0.380980
v -11.490696 -6.653317 -0.273479
v -10.426381 -7.103007 -0.693385
v -10.426381 -6.925106 -0.547576
v -11.490696 -6.925106 -0.547576
v -11.490696 -6.857440 -0.486105
v -11.490696 -7.387164 -0.892647
v -10.426381 -7.387164 -0.892647
v -11.490696 -7.706608 -1.081515
v -10.426381 -7.706608 -1.081515
v -10.426381 -7.506527 -0.966887
v -11.490696 -7.506527 -0.966887
v -11.490696 -8.057620 -1.258208
v -10.426381 -8.057620 -1.258208
v -10.426381 -7.801003 -1.131999
v -11.490696 -7.801003 -1.131999
v -11.490696 -8.436125 -1.420053
v -10.426381 -8.436125 -1.420053
v -11.490696 -8.837714 -1.565565
v -10.426381 -8.837714 -1.565564
v -11.490696 -9.257724 -1.693259
v -10.426381 -9.257724 -1.693258
v -10.426381 -9.691270 -1.801056
v -10.426381 -9.345969 -1.717016
v -11.490696 -9.345969 -1.717016
v -10.426381 -10.133307 -1.888066
v -10.426381 -9.806888 -1.826001
v -11.490696 -9.806888 -1.826001
v -11.490696 -9.691270 -1.801056
v -10.426381 -10.578698 -1.953398
v -10.426381 -10.267850 -1.910041
v -11.490696 -10.267850 -1.910041
v -11.490696 -10.133307 -1.888066
v -10.426381 -11.022264 -1.995864
v -10.426381 -10.725879 -1.970028
v -11.490696 -10.725879 -1.970028
v -11.490696 -10.578698 -1.953398
v -10.426381 -11.458848 -2.015463
v -10.426381 -11.170466 -2.005069
v -11.490696 -11.170466 -2.005069
v -11.490696 -11.022264 -1.995864
v -10.426381 -11.883370 -2.011603
v -10.426381 -11.594388 -2.016651
v -11.490696 -11.594388 -2.016651
v -11.490696 -11.458848 -2.015463
v -11.490696 -12.290898 -1.984579
v -10.426381 -12.290898 -1.984579
v -11.490696 -12.676690 -1.934392
v -10.426381 -12.676690 -1.934392
v -11.490696 -13.036263 -1.861933
v -10.426381 -13.036263 -1.861933
v -11.490696 -13.096349 1.085125
v -11.490696 -11.883370 -2.011603
v -11.490696 -7.103007 -0.693385
v -11.490696 -11.956264 1.563533
vn -0.0000 1.0000 -0.0000
vn -0.9992 -0.0000 0.0388
vn -0.9932 -0.0000 0.1161
vn -0.9813 -0.0000 0.1927
vn -0.9634 -0.0000 0.2682
vn -0.9397 -0.0000 0.3420
vn -0.9103 -0.0000 0.4139
vn -0.8756 -0.0000 0.4830
vn -0.8354 -0.0000 0.5496
vn -0.7905 -0.0000 0.6125
vn -0.7406 -0.0000 0.6719
vn -0.6861 -0.0000 0.7275
vn -0.6279 -0.0000 0.7783
vn -0.5656 -0.0000 0.8247
vn -0.4999 -0.0000 0.8661
vn -0.4313 -0.0000 0.9022
vn -0.3603 -0.0000 0.9329
vn -0.2869 -0.0000 0.9580
vn -0.2116 -0.0000 0.9774
vn -0.1357 -0.0000 0.9907
vn -0.0580 -0.0000 0.9983
vn 0.0197 -0.0000 0.9998
vn 0.0969 -0.0000 0.9953
vn 0.1732 -0.0000 0.9849
vn 0.2494 -0.0000 0.9684
vn 0.3238 -0.0000 0.9461
vn 0.3962 -0.0000 0.9182
vn 0.4659 -0.0000 0.8849
vn 0.5334 -0.0000 0.8459
vn 0.5972 -0.0000 0.8021
vn 0.6573 -0.0000 0.7536
vn 0.7141 -0.0000 0.7000
vn 0.7661 -0.0000 0.6428
vn 0.8134 -0.0000 0.5817
vn 0.8562 -0.0000 0.5166
vn 0.8936 -0.0000 0.4488
vn 0.9257 -0.0000 0.3782
vn 0.9522 -0.0000 0.3053
vn 0.9730 -0.0000 0.2307
vn 0.9880 -0.0000 0.1545
vn 0.9970 -0.0000 0.0775
vn 1.0000 -0.0000 -0.0000
vn 0.9970 -0.0000 -0.0775
vn 0.9880 -0.0000 -0.1546
vn 0.9731 -0.0000 -0.2306
vn 0.9522 -0.0000 -0.3053
vn 0.9257 -0.0000 -0.3783
vn 0.8936 -0.0000 -0.4488
vn 0.8562 -0.0000 -0.5166
vn 0.8136 -0.0000 -0.5815
vn 0.7661 -0.0000 -0.6428
vn 0.7139 -0.0000 -0.7003
vn 0.6576 -0.0000 -0.7534
vn 0.5969 -0.0000 -0.8023
vn 0.5334 -0.0000 -0.8459
vn 0.4659 -0.0000 -0.8849
vn 0.3962 -0.0000 -0.9182
vn 0.3238 -0.0000 -0.9461
vn 0.2495 -0.0000 -0.9684
vn 0.1737 -0.0000 -0.9848
vn 0.0969 -0.0000 -0.9953
vn 0.0192 -0.0000 -0.9998
vn -0.0580 -0.0000 -0.9983
vn -0.1353 -0.0000 -0.9908
vn -0.2116 -0.0000 -0.9774
vn -0.2869 -0.0000 -0.9580
vn -0.3603 -0.0000 -0.9329
vn -0.4313 -0.0000 -0.9022
vn -0.5003 -0.0000 -0.8659
vn -0.5656 -0.0000 -0.8247
vn -0.6276 -0.0000 -0.7785
vn -0.6864 -0.0000 -0.7273
vn -0.7406 -0.0000 -0.6719
vn -0.7903 -0.0000 -0.6127
vn -0.8355 -0.0000 -0.5494
vn -0.8755 -0.0000 -0.4832
vn -0.9104 -0.0000 -0.4137
vn -0.9397 -0.0000 -0.3420
vn -0.9634 -0.0000 -0.2682
vn -0.9812 -0.0000 -0.1928
vn -0.9932 -0.0000 -0.1161
vn -0.9992 -0.0000 -0.0388
vn 0.2494 -0.0000 -0.9684
vn 0.2495 -0.0000 0.9684
vn -0.0000 -1.0000 -0.0000
vn 0.0262 0.9997 -0.0000
vn 0.2874 -0.9578 -0.0000
vn -1.0000 -0.0000 -0.0000
vn -0.2874 -0.9578 -0.0000
vn -0.0000 -0.0000 1.0000
vn -0.0000 -0.0000 -1.0000
vn -0.0262 0.9997 -0.0000
vn 0.9992 -0.0000 -0.0388
vn 0.9932 -0.0000 -0.1161
vn 0.9812 -0.0000 -0.1928
vn 0.9634 -0.0000 -0.2682
vn 0.9397 -0.0000 -0.3420
vn 0.9104 -0.0000 -0.4138
vn 0.8755 -0.0000 -0.4831
vn 0.8355 -0.0000 -0.5494
vn 0.7903 -0.0000 -0.6127
vn 0.7406 -0.0000 -0.6719
vn 0.6864 -0.0000 -0.7273
vn 0.6276 -0.0000 -0.7785
vn 0.5656 -0.0000 -0.8247
vn 0.5003 -0.0000 -0.8659
vn 0.4313 -0.0000 -0.9022
vn 0.3603 -0.0000 -0.9329
vn 0.2869 -0.0000 -0.9580
vn 0.2116 -0.0000 -0.9774
vn 0.1353 -0.0000 -0.9908
vn 0.0580 -0.0000 -0.9983
vn -0.0192 -0.0000 -0.9998
vn -0.0969 -0.0000 -0.9953
vn -0.1737 -0.0000 -0.9848
vn -0.2495 -0.0000 -0.9684
vn -0.3238 -0.0000 -0.9461
vn -0.3962 -0.0000 -0.9182
vn -0.4659 -0.0000 -0.8849
vn -0.5334 -0.0000 -0.8459
vn -0.5969 -0.0000 -0.8023
vn -0.6576 -0.0000 -0.7534
vn -0.7139 -0.0000 -0.7003
vn -0.7661 -0.0000 -0.6428
vn -0.8136 -0.0000 -0.5815
vn -0.8562 -0.0000 -0.5166
vn -0.8936 -0.0000 -0.4488
vn -0.9257 -0.0000 -0.3783
vn -0.9522 -0.0000 -0.3053
vn -0.9731 -0.0000 -0.2306
vn -0.9880 -0.0000 -0.1546
vn -0.9970 -0.0000 -0.0775
vn -0.9970 -0.0000 0.0775
vn -0.9880 -0.0000 0.1545
vn -0.9730 -0.0000 0.2307
vn -0.9522 -0.0000 0.3053
vn -0.9257 -0.0000 0.3782
vn -0.8936 -0.0000 0.4488
vn -0.8562 -0.0000 0.5166
vn -0.8134 -0.0000 0.5817
vn -0.7661 -0.0000 0.6428
vn -0.7141 -0.0000 0.7000
vn -0.6573 -0.0000 0.7536
vn -0.5972 -0.0000 0.8021
vn -0.5334 -0.0000 0.8459
vn -0.4659 -0.0000 0.8849
vn -0.3962 -0.0000 0.9182
vn -0.3238 -0.0000 0.9461
vn -0.2494 -0.0000 0.9684
vn -0.1732 -0.0000 0.9849
vn -0.0969 -0.0000 0.9953
vn -0.0197 -0.0000 0.9998
vn 0.0580 -0.0000 0.9983
vn 0.1358 -0.0000 0.9907
vn 0.2116 -0.0000 0.9774
vn 0.2869 -0.0000 0.9580
vn 0.3603 -0.0000 0.9329
vn 0.4313 -0.0000 0.9022
vn 0.4999 -0.0000 0.8661
vn 0.5656 -0.0000 0.8247
vn 0.6279 -0.0000 0.7783
vn 0.6861 -0.0000 0.7275
vn 0.7406 -0.0000 0.6719
vn 0.7905 -0.0000 0.6125
vn 0.8354 -0.0000 0.5496
vn 0.8757 -0.0000 0.4829
vn 0.9103 -0.0000 0.4139
vn 0.9397 -0.0000 0.3420
vn 0.9634 -0.0000 0.2682
vn 0.9813 -0.0000 0.1927
vn 0.9932 -0.0000 0.1161
vn 0.9992 -0.0000 0.0388
vn -0.2495 -0.0000 0.9684
vn -0.2494 -0.0000 -0.9684
vn -0.0000 0.6482 0.7614
vn -0.0000 0.3371 -0.9415
vn -0.0000 0.3197 -0.9475
vn -0.0000 0.3023 -0.9532
vn -0.0000 0.2846 -0.9586
vn -0.0000 0.2669 -0.9637
vn -0.0000 0.2491 -0.9685
vn -0.0000 0.2312 -0.9729
vn -0.0000 0.2133 -0.9770
vn -0.0000 0.1953 -0.9807
vn -0.0000 0.1772 -0.9842
vn -0.0000 0.1590 -0.9873
vn -0.0000 0.1409 -0.9900
vn -0.0000 0.1225 -0.9925
vn -0.0000 0.1043 -0.9945
vn -0.0000 0.0860 -0.9963
vn -0.0000 0.0677 -0.9977
vn -0.0000 0.0492 -0.9988
vn -0.0000 0.0309 -0.9995
vn -0.0000 0.0124 -0.9999
vn -0.0000 -0.0060 -1.0000
vn -0.0000 -0.0243 -0.9997
vn -0.0000 -0.0428 -0.9991
vn -0.0000 -0.0612 -0.9981
vn -0.0000 -0.3043 0.9526
vn -0.0000 -0.3219 0.9468
vn -0.0000 -0.2686 0.9632
vn -0.0000 -0.2506 0.9681
vn -0.0000 -0.2327 0.9726
vn -0.0000 -0.2145 0.9767
vn -0.0000 -0.1961 0.9806
vn -0.0000 -0.1780 0.9840
vn -0.0000 -0.1596 0.9872
vn -0.0000 -0.1412 0.9900
vn -0.0000 -0.1227 0.9924
vn -0.0000 -0.1043 0.9945
vn -0.0000 -0.0857 0.9963
vn -0.0000 -0.0672 0.9977
vn -0.0000 -0.0486 0.9988
vn -0.0000 -0.0300 0.9995
vn -0.0000 -0.0113 0.9999
vn -0.0000 0.0072 1.0000
vn -0.0000 0.0259 0.9997
vn -0.0000 0.0445 0.9990
vn -0.0000 0.0630 0.9980
vn -0.0123 -0.2866 0.9580
vn -0.0000 -0.2945 0.9557
vn -0.0000 -0.2944 0.9557
vn -0.0000 -0.2851 0.9585
vn 0.0123 -0.2866 0.9580
vn -0.0000 0.4454 0.8953
vn -0.0000 0.4184 0.9083
vn -0.0000 0.3914 0.9202
vn -0.0000 0.3638 0.9315
vn -0.0000 0.3360 0.9419
vn -0.0000 0.3077 0.9515
vn -0.0000 0.2794 0.9602
vn -0.0000 0.2507 0.9681
vn -0.0000 0.2218 0.9751
vn -0.0000 0.1927 0.9813
vn -0.0000 0.1632 0.9866
vn -0.0000 0.1340 0.9910
vn -0.0000 0.1045 0.9945
vn -0.0000 0.0749 0.9972
vn -0.0000 0.0450 0.9990
vn -0.0000 0.0154 0.9999
vn -0.0000 -0.0143 0.9999
vn -0.0000 -0.0441 0.9990
vn -0.0000 -0.0739 0.9973
vn -0.0000 -0.1034 0.9946
vn -0.0000 -0.1330 0.9911
vn -0.0000 -0.1623 0.9867
vn -0.0000 -0.1917 0.9814
vn -0.0000 -0.2206 0.9754
vn -0.0000 -0.2497 0.9683
vn -0.0000 -0.2782 0.9605
vn -0.0000 -0.0697 0.9976
vn -0.0000 -0.1219 0.9925
vn -0.0000 -0.1741 0.9847
vn -0.0000 -0.2254 0.9743
vn -0.0000 -0.2766 0.9610
vn -0.0000 -0.3266 0.9452
vn -0.0000 -0.3759 0.9267
vn -0.0000 -0.4244 0.9055
vn -0.0000 -0.4712 0.8820
vn -0.0000 -0.5169 0.8561
vn -0.0000 -0.5614 0.8275
vn -0.0000 0.1975 0.9803
vn -0.0000 0.1290 0.9916
vn -0.0000 0.0662 0.9978
vn -0.0000 -0.0088 1.0000
vn -0.0000 0.0175 0.9998
vn -0.0000 -0.0620 0.9981
vn -0.0000 -0.0360 0.9994
vn -0.0000 -0.1123 0.9937
vn -0.0000 -0.0868 0.9962
vn -0.0000 -0.1612 0.9869
vn -0.0000 -0.1381 0.9904
vn -0.0000 -0.2109 0.9775
vn -0.0000 -0.1868 0.9824
vn -0.0000 -0.2600 0.9656
vn -0.0000 -0.2365 0.9716
vn -0.0000 -0.2909 0.9568
vn -0.0000 -0.3407 0.9402
vn -0.0000 -0.3932 0.9195
vn -0.0000 -0.4716 0.8818
vn -0.0000 -0.4413 0.8973
vn -0.0000 -0.5282 0.8492
vn -0.0000 -0.4971 0.8677
vn -0.0000 -0.5741 0.8188
vn -0.0000 -0.6724 0.7402
vn -0.0000 -0.6339 0.7734
vn -0.0000 -0.7412 0.6712
vn -0.0000 -0.7016 0.7126
vn -0.0000 -0.8134 0.5817
vn -0.0000 -0.7730 0.6344
vn -0.0000 -0.9109 0.4127
vn -0.0000 -0.8721 0.4894
vn -0.0000 -0.9649 0.2625
vn -0.0000 -0.9344 0.3563
vn -0.0000 -0.9999 0.0127
vn -0.0000 -0.9921 0.1255
vn -0.0000 -0.9825 -0.1865
vn -0.0000 -0.9976 -0.0689
vn -0.0000 -0.8955 -0.4450
vn -0.0000 -0.9398 -0.3417
vn -0.0000 -0.8030 -0.5960
vn -0.0000 -0.8597 -0.5108
vn -0.0018 -0.7189 -0.6951
vn 0.0023 -0.6999 -0.7142
vn -0.0000 -0.7599 -0.6500
vn -0.0000 -0.5548 -0.8320
vn -0.0000 -0.6143 -0.7891
vn 0.0012 -0.4603 -0.8878
vn -0.0027 -0.4812 -0.8766
vn -0.0000 -0.5157 -0.8568
vn -0.0000 -0.3438 -0.9390
vn -0.0000 -0.3894 -0.9211
vn -0.0000 -0.2665 -0.9638
vn -0.0000 -0.3077 -0.9515
vn -0.0000 -0.1964 -0.9805
vn -0.0000 -0.2335 -0.9724
vn -0.0000 -0.1368 -0.9906
vn -0.0000 -0.0731 -0.9973
vn -0.0000 -0.0162 -0.9999
vn -0.0000 0.0388 -0.9992
vn -0.0000 0.0895 -0.9960
vn -0.0000 0.1393 -0.9903
vn -0.0000 0.1871 -0.9823
vn -0.0000 0.2356 -0.9718
vn -0.0000 0.2847 -0.9586
vn -0.0000 0.3395 -0.9406
vn -0.0000 0.3140 -0.9494
vn -0.0000 0.3869 -0.9221
vn -0.0000 0.4424 -0.8968
vn -0.0000 0.2671 0.9637
vn -0.0000 0.4914 -0.8709
vn -0.0000 -0.4317 -0.9020
vn -0.0000 -0.6593 -0.7519
vn 0.7089 0.1393 0.6914
vn 0.7053 0.0968 0.7023
vn 0.7028 0.0571 0.7091
vn 0.7070 0.0124 0.7071
vn 0.7069 -0.0255 0.7069
vn 0.7010 -0.0196 0.7129
vn 0.7069 -0.0614 0.7046
vn 0.7010 -0.0560 0.7110
vn 0.7072 -0.0977 0.7003
vn 0.7007 -0.0925 0.7074
vn 0.7069 -0.1321 0.6948
vn 0.7011 -0.1280 0.7015
vn 0.7071 -0.1672 0.6871
vn 0.7014 -0.1639 0.6936
vn 0.7112 -0.2045 0.6726
vn 0.7024 -0.1997 0.6832
vn 0.7104 -0.2397 0.6617
vn 0.7040 -0.2730 0.6556
vn 0.7070 -0.3121 0.6346
vn 0.7073 -0.3514 0.6134
vn 0.7020 -0.3480 0.6213
vn 0.7008 -0.3885 0.5983
vn 0.7150 -0.4014 0.5724
vn 0.7067 -0.4485 0.5472
vn 0.7072 -0.4961 0.5038
vn 0.7014 -0.4920 0.5158
vn 0.7014 -0.5360 0.4698
vn 0.7073 -0.5464 0.4484
vn 0.7065 -0.5757 0.4117
vn 0.7063 -0.6174 0.3465
vn 0.7069 -0.6609 0.2520
vn 0.7006 -0.6597 0.2720
vn 0.7044 -0.6860 0.1821
vn 0.7061 -0.7031 0.0840
vn 0.7067 -0.7059 -0.0488
vn 0.6991 -0.7145 -0.0255
vn 0.7025 -0.6976 -0.1410
vn 0.7059 -0.6629 -0.2495
vn 0.7066 -0.6083 -0.3614
vn 0.7006 -0.6220 -0.3497
vn 0.7023 -0.5658 -0.4321
vn 0.7112 -0.5054 -0.4887
vn 0.7069 -0.4345 -0.5581
vn 0.7021 -0.4455 -0.5555
vn 0.7016 -0.3852 -0.5995
vn 0.7133 -0.3373 -0.6144
vn 0.7071 -0.2754 -0.6513
vn 0.7032 -0.2823 -0.6526
vn 0.7069 -0.2176 -0.6730
vn 0.7011 -0.2305 -0.6748
vn 0.7016 -0.1820 -0.6889
vn 0.7070 -0.1651 -0.6876
vn 0.7024 -0.1348 -0.6989
vn 0.7120 -0.0960 -0.6956
vn 0.7094 -0.0515 -0.7029
vn 0.7077 -0.0112 -0.7064
vn 0.7062 0.0261 -0.7075
vn 0.7073 0.0632 -0.7040
vn 0.7069 0.0986 -0.7004
vn 0.7052 0.1344 -0.6961
vn 0.7034 0.1710 -0.6899
vn 0.7023 0.2081 -0.6808
vn 0.7070 0.2221 -0.6715
vn 0.7013 0.2466 -0.6689
vn 0.7125 0.2715 -0.6471
vn 0.7113 0.3110 -0.6303
vn 0.7102 0.1880 0.6784
vn 0.7080 0.3435 -0.6170
vn 0.7102 0.3460 -0.6132
vn 0.7053 0.1833 0.6848
vn 0.7042 0.3202 -0.6337
vn 0.7027 0.2841 -0.6523
vn 0.7069 0.2402 -0.6653
vn 0.7095 0.2007 -0.6755
vn 0.7085 0.1663 -0.6859
vn 0.7078 0.1322 -0.6939
vn 0.7070 0.0985 -0.7003
vn 0.7059 0.0624 -0.7055
vn 0.7081 0.0274 -0.7056
vn 0.7074 -0.0114 -0.7068
vn 0.7067 -0.0495 -0.7058
vn 0.7047 -0.0900 -0.7037
vn 0.7069 -0.1389 -0.6935
vn 0.7069 -0.1885 -0.6817
vn 0.7073 -0.2431 -0.6639
vn 0.7072 -0.3052 -0.6378
vn 0.7070 -0.3308 -0.6251
vn 0.7070 -0.3924 -0.5884
vn 0.7072 -0.4661 -0.5316
vn 0.7066 -0.5030 -0.4977
vn 0.7065 -0.5683 -0.4218
vn 0.7069 -0.6334 -0.3148
vn 0.7100 -0.6619 -0.2406
vn 0.7062 -0.6956 -0.1320
vn 0.7069 -0.7072 0.0090
vn 0.7086 -0.7001 0.0886
vn 0.7065 -0.6829 0.1858
vn 0.7068 -0.6444 0.2920
vn 0.7063 -0.6174 0.3463
vn 0.7069 -0.5757 0.4109
vn 0.7071 -0.5241 0.4746
vn 0.7068 -0.4756 0.5236
vn 0.7038 -0.4475 0.5517
vn 0.7087 -0.4139 0.5713
vn 0.7074 -0.3733 0.6002
vn 0.7071 -0.3335 0.6236
vn 0.7027 -0.3100 0.6404
vn 0.7114 -0.2763 0.6462
vn 0.7023 -0.2362 0.6716
vn 0.7071 -0.1838 0.6828
vn 0.7070 -0.1491 0.6913
vn 0.7072 -0.1140 0.6978
vn 0.7069 -0.0794 0.7028
vn 0.7069 -0.0439 0.7059
vn 0.7071 -0.0062 0.7071
vn 0.7020 0.0177 0.7120
vn 0.7127 0.0464 0.7000
vn 0.7109 0.0907 0.6974
vn -0.7089 0.1393 0.6914
vn -0.7109 0.0907 0.6974
vn -0.7127 0.0464 0.7000
vn -0.7020 0.0177 0.7120
vn -0.7010 -0.0196 0.7129
vn -0.7071 -0.0062 0.7071
vn -0.7010 -0.0560 0.7110
vn -0.7069 -0.0439 0.7059
vn -0.7007 -0.0925 0.7074
vn -0.7069 -0.0794 0.7028
vn -0.7011 -0.1280 0.7015
vn -0.7072 -0.1140 0.6978
vn -0.7014 -0.1639 0.6936
vn -0.7070 -0.1492 0.6913
vn -0.7024 -0.1997 0.6832
vn -0.7071 -0.1838 0.6828
vn -0.7023 -0.2362 0.6716
vn -0.7114 -0.2763 0.6462
vn -0.7027 -0.3100 0.6404
vn -0.7020 -0.3480 0.6213
vn -0.7071 -0.3335 0.6236
vn -0.7074 -0.3733 0.6002
vn -0.7087 -0.4139 0.5713
vn -0.7038 -0.4475 0.5517
vn -0.7014 -0.4920 0.5158
vn -0.7068 -0.4756 0.5236
vn -0.7071 -0.5241 0.4746
vn -0.7014 -0.5360 0.4698
vn -0.7069 -0.5757 0.4109
vn -0.7063 -0.6174 0.3463
vn -0.7006 -0.6597 0.2720
vn -0.7068 -0.6444 0.2919
vn -0.7065 -0.6829 0.1858
vn -0.7086 -0.7001 0.0886
vn -0.6991 -0.7145 -0.0255
vn -0.7069 -0.7072 0.0089
vn -0.7062 -0.6956 -0.1320
vn -0.7100 -0.6619 -0.2406
vn -0.7006 -0.6220 -0.3497
vn -0.7069 -0.6334 -0.3148
vn -0.7065 -0.5683 -0.4218
vn -0.7023 -0.5658 -0.4321
vn -0.7125 -0.4911 -0.5011
vn -0.7021 -0.4455 -0.5555
vn -0.7070 -0.3924 -0.5884
vn -0.7016 -0.3852 -0.5995
vn -0.7101 -0.3241 -0.6251
vn -0.7032 -0.2823 -0.6526
vn -0.7011 -0.2305 -0.6748
vn -0.7073 -0.2431 -0.6639
vn -0.7069 -0.1885 -0.6817
vn -0.7016 -0.1820 -0.6889
vn -0.7069 -0.1389 -0.6935
vn -0.7047 -0.0900 -0.7037
vn -0.7067 -0.0495 -0.7058
vn -0.7074 -0.0114 -0.7068
vn -0.7081 0.0274 -0.7056
vn -0.7059 0.0624 -0.7055
vn -0.7070 0.0985 -0.7003
vn -0.7078 0.1322 -0.6939
vn -0.7085 0.1663 -0.6859
vn -0.7095 0.2007 -0.6755
vn -0.7023 0.2081 -0.6808
vn -0.7069 0.2402 -0.6653
vn -0.7027 0.2841 -0.6523
vn -0.7042 0.3202 -0.6337
vn -0.7053 0.1833 0.6848
vn -0.7102 0.3460 -0.6132
vn -0.7080 0.3435 -0.6170
vn -0.7102 0.1880 0.6784
vn -0.7113 0.3110 -0.6303
vn -0.7125 0.2715 -0.6471
vn -0.7013 0.2466 -0.6689
vn -0.7070 0.2221 -0.6715
vn -0.7034 0.1710 -0.6899
vn -0.7052 0.1344 -0.6961
vn -0.7069 0.0986 -0.7004
vn -0.7073 0.0632 -0.7040
vn -0.7062 0.0261 -0.7075
vn -0.7077 -0.0112 -0.7064
vn -0.7094 -0.0515 -0.7029
vn -0.7120 -0.0960 -0.6956
vn -0.7024 -0.1348 -0.6989
vn -0.7070 -0.1651 -0.6876
vn -0.7070 -0.2176 -0.6730
vn -0.7071 -0.2754 -0.6513
vn -0.7066 -0.3310 -0.6254
vn -0.7068 -0.3648 -0.6061
vn -0.7069 -0.4345 -0.5581
vn -0.7065 -0.5031 -0.4978
vn -0.7071 -0.5373 -0.4596
vn -0.7066 -0.6083 -0.3614
vn -0.7059 -0.6629 -0.2495
vn -0.7025 -0.6976 -0.1410
vn -0.7067 -0.7059 -0.0488
vn -0.7061 -0.7031 0.0840
vn -0.7044 -0.6860 0.1821
vn -0.7069 -0.6609 0.2520
vn -0.7063 -0.6174 0.3465
vn -0.7065 -0.5757 0.4117
vn -0.7073 -0.5464 0.4484
vn -0.7072 -0.4961 0.5038
vn -0.7067 -0.4485 0.5472
vn -0.7150 -0.4014 0.5724
vn -0.7008 -0.3885 0.5983
vn -0.7073 -0.3514 0.6134
vn -0.7070 -0.3121 0.6346
vn -0.7040 -0.2730 0.6556
vn -0.7104 -0.2397 0.6617
vn -0.7112 -0.2045 0.6726
vn -0.7071 -0.1672 0.6871
vn -0.7069 -0.1321 0.6948
vn -0.7072 -0.0977 0.7003
vn -0.7069 -0.0614 0.7046
vn -0.7069 -0.0255 0.7069
vn -0.7070 0.0124 0.7071
vn -0.7028 0.0571 0.7091
vn -0.7053 0.0968 0.7023
vn -0.0413 0.9937 0.1044
vn -0.1237 0.9869 0.1037
vn -0.2052 0.9734 0.1023
vn -0.2853 0.9532 0.1002
vn -0.3635 0.9265 0.0974
vn -0.4392 0.8935 0.0939
vn -0.5119 0.8543 0.0898
vn -0.5811 0.8094 0.0851
vn -0.6463 0.7589 0.0798
vn -0.7071 0.7033 0.0739
vn -0.7631 0.6428 0.0676
vn -0.8139 0.5779 0.0607
vn -0.8591 0.5091 0.0535
vn -0.8984 0.4368 0.0459
vn -0.9316 0.3615 0.0380
vn -0.9584 0.2838 0.0298
vn -0.9787 0.2041 0.0215
vn -0.9923 0.1230 0.0129
vn -0.9991 0.0411 0.0043
vn -0.9787 0.2041 0.0214
vn -0.7071 0.7032 0.0739
vn -0.2854 0.9532 0.1002
vn -0.0000 0.9945 0.1045
vn 0.9991 0.0411 0.0043
vn 0.9923 0.1230 0.0129
vn 0.9787 0.2041 0.0214
vn 0.9584 0.2838 0.0298
vn 0.9316 0.3615 0.0380
vn 0.8984 0.4368 0.0459
vn 0.8591 0.5091 0.0535
vn 0.8139 0.5779 0.0607
vn 0.7631 0.6428 0.0676
vn 0.7071 0.7033 0.0739
vn 0.6463 0.7589 0.0798
vn 0.5811 0.8094 0.0851
vn 0.5119 0.8543 0.0898
vn 0.4392 0.8935 0.0939
vn 0.3635 0.9265 0.0974
vn 0.2854 0.9532 0.1002
vn 0.2052 0.9734 0.1023
vn 0.1237 0.9869 0.1037
vn 0.0413 0.9937 0.1044
vn 0.2853 0.9532 0.1002
vn 0.7071 0.7032 0.0739
vn -0.0000 -0.1046 0.9945
vn 0.0001 -0.1044 0.9945
vn 0.0002 -0.1045 0.9945
vn -0.0002 -0.1045 0.9945
vn -0.0001 -0.1046 0.9945
vn 0.0002 -0.1048 0.9945
vn -0.0002 -0.1048 0.9945
vn 0.0002 -0.1046 0.9945
vn 0.0001 -0.1046 0.9945
vn -0.0001 -0.1047 0.9945
vn -0.0000 -0.1045 0.9945
vn -0.0001 -0.1044 0.9945
vn -0.0002 -0.1046 0.9945
vn -0.0001 -0.1045 0.9945
vn 0.0001 -0.1047 0.9945
vn 0.0005 -0.1046 0.9945
vn -0.0004 -0.1044 0.9945
vn -0.0021 -0.1040 0.9946
vn 0.0001 -0.1045 0.9945
vn 0.0151 -0.1061 0.9942
vn 0.0013 -0.1048 0.9945
vn -0.0005 -0.1046 0.9945
vn -0.0013 -0.1048 0.9945
vn 0.0004 -0.1044 0.9945
vn -0.0003 -0.1046 0.9945
vn -0.0006 -0.1045 0.9945
vn -0.0073 -0.1043 0.9945
vn 0.0003 -0.1046 0.9945
vn -0.0044 -0.1037 0.9946
vn 0.0004 -0.1045 0.9945
vn 0.0003 -0.1045 0.9945
vn 0.0021 -0.1040 0.9946
vn -0.0150 -0.1061 0.9942
vn 0.0074 -0.1043 0.9945
vn -0.0004 -0.1045 0.9945
vn -0.0003 -0.1045 0.9945
vn 0.0005 -0.1045 0.9945
vn 0.0010 -0.1045 0.9945
vn -0.0005 -0.1045 0.9945
vn -0.0010 -0.1045 0.9945
vn 0.0044 -0.1037 0.9946
vn 0.0006 -0.1045 0.9945
vn -0.0000 0.1046 -0.9945
vn 0.0001 0.1044 -0.9945
vn -0.0002 0.1048 -0.9945
vn 0.0007 0.1048 -0.9945
vn -0.0001 0.1046 -0.9945
vn -0.0002 0.1045 -0.9945
vn 0.0002 0.1048 -0.9945
vn -0.0001 0.1047 -0.9945
vn 0.0002 0.1045 -0.9945
vn 0.0001 0.1045 -0.9945
vn 0.0001 0.1047 -0.9945
vn -0.0001 0.1044 -0.9945
vn 0.0002 0.1044 -0.9945
vn 0.0001 0.1046 -0.9945
vn -0.0001 0.1045 -0.9945
vn -0.0003 0.1045 -0.9945
vn -0.0006 0.1046 -0.9945
vn -0.0002 0.1044 -0.9945
vn 0.0004 0.1044 -0.9945
vn -0.0007 0.1048 -0.9945
vn -0.0000 0.1045 -0.9945
vn -0.0016 0.1045 -0.9945
vn 0.0511 0.1060 -0.9930
vn -0.0013 0.1048 -0.9945
vn -0.0003 0.1046 -0.9945
vn 0.0005 0.1046 -0.9945
vn -0.0004 0.1045 -0.9945
vn -0.0136 0.1031 -0.9946
vn -0.0004 0.1044 -0.9945
vn -0.0021 0.1040 -0.9946
vn 0.0006 0.1046 -0.9945
vn 0.0021 0.1040 -0.9946
vn 0.0004 0.1045 -0.9945
vn -0.0005 0.1045 -0.9945
vn 0.0003 0.1046 -0.9945
vn -0.0043 0.1037 -0.9946
vn 0.0013 0.1048 -0.9945
vn 0.0043 0.1037 -0.9946
vn 0.0135 0.1031 -0.9946
vn 0.0016 0.1045 -0.9945
vn -0.0005 0.1046 -0.9945
vn 0.0003 0.1045 -0.9945
vn -0.0512 0.1060 -0.9930
vn 0.0005 0.1045 -0.9945
vn 0.0603 -0.9927 -0.1043
vn 0.1803 -0.9782 -0.1028
vn 0.2975 -0.9495 -0.0998
vn 0.4104 -0.9069 -0.0953
vn 0.5173 -0.8511 -0.0895
vn 0.6167 -0.7829 -0.0823
vn 0.7071 -0.7032 -0.0739
vn 0.7872 -0.6133 -0.0645
vn 0.8558 -0.5145 -0.0541
vn 0.9119 -0.4082 -0.0429
vn 0.9547 -0.2959 -0.0311
vn 0.9836 -0.1793 -0.0188
vn 0.9982 -0.0601 -0.0063
vn 0.7071 -0.7033 -0.0739
vn 0.1802 -0.9782 -0.1028
vn 0.0604 -0.9927 -0.1044
vn -0.0000 -0.9945 -0.1045
vn -0.9982 -0.0600 -0.0063
vn -0.9836 -0.1793 -0.0188
vn -0.9547 -0.2959 -0.0311
vn -0.9119 -0.4082 -0.0429
vn -0.8558 -0.5145 -0.0541
vn -0.7872 -0.6133 -0.0645
vn -0.7071 -0.7033 -0.0739
vn -0.6167 -0.7829 -0.0823
vn -0.5173 -0.8511 -0.0895
vn -0.4104 -0.9069 -0.0953
vn -0.2975 -0.9495 -0.0998
vn -0.1803 -0.9782 -0.1028
vn -0.0603 -0.9927 -0.1044
vn -0.0604 -0.9927 -0.1043
vn -0.1802 -0.9782 -0.1028
vn -0.7071 -0.7032 -0.0739
vn -0.0010 0.4817 -0.8763
vn 0.0003 0.4808 -0.8768
vn -0.0004 0.4818 -0.8763
vn -0.0000 0.4806 -0.8769
vn 0.0004 0.4818 -0.8763
vn -0.0003 0.4808 -0.8768
vn 0.0010 0.4817 -0.8763
vn -0.0003 0.4813 -0.8765
vn 0.0003 0.4813 -0.8765
vn -0.0010 0.4817 -0.8764
vn -0.0004 0.4817 -0.8763
vn -0.1562 -0.8657 -0.4756
vn -0.4544 -0.7807 -0.4289
vn -0.7069 -0.6199 -0.3406
vn -0.8910 -0.3978 -0.2186
vn -0.9877 -0.1371 -0.0753
vn -0.9877 0.1371 0.0753
vn -0.8910 0.3978 0.2186
vn -0.7069 0.6199 0.3406
vn -0.4544 0.7807 0.4290
vn -0.1562 0.8657 0.4756
vn 0.1562 0.8657 0.4756
vn 0.4544 0.7807 0.4289
vn 0.7069 0.6199 0.3406
vn 0.8911 0.3978 0.2186
vn 0.9877 0.1371 0.0753
vn 0.9877 -0.1371 -0.0753
vn 0.8910 -0.3978 -0.2186
vn 0.7069 -0.6199 -0.3406
vn 0.4544 -0.7807 -0.4290
vn 0.1562 -0.8657 -0.4756
vn 0.9877 -0.1371 -0.0754
vn 0.9877 0.1371 0.0754
vn 0.8910 0.3978 0.2186
vn 0.4544 0.7807 0.4290
vn -0.4544 0.7807 0.4289
vn -0.4544 -0.7807 -0.4290
vn -0.0010 -0.4817 0.8763
vn 0.0003 -0.4809 0.8768
vn -0.0004 -0.4817 0.8763
vn -0.0000 -0.4806 0.8769
vn -0.0000 -0.4805 0.8770
vn 0.0004 -0.4817 0.8763
vn -0.0003 -0.4809 0.8768
vn 0.0010 -0.4816 0.8764
vn -0.0003 -0.4813 0.8765
vn 0.0003 -0.4813 0.8765
vn -0.0010 -0.4816 0.8764
vn 0.0010 -0.4817 0.8763
vn -0.0028 -0.4132 -0.9106
vn 0.0008 -0.4156 -0.9095
vn -0.0000 -0.4148 -0.9099
vn -0.0000 -0.4146 -0.9100
vn -0.0008 -0.4155 -0.9096
vn 0.0028 -0.4133 -0.9106
vn -0.0001 -0.4141 -0.9102
vn 0.0001 -0.4141 -0.9102
vn -0.0028 -0.4133 -0.9106
vn -0.0008 -0.4156 -0.9095
vn 0.0028 -0.4132 -0.9106
vn -0.1565 -0.8989 0.4092
vn -0.4530 -0.8114 0.3694
vn -0.7074 -0.6433 0.2928
vn -0.8910 -0.4131 0.1881
vn -0.9877 -0.1423 0.0648
vn -0.9877 0.1423 -0.0648
vn -0.8910 0.4132 -0.1881
vn -0.7075 0.6432 -0.2928
vn -0.4530 0.8114 -0.3694
vn -0.1564 0.8989 -0.4092
vn 0.1564 0.8989 -0.4092
vn 0.4529 0.8114 -0.3694
vn 0.7075 0.6432 -0.2928
vn 0.8910 0.4132 -0.1881
vn 0.9877 0.1423 -0.0648
vn 0.9877 -0.1423 0.0648
vn 0.8910 -0.4131 0.1881
vn 0.7074 -0.6433 0.2929
vn 0.4530 -0.8114 0.3694
vn 0.1564 -0.8989 0.4092
vn 0.1565 -0.8989 0.4092
vn 0.4529 -0.8114 0.3694
vn 0.7074 -0.6433 0.2928
vn 0.8910 0.4131 -0.1881
vn 0.7074 0.6433 -0.2928
vn 0.1565 0.8989 -0.4092
vn -0.1565 0.8989 -0.4092
vn -0.4529 0.8114 -0.3694
vn -0.7074 0.6433 -0.2928
vn -0.8910 0.4131 -0.1881
vn -0.7074 -0.6432 0.2928
vn -0.4529 -0.8114 0.3694
vn -0.1564 -0.8989 0.4092
vn -0.0028 0.4132 0.9106
vn 0.0008 0.4156 0.9095
vn -0.0000 0.4147 0.9100
vn -0.0000 0.4146 0.9100
vn -0.0000 0.4145 0.9100
vn -0.0008 0.4156 0.9096
vn 0.0028 0.4132 0.9106
vn -0.0001 0.4141 0.9102
vn 0.0001 0.4141 0.9102
vn 0.0007 0.4156 0.9096
vn -0.0008 0.4156 0.9095
vn 0.0028 0.4133 0.9106
vn -0.0002 0.4141 0.9102
vn 0.0002 0.4141 0.9102
vn 0.0016 -0.4146 -0.9100
vn -0.0019 -0.4120 -0.9112
vn 0.0019 -0.4121 -0.9111
vn -0.0016 -0.4146 -0.9100
vn -0.7074 -0.6433 0.2929
vn 0.4546 -0.8107 0.3691
vn 0.7064 -0.6442 0.2932
vn -0.7064 -0.6442 0.2933
vn -0.4546 -0.8107 0.3690
vn -0.0019 -0.4121 -0.9111
vn -0.0000 -0.4147 -0.9100
vn 0.4530 0.8114 -0.3694
vn 0.4546 -0.8107 0.3690
vn 0.7064 -0.6442 0.2933
vn -0.0001 0.4147 0.9100
vn 0.0001 0.4147 0.9100
vn 0.0016 -0.4145 -0.9100
vn -0.0016 -0.4145 -0.9100
vn 0.4545 -0.8107 0.3690
vn -0.4545 -0.8107 0.3691
vn -0.0019 -0.4122 -0.9111
vn -0.0000 -0.4144 -0.9101
vn 0.4545 -0.8107 0.3691
vn -0.4546 -0.8107 0.3691
vn -0.0009 -0.4157 -0.9095
vn 0.0001 -0.4154 -0.9096
vn -0.0001 -0.4154 -0.9096
vn 0.0009 -0.4157 -0.9095
vn -0.0000 -0.4145 -0.9101
vn 0.0019 -0.4122 -0.9111
vn 0.4545 0.8107 -0.3690
vn -0.4545 0.8107 -0.3690
vn -0.7074 0.6432 -0.2928
vn 0.0016 -0.4145 -0.9101
vn 0.0018 -0.4148 -0.9099
vn -0.0014 -0.4106 -0.9118
vn 0.0014 -0.4107 -0.9118
vn -0.0018 -0.4148 -0.9099
vn -0.0016 -0.4145 -0.9101
vn -0.7075 -0.6432 0.2928
vn 0.7075 -0.6432 0.2928
vn 0.8906 -0.4139 0.1884
vn -0.8906 -0.4139 0.1884
vn -0.4545 -0.8107 0.3690
vn 0.0008 0.4156 0.9096
vn -0.0028 0.4133 0.9106
vn 0.0018 -0.4147 -0.9100
vn 0.0013 -0.4142 -0.9102
vn -0.0000 -0.4103 -0.9120
vn -0.0013 -0.4140 -0.9103
vn -0.0018 -0.4147 -0.9100
vn 0.9876 -0.1426 0.0649
vn 0.4546 0.8107 -0.3690
vn -0.4546 0.8107 -0.3690
vn -0.9877 -0.1426 0.0649
vn -0.0000 -0.4104 -0.9119
vn -0.0013 -0.4141 -0.9102
vn 0.0013 -0.4141 -0.9102
vn 0.9876 0.1426 -0.0649
vn -0.4545 0.8107 -0.3691
vn -0.9876 0.1426 -0.0649
vn 0.0014 -0.4106 -0.9118
vn 0.8906 0.4139 -0.1884
vn 0.4545 0.8107 -0.3691
vn -0.8906 0.4139 -0.1884
vn 0.7074 -0.6432 0.2928
vn 0.7064 0.6442 -0.2933
vn -0.7064 0.6442 -0.2933
vn 0.0008 -0.4155 -0.9096
vn 0.0034 -0.4921 0.8705
vn -0.0000 -0.4942 0.8694
vn 0.0006 -0.4935 0.8697
vn -0.0000 -0.4950 0.8689
vn -0.0000 -0.4952 0.8688
vn -0.0005 -0.4935 0.8697
vn -0.0000 -0.4943 0.8693
vn -0.0034 -0.4920 0.8706
vn 0.0023 -0.4937 0.8696
vn -0.0023 -0.4937 0.8696
vn 0.0034 -0.4920 0.8706
vn 0.0005 -0.4935 0.8697
vn -0.0006 -0.4935 0.8697
vn -0.0034 -0.4921 0.8705
vn -0.0024 -0.4937 0.8696
vn -0.1578 0.8588 0.4874
vn -0.4522 0.7757 0.4402
vn -0.7073 0.6148 0.3489
vn -0.8910 0.3949 0.2241
vn -0.9877 0.1359 0.0771
vn -0.9877 -0.1359 -0.0771
vn -0.8910 -0.3949 -0.2241
vn -0.7072 -0.6149 -0.3489
vn -0.4523 -0.7757 -0.4402
vn -0.1577 -0.8588 -0.4874
vn 0.1577 -0.8588 -0.4874
vn 0.4523 -0.7757 -0.4402
vn 0.7072 -0.6149 -0.3489
vn 0.8910 -0.3949 -0.2241
vn 0.9877 -0.1359 -0.0771
vn 0.9877 0.1359 0.0771
vn 0.8910 0.3949 0.2241
vn 0.7073 0.6148 0.3489
vn 0.4522 0.7757 0.4402
vn 0.1578 0.8588 0.4874
vn 0.1577 0.8588 0.4874
vn 0.4523 0.7757 0.4402
vn 0.7072 0.6149 0.3489
vn 0.7073 -0.6149 -0.3489
vn 0.1578 -0.8588 -0.4874
vn -0.1578 -0.8588 -0.4874
vn -0.7073 -0.6149 -0.3489
vn -0.7072 0.6149 0.3489
vn -0.4523 0.7757 0.4402
vn -0.1577 0.8588 0.4874
vn 0.0033 0.4921 -0.8705
vn -0.0000 0.4942 -0.8694
vn 0.0005 0.4936 -0.8697
vn -0.0000 0.4950 -0.8689
vn -0.0000 0.4951 -0.8689
vn -0.0006 0.4935 -0.8697
vn -0.0000 0.4942 -0.8693
vn -0.0034 0.4921 -0.8705
vn 0.0024 0.4937 -0.8696
vn -0.0024 0.4937 -0.8696
vn 0.0034 0.4921 -0.8705
vn 0.0006 0.4935 -0.8697
vn -0.0005 0.4936 -0.8697
vn -0.0033 0.4921 -0.8705
vn 0.0023 0.4937 -0.8696
vn -0.0023 0.4937 -0.8696
vn -0.0006 0.5047 -0.8633
vn 0.0013 0.5034 -0.8640
vn 0.0003 0.5047 -0.8633
vn -0.0000 0.5054 -0.8629
vn -0.0003 0.5047 -0.8633
vn -0.0013 0.5034 -0.8641
vn 0.0007 0.5047 -0.8633
vn 0.0008 0.5047 -0.8633
vn -0.0008 0.5047 -0.8633
vn -0.0007 0.5046 -0.8633
vn -0.0013 0.5034 -0.8640
vn 0.0006 0.5047 -0.8633
vn -0.1569 -0.8526 -0.4985
vn -0.4542 -0.7691 -0.4497
vn -0.7065 -0.6109 -0.3572
vn -0.8910 -0.3920 -0.2292
vn -0.9877 -0.1349 -0.0789
vn -0.9877 0.1349 0.0789
vn -0.8910 0.3920 0.2292
vn -0.7065 0.6109 0.3572
vn -0.4542 0.7691 0.4497
vn -0.1569 0.8526 0.4985
vn 0.1569 0.8526 0.4985
vn 0.4542 0.7691 0.4497
vn 0.7065 0.6109 0.3572
vn 0.8910 0.3920 0.2292
vn 0.9877 0.1349 0.0789
vn 0.9877 -0.1349 -0.0789
vn 0.8910 -0.3920 -0.2292
vn 0.7065 -0.6109 -0.3572
vn 0.4542 -0.7691 -0.4497
vn 0.1569 -0.8526 -0.4985
vn -0.0006 -0.5047 0.8633
vn 0.0013 -0.5034 0.8640
vn 0.0003 -0.5047 0.8633
vn -0.0000 -0.5056 0.8628
vn -0.0000 -0.5054 0.8629
vn -0.0003 -0.5047 0.8633
vn -0.0013 -0.5034 0.8640
vn 0.0006 -0.5046 0.8633
vn 0.0008 -0.5047 0.8633
vn -0.0008 -0.5047 0.8633
vn -0.0003 -0.5046 0.8633
vn 0.0006 -0.5047 0.8633
vn -0.0004 -0.5158 0.8567
vn -0.0000 -0.5155 0.8569
vn -0.0000 -0.5154 0.8569
vn -0.0000 -0.5156 0.8568
vn -0.0000 -0.5158 0.8567
vn -0.0001 -0.5155 0.8569
vn 0.0004 -0.5158 0.8567
vn -0.0006 -0.5155 0.8569
vn 0.0006 -0.5155 0.8569
vn 0.0001 -0.5155 0.8569
vn -0.0007 -0.5155 0.8569
vn 0.0007 -0.5155 0.8569
vn -0.1561 0.8465 0.5089
vn -0.4543 0.7635 0.4590
vn -0.7072 0.6060 0.3643
vn -0.8910 0.3890 0.2339
vn -0.9877 0.1340 0.0806
vn -0.9877 -0.1340 -0.0806
vn -0.8910 -0.3890 -0.2339
vn -0.7071 -0.6060 -0.3643
vn -0.4543 -0.7635 -0.4590
vn -0.1560 -0.8465 -0.5089
vn 0.1560 -0.8466 -0.5089
vn 0.4543 -0.7635 -0.4590
vn 0.7071 -0.6060 -0.3643
vn 0.8910 -0.3890 -0.2339
vn 0.9877 -0.1340 -0.0806
vn 0.9877 0.1340 0.0805
vn 0.8910 0.3890 0.2339
vn 0.7072 0.6060 0.3643
vn 0.4543 0.7635 0.4590
vn 0.1561 0.8465 0.5089
vn 0.4544 0.7635 0.4590
vn 0.7071 0.6060 0.3643
vn 0.9877 0.1340 0.0806
vn 0.9877 -0.1340 -0.0805
vn 0.7072 -0.6060 -0.3643
vn 0.4544 -0.7635 -0.4590
vn 0.1561 -0.8465 -0.5089
vn -0.1561 -0.8465 -0.5089
vn -0.4544 -0.7635 -0.4590
vn -0.7072 -0.6060 -0.3643
vn -0.4544 0.7635 0.4590
vn -0.0005 0.5158 -0.8567
vn 0.0001 0.5155 -0.8569
vn -0.0000 0.5156 -0.8569
vn -0.0000 0.5156 -0.8568
vn -0.0000 0.5155 -0.8569
vn 0.0004 0.5158 -0.8567
vn -0.0007 0.5155 -0.8569
vn 0.0007 0.5155 -0.8569
vn -0.0004 0.5158 -0.8567
vn 0.0005 0.5158 -0.8567
vn -0.0008 0.5258 -0.8506
vn 0.0013 0.5244 -0.8514
vn -0.0002 0.5263 -0.8503
vn -0.0000 0.5256 -0.8507
vn -0.0000 0.5257 -0.8507
vn 0.0003 0.5262 -0.8503
vn -0.0013 0.5244 -0.8515
vn 0.0009 0.5258 -0.8506
vn -0.0019 0.5250 -0.8511
vn 0.0019 0.5250 -0.8511
vn -0.0009 0.5258 -0.8506
vn -0.0003 0.5262 -0.8504
vn 0.0002 0.5263 -0.8503
vn -0.0013 0.5244 -0.8514
vn -0.1553 -0.8407 -0.5187
vn -0.4546 -0.7581 -0.4677
vn -0.7066 -0.6022 -0.3715
vn -0.8912 -0.3861 -0.2382
vn -0.9877 -0.1330 -0.0821
vn -0.9877 0.1330 0.0821
vn -0.8912 0.3861 0.2382
vn -0.7066 0.6022 0.3715
vn -0.4546 0.7581 0.4677
vn -0.1553 0.8407 0.5187
vn 0.1553 0.8408 0.5187
vn 0.4546 0.7581 0.4677
vn 0.7066 0.6022 0.3715
vn 0.8912 0.3861 0.2382
vn 0.9877 0.1330 0.0821
vn 0.9877 -0.1330 -0.0821
vn 0.8912 -0.3861 -0.2382
vn 0.7066 -0.6022 -0.3715
vn 0.4546 -0.7581 -0.4677
vn 0.1553 -0.8407 -0.5187
vn 0.4546 0.7580 0.4677
vn -0.1553 0.8408 0.5187
vn -0.4546 0.7580 0.4677
vn -0.4546 -0.7580 -0.4677
vn -0.1553 -0.8408 -0.5187
vn -0.0009 -0.5258 0.8506
vn 0.0013 -0.5244 0.8514
vn -0.0002 -0.5264 0.8503
vn -0.0000 -0.5258 0.8506
vn -0.0000 -0.5256 0.8507
vn 0.0002 -0.5263 0.8503
vn -0.0013 -0.5244 0.8514
vn 0.0009 -0.5257 0.8506
vn -0.0019 -0.5250 0.8511
vn 0.0019 -0.5250 0.8511
vn -0.0009 -0.5257 0.8506
vn -0.0002 -0.5262 0.8504
vn -0.0013 -0.5244 0.8515
vn 0.0009 -0.5258 0.8506
vn 0.0022 -0.5334 0.8458
vn -0.0009 -0.5353 0.8447
vn 0.0008 -0.5333 0.8459
vn -0.0000 -0.5355 0.8445
vn -0.0008 -0.5333 0.8459
vn 0.0009 -0.5352 0.8447
vn -0.0022 -0.5335 0.8458
vn 0.0011 -0.5343 0.8453
vn -0.0011 -0.5343 0.8453
vn 0.0022 -0.5334 0.8459
vn 0.0009 -0.5353 0.8447
vn -0.0022 -0.5334 0.8459
vn 0.0011 -0.5344 0.8453
vn -0.0011 -0.5344 0.8452
vn -0.1571 0.8348 0.5276
vn -0.4528 0.7537 0.4764
vn -0.7076 0.5973 0.3775
vn -0.8908 0.3841 0.2427
vn -0.9877 0.1321 0.0835
vn -0.9877 -0.1321 -0.0835
vn -0.8908 -0.3841 -0.2427
vn -0.7076 -0.5973 -0.3775
vn -0.4528 -0.7537 -0.4763
vn -0.1571 -0.8348 -0.5276
vn 0.1571 -0.8348 -0.5276
vn 0.4528 -0.7537 -0.4764
vn 0.7076 -0.5973 -0.3775
vn 0.8908 -0.3841 -0.2427
vn 0.9877 -0.1321 -0.0835
vn 0.9877 0.1321 0.0835
vn 0.8908 0.3841 0.2427
vn 0.7076 0.5973 0.3775
vn 0.4528 0.7537 0.4763
vn 0.1571 0.8348 0.5276
vn 0.4528 0.7537 0.4764
vn 0.4528 -0.7537 -0.4763
vn -0.4528 -0.7537 -0.4764
vn 0.0022 0.5334 -0.8458
vn -0.0009 0.5353 -0.8447
vn 0.0008 0.5334 -0.8459
vn -0.0000 0.5355 -0.8445
vn -0.0000 0.5355 -0.8446
vn -0.0009 0.5334 -0.8459
vn 0.0009 0.5353 -0.8447
vn -0.0022 0.5334 -0.8458
vn 0.0011 0.5343 -0.8453
vn -0.0012 0.5344 -0.8453
vn 0.0022 0.5334 -0.8459
vn 0.0009 0.5334 -0.8459
vn -0.0008 0.5333 -0.8459
vn 0.0012 0.5344 -0.8453
vn -0.0012 0.5343 -0.8453
vn 0.0011 0.5421 -0.8403
vn -0.0005 0.5431 -0.8397
vn -0.0006 0.5432 -0.8396
vn -0.0000 0.5416 -0.8406
vn -0.0000 0.5416 -0.8407
vn 0.0006 0.5432 -0.8396
vn 0.0006 0.5431 -0.8397
vn -0.0011 0.5421 -0.8403
vn 0.0001 0.5424 -0.8401
vn -0.0001 0.5424 -0.8401
vn 0.0012 0.5421 -0.8403
vn -0.0006 0.5431 -0.8397
vn 0.0005 0.5431 -0.8397
vn -0.1564 -0.8295 -0.5362
vn -0.4532 -0.7486 -0.4840
vn -0.7073 -0.5937 -0.3838
vn -0.8911 -0.3811 -0.2464
vn -0.9877 -0.1315 -0.0850
vn -0.9877 0.1315 0.0850
vn -0.8911 0.3811 0.2464
vn -0.7072 0.5937 0.3838
vn -0.4532 0.7486 0.4839
vn -0.1564 0.8294 0.5362
vn 0.1564 0.8294 0.5362
vn 0.4532 0.7486 0.4840
vn 0.7073 0.5937 0.3838
vn 0.8911 0.3811 0.2464
vn 0.9877 0.1315 0.0850
vn 0.9877 -0.1315 -0.0850
vn 0.8911 -0.3811 -0.2464
vn 0.7073 -0.5937 -0.3838
vn 0.4533 -0.7486 -0.4839
vn 0.1564 -0.8295 -0.5362
vn 0.1565 -0.8294 -0.5362
vn 0.4532 -0.7486 -0.4839
vn 0.7072 0.5937 0.3838
vn 0.4532 0.7486 0.4839
vn 0.1564 0.8295 0.5362
vn -0.1564 0.8295 0.5362
vn -0.4532 0.7486 0.4840
vn -0.4533 -0.7486 -0.4839
vn -0.1565 -0.8294 -0.5362
vn 0.0011 -0.5421 0.8403
vn -0.0005 -0.5430 0.8397
vn -0.0006 -0.5432 0.8396
vn -0.0000 -0.5416 0.8406
vn 0.0006 -0.5432 0.8396
vn 0.0005 -0.5430 0.8397
vn -0.0012 -0.5421 0.8403
vn 0.0001 -0.5424 0.8401
vn -0.0001 -0.5424 0.8401
vn 0.0012 -0.5421 0.8403
vn 0.0005 -0.5431 0.8397
vn -0.0011 -0.5421 0.8403
vn -0.0011 -0.5800 0.8146
vn 0.0001 -0.5794 0.8150
vn 0.0009 -0.5784 0.8158
vn -0.0000 -0.5808 0.8141
vn -0.0009 -0.5784 0.8158
vn -0.0001 -0.5792 0.8152
vn 0.0011 -0.5800 0.8146
vn -0.0006 -0.5796 0.8149
vn 0.0006 -0.5796 0.8149
vn -0.0011 -0.5801 0.8146
vn 0.0001 -0.5792 0.8152
vn -0.0001 -0.5794 0.8151
vn -0.1560 0.8051 0.5722
vn -0.4548 0.7259 0.5159
vn -0.7071 0.5764 0.4096
vn -0.8908 0.3704 0.2633
vn -0.9877 0.1273 0.0905
vn -0.9877 -0.1273 -0.0905
vn -0.8908 -0.3704 -0.2632
vn -0.7070 -0.5764 -0.4097
vn -0.4548 -0.7260 -0.5159
vn -0.1560 -0.8051 -0.5722
vn 0.1560 -0.8051 -0.5722
vn 0.4548 -0.7260 -0.5159
vn 0.7071 -0.5764 -0.4097
vn 0.8908 -0.3704 -0.2632
vn 0.9877 -0.1273 -0.0905
vn 0.9877 0.1273 0.0905
vn 0.8908 0.3704 0.2633
vn 0.7071 0.5764 0.4096
vn 0.4548 0.7259 0.5160
vn 0.1560 0.8051 0.5722
vn 0.4547 0.7260 0.5159
vn 0.8908 -0.3704 -0.2633
vn 0.7071 -0.5764 -0.4096
vn 0.4548 -0.7259 -0.5159
vn -0.4548 -0.7259 -0.5159
vn -0.7071 -0.5764 -0.4097
vn -0.7071 0.5764 0.4097
vn -0.4547 0.7260 0.5159
vn -0.0011 0.5800 -0.8146
vn 0.0001 0.5792 -0.8152
vn 0.0009 0.5784 -0.8158
vn -0.0000 0.5808 -0.8141
vn -0.0000 0.5807 -0.8141
vn -0.0009 0.5784 -0.8158
vn -0.0001 0.5793 -0.8151
vn 0.0011 0.5800 -0.8146
vn -0.0006 0.5796 -0.8149
vn 0.0006 0.5796 -0.8149
vn 0.0001 0.5793 -0.8151
vn 0.0010 0.5784 -0.8158
vn -0.0001 0.5792 -0.8152
vn -0.0007 0.5795 -0.8149
vn 0.0007 0.5795 -0.8149
vn 0.0004 0.5731 -0.8195
vn -0.0026 0.5749 -0.8182
vn -0.0001 0.5721 -0.8202
vn -0.0000 0.5718 -0.8204
vn 0.0001 0.5721 -0.8202
vn 0.0026 0.5749 -0.8182
vn -0.0005 0.5731 -0.8195
vn 0.0002 0.5732 -0.8194
vn -0.0002 0.5732 -0.8194
vn 0.0005 0.5731 -0.8195
vn -0.0004 0.5731 -0.8195
vn 0.0001 0.5732 -0.8194
vn -0.0001 0.5732 -0.8194
vn -0.1566 -0.8096 -0.5658
vn -0.4538 -0.7304 -0.5105
vn -0.7084 -0.5785 -0.4043
vn -0.8909 -0.3723 -0.2602
vn -0.9877 -0.1283 -0.0897
vn -0.9877 0.1283 0.0896
vn -0.8909 0.3723 0.2602
vn -0.7084 0.5786 0.4043
vn -0.4539 0.7304 0.5104
vn -0.1566 0.8096 0.5657
vn 0.1565 0.8096 0.5658
vn 0.4538 0.7304 0.5105
vn 0.7084 0.5786 0.4043
vn 0.8909 0.3723 0.2602
vn 0.9877 0.1283 0.0897
vn 0.9877 -0.1283 -0.0896
vn 0.8909 -0.3723 -0.2602
vn 0.7084 -0.5786 -0.4043
vn 0.4538 -0.7304 -0.5105
vn 0.1566 -0.8096 -0.5658
vn 0.1566 -0.8095 -0.5658
vn 0.9877 -0.1283 -0.0897
vn 0.9877 0.1283 0.0896
vn 0.4539 0.7304 0.5104
vn 0.1566 0.8096 0.5658
vn -0.1566 0.8096 0.5658
vn -0.4538 0.7304 0.5104
vn -0.9877 0.1283 0.0897
vn -0.7084 -0.5786 -0.4043
vn 0.0005 -0.5730 0.8195
vn -0.0026 -0.5749 0.8182
vn -0.0001 -0.5720 0.8202
vn -0.0000 -0.5718 0.8204
vn -0.0000 -0.5719 0.8204
vn 0.0001 -0.5720 0.8202
vn 0.0026 -0.5749 0.8182
vn -0.0005 -0.5731 0.8195
vn 0.0002 -0.5732 0.8194
vn -0.0002 -0.5732 0.8194
vn 0.0005 -0.5731 0.8195
vn -0.0019 -0.5671 0.8237
vn 0.0004 -0.5657 0.8246
vn -0.0000 -0.5660 0.8244
vn -0.0000 -0.5662 0.8243
vn -0.0004 -0.5657 0.8246
vn 0.0019 -0.5670 0.8237
vn -0.0030 -0.5657 0.8246
vn 0.0030 -0.5657 0.8246
vn 0.0019 -0.5671 0.8237
vn -0.1544 0.8145 0.5592
vn -0.4553 0.7340 0.5039
vn -0.7069 0.5831 0.4003
vn -0.8910 0.3742 0.2569
vn -0.9877 0.1289 0.0885
vn -0.9877 -0.1289 -0.0885
vn -0.8910 -0.3743 -0.2570
vn -0.7069 -0.5831 -0.4003
vn -0.4552 -0.7340 -0.5040
vn -0.1544 -0.8145 -0.5592
vn 0.1544 -0.8145 -0.5592
vn 0.4552 -0.7341 -0.5039
vn 0.7069 -0.5831 -0.4003
vn 0.8910 -0.3743 -0.2570
vn 0.9877 -0.1289 -0.0885
vn 0.9877 0.1289 0.0885
vn 0.8910 0.3742 0.2569
vn 0.7069 0.5831 0.4003
vn 0.4553 0.7340 0.5039
vn 0.1543 0.8145 0.5592
vn 0.1544 0.8145 0.5592
vn 0.4552 0.7340 0.5039
vn 0.8910 0.3743 0.2569
vn 0.8910 -0.3743 -0.2569
vn 0.4552 -0.7340 -0.5039
vn -0.4552 -0.7340 -0.5039
vn -0.8910 -0.3743 -0.2569
vn -0.8910 0.3743 0.2570
vn -0.4552 0.7340 0.5040
vn -0.0019 0.5670 -0.8237
vn 0.0004 0.5657 -0.8246
vn -0.0000 0.5661 -0.8243
vn -0.0000 0.5662 -0.8243
vn -0.0001 0.5661 -0.8243
vn -0.0004 0.5657 -0.8246
vn 0.0019 0.5671 -0.8237
vn -0.0030 0.5657 -0.8246
vn 0.0030 0.5657 -0.8246
vn -0.0019 0.5671 -0.8237
vn -0.0000 0.5661 -0.8244
vn 0.0019 0.5670 -0.8237
vn 0.0001 -0.5506 0.8348
vn -0.0002 -0.5507 0.8347
vn 0.0004 -0.5500 0.8351
vn -0.0000 -0.5511 0.8344
vn -0.0004 -0.5500 0.8351
vn 0.0002 -0.5507 0.8347
vn -0.0001 -0.5506 0.8348
vn 0.0030 -0.5514 0.8342
vn -0.0030 -0.5514 0.8342
vn -0.0002 -0.5508 0.8347
vn -0.0004 -0.5500 0.8352
vn 0.0002 -0.5508 0.8347
vn 0.0031 -0.5514 0.8342
vn -0.0031 -0.5514 0.8342
vn -0.1584 0.8239 0.5441
vn -0.4538 0.7436 0.4911
vn -0.7071 0.5901 0.3897
vn -0.8908 0.3791 0.2504
vn -0.9877 0.1305 0.0862
vn -0.9877 -0.1305 -0.0862
vn -0.8908 -0.3791 -0.2504
vn -0.7071 -0.5901 -0.3897
vn -0.4538 -0.7436 -0.4911
vn -0.1584 -0.8239 -0.5441
vn 0.1584 -0.8239 -0.5441
vn 0.4538 -0.7436 -0.4911
vn 0.7071 -0.5901 -0.3897
vn 0.8908 -0.3791 -0.2504
vn 0.9877 -0.1305 -0.0862
vn 0.9877 0.1305 0.0862
vn 0.8908 0.3791 0.2504
vn 0.7071 0.5901 0.3897
vn 0.4538 0.7436 0.4910
vn 0.1584 0.8239 0.5441
vn 0.4538 0.7436 0.4911
vn 0.9877 -0.1305 -0.0861
vn 0.4538 -0.7436 -0.4910
vn 0.0001 0.5506 -0.8348
vn -0.0002 0.5507 -0.8347
vn 0.0004 0.5500 -0.8352
vn -0.0000 0.5511 -0.8344
vn -0.0004 0.5500 -0.8352
vn 0.0002 0.5507 -0.8347
vn -0.0001 0.5505 -0.8348
vn 0.0030 0.5514 -0.8342
vn -0.0030 0.5514 -0.8342
vn 0.0001 0.5505 -0.8348
vn -0.0001 0.5506 -0.8348
vn 0.0031 0.5514 -0.8342
vn -0.0009 0.5589 -0.8292
vn 0.0001 0.5583 -0.8296
vn 0.0015 0.5567 -0.8307
vn -0.0000 0.5605 -0.8282
vn -0.0015 0.5567 -0.8307
vn -0.0001 0.5583 -0.8296
vn 0.0008 0.5589 -0.8292
vn 0.0020 0.5592 -0.8291
vn -0.0020 0.5592 -0.8290
vn -0.0008 0.5589 -0.8293
vn 0.0009 0.5589 -0.8292
vn 0.0020 0.5592 -0.8290
vn -0.0020 0.5592 -0.8291
vn -0.1578 -0.8190 -0.5517
vn -0.4544 -0.7388 -0.4977
vn -0.7070 -0.5866 -0.3952
vn -0.8906 -0.3772 -0.2541
vn -0.9877 -0.1295 -0.0873
vn -0.9877 0.1295 0.0873
vn -0.8906 0.3772 0.2541
vn -0.7069 0.5866 0.3952
vn -0.4545 0.7387 0.4977
vn -0.1578 0.8190 0.5517
vn 0.1578 0.8189 0.5517
vn 0.4545 0.7388 0.4977
vn 0.7069 0.5866 0.3952
vn 0.8906 0.3772 0.2541
vn 0.9877 0.1295 0.0873
vn 0.9877 -0.1295 -0.0873
vn 0.8906 -0.3772 -0.2541
vn 0.7069 -0.5866 -0.3952
vn 0.4544 -0.7388 -0.4977
vn 0.1578 -0.8190 -0.5517
vn 0.1578 -0.8189 -0.5517
vn 0.4545 -0.7388 -0.4977
vn 0.8906 -0.3771 -0.2541
vn 0.9877 -0.1295 -0.0872
vn 0.8906 0.3771 0.2541
vn 0.1578 0.8190 0.5517
vn -0.1578 0.8189 0.5517
vn -0.8906 -0.3771 -0.2541
vn -0.7069 -0.5866 -0.3952
vn -0.1578 -0.8189 -0.5517
vn -0.0009 -0.5589 0.8292
vn 0.0001 -0.5582 0.8297
vn 0.0015 -0.5566 0.8308
vn -0.0000 -0.5605 0.8282
vn -0.0015 -0.5567 0.8307
vn -0.0001 -0.5582 0.8297
vn 0.0009 -0.5589 0.8293
vn 0.0020 -0.5592 0.8290
vn -0.0020 -0.5592 0.8290
vn -0.0001 -0.5583 0.8296
vn 0.0009 -0.5589 0.8292
vn 0.0003 0.4809 -0.8768
vn 0.0004 0.4817 -0.8763
vn -0.0003 0.4813 -0.8766
vn 0.0003 0.4813 -0.8766
vn -0.1563 -0.8657 -0.4756
vn -0.7070 -0.6199 -0.3406
vn -0.8910 -0.3979 -0.2187
vn -0.9877 0.1371 0.0754
vn -0.8910 0.3979 0.2186
vn -0.1563 0.8657 0.4756
vn 0.1563 0.8657 0.4756
vn 0.8910 0.3979 0.2186
vn 0.8910 -0.3979 -0.2186
vn 0.7070 -0.6198 -0.3406
vn 0.1563 -0.8657 -0.4756
vn 0.7070 -0.6199 -0.3406
vn 0.7070 0.6199 0.3406
vn -0.7070 0.6199 0.3406
vn -0.9877 -0.1371 -0.0754
vn -0.8910 -0.3979 -0.2186
vn -0.7070 -0.6198 -0.3406
vn -0.0004 -0.4817 0.8764
vn 0.0004 -0.4818 0.8763
vn -0.0003 -0.4813 0.8766
vn 0.0003 -0.4813 0.8766
vn -0.0010 -0.4818 0.8763
vn -0.0004 -0.4818 0.8763
vn -0.0000 -0.4941 0.8694
vn 0.0006 -0.4935 0.8698
vn -0.0000 -0.4942 0.8693
vn 0.0005 -0.4935 0.8698
vn -0.0006 -0.4935 0.8698
vn 0.0024 -0.4937 0.8696
vn -0.7074 0.6148 0.3489
vn -0.8909 0.3950 0.2242
vn -0.8909 -0.3950 -0.2241
vn -0.7073 -0.6148 -0.3489
vn -0.4522 -0.7757 -0.4402
vn 0.4522 -0.7757 -0.4402
vn 0.7073 -0.6148 -0.3489
vn 0.8909 -0.3950 -0.2242
vn 0.8909 0.3950 0.2242
vn 0.7074 0.6148 0.3489
vn 0.8909 0.3950 0.2241
vn -0.8909 -0.3950 -0.2242
vn 0.0006 0.5046 -0.8633
vn -0.7066 -0.6109 -0.3572
vn -0.8909 -0.3921 -0.2292
vn -0.8909 0.3921 0.2293
vn -0.7066 0.6109 0.3572
vn 0.7066 0.6109 0.3572
vn 0.8909 0.3921 0.2292
vn 0.8909 -0.3921 -0.2292
vn 0.7066 -0.6109 -0.3572
vn 0.4541 0.7691 0.4497
vn 0.1570 0.8526 0.4985
vn -0.4541 0.7691 0.4497
vn -0.8909 0.3921 0.2292
vn 0.0013 -0.5035 0.8640
vn 0.0003 -0.5046 0.8633
vn -0.0003 -0.5045 0.8634
vn -0.0013 -0.5035 0.8640
vn -0.0006 -0.5046 0.8633
vn -0.0004 -0.5159 0.8567
vn -0.0006 -0.5156 0.8569
vn -0.7072 0.6059 0.3643
vn -0.8910 0.3891 0.2339
vn -0.9877 -0.1340 -0.0805
vn -0.8910 -0.3891 -0.2339
vn -0.7072 -0.6059 -0.3643
vn 0.7072 -0.6059 -0.3643
vn 0.8910 -0.3891 -0.2339
vn 0.8910 0.3891 0.2339
vn 0.7073 0.6059 0.3642
vn 0.7072 0.6059 0.3643
vn -0.9877 0.1340 0.0805
vn -0.0002 0.5262 -0.8503
vn 0.0009 0.5257 -0.8506
vn -0.0003 0.5262 -0.8503
vn -0.0013 0.5245 -0.8514
vn -0.4545 -0.7581 -0.4677
vn -0.7067 -0.6021 -0.3715
vn -0.8911 -0.3862 -0.2382
vn -0.8911 0.3862 0.2383
vn -0.7067 0.6021 0.3715
vn -0.4545 0.7581 0.4677
vn 0.1553 0.8407 0.5187
vn 0.4545 0.7581 0.4677
vn 0.7067 0.6021 0.3715
vn 0.8911 0.3862 0.2382
vn 0.8911 -0.3862 -0.2383
vn 0.7067 -0.6021 -0.3715
vn 0.4545 -0.7581 -0.4677
vn 0.1553 -0.8408 -0.5187
vn 0.8911 -0.3862 -0.2382
vn 0.8911 0.3862 0.2383
vn 0.0013 -0.5245 0.8514
vn -0.0013 -0.5245 0.8514
vn 0.0009 -0.5257 0.8507
vn -0.0009 -0.5257 0.8507
vn 0.0002 -0.5262 0.8504
vn 0.0022 -0.5335 0.8458
vn -0.0009 -0.5353 0.8446
vn 0.0009 -0.5353 0.8446
vn -0.4527 0.7537 0.4764
vn -0.8908 0.3842 0.2428
vn -0.8908 -0.3842 -0.2428
vn -0.7077 -0.5972 -0.3775
vn -0.4527 -0.7537 -0.4764
vn 0.4527 -0.7537 -0.4764
vn 0.7077 -0.5972 -0.3775
vn 0.8908 -0.3842 -0.2428
vn 0.8908 0.3842 0.2428
vn 0.4527 0.7537 0.4764
vn 0.0008 0.5333 -0.8459
vn 0.0009 0.5333 -0.8459
vn -0.1564 -0.8294 -0.5362
vn -0.7073 -0.5936 -0.3838
vn -0.8910 -0.3812 -0.2465
vn -0.8910 0.3812 0.2465
vn -0.7073 0.5936 0.3838
vn -0.1565 0.8294 0.5362
vn 0.1565 0.8294 0.5362
vn 0.7073 0.5936 0.3838
vn 0.8910 0.3812 0.2465
vn 0.8910 -0.3812 -0.2465
vn 0.7074 -0.5936 -0.3837
vn 0.4532 -0.7486 -0.4840
vn 0.7073 -0.5936 -0.3838
vn -0.7074 -0.5936 -0.3838
vn -0.0005 -0.5431 0.8396
vn 0.0006 -0.5431 0.8397
vn 0.0005 -0.5431 0.8396
vn -0.0002 -0.5508 0.8346
vn 0.0004 -0.5499 0.8353
vn -0.0004 -0.5499 0.8352
vn -0.0001 -0.5505 0.8348
vn 0.0001 -0.5505 0.8348
vn 0.0002 -0.5508 0.8346
vn -0.4537 0.7436 0.4911
vn -0.7071 0.5900 0.3896
vn -0.8908 0.3792 0.2505
vn -0.8908 -0.3792 -0.2505
vn -0.7071 -0.5900 -0.3896
vn -0.4537 -0.7436 -0.4911
vn 0.4537 -0.7436 -0.4911
vn 0.7071 -0.5900 -0.3896
vn 0.8908 -0.3792 -0.2504
vn 0.8908 0.3792 0.2505
vn 0.7071 0.5900 0.3896
vn 0.4537 0.7436 0.4911
vn 0.7072 0.5900 0.3896
vn 0.8908 -0.3793 -0.2504
vn 0.7071 -0.5900 -0.3897
vn 0.1585 -0.8239 -0.5441
vn -0.1585 -0.8239 -0.5441
vn -0.8908 -0.3793 -0.2504
vn -0.9877 -0.1305 -0.0861
vn -0.8908 0.3792 0.2504
vn -0.7072 0.5900 0.3896
vn -0.0002 0.5508 -0.8347
vn 0.0002 0.5508 -0.8347
vn -0.0004 0.5500 -0.8351
vn 0.0001 0.5583 -0.8297
vn 0.0008 0.5589 -0.8293
vn -0.7070 -0.5865 -0.3951
vn -0.8905 -0.3773 -0.2542
vn -0.9877 -0.1295 -0.0872
vn -0.8906 0.3773 0.2542
vn -0.7070 0.5865 0.3951
vn -0.4544 0.7388 0.4977
vn 0.4544 0.7388 0.4977
vn 0.7070 0.5865 0.3952
vn 0.8905 0.3773 0.2542
vn 0.8905 -0.3773 -0.2542
vn 0.7070 -0.5865 -0.3951
vn 0.8906 -0.3772 -0.2542
vn 0.9877 0.1295 0.0872
vn 0.7070 0.5865 0.3951
vn 0.1579 0.8189 0.5517
vn -0.1579 0.8189 0.5517
vn -0.8905 0.3773 0.2542
vn -0.8906 -0.3772 -0.2542
vn 0.0015 -0.5568 0.8306
vn -0.0001 -0.5583 0.8297
vn 0.0020 -0.5592 0.8291
vn -0.0020 -0.5592 0.8291
vn -0.0009 -0.5589 0.8293
vn 0.0001 -0.5583 0.8296
vn -0.0000 -0.5661 0.8243
vn -0.0019 -0.5670 0.8237
vn 0.0004 -0.5656 0.8246
vn -0.0030 -0.5658 0.8246
vn 0.0030 -0.5658 0.8246
vn -0.8909 -0.3744 -0.2570
vn -0.7070 -0.5831 -0.4003
vn -0.4551 -0.7341 -0.5040
vn -0.1545 -0.8145 -0.5592
vn 0.1545 -0.8145 -0.5592
vn 0.4551 -0.7341 -0.5040
vn 0.7070 -0.5830 -0.4003
vn 0.8909 -0.3744 -0.2570
vn 0.8910 0.3743 0.2570
vn 0.1545 0.8145 0.5592
vn 0.4552 0.7341 0.5040
vn 0.7070 0.5830 0.4003
vn 0.8909 0.3744 0.2570
vn 0.8910 -0.3744 -0.2570
vn 0.7070 -0.5831 -0.4003
vn 0.4552 -0.7341 -0.5040
vn -0.4552 -0.7341 -0.5040
vn -0.7070 -0.5830 -0.4003
vn -0.8910 -0.3744 -0.2570
vn -0.8910 0.3744 0.2570
vn -0.7070 0.5830 0.4003
vn -0.4552 0.7341 0.5040
vn -0.0001 0.5720 -0.8202
vn 0.0001 0.5720 -0.8202
vn 0.0027 0.5749 -0.8182
vn -0.7085 -0.5785 -0.4043
vn -0.8908 -0.3724 -0.2603
vn -0.9877 -0.1283 -0.0896
vn -0.8908 0.3724 0.2603
vn -0.7084 0.5785 0.4043
vn 0.7084 0.5785 0.4043
vn 0.8908 0.3724 0.2603
vn 0.8908 -0.3724 -0.2602
vn 0.7084 -0.5785 -0.4043
vn 0.1567 -0.8096 -0.5658
vn 0.4537 -0.7304 -0.5105
vn 0.7085 -0.5785 -0.4043
vn 0.8908 -0.3724 -0.2603
vn -0.4538 0.7304 0.5105
vn -0.4537 -0.7305 -0.5105
vn -0.1567 -0.8096 -0.5658
vn 0.0005 -0.5730 0.8196
vn -0.0026 -0.5750 0.8181
vn -0.0001 -0.5720 0.8203
vn 0.0001 -0.5720 0.8203
vn 0.0002 -0.5733 0.8194
vn -0.0005 -0.5730 0.8196
vn -0.0002 -0.5733 0.8194
vn -0.0001 -0.5793 0.8151
vn 0.0001 -0.5793 0.8151
vn -0.0001 -0.5794 0.8150
vn -0.4547 0.7260 0.5160
vn -0.7072 0.5763 0.4096
vn -0.8907 0.3705 0.2633
vn -0.8907 -0.3705 -0.2633
vn -0.7071 -0.5764 -0.4096
vn -0.4547 -0.7260 -0.5160
vn 0.4547 -0.7260 -0.5160
vn 0.7071 -0.5763 -0.4096
vn 0.8907 -0.3705 -0.2633
vn 0.8907 0.3705 0.2633
vn 0.7072 0.5763 0.4096
vn 0.4547 0.7260 0.5160
vn 0.1561 0.8051 0.5722
vn 0.4547 -0.7260 -0.5159
vn -0.7071 -0.5763 -0.4096
vn 0.0009 0.5784 -0.8157
vn -0.0001 0.5792 -0.8151
vn -0.0008 -0.4157 -0.9095
vn -0.8910 -0.4133 0.1881
vn -0.8910 0.4133 -0.1881
vn 0.8910 0.4133 -0.1881
vn 0.8910 -0.4133 0.1881
vn 0.4529 -0.8115 0.3694
vn 0.8910 -0.4132 0.1881
vn -0.4528 0.8115 -0.3694
vn -0.8910 -0.4132 0.1881
vn -0.4529 -0.8115 0.3694
vn -0.0000 -0.4145 -0.9100
vn 0.7065 -0.6441 0.2932
vn 0.4528 0.8115 -0.3694
vn -0.7065 -0.6441 0.2932
vn -0.0008 -0.4154 -0.9096
vn -0.1566 -0.8989 0.4092
vn -0.4528 -0.8115 0.3694
vn 0.4528 -0.8115 0.3694
vn -0.1566 0.8989 -0.4092
vn -0.0008 -0.4156 -0.9096
vn -0.0014 -0.4107 -0.9118
vn -0.4529 0.8115 -0.3694
vn 0.4529 0.8115 -0.3694
vn 0.8905 -0.4140 0.1885
vn -0.8905 -0.4140 0.1885
vn 0.0018 -0.4146 -0.9100
vn -0.0009 -0.4158 -0.9095
vn 0.0009 -0.4158 -0.9095
vn -0.0018 -0.4146 -0.9100
vn 0.8906 0.4140 -0.1885
vn -0.8906 0.4140 -0.1885
vn 0.7065 0.6441 -0.2932
vn -0.7065 0.6441 -0.2932
vn 0.0019 -0.4123 -0.9111
vn -0.7069 -0.6334 -0.3147
vn -0.7062 0.0261 -0.7076
vn -0.7069 -0.2176 -0.6730
vn 0.7071 -0.2753 -0.6513
vn 0.7069 -0.6334 -0.3147
s 0
f 1//1 2//1 3//1
f 3//1 4//1 1//1
f 4//1 5//1 1//1
f 5//1 6//1 1//1
f 6//1 7//1 1//1
f 7//1 8//1 1//1
f 8//1 9//1 1//1
f 9//1 10//1 1//1
f 10//1 11//1 1//1
f 11//1 12//1 1//1
f 12//1 13//1 1//1
f 13//1 14//1 1//1
f 14//1 15//1 1//1
f 15//1 16//1 1//1
f 16//1 17//1 1//1
f 17//1 18//1 1//1
f 18//1 19//1 1//1
f 19//1 20//1 1//1
f 20//1 21//1 1//1
f 21//1 22//1 1//1
f 22//1 23//1 1//1
f 23//1 24//1 1//1
f 24//1 25//1 1//1
f 25//1 26//1 1//1
f 26//1 27//1 1//1
f 27//1 28//1 1//1
f 28//1 29//1 1//1
f 29//1 30//1 1//1
f 30//1 31//1 1//1
f 31//1 32//1 1//1
f 32//1 33//1 1//1
f 33//1 34//1 1//1
f 34//1 35//1 1//1
f 35//1 36//1 1//1
f 36//1 37//1 1//1
f 37//1 38//1 1//1
f 38//1 39//1 1//1
f 39//1 40//1 1//1
f 40//1 41//1 1//1
f 41//1 42//1 1//1
f 42//1 43//1 1//1
f 43//1 44//1 1//1
f 44//1 45//1 1//1
f 45//1 46//1 1//1
f 46//1 47//1 1//1
f 47//1 48//1 1//1
f 48//1 49//1 1//1
f 49//1 50//1 1//1
f 50//1 51//1 1//1
f 51//1 52//1 1//1
f 52//1 53//1 1//1
f 53//1 54//1 1//1
f 54//1 55//1 1//1
f 55//1 56//1 1//1
f 56//1 57//1 1//1
f 57//1 58//1 1//1
f 58//1 59//1 1//1
f 59//1 60//1 1//1
f 60//1 61//1 1//1
f 61//1 62//1 1//1
f 62//1 63//1 1//1
f 63//1 64//1 1//1
f 64//1 65//1 1//1
f 65//1 66//1 1//1
f 66//1 67//1 1//1
f 67//1 68//1 1//1
f 68//1 69//1 1//1
f 69//1 70//1 1//1
f 70//1 71//1 1//1
f 71//1 72//1 1//1
f 72//1 73//1 1//1
f 73//1 74//1 1//1
f 74//1 75//1 1//1
f 75//1 76//1 1//1
f 76//1 77//1 1//1
f 77//1 78//1 1//1
f 78//1 79//1 1//1
f 79//1 80//1 1//1
f 80//1 81//1 1//1
f 81//1 82//1 1//1
f 82//1 2//1 1//1
f 82//2 83//2 84//2
f 2//3 84//3 85//3
f 3//4 85//4 86//4
f 4//5 86//5 87//5
f 5//6 87//6 88//6
f 6//7 88//7 89//7
f 7//8 89//8 90//8
f 8//9 90//9 91//9
f 9//10 91//10 92//10
f 10//11 92//11 93//11
f 11//12 93//12 94//12
f 12//13 94//13 95//13
f 13//14 95//14 96//14
f 14//15 96//15 97//15
f 15//16 97//16 98//16
f 16//17 98//17 99//17
f 17//18 99//18 100//18
f 18//19 100//19 101//19
f 19//20 101//20 102//20
f 20//21 102//21 103//21
f 21//22 103//22 104//22
f 22//23 104//23 105//23
f 23//24 105//24 106//24
f 24//25 106//25 107//25
f 25//26 107//26 108//26
f 26//27 108//27 109//27
f 27//28 109//28 110//28
f 28//29 110//29 111//29
f 29//30 111//30 112//30
f 30//31 112//31 113//31
f 31//32 113//32 114//32
f 32//33 114//33 115//33
f 33//34 115//34 116//34
f 34//35 116//35 117//35
f 35//36 117//36 118//36
f 36//37 118//37 119//37
f 37//38 119//38 120//38
f 38//39 120//39 121//39
f 39//40 121//40 122//40
f 40//41 122//41 123//41
f 41//42 123//42 124//42
f 42//43 124//43 125//43
f 43//44 125//44 126//44
f 44//45 126//45 127//45
f 45//46 127//46 128//46
f 46//47 128//47 129//47
f 47//48 129//48 130//48
f 48//49 130//49 131//49
f 49//50 131//50 132//50
f 50//51 132//51 133//51
f 51//52 133//52 134//52
f 52//53 134//53 135//53
f 53//54 135//54 136//54
f 54//55 136//55 137//55
f 55//56 137//56 138//56
f 56//57 138//57 139//57
f 57//58 139//58 140//58
f 58//59 140//59 141//59
f 59//60 141//60 142//60
f 60//61 142//61 143//61
f 61//62 143//62 144//62
f 62//63 144//63 145//63
f 63//64 145//64 146//64
f 64//65 146//65 147//65
f 65//66 147//66 148//66
f 66//67 148//67 149//67
f 67//68 149//68 150//68
f 68//69 150//69 151//69
f 69//70 151//70 152//70
f 70//71 152//71 153//71
f 71//72 153//72 154//72
f 72//73 154//73 155//73
f 73//74 155//74 156//74
f 74//75 156//75 157//75
f 75//76 157//76 158//76
f 76//77 158//77 159//77
f 77//78 159//78 160//78
f 78//79 160//79 161//79
f 79//80 161//80 162//80
f 80//81 162//81 163//81
f 81//82 163//82 83//82
f 83//82 82//82 81//82
f 163//81 81//81 80//81
f 162//80 80//80 79//80
f 161//79 79//79 78//79
f 160//78 78//78 77//78
f 159//77 77//77 76//77
f 158//76 76//76 75//76
f 157//75 75//75 74//75
f 156//74 74//74 73//74
f 155//73 73//73 72//73
f 154//72 72//72 71//72
f 153//71 71//71 70//71
f 152//70 70//70 69//70
f 151//69 69//69 68//69
f 150//68 68//68 67//68
f 149//67 67//67 66//67
f 148//66 66//66 65//66
f 147//65 65//65 64//65
f 146//64 64//64 63//64
f 145//63 63//63 62//63
f 144//62 62//62 61//62
f 143//61 61//61 60//61
f 142//60 60//60 59//60
f 141//83 59//83 58//83
f 140//58 58//58 57//58
f 139//57 57//57 56//57
f 138//56 56//56 55//56
f 137//55 55//55 54//55
f 136//54 54//54 53//54
f 135//53 53//53 52//53
f 134//52 52//52 51//52
f 133//51 51//51 50//51
f 132//50 50//50 49//50
f 131//49 49//49 48//49
f 130//48 48//48 47//48
f 129//47 47//47 46//47
f 128//46 46//46 45//46
f 127//45 45//45 44//45
f 126//44 44//44 43//44
f 125//43 43//43 42//43
f 124//42 42//42 41//42
f 123//41 41//41 40//41
f 122//40 40//40 39//40
f 121//39 39//39 38//39
f 120//38 38//38 37//38
f 119//37 37//37 36//37
f 118//36 36//36 35//36
f 117//35 35//35 34//35
f 116//34 34//34 33//34
f 115//33 33//33 32//33
f 114//32 32//32 31//32
f 113//31 31//31 30//31
f 112//30 30//30 29//30
f 111//29 29//29 28//29
f 110//28 28//28 27//28
f 109//27 27//27 26//27
f 108//26 26//26 25//26
f 107//84 25//84 24//84
f 106//24 24//24 23//24
f 105//23 23//23 22//23
f 104//22 22//22 21//22
f 103//21 21//21 20//21
f 102//20 20//20 19//20
f 101//19 19//19 18//19
f 100//18 18//18 17//18
f 99//17 17//17 16//17
f 98//16 16//16 15//16
f 97//15 15//15 14//15
f 96//14 14//14 13//14
f 95//13 13//13 12//13
f 94//12 12//12 11//12
f 93//11 11//11 10//11
f 92//10 10//10 9//10
f 91//9 9//9 8//9
f 90//8 8//8 7//8
f 89//7 7//7 6//7
f 88//6 6//6 5//6
f 87//5 5//5 4//5
f 86//4 4//4 3//4
f 85//3 3//3 2//3
f 84//2 2//2 82//2
f 164//85 163//85 162//85
f 162//85 161//85 164//85
f 161//85 160//85 164//85
f 160//85 159//85 164//85
f 159//85 158//85 164//85
f 158//85 157//85 164//85
f 157//85 156//85 164//85
f 156//85 155//85 164//85
f 155//85 154//85 164//85
f 154//85 153//85 164//85
f 153//85 152//85 164//85
f 152//85 151//85 164//85
f 151//85 150//85 164//85
f 150//85 149//85 164//85
f 149//85 148//85 164//85
f 148//85 147//85 164//85
f 147//85 146//85 164//85
f 146//85 145//85 164//85
f 145//85 144//85 164//85
f 144//85 143//85 164//85
f 143//85 142//85 164//85
f 142//85 141//85 164//85
f 141//85 140//85 164//85
f 140//85 139//85 164//85
f 139//85 138//85 164//85
f 138//85 137//85 164//85
f 137//85 136//85 164//85
f 136//85 135//85 164//85
f 135//85 134//85 164//85
f 134//85 133//85 164//85
f 133//85 132//85 164//85
f 132//85 131//85 164//85
f 131//85 130//85 164//85
f 130//85 129//85 164//85
f 129//85 128//85 164//85
f 128//85 127//85 164//85
f 127//85 126//85 164//85
f 126//85 125//85 164//85
f 125//85 124//85 164//85
f 124//85 123//85 164//85
f 123//85 122//85 164//85
f 122//85 121//85 164//85
f 121//85 120//85 164//85
f 120//85 119//85 164//85
f 119//85 118//85 164//85
f 118//85 117//85 164//85
f 117//85 116//85 164//85
f 116//85 115//85 164//85
f 115//85 114//85 164//85
f 114//85 113//85 164//85
f 113//85 112//85 164//85
f 112//85 111//85 164//85
f 111//85 110//85 164//85
f 110//85 109//85 164//85
f 109//85 108//85 164//85
f 108//85 107//85 164//85
f 107//85 106//85 164//85
f 106//85 105//85 164//85
f 105//85 104//85 164//85
f 104//85 103//85 164//85
f 103//85 102//85 164//85
f 102//85 101//85 164//85
f 101//85 100//85 164//85
f 100//85 99//85 164//85
f 99//85 98//85 164//85
f 98//85 97//85 164//85
f 97//85 96//85 164//85
f 96//85 95//85 164//85
f 95//85 94//85 164//85
f 94//85 93//85 164//85
f 93//85 92//85 164//85
f 92//85 91//85 164//85
f 91//85 90//85 164//85
f 90//85 89//85 164//85
f 89//85 88//85 164//85
f 88//85 87//85 164//85
f 87//85 86//85 164//85
f 86//85 85//85 164//85
f 85//85 84//85 164//85
f 84//85 83//85 164//85
f 83//85 163//85 164//85
f 165//86 166//86 167//86
f 168//86 167//86 166//86
f 166//86 169//86 168//86
f 170//86 168//86 169//86
f 169//86 171//86 170//86
f 172//86 170//86 171//86
f 171//86 173//86 172//86
f 167//86 174//86 165//86
f 175//42 176//42 166//42
f 169//42 166//42 176//42
f 176//42 177//42 169//42
f 171//42 169//42 177//42
f 177//42 178//42 171//42
f 173//42 171//42 178//42
f 178//42 179//42 173//42
f 166//42 165//42 175//42
f 180//85 181//85 176//85
f 177//85 176//85 181//85
f 181//85 182//85 177//85
f 178//85 177//85 182//85
f 182//85 183//85 178//85
f 179//85 178//85 183//85
f 183//85 184//85 179//85
f 176//85 175//85 180//85
f 185//87 186//87 181//87
f 182//87 181//87 186//87
f 186//87 187//87 182//87
f 183//87 182//87 187//87
f 187//87 188//87 183//87
f 184//87 183//87 188//87
f 188//87 189//87 184//87
f 181//87 180//87 185//87
f 190//42 191//42 186//42
f 187//42 186//42 191//42
f 191//42 192//42 187//42
f 188//42 187//42 192//42
f 192//42 193//42 188//42
f 189//42 188//42 193//42
f 193//42 194//42 189//42
f 186//42 185//42 190//42
f 195//85 196//85 191//85
f 192//85 191//85 196//85
f 196//85 197//85 192//85
f 193//85 192//85 197//85
f 197//85 198//85 193//85
f 194//85 193//85 198//85
f 198//85 199//85 194//85
f 191//85 190//85 195//85
f 200//88 201//88 196//88
f 197//88 196//88 201//88
f 201//88 202//88 197//88
f 198//88 197//88 202//88
f 202//88 203//88 198//88
f 199//88 198//88 203//88
f 203//88 204//88 199//88
f 196//88 195//88 200//88
f 205//89 206//89 201//89
f 202//89 201//89 206//89
f 206//89 207//89 202//89
f 203//89 202//89 207//89
f 207//89 208//89 203//89
f 204//89 203//89 208//89
f 208//89 209//89 204//89
f 201//89 200//89 205//89
f 210//85 211//85 206//85
f 207//85 206//85 211//85
f 211//85 212//85 207//85
f 208//85 207//85 212//85
f 212//85 213//85 208//85
f 209//85 208//85 213//85
f 213//85 214//85 209//85
f 206//85 205//85 210//85
f 195//90 174//90 215//90
f 190//90 185//90 174//90
f 216//90 210//90 205//90
f 165//90 174//90 180//90
f 174//90 195//90 190//90
f 205//90 215//90 216//90
f 174//90 185//90 180//90
f 205//90 200//90 215//90
f 215//90 200//90 195//90
f 180//90 175//90 165//90
f 217//91 218//91 209//91
f 194//91 218//91 172//91
f 199//91 204//91 218//91
f 218//91 204//91 209//91
f 218//91 194//91 199//91
f 173//91 179//91 184//91
f 172//91 189//91 194//91
f 184//91 172//91 173//91
f 184//91 189//91 172//91
f 209//91 214//91 217//91
f 216//88 219//88 211//88
f 212//88 211//88 219//88
f 219//88 220//88 212//88
f 213//88 212//88 220//88
f 220//88 221//88 213//88
f 214//88 213//88 221//88
f 221//88 217//88 214//88
f 211//88 210//88 216//88
f 215//92 222//92 219//92
f 220//92 219//92 222//92
f 222//92 223//92 220//92
f 221//92 220//92 223//92
f 223//92 224//92 221//92
f 217//92 221//92 224//92
f 224//92 218//92 217//92
f 219//92 216//92 215//92
f 174//1 167//1 222//1
f 223//1 222//1 167//1
f 167//1 168//1 223//1
f 224//1 223//1 168//1
f 168//1 170//1 224//1
f 218//1 224//1 170//1
f 170//1 172//1 218//1
f 222//1 215//1 174//1
f 225//1 226//1 227//1
f 227//1 228//1 225//1
f 228//1 229//1 225//1
f 229//1 230//1 225//1
f 230//1 231//1 225//1
f 231//1 232//1 225//1
f 232//1 233//1 225//1
f 233//1 234//1 225//1
f 234//1 235//1 225//1
f 235//1 236//1 225//1
f 236//1 237//1 225//1
f 237//1 238//1 225//1
f 238//1 239//1 225//1
f 239//1 240//1 225//1
f 240//1 241//1 225//1
f 241//1 242//1 225//1
f 242//1 243//1 225//1
f 243//1 244//1 225//1
f 244//1 245//1 225//1
f 245//1 246//1 225//1
f 246//1 247//1 225//1
f 247//1 248//1 225//1
f 248//1 249//1 225//1
f 249//1 250//1 225//1
f 250//1 251//1 225//1
f 251//1 252//1 225//1
f 252//1 253//1 225//1
f 253//1 254//1 225//1
f 254//1 255//1 225//1
f 255//1 256//1 225//1
f 256//1 257//1 225//1
f 257//1 258//1 225//1
f 258//1 259//1 225//1
f 259//1 260//1 225//1
f 260//1 261//1 225//1
f 261//1 262//1 225//1
f 262//1 263//1 225//1
f 263//1 264//1 225//1
f 264//1 265//1 225//1
f 265//1 266//1 225//1
f 266//1 267//1 225//1
f 267//1 268//1 225//1
f 268//1 269//1 225//1
f 269//1 270//1 225//1
f 270//1 271//1 225//1
f 271//1 272//1 225//1
f 272//1 273//1 225//1
f 273//1 274//1 225//1
f 274//1 275//1 225//1
f 275//1 276//1 225//1
f 276//1 277//1 225//1
f 277//1 278//1 225//1
f 278//1 279//1 225//1
f 279//1 280//1 225//1
f 280//1 281//1 225//1
f 281//1 282//1 225//1
f 282//1 283//1 225//1
f 283//1 284//1 225//1
f 284//1 285//1 225//1
f 285//1 286//1 225//1
f 286//1 287//1 225//1
f 287//1 288//1 225//1
f 288//1 289//1 225//1
f 289//1 290//1 225//1
f 290//1 291//1 225//1
f 291//1 292//1 225//1
f 292//1 293//1 225//1
f 293//1 294//1 225//1
f 294//1 295//1 225//1
f 295//1 296//1 225//1
f 296//1 297//1 225//1
f 297//1 298//1 225//1
f 298//1 299//1 225//1
f 299//1 300//1 225//1
f 300//1 301//1 225//1
f 301//1 302//1 225//1
f 302//1 303//1 225//1
f 303//1 304//1 225//1
f 304//1 305//1 225//1
f 305//1 306//1 225//1
f 306//1 226//1 225//1
f 306//93 307//93 308//93
f 226//94 308//94 309//94
f 227//95 309//95 310//95
f 228//96 310//96 311//96
f 229//97 311//97 312//97
f 230//98 312//98 313//98
f 231//99 313//99 314//99
f 232//100 314//100 315//100
f 233//101 315//101 316//101
f 234//102 316//102 317//102
f 235//103 317//103 318//103
f 236//104 318//104 319//104
f 237//105 319//105 320//105
f 238//106 320//106 321//106
f 239//107 321//107 322//107
f 240//108 322//108 323//108
f 241//109 323//109 324//109
f 242//110 324//110 325//110
f 243//111 325//111 326//111
f 244//112 326//112 327//112
f 245//113 327//113 328//113
f 246//114 328//114 329//114
f 247//115 329//115 330//115
f 248//116 330//116 331//116
f 249//117 331//117 332//117
f 250//118 332//118 333//118
f 251//119 333//119 334//119
f 252//120 334//120 335//120
f 253//121 335//121 336//121
f 254//122 336//122 337//122
f 255//123 337//123 338//123
f 256//124 338//124 339//124
f 257//125 339//125 340//125
f 258//126 340//126 341//126
f 259//127 341//127 342//127
f 260//128 342//128 343//128
f 261//129 343//129 344//129
f 262//130 344//130 345//130
f 263//131 345//131 346//131
f 264//132 346//132 347//132
f 265//88 347//88 348//88
f 266//133 348//133 349//133
f 267//134 349//134 350//134
f 268//135 350//135 351//135
f 269//136 351//136 352//136
f 270//137 352//137 353//137
f 271//138 353//138 354//138
f 272//139 354//139 355//139
f 273//140 355//140 356//140
f 274//141 356//141 357//141
f 275//142 357//142 358//142
f 276//143 358//143 359//143
f 277//144 359//144 360//144
f 278//145 360//145 361//145
f 279//146 361//146 362//146
f 280//147 362//147 363//147
f 281//148 363//148 364//148
f 282//149 364//149 365//149
f 283//150 365//150 366//150
f 284//151 366//151 367//151
f 285//152 367//152 368//152
f 286//153 368//153 369//153
f 287//154 369//154 370//154
f 288//155 370//155 371//155
f 289//156 371//156 372//156
f 290//157 372//157 373//157
f 291//158 373//158 374//158
f 292//159 374//159 375//159
f 293//160 375//160 376//160
f 294//161 376//161 377//161
f 295//162 377//162 378//162
f 296//163 378//163 379//163
f 297//164 379//164 380//164
f 298//165 380//165 381//165
f 299//166 381//166 382//166
f 300//167 382//167 383//167
f 301//168 383//168 384//168
f 302//169 384//169 385//169
f 303//170 385//170 386//170
f 304//171 386//171 387//171
f 305//172 387//172 307//172
f 307//172 306//172 305//172
f 387//171 305//171 304//171
f 386//170 304//170 303//170
f 385//169 303//169 302//169
f 384//168 302//168 301//168
f 383//167 301//167 300//167
f 382//166 300//166 299//166
f 381//165 299//165 298//165
f 380//164 298//164 297//164
f 379//163 297//163 296//163
f 378//162 296//162 295//162
f 377//161 295//161 294//161
f 376//160 294//160 293//160
f 375//159 293//159 292//159
f 374//158 292//158 291//158
f 373//157 291//157 290//157
f 372//156 290//156 289//156
f 371//155 289//155 288//155
f 370//154 288//154 287//154
f 369//153 287//153 286//153
f 368//152 286//152 285//152
f 367//151 285//151 284//151
f 366//150 284//150 283//150
f 365//173 283//173 282//173
f 364//148 282//148 281//148
f 363//147 281//147 280//147
f 362//146 280//146 279//146
f 361//145 279//145 278//145
f 360//144 278//144 277//144
f 359//143 277//143 276//143
f 358//142 276//142 275//142
f 357//141 275//141 274//141
f 356//140 274//140 273//140
f 355//139 273//139 272//139
f 354//138 272//138 271//138
f 353//137 271//137 270//137
f 352//136 270//136 269//136
f 351//135 269//135 268//135
f 350//134 268//134 267//134
f 349//133 267//133 266//133
f 348//88 266//88 265//88
f 347//132 265//132 264//132
f 346//131 264//131 263//131
f 345//130 263//130 262//130
f 344//129 262//129 261//129
f 343//128 261//128 260//128
f 342//127 260//127 259//127
f 341//126 259//126 258//126
f 340//125 258//125 257//125
f 339//124 257//124 256//124
f 338//123 256//123 255//123
f 337//122 255//122 254//122
f 336//121 254//121 253//121
f 335//120 253//120 252//120
f 334//119 252//119 251//119
f 333//118 251//118 250//118
f 332//117 250//117 249//117
f 331//174 249//174 248//174
f 330//115 248//115 247//115
f 329//114 247//114 246//114
f 328//113 246//113 245//113
f 327//112 245//112 244//112
f 326//111 244//111 243//111
f 325//110 243//110 242//110
f 324//109 242//109 241//109
f 323//108 241//108 240//108
f 322//107 240//107 239//107
f 321//106 239//106 238//106
f 320//105 238//105 237//105
f 319//104 237//104 236//104
f 318//103 236//103 235//103
f 317//102 235//102 234//102
f 316//101 234//101 233//101
f 315//100 233//100 232//100
f 314//99 232//99 231//99
f 313//98 231//98 230//98
f 312//97 230//97 229//97
f 311//96 229//96 228//96
f 310//95 228//95 227//95
f 309//94 227//94 226//94
f 308//93 226//93 306//93
f 388//85 387//85 386//85
f 386//85 385//85 388//85
f 385//85 384//85 388//85
f 384//85 383//85 388//85
f 383//85 382//85 388//85
f 382//85 381//85 388//85
f 381//85 380//85 388//85
f 380//85 379//85 388//85
f 379//85 378//85 388//85
f 378//85 377//85 388//85
f 377//85 376//85 388//85
f 376//85 375//85 388//85
f 375//85 374//85 388//85
f 374//85 373//85 388//85
f 373//85 372//85 388//85
f 372//85 371//85 388//85
f 371//85 370//85 388//85
f 370//85 369//85 388//85
f 369//85 368//85 388//85
f 368//85 367//85 388//85
f 367//85 366//85 388//85
f 366//85 365//85 388//85
f 365//85 364//85 388//85
f 364//85 363//85 388//85
f 363//85 362//85 388//85
f 362//85 361//85 388//85
f 361//85 360//85 388//85
f 360//85 359//85 388//85
f 359//85 358//85 388//85
f 358//85 357//85 388//85
f 357//85 356//85 388//85
f 356//85 355//85 388//85
f 355//85 354//85 388//85
f 354//85 353//85 388//85
f 353//85 352//85 388//85
f 352//85 351//85 388//85
f 351//85 350//85 388//85
f 350//85 349//85 388//85
f 349//85 348//85 388//85
f 348//85 347//85 388//85
f 347//85 346//85 388//85
f 346//85 345//85 388//85
f 345//85 344//85 388//85
f 344//85 343//85 388//85
f 343//85 342//85 388//85
f 342//85 341//85 388//85
f 341//85 340//85 388//85
f 340//85 339//85 388//85
f 339//85 338//85 388//85
f 338//85 337//85 388//85
f 337//85 336//85 388//85
f 336//85 335//85 388//85
f 335//85 334//85 388//85
f 334//85 333//85 388//85
f 333//85 332//85 388//85
f 332//85 331//85 388//85
f 331//85 330//85 388//85
f 330//85 329//85 388//85
f 329//85 328//85 388//85
f 328//85 327//85 388//85
f 327//85 326//85 388//85
f 326//85 325//85 388//85
f 325//85 324//85 388//85
f 324//85 323//85 388//85
f 323//85 322//85 388//85
f 322//85 321//85 388//85
f 321//85 320//85 388//85
f 320//85 319//85 388//85
f 319//85 318//85 388//85
f 318//85 317//85 388//85
f 317//85 316//85 388//85
f 316//85 315//85 388//85
f 315//85 314//85 388//85
f 314//85 313//85 388//85
f 313//85 312//85 388//85
f 312//85 311//85 388//85
f 311//85 310//85 388//85
f 310//85 309//85 388//85
f 309//85 308//85 388//85
f 308//85 307//85 388//85
f 307//85 387//85 388//85
f 389//175 390//175 391//175
f 391//175 392//175 389//175
f 390//176 389//176 393//176
f 394//177 393//177 395//177
f 396//178 395//178 397//178
f 398//179 397//179 399//179
f 400//180 399//180 401//180
f 402//181 401//181 403//181
f 404//182 403//182 405//182
f 406//183 405//183 407//183
f 408//184 407//184 409//184
f 410//185 409//185 411//185
f 412//186 411//186 413//186
f 414//187 413//187 415//187
f 416//188 415//188 417//188
f 418//189 417//189 419//189
f 420//190 419//190 421//190
f 422//191 421//191 423//191
f 424//192 423//192 425//192
f 426//193 425//193 427//193
f 428//194 427//194 429//194
f 430//195 429//195 431//195
f 432//196 431//196 433//196
f 434//197 433//197 435//197
f 436//198 435//198 437//198
f 437//198 438//198 436//198
f 435//197 436//197 434//197
f 433//196 434//196 432//196
f 431//195 432//195 430//195
f 429//194 430//194 428//194
f 427//193 428//193 426//193
f 425//192 426//192 424//192
f 423//191 424//191 422//191
f 421//190 422//190 420//190
f 419//189 420//189 418//189
f 417//188 418//188 416//188
f 415//187 416//187 414//187
f 413//186 414//186 412//186
f 411//185 412//185 410//185
f 409//184 410//184 408//184
f 407//183 408//183 406//183
f 405//182 406//182 404//182
f 403//181 404//181 402//181
f 401//180 402//180 400//180
f 399//179 400//179 398//179
f 397//178 398//178 396//178
f 395//177 396//177 394//177
f 393//176 394//176 390//176
f 429//42 427//42 439//42
f 427//42 425//42 440//42
f 425//42 423//42 441//42
f 423//42 421//42 442//42
f 435//42 433//42 443//42
f 433//42 431//42 444//42
f 440//42 439//42 427//42
f 442//42 441//42 423//42
f 437//42 435//42 445//42
f 444//42 443//42 433//42
f 431//42 429//42 446//42
f 441//42 440//42 425//42
f 413//42 447//42 448//42
f 411//42 449//42 447//42
f 409//42 450//42 449//42
f 407//42 451//42 450//42
f 405//42 452//42 451//42
f 403//42 453//42 452//42
f 443//42 445//42 435//42
f 439//42 446//42 429//42
f 421//42 419//42 454//42
f 419//42 417//42 455//42
f 415//42 448//42 455//42
f 447//42 413//42 411//42
f 450//42 409//42 407//42
f 452//42 405//42 403//42
f 397//42 456//42 457//42
f 395//42 458//42 456//42
f 446//42 444//42 431//42
f 455//42 454//42 419//42
f 448//42 415//42 413//42
f 451//42 407//42 405//42
f 399//42 457//42 459//42
f 456//42 397//42 395//42
f 454//42 442//42 421//42
f 449//42 411//42 409//42
f 401//42 459//42 453//42
f 457//42 399//42 397//42
f 455//42 417//42 415//42
f 459//42 401//42 399//42
f 393//42 392//42 458//42
f 453//42 403//42 401//42
f 458//42 395//42 393//42
f 393//42 389//42 392//42
f 445//42 460//42 437//42
f 424//88 461//88 462//88
f 426//88 463//88 461//88
f 428//88 464//88 463//88
f 430//88 465//88 464//88
f 461//88 424//88 426//88
f 464//88 428//88 430//88
f 463//88 426//88 428//88
f 432//88 466//88 465//88
f 434//88 467//88 466//88
f 436//88 468//88 467//88
f 404//88 406//88 469//88
f 406//88 408//88 470//88
f 408//88 410//88 471//88
f 410//88 412//88 472//88
f 412//88 414//88 473//88
f 414//88 416//88 474//88
f 465//88 430//88 432//88
f 467//88 434//88 436//88
f 396//88 398//88 475//88
f 398//88 400//88 476//88
f 470//88 469//88 406//88
f 472//88 471//88 410//88
f 474//88 473//88 414//88
f 416//88 418//88 477//88
f 420//88 478//88 477//88
f 422//88 462//88 478//88
f 466//88 432//88 434//88
f 438//88 479//88 468//88
f 476//88 475//88 398//88
f 400//88 402//88 480//88
f 471//88 470//88 408//88
f 477//88 474//88 416//88
f 478//88 420//88 422//88
f 468//88 436//88 438//88
f 480//88 476//88 400//88
f 402//88 404//88 481//88
f 473//88 472//88 412//88
f 462//88 422//88 424//88
f 394//88 396//88 482//88
f 481//88 480//88 402//88
f 477//88 418//88 420//88
f 391//88 390//88 394//88
f 469//88 481//88 404//88
f 475//88 482//88 396//88
f 482//88 391//88 394//88
f 482//199 475//199 456//199
f 391//200 482//200 458//200
f 483//201 484//201 459//201
f 484//202 485//202 453//202
f 485//203 486//203 452//203
f 486//204 487//204 451//204
f 487//205 488//205 450//205
f 488//206 489//206 449//206
f 489//207 490//207 447//207
f 490//208 491//208 448//208
f 491//209 492//209 455//209
f 492//210 493//210 454//210
f 493//211 494//211 442//211
f 494//212 495//212 441//212
f 495//213 496//213 440//213
f 496//214 497//214 439//214
f 497//215 498//215 446//215
f 498//216 499//216 444//216
f 499//217 500//217 443//217
f 500//218 501//218 445//218
f 501//219 502//219 460//219
f 468//219 479//219 503//219
f 467//218 468//218 504//218
f 466//217 467//217 505//217
f 465//216 466//216 506//216
f 464//215 465//215 507//215
f 463//214 464//214 508//214
f 461//213 463//213 509//213
f 462//212 461//212 510//212
f 478//211 462//211 511//211
f 477//210 478//210 512//210
f 474//209 477//209 513//209
f 473//208 474//208 514//208
f 472//207 473//207 515//207
f 471//206 472//206 516//206
f 470//205 471//205 517//205
f 469//204 470//204 518//204
f 481//203 469//203 519//203
f 480//202 481//202 520//202
f 476//201 480//201 521//201
f 457//220 456//220 522//220
f 456//221 475//221 523//221
f 523//222 522//222 456//222
f 476//223 524//223 523//223
f 523//224 475//224 476//224
f 522//223 483//223 457//223
f 521//201 524//201 476//201
f 520//202 521//202 480//202
f 519//203 520//203 481//203
f 518//204 519//204 469//204
f 517//205 518//205 470//205
f 516//206 517//206 471//206
f 515//207 516//207 472//207
f 514//208 515//208 473//208
f 513//209 514//209 474//209
f 512//210 513//210 477//210
f 511//211 512//211 478//211
f 510//212 511//212 462//212
f 509//213 510//213 461//213
f 508//214 509//214 463//214
f 507//215 508//215 464//215
f 506//216 507//216 465//216
f 505//217 506//217 466//217
f 504//218 505//218 467//218
f 503//219 504//219 468//219
f 460//219 445//219 501//219
f 445//218 443//218 500//218
f 443//217 444//217 499//217
f 444//216 446//216 498//216
f 446//215 439//215 497//215
f 439//214 440//214 496//214
f 440//213 441//213 495//213
f 441//212 442//212 494//212
f 442//211 454//211 493//211
f 454//210 455//210 492//210
f 455//209 448//209 491//209
f 448//208 447//208 490//208
f 447//207 449//207 489//207
f 449//206 450//206 488//206
f 450//205 451//205 487//205
f 451//204 452//204 486//204
f 452//203 453//203 485//203
f 453//202 459//202 484//202
f 459//201 457//201 483//201
f 458//200 392//200 391//200
f 456//199 458//199 482//199
f 525//225 526//225 527//225
f 528//226 525//226 529//226
f 530//227 528//227 531//227
f 532//228 530//228 533//228
f 534//229 532//229 535//229
f 536//230 534//230 537//230
f 538//231 536//231 539//231
f 540//232 538//232 541//232
f 542//233 540//233 543//233
f 544//234 542//234 545//234
f 546//235 544//235 547//235
f 548//236 546//236 549//236
f 550//237 548//237 551//237
f 552//238 550//238 553//238
f 554//239 552//239 555//239
f 556//240 554//240 557//240
f 558//241 556//241 559//241
f 560//242 558//242 561//242
f 562//243 560//243 563//243
f 564//244 562//244 565//244
f 566//245 564//245 567//245
f 568//246 566//246 569//246
f 570//247 568//247 571//247
f 572//248 570//248 573//248
f 574//249 572//249 575//249
f 523//250 574//250 576//250
f 576//250 522//250 523//250
f 575//249 576//249 574//249
f 573//248 575//248 572//248
f 571//247 573//247 570//247
f 569//246 571//246 568//246
f 567//245 569//245 566//245
f 565//244 567//244 564//244
f 563//243 565//243 562//243
f 561//242 563//242 560//242
f 559//241 561//241 558//241
f 557//240 559//240 556//240
f 555//239 557//239 554//239
f 553//238 555//238 552//238
f 551//237 553//237 550//237
f 549//236 551//236 548//236
f 547//235 549//235 546//235
f 545//234 547//234 544//234
f 543//233 545//233 542//233
f 541//232 543//232 540//232
f 539//231 541//231 538//231
f 537//230 539//230 536//230
f 535//229 537//229 534//229
f 533//228 535//228 532//228
f 531//227 533//227 530//227
f 529//226 531//226 528//226
f 527//225 529//225 525//225
f 577//251 578//251 579//251
f 580//252 577//252 581//252
f 582//253 580//253 583//253
f 584//254 582//254 585//254
f 586//255 584//255 587//255
f 588//256 586//256 589//256
f 590//257 588//257 591//257
f 592//258 590//258 593//258
f 594//259 592//259 595//259
f 596//260 594//260 597//260
f 526//261 596//261 598//261
f 598//261 527//261 526//261
f 597//260 598//260 596//260
f 595//259 597//259 594//259
f 593//258 595//258 592//258
f 591//257 593//257 590//257
f 589//256 591//256 588//256
f 587//255 589//255 586//255
f 585//254 587//254 584//254
f 583//253 585//253 582//253
f 581//252 583//252 580//252
f 579//251 581//251 577//251
f 500//42 599//42 600//42
f 600//42 501//42 500//42
f 600//42 601//42 501//42
f 583//42 602//42 603//42
f 587//42 585//42 604//42
f 601//42 605//42 501//42
f 603//42 585//42 583//42
f 604//42 606//42 587//42
f 500//42 607//42 599//42
f 583//42 581//42 608//42
f 606//42 609//42 587//42
f 500//42 610//42 607//42
f 603//42 604//42 585//42
f 589//42 587//42 609//42
f 605//42 611//42 501//42
f 609//42 612//42 589//42
f 502//42 501//42 613//42
f 500//42 614//42 610//42
f 615//42 591//42 589//42
f 581//42 616//42 608//42
f 611//42 613//42 501//42
f 608//42 602//42 583//42
f 579//42 617//42 616//42
f 500//42 618//42 614//42
f 499//42 619//42 618//42
f 616//42 581//42 579//42
f 618//42 500//42 499//42
f 589//42 612//42 615//42
f 613//42 620//42 502//42
f 579//42 621//42 617//42
f 579//42 622//42 623//42
f 499//42 624//42 619//42
f 625//42 593//42 591//42
f 623//42 621//42 579//42
f 620//42 626//42 502//42
f 499//42 627//42 628//42
f 629//42 595//42 593//42
f 615//42 630//42 591//42
f 626//42 631//42 502//42
f 499//42 632//42 627//42
f 633//42 527//42 598//42
f 634//42 598//42 597//42
f 635//42 597//42 595//42
f 591//42 630//42 625//42
f 628//42 624//42 499//42
f 636//42 632//42 499//42
f 597//42 635//42 634//42
f 593//42 625//42 629//42
f 499//42 498//42 636//42
f 484//42 573//42 571//42
f 527//42 633//42 637//42
f 595//42 629//42 635//42
f 498//42 638//42 636//42
f 639//42 545//42 543//42
f 489//42 551//42 549//42
f 486//42 567//42 565//42
f 486//42 485//42 569//42
f 571//42 485//42 484//42
f 598//42 634//42 633//42
f 498//42 640//42 638//42
f 641//42 640//42 498//42
f 639//42 493//42 492//42
f 639//42 547//42 545//42
f 549//42 639//42 489//42
f 489//42 557//42 555//42
f 488//42 561//42 559//42
f 488//42 487//42 563//42
f 565//42 487//42 486//42
f 571//42 569//42 485//42
f 575//42 484//42 483//42
f 642//42 531//42 529//42
f 637//42 529//42 527//42
f 498//42 497//42 641//42
f 643//42 641//42 497//42
f 644//42 643//42 496//42
f 492//42 491//42 639//42
f 639//42 644//42 494//42
f 549//42 547//42 639//42
f 489//42 559//42 557//42
f 563//42 561//42 488//42
f 569//42 567//42 486//42
f 483//42 576//42 575//42
f 645//42 533//42 531//42
f 637//42 646//42 529//42
f 497//42 496//42 643//42
f 496//42 495//42 644//42
f 494//42 493//42 639//42
f 489//42 553//42 551//42
f 559//42 489//42 488//42
f 575//42 573//42 484//42
f 647//42 539//42 537//42
f 648//42 535//42 533//42
f 529//42 646//42 642//42
f 495//42 494//42 644//42
f 491//42 490//42 639//42
f 555//42 553//42 489//42
f 483//42 522//42 576//42
f 647//42 541//42 539//42
f 649//42 537//42 535//42
f 531//42 642//42 645//42
f 490//42 489//42 639//42
f 565//42 563//42 487//42
f 647//42 543//42 541//42
f 533//42 645//42 648//42
f 543//42 647//42 639//42
f 535//42 648//42 649//42
f 537//42 649//42 647//42
f 631//42 650//42 502//42
f 505//88 504//88 651//88
f 504//88 652//88 651//88
f 584//88 653//88 654//88
f 580//88 582//88 655//88
f 504//88 656//88 652//88
f 584//88 657//88 653//88
f 582//88 654//88 655//88
f 504//88 658//88 656//88
f 655//88 659//88 580//88
f 580//88 659//88 660//88
f 651//88 661//88 505//88
f 586//88 662//88 657//88
f 660//88 577//88 580//88
f 661//88 663//88 505//88
f 654//88 582//88 584//88
f 504//88 664//88 658//88
f 657//88 584//88 586//88
f 665//88 662//88 586//88
f 663//88 666//88 505//88
f 503//88 667//88 664//88
f 578//88 577//88 668//88
f 586//88 588//88 665//88
f 664//88 504//88 503//88
f 660//88 668//88 577//88
f 506//88 505//88 669//88
f 666//88 670//88 505//88
f 588//88 671//88 665//88
f 670//88 669//88 505//88
f 578//88 672//88 673//88
f 668//88 674//88 578//88
f 503//88 675//88 667//88
f 674//88 672//88 578//88
f 676//88 671//88 588//88
f 669//88 677//88 506//88
f 588//88 590//88 676//88
f 678//88 676//88 590//88
f 506//88 679//88 680//88
f 503//88 681//88 675//88
f 590//88 592//88 678//88
f 682//88 678//88 592//88
f 683//88 682//88 594//88
f 684//88 683//88 596//88
f 680//88 685//88 506//88
f 503//88 686//88 681//88
f 592//88 594//88 682//88
f 596//88 526//88 684//88
f 687//88 507//88 506//88
f 677//88 679//88 506//88
f 594//88 596//88 683//88
f 526//88 525//88 688//88
f 521//88 520//88 568//88
f 517//88 558//88 560//88
f 517//88 516//88 556//88
f 685//88 689//88 506//88
f 688//88 684//88 526//88
f 520//88 566//88 568//88
f 519//88 564//88 566//88
f 519//88 518//88 562//88
f 556//88 558//88 517//88
f 516//88 690//88 546//88
f 506//88 689//88 687//88
f 525//88 691//88 688//88
f 692//88 691//88 525//88
f 572//88 574//88 524//88
f 566//88 520//88 519//88
f 518//88 560//88 562//88
f 516//88 554//88 556//88
f 516//88 550//88 552//88
f 690//88 544//88 546//88
f 690//88 514//88 513//88
f 693//88 508//88 507//88
f 687//88 694//88 507//88
f 525//88 528//88 692//88
f 695//88 692//88 528//88
f 521//88 570//88 572//88
f 562//88 564//88 519//88
f 552//88 554//88 516//88
f 690//88 542//88 544//88
f 690//88 696//88 540//88
f 690//88 512//88 511//88
f 690//88 515//88 514//88
f 697//88 510//88 509//88
f 698//88 509//88 508//88
f 694//88 699//88 507//88
f 528//88 530//88 695//88
f 700//88 695//88 530//88
f 696//88 701//88 534//88
f 568//88 570//88 521//88
f 516//88 548//88 550//88
f 540//88 542//88 690//88
f 513//88 512//88 690//88
f 697//88 511//88 510//88
f 507//88 699//88 693//88
f 530//88 532//88 700//88
f 701//88 700//88 532//88
f 534//88 536//88 696//88
f 524//88 521//88 572//88
f 546//88 548//88 516//88
f 690//88 516//88 515//88
f 508//88 693//88 698//88
f 532//88 534//88 701//88
f 536//88 538//88 696//88
f 560//88 518//88 517//88
f 509//88 698//88 697//88
f 538//88 540//88 696//88
f 511//88 697//88 690//88
f 574//88 523//88 524//88
f 673//88 702//88 578//88
f 686//85 650//85 703//85
f 703//85 704//85 686//85
f 503//85 502//85 650//85
f 437//85 460//85 502//85
f 438//85 437//85 503//85
f 502//85 503//85 437//85
f 686//85 503//85 650//85
f 503//85 479//85 438//85
f 702//85 705//85 706//85
f 579//85 578//85 702//85
f 702//85 622//85 579//85
f 706//85 622//85 702//85
f 707//262 708//262 709//262
f 710//263 711//263 708//263
f 712//264 713//264 711//264
f 714//265 715//265 716//265
f 713//266 712//266 717//266
f 717//266 716//266 713//266
f 718//267 719//267 720//267
f 715//268 714//268 721//268
f 721//268 720//268 715//268
f 722//269 723//269 724//269
f 719//270 718//270 725//270
f 725//270 724//270 719//270
f 726//271 727//271 728//271
f 723//272 722//272 729//272
f 729//272 728//272 723//272
f 730//273 731//273 732//273
f 727//274 726//274 733//274
f 733//274 732//274 727//274
f 734//275 735//275 736//275
f 731//276 730//276 737//276
f 737//276 736//276 731//276
f 738//277 739//277 735//277
f 740//278 741//278 739//278
f 742//279 743//279 741//279
f 744//280 745//280 746//280
f 742//281 746//281 745//281
f 745//281 743//281 742//281
f 747//282 748//282 749//282
f 750//283 749//283 748//283
f 748//283 744//283 750//283
f 751//284 752//284 747//284
f 753//285 754//285 755//285
f 752//286 751//286 756//286
f 756//286 755//286 752//286
f 757//287 758//287 759//287
f 754//288 753//288 760//288
f 760//288 759//288 754//288
f 761//289 762//289 763//289
f 758//290 757//290 764//290
f 764//290 763//290 758//290
f 765//291 766//291 767//291
f 762//292 761//292 767//292
f 767//292 766//292 762//292
f 768//293 769//293 770//293
f 771//294 770//294 769//294
f 769//294 765//294 771//294
f 772//295 773//295 774//295
f 775//296 774//296 773//296
f 773//296 768//296 775//296
f 776//297 777//297 778//297
f 772//298 779//298 778//298
f 778//298 777//298 772//298
f 780//299 781//299 782//299
f 783//300 782//300 781//300
f 781//300 776//300 783//300
f 784//301 785//301 786//301
f 787//302 786//302 785//302
f 785//302 780//302 787//302
f 788//303 789//303 790//303
f 790//304 791//304 788//304
f 788//305 784//305 789//305
f 792//306 793//306 794//306
f 795//307 794//307 793//307
f 793//307 791//307 795//307
f 796//308 797//308 798//308
f 798//309 799//309 796//309
f 798//310 792//310 799//310
f 800//311 801//311 802//311
f 797//312 803//312 804//312
f 804//312 802//312 797//312
f 805//313 806//313 807//313
f 801//314 800//314 808//314
f 808//314 807//314 801//314
f 809//315 810//315 811//315
f 806//316 805//316 812//316
f 812//316 811//316 806//316
f 813//317 814//317 810//317
f 815//318 816//318 814//318
f 817//319 818//319 816//319
f 819//320 820//320 818//320
f 821//321 822//321 820//321
f 823//322 824//322 822//322
f 825//323 826//323 824//323
f 827//324 828//324 826//324
f 829//325 830//325 828//325
f 831//326 832//326 833//326
f 830//327 829//327 834//327
f 834//327 833//327 830//327
f 835//328 836//328 832//328
f 837//329 838//329 836//329
f 709//330 704//330 703//330
f 838//331 837//331 706//331
f 706//331 705//331 838//331
f 703//330 839//330 709//330
f 836//329 835//329 837//329
f 832//328 831//328 835//328
f 833//326 834//326 831//326
f 828//325 827//325 829//325
f 826//324 825//324 827//324
f 824//323 823//323 825//323
f 822//322 821//322 823//322
f 820//321 819//321 821//321
f 818//320 817//320 819//320
f 816//319 815//319 817//319
f 814//318 813//318 815//318
f 810//317 809//317 813//317
f 811//315 812//315 809//315
f 807//313 808//313 805//313
f 802//311 804//311 800//311
f 796//332 803//332 797//332
f 794//306 799//306 792//306
f 790//333 795//333 791//333
f 786//301 789//301 784//301
f 782//299 787//299 780//299
f 778//297 783//297 776//297
f 774//295 779//295 772//295
f 770//293 775//293 768//293
f 767//291 771//291 765//291
f 763//289 764//289 761//289
f 759//287 760//287 757//287
f 755//285 756//285 753//285
f 747//284 840//284 751//284
f 749//282 840//282 747//282
f 746//280 750//280 744//280
f 741//279 740//279 742//279
f 739//278 738//278 740//278
f 735//277 734//277 738//277
f 736//275 737//275 734//275
f 732//273 733//273 730//273
f 728//271 729//271 726//271
f 724//269 725//269 722//269
f 720//267 721//267 718//267
f 716//265 717//265 714//265
f 711//264 710//264 712//264
f 708//263 707//263 710//263
f 709//262 839//262 707//262
f 707//334 839//334 631//334
f 707//335 626//335 620//335
f 710//336 620//336 613//336
f 611//337 717//337 712//337
f 605//338 721//338 714//338
f 714//339 611//339 605//339
f 601//340 725//340 718//340
f 718//341 605//341 601//341
f 600//342 729//342 722//342
f 722//343 601//343 600//343
f 599//344 733//344 726//344
f 726//345 600//345 599//345
f 607//346 737//346 730//346
f 730//347 599//347 607//347
f 610//348 738//348 734//348
f 734//349 607//349 610//349
f 614//350 740//350 738//350
f 740//351 614//351 618//351
f 619//352 746//352 742//352
f 624//353 749//353 750//353
f 750//354 619//354 624//354
f 624//355 628//355 840//355
f 751//356 840//356 628//356
f 632//357 756//357 751//357
f 636//358 760//358 753//358
f 753//359 632//359 636//359
f 636//360 638//360 757//360
f 638//361 764//361 757//361
f 640//362 761//362 764//362
f 641//363 767//363 761//363
f 643//364 770//364 771//364
f 771//365 641//365 643//365
f 643//366 644//366 775//366
f 644//367 639//367 774//367
f 647//368 778//368 779//368
f 779//369 639//369 647//369
f 647//370 649//370 783//370
f 649//371 648//371 782//371
f 645//372 786//372 787//372
f 787//373 648//373 645//373
f 645//374 642//374 789//374
f 790//375 789//375 642//375
f 637//376 794//376 795//376
f 795//377 646//377 637//377
f 637//378 633//378 799//378
f 796//379 799//379 633//379
f 635//380 804//380 803//380
f 803//381 634//381 635//381
f 629//382 808//382 800//382
f 800//383 635//383 629//383
f 629//384 625//384 805//384
f 625//385 812//385 805//385
f 625//386 630//386 809//386
f 813//387 809//387 630//387
f 815//388 813//388 615//388
f 815//389 612//389 609//389
f 817//390 609//390 606//390
f 604//391 821//391 819//391
f 604//392 603//392 823//392
f 603//393 602//393 825//393
f 602//394 608//394 827//394
f 608//395 616//395 829//395
f 616//396 834//396 829//396
f 616//397 617//397 831//397
f 835//398 831//398 617//398
f 837//399 835//399 621//399
f 839//400 703//400 650//400
f 837//401 623//401 622//401
f 622//402 706//402 837//402
f 650//403 631//403 839//403
f 621//404 623//404 837//404
f 617//405 621//405 835//405
f 831//406 834//406 616//406
f 829//407 827//407 608//407
f 827//408 825//408 602//408
f 825//409 823//409 603//409
f 823//410 821//410 604//410
f 819//411 606//411 604//411
f 606//412 819//412 817//412
f 609//413 817//413 815//413
f 615//414 612//414 815//414
f 630//415 615//415 813//415
f 809//416 812//416 625//416
f 805//417 808//417 629//417
f 800//418 804//418 635//418
f 803//419 796//419 634//419
f 633//420 634//420 796//420
f 799//421 794//421 637//421
f 795//422 790//422 646//422
f 642//423 646//423 790//423
f 789//424 786//424 645//424
f 787//425 782//425 648//425
f 782//426 783//426 649//426
f 783//427 778//427 647//427
f 779//428 774//428 639//428
f 774//429 775//429 644//429
f 775//430 770//430 643//430
f 771//431 767//431 641//431
f 761//432 640//432 641//432
f 764//433 638//433 640//433
f 757//434 760//434 636//434
f 753//435 756//435 632//435
f 751//436 627//436 632//436
f 628//437 627//437 751//437
f 840//438 749//438 624//438
f 750//439 746//439 619//439
f 742//440 618//440 619//440
f 618//441 742//441 740//441
f 738//442 610//442 614//442
f 734//443 737//443 607//443
f 730//444 733//444 599//444
f 726//445 729//445 600//445
f 722//446 725//446 601//446
f 718//447 721//447 605//447
f 714//448 717//448 611//448
f 712//449 613//449 611//449
f 613//450 712//450 710//450
f 620//451 710//451 707//451
f 631//334 626//334 707//334
f 708//452 675//452 681//452
f 708//453 711//453 667//453
f 711//454 713//454 664//454
f 658//455 664//455 713//455
f 656//456 658//456 715//456
f 658//457 716//457 715//457
f 652//458 656//458 719//458
f 656//459 720//459 719//459
f 651//460 652//460 723//460
f 652//461 724//461 723//461
f 661//462 651//462 727//462
f 651//463 728//463 727//463
f 663//464 661//464 731//464
f 661//465 732//465 731//465
f 666//466 663//466 735//466
f 663//467 736//467 735//467
f 670//468 666//468 739//468
f 741//469 743//469 669//469
f 677//470 669//470 743//470
f 679//471 677//471 744//471
f 677//472 745//472 744//472
f 679//473 748//473 747//473
f 752//474 685//474 680//474
f 689//475 685//475 752//475
f 687//476 689//476 754//476
f 689//477 755//477 754//477
f 687//478 759//478 758//478
f 758//479 694//479 687//479
f 699//480 694//480 763//480
f 693//481 699//481 762//481
f 698//482 693//482 765//482
f 693//483 766//483 765//483
f 698//484 769//484 768//484
f 697//485 768//485 773//485
f 696//486 690//486 772//486
f 690//487 773//487 772//487
f 696//488 777//488 776//488
f 701//489 776//489 781//489
f 695//490 700//490 780//490
f 700//491 781//491 780//491
f 695//492 785//492 784//492
f 784//493 692//493 695//493
f 788//494 791//494 691//494
f 688//495 691//495 791//495
f 688//496 793//496 792//496
f 792//497 684//497 688//497
f 798//498 797//498 683//498
f 682//499 683//499 797//499
f 678//500 682//500 801//500
f 682//501 802//501 801//501
f 678//502 807//502 806//502
f 806//503 676//503 678//503
f 676//504 811//504 810//504
f 814//505 665//505 671//505
f 816//506 662//506 665//506
f 816//507 818//507 657//507
f 818//508 820//508 653//508
f 654//509 653//509 820//509
f 654//510 822//510 824//510
f 655//511 824//511 826//511
f 659//512 826//512 828//512
f 660//513 828//513 830//513
f 830//514 668//514 660//514
f 668//515 833//515 832//515
f 836//516 672//516 674//516
f 838//517 673//517 672//517
f 709//518 681//518 686//518
f 838//519 705//519 702//519
f 702//520 673//520 838//520
f 686//521 704//521 709//521
f 672//522 836//522 838//522
f 674//523 832//523 836//523
f 832//524 674//524 668//524
f 830//525 833//525 668//525
f 828//526 660//526 659//526
f 826//527 659//527 655//527
f 824//528 655//528 654//528
f 820//529 822//529 654//529
f 653//530 657//530 818//530
f 657//531 662//531 816//531
f 665//532 814//532 816//532
f 671//533 810//533 814//533
f 810//534 671//534 676//534
f 806//535 811//535 676//535
f 801//536 807//536 678//536
f 797//537 802//537 682//537
f 683//538 684//538 798//538
f 792//539 798//539 684//539
f 791//540 793//540 688//540
f 691//541 692//541 788//541
f 784//542 788//542 692//542
f 780//543 785//543 695//543
f 781//544 700//544 701//544
f 776//545 701//545 696//545
f 772//546 777//546 696//546
f 773//547 690//547 697//547
f 768//548 697//548 698//548
f 765//549 769//549 698//549
f 762//550 766//550 693//550
f 763//551 762//551 699//551
f 758//552 763//552 694//552
f 754//553 759//553 687//553
f 752//554 755//554 689//554
f 680//555 747//555 752//555
f 747//556 680//556 679//556
f 744//557 748//557 679//557
f 743//558 745//558 677//558
f 669//559 670//559 741//559
f 739//560 741//560 670//560
f 735//561 739//561 666//561
f 731//562 736//562 663//562
f 727//563 732//563 661//563
f 723//564 728//564 651//564
f 719//565 724//565 652//565
f 715//566 720//566 656//566
f 713//567 716//567 658//567
f 664//568 667//568 711//568
f 667//569 675//569 708//569
f 681//452 709//452 708//452
f 841//42 842//42 843//42
f 843//42 844//42 841//42
f 845//570 846//570 847//570
f 848//571 845//571 849//571
f 850//572 848//572 851//572
f 852//573 850//573 853//573
f 854//574 852//574 855//574
f 856//575 854//575 857//575
f 858//576 856//576 859//576
f 860//577 858//577 861//577
f 862//578 860//578 863//578
f 864//579 862//579 865//579
f 866//580 864//580 867//580
f 868//581 866//581 869//581
f 870//582 868//582 871//582
f 872//583 870//583 873//583
f 874//584 872//584 875//584
f 876//585 874//585 877//585
f 878//586 876//586 879//586
f 880//587 878//587 881//587
f 842//588 880//588 882//588
f 882//588 843//588 842//588
f 881//587 882//587 880//587
f 879//589 881//589 878//589
f 877//585 879//585 876//585
f 875//584 877//584 874//584
f 873//583 875//583 872//583
f 871//582 873//582 870//582
f 869//581 871//581 868//581
f 867//580 869//580 866//580
f 865//590 867//590 864//590
f 863//578 865//578 862//578
f 861//577 863//577 860//577
f 859//576 861//576 858//576
f 857//575 859//575 856//575
f 855//574 857//574 854//574
f 853//591 855//591 852//591
f 851//572 853//572 850//572
f 849//571 851//571 848//571
f 847//570 849//570 845//570
f 847//592 846//592 883//592
f 883//592 884//592 847//592
f 885//593 886//593 887//593
f 888//594 885//594 889//594
f 890//595 888//595 891//595
f 892//596 890//596 893//596
f 894//597 892//597 895//597
f 896//598 894//598 897//598
f 898//599 896//599 899//599
f 900//600 898//600 901//600
f 902//601 900//601 903//601
f 904//602 902//602 905//602
f 906//603 904//603 907//603
f 908//604 906//604 909//604
f 910//605 908//605 911//605
f 912//606 910//606 913//606
f 914//607 912//607 915//607
f 916//608 914//608 917//608
f 918//609 916//609 919//609
f 920//610 918//610 921//610
f 883//611 920//611 922//611
f 922//611 884//611 883//611
f 921//610 922//610 920//610
f 919//609 921//609 918//609
f 917//612 919//612 916//612
f 915//607 917//607 914//607
f 913//606 915//606 912//606
f 911//605 913//605 910//605
f 909//604 911//604 908//604
f 907//603 909//603 906//603
f 905//613 907//613 904//613
f 903//601 905//601 902//601
f 901//600 903//600 900//600
f 899//599 901//599 898//599
f 897//598 899//598 896//598
f 895//597 897//597 894//597
f 893//596 895//596 892//596
f 891//595 893//595 890//595
f 889//594 891//594 888//594
f 887//593 889//593 885//593
f 887//88 886//88 923//88
f 923//88 924//88 887//88
f 925//614 926//614 847//614
f 926//615 849//615 847//615
f 857//616 855//616 926//616
f 915//617 927//617 925//617
f 847//614 884//614 925//614
f 926//618 853//618 851//618
f 928//616 859//616 857//616
f 925//617 917//617 915//617
f 925//619 922//619 921//619
f 851//620 849//620 926//620
f 926//616 928//616 857//616
f 927//621 911//621 909//621
f 915//617 913//617 927//617
f 921//622 919//622 925//622
f 855//623 853//623 926//623
f 929//617 867//617 865//617
f 929//624 871//624 869//624
f 913//614 911//614 927//614
f 884//625 922//625 925//625
f 928//626 863//626 861//626
f 869//627 867//627 929//627
f 919//628 917//628 925//628
f 928//629 865//629 863//629
f 930//630 875//630 873//630
f 930//631 879//631 877//631
f 929//624 873//624 871//624
f 861//614 859//614 928//614
f 931//632 905//632 903//632
f 932//633 882//633 881//633
f 877//634 875//634 930//634
f 909//635 907//635 927//635
f 903//624 901//624 931//624
f 931//616 927//616 907//616
f 933//636 897//636 895//636
f 933//637 931//637 899//637
f 934//624 933//624 893//624
f 935//638 936//638 891//638
f 937//639 938//639 889//639
f 939//640 843//640 882//640
f 881//641 940//641 932//641
f 941//642 881//642 879//642
f 865//617 928//617 929//617
f 907//616 905//616 931//616
f 899//637 897//637 933//637
f 891//627 936//627 934//627
f 889//643 942//643 935//643
f 887//617 943//617 937//617
f 882//644 944//644 945//644
f 881//632 941//632 940//632
f 873//630 929//630 930//630
f 895//645 893//645 933//645
f 891//646 889//646 935//646
f 889//647 887//647 937//647
f 887//632 924//632 946//632
f 932//648 944//648 882//648
f 901//624 899//624 931//624
f 938//649 942//649 889//649
f 946//650 947//650 887//650
f 947//651 943//651 887//651
f 843//652 948//652 949//652
f 843//616 939//616 950//616
f 879//624 930//624 941//624
f 950//653 948//653 843//653
f 893//654 891//654 934//654
f 882//655 945//655 939//655
f 949//627 844//627 843//627
f 951//656 883//656 846//656
f 846//656 952//656 951//656
f 951//657 920//657 883//657
f 951//658 918//658 920//658
f 854//659 953//659 952//659
f 951//660 916//660 918//660
f 952//661 852//661 854//661
f 952//662 845//662 848//662
f 951//663 914//663 916//663
f 912//664 914//664 951//664
f 953//665 856//665 858//665
f 952//666 850//666 852//666
f 846//667 845//667 952//667
f 954//668 910//668 912//668
f 858//664 860//664 953//664
f 848//669 850//669 952//669
f 954//670 908//670 910//670
f 954//671 904//671 906//671
f 955//665 864//665 866//665
f 955//672 953//672 862//672
f 854//673 856//673 953//673
f 906//661 908//661 954//661
f 862//672 864//672 955//672
f 956//674 955//674 870//674
f 951//675 954//675 912//675
f 866//676 868//676 955//676
f 870//674 872//674 956//674
f 886//677 957//677 958//677
f 957//678 886//678 885//678
f 959//676 898//676 900//676
f 868//676 870//676 955//676
f 872//679 874//679 956//679
f 960//680 961//680 878//680
f 885//681 962//681 957//681
f 885//682 963//682 964//682
f 963//683 885//683 888//683
f 965//684 894//684 896//684
f 965//685 890//685 892//685
f 959//686 902//686 904//686
f 959//676 896//676 898//676
f 874//687 876//687 956//687
f 966//676 956//676 876//676
f 880//688 967//688 960//688
f 886//689 968//689 969//689
f 964//690 962//690 885//690
f 888//665 970//665 971//665
f 970//691 888//691 890//691
f 892//692 894//692 965//692
f 900//670 902//670 959//670
f 876//693 878//693 966//693
f 878//694 880//694 960//694
f 958//695 968//695 886//695
f 890//676 965//676 970//676
f 904//686 954//686 959//686
f 961//670 966//670 878//670
f 972//696 973//696 880//696
f 842//677 974//677 975//677
f 842//665 841//665 976//665
f 888//690 971//690 963//690
f 860//697 862//697 953//697
f 880//698 842//698 972//698
f 976//699 974//699 842//699
f 896//684 959//684 965//684
f 975//695 972//695 842//695
f 973//680 967//680 880//680
f 969//670 923//670 886//670
f 954//700 951//700 925//700
f 959//701 954//701 927//701
f 965//702 959//702 931//702
f 970//703 965//703 933//703
f 971//704 970//704 934//704
f 963//705 971//705 936//705
f 964//706 963//706 935//706
f 962//707 964//707 942//707
f 957//708 962//708 938//708
f 958//709 957//709 937//709
f 968//710 958//710 943//710
f 969//711 968//711 947//711
f 923//712 969//712 946//712
f 946//712 924//712 923//712
f 947//711 946//711 969//711
f 943//710 947//710 968//710
f 937//709 943//709 958//709
f 938//708 937//708 957//708
f 942//707 938//707 962//707
f 935//713 942//713 964//713
f 936//705 935//705 963//705
f 934//704 936//704 971//704
f 933//703 934//703 970//703
f 931//702 933//702 965//702
f 927//714 931//714 959//714
f 925//715 927//715 954//715
f 951//716 952//716 926//716
f 926//716 925//716 951//716
f 976//717 841//717 844//717
f 974//718 976//718 949//718
f 975//719 974//719 948//719
f 972//720 975//720 950//720
f 973//721 972//721 939//721
f 967//722 973//722 945//722
f 960//723 967//723 944//723
f 961//724 960//724 932//724
f 966//725 961//725 940//725
f 956//726 966//726 941//726
f 955//727 956//727 930//727
f 953//728 955//728 929//728
f 952//729 953//729 928//729
f 928//730 926//730 952//730
f 929//731 928//731 953//731
f 930//727 929//727 955//727
f 941//726 930//726 956//726
f 940//725 941//725 966//725
f 932//724 940//724 961//724
f 944//732 932//732 960//732
f 945//722 944//722 967//722
f 939//721 945//721 973//721
f 950//720 939//720 972//720
f 948//719 950//719 975//719
f 949//718 948//718 974//718
f 844//717 949//717 976//717
f 977//733 978//733 979//733
f 979//734 980//734 977//734
f 980//735 981//735 977//735
f 981//736 982//736 977//736
f 982//736 983//736 977//736
f 983//737 984//737 977//737
f 984//738 985//738 977//738
f 985//739 986//739 977//739
f 986//740 987//740 977//740
f 987//741 988//741 977//741
f 988//742 989//742 977//742
f 989//734 990//734 977//734
f 990//743 991//743 977//743
f 991//736 992//736 977//736
f 992//736 993//736 977//736
f 993//737 994//737 977//737
f 994//738 995//738 977//738
f 995//739 996//739 977//739
f 996//740 997//740 977//740
f 997//741 978//741 977//741
f 997//744 998//744 999//744
f 978//745 999//745 1000//745
f 979//746 1000//746 1001//746
f 980//747 1001//747 1002//747
f 981//748 1002//748 1003//748
f 982//749 1003//749 1004//749
f 983//750 1004//750 1005//750
f 984//751 1005//751 1006//751
f 985//752 1006//752 1007//752
f 986//753 1007//753 1008//753
f 987//754 1008//754 1009//754
f 988//755 1009//755 1010//755
f 989//756 1010//756 1011//756
f 990//757 1011//757 1012//757
f 991//758 1012//758 1013//758
f 992//759 1013//759 1014//759
f 993//760 1014//760 1015//760
f 994//761 1015//761 1016//761
f 995//762 1016//762 1017//762
f 996//763 1017//763 998//763
f 998//763 997//763 996//763
f 1017//762 996//762 995//762
f 1016//761 995//761 994//761
f 1015//760 994//760 993//760
f 1014//764 993//764 992//764
f 1013//765 992//765 991//765
f 1012//766 991//766 990//766
f 1011//756 990//756 989//756
f 1010//767 989//767 988//767
f 1009//754 988//754 987//754
f 1008//753 987//753 986//753
f 1007//768 986//768 985//768
f 1006//751 985//751 984//751
f 1005//750 984//750 983//750
f 1004//749 983//749 982//749
f 1003//748 982//748 981//748
f 1002//747 981//747 980//747
f 1001//746 980//746 979//746
f 1000//769 979//769 978//769
f 999//744 978//744 997//744
f 1018//770 1017//770 1016//770
f 1016//771 1015//771 1018//771
f 1015//772 1014//772 1018//772
f 1014//773 1013//773 1018//773
f 1013//774 1012//774 1018//774
f 1012//775 1011//775 1018//775
f 1011//776 1010//776 1018//776
f 1010//777 1009//777 1018//777
f 1009//778 1008//778 1018//778
f 1008//779 1007//779 1018//779
f 1007//780 1006//780 1018//780
f 1006//771 1005//771 1018//771
f 1005//772 1004//772 1018//772
f 1004//773 1003//773 1018//773
f 1003//773 1002//773 1018//773
f 1002//775 1001//775 1018//775
f 1001//776 1000//776 1018//776
f 1000//781 999//781 1018//781
f 999//778 998//778 1018//778
f 998//779 1017//779 1018//779
f 1019//782 1020//782 1021//782
f 1021//783 1022//783 1019//783
f 1022//784 1023//784 1019//784
f 1023//785 1024//785 1019//785
f 1024//785 1025//785 1019//785
f 1025//784 1026//784 1019//784
f 1026//786 1027//786 1019//786
f 1027//787 1028//787 1019//787
f 1028//788 1029//788 1019//788
f 1029//789 1030//789 1019//789
f 1030//790 1031//790 1019//790
f 1031//783 1032//783 1019//783
f 1032//784 1033//784 1019//784
f 1033//785 1034//785 1019//785
f 1034//785 1035//785 1019//785
f 1035//784 1036//784 1019//784
f 1036//791 1037//791 1019//791
f 1037//792 1038//792 1019//792
f 1038//788 1039//788 1019//788
f 1039//789 1020//789 1019//789
f 1039//793 1040//793 1041//793
f 1020//794 1041//794 1042//794
f 1021//795 1042//795 1043//795
f 1022//796 1043//796 1044//796
f 1023//797 1044//797 1045//797
f 1024//798 1045//798 1046//798
f 1025//799 1046//799 1047//799
f 1026//800 1047//800 1048//800
f 1027//801 1048//801 1049//801
f 1028//802 1049//802 1050//802
f 1029//803 1050//803 1051//803
f 1030//804 1051//804 1052//804
f 1031//805 1052//805 1053//805
f 1032//806 1053//806 1054//806
f 1033//807 1054//807 1055//807
f 1034//808 1055//808 1056//808
f 1035//809 1056//809 1057//809
f 1036//810 1057//810 1058//810
f 1037//811 1058//811 1059//811
f 1038//812 1059//812 1040//812
f 1040//813 1039//813 1038//813
f 1059//814 1038//814 1037//814
f 1058//815 1037//815 1036//815
f 1057//809 1036//809 1035//809
f 1056//808 1035//808 1034//808
f 1055//807 1034//807 1033//807
f 1054//816 1033//816 1032//816
f 1053//817 1032//817 1031//817
f 1052//804 1031//804 1030//804
f 1051//818 1030//818 1029//818
f 1050//819 1029//819 1028//819
f 1049//820 1028//820 1027//820
f 1048//821 1027//821 1026//821
f 1047//822 1026//822 1025//822
f 1046//798 1025//798 1024//798
f 1045//797 1024//797 1023//797
f 1044//796 1023//796 1022//796
f 1043//823 1022//823 1021//823
f 1042//824 1021//824 1020//824
f 1041//825 1020//825 1039//825
f 1060//826 1059//826 1058//826
f 1058//827 1057//827 1060//827
f 1057//828 1056//828 1060//828
f 1056//829 1055//829 1060//829
f 1055//830 1054//830 1060//830
f 1054//828 1053//828 1060//828
f 1053//831 1052//831 1060//831
f 1052//832 1051//832 1060//832
f 1051//833 1050//833 1060//833
f 1050//834 1049//834 1060//834
f 1049//826 1048//826 1060//826
f 1048//835 1047//835 1060//835
f 1047//828 1046//828 1060//828
f 1046//830 1045//830 1060//830
f 1045//829 1044//829 1060//829
f 1044//829 1043//829 1060//829
f 1043//836 1042//836 1060//836
f 1042//837 1041//837 1060//837
f 1041//838 1040//838 1060//838
f 1040//839 1059//839 1060//839
f 1061//840 1062//840 1063//840
f 1063//841 1064//841 1061//841
f 1064//784 1065//784 1061//784
f 1065//785 1066//785 1061//785
f 1066//785 1067//785 1061//785
f 1067//784 1068//784 1061//784
f 1068//791 1069//791 1061//791
f 1069//792 1070//792 1061//792
f 1070//788 1071//788 1061//788
f 1071//789 1072//789 1061//789
f 1072//782 1073//782 1061//782
f 1073//783 1074//783 1061//783
f 1074//785 1075//785 1061//785
f 1075//785 1076//785 1061//785
f 1076//785 1077//785 1061//785
f 1077//784 1078//784 1061//784
f 1078//842 1079//842 1061//842
f 1079//843 1080//843 1061//843
f 1080//788 1081//788 1061//788
f 1081//789 1062//789 1061//789
f 1081//825 1082//825 1083//825
f 1062//794 1083//794 1084//794
f 1063//844 1084//844 1085//844
f 1064//796 1085//796 1086//796
f 1065//797 1086//797 1087//797
f 1066//798 1087//798 1088//798
f 1067//822 1088//822 1089//822
f 1068//800 1089//800 1090//800
f 1069//820 1090//820 1091//820
f 1070//802 1091//802 1092//802
f 1071//803 1092//803 1093//803
f 1072//804 1093//804 1094//804
f 1073//805 1094//805 1095//805
f 1074//816 1095//816 1096//816
f 1075//807 1096//807 1097//807
f 1076//808 1097//808 1098//808
f 1077//809 1098//809 1099//809
f 1078//810 1099//810 1100//810
f 1079//811 1100//811 1101//811
f 1080//812 1101//812 1082//812
f 1082//813 1081//813 1080//813
f 1101//845 1080//845 1079//845
f 1100//846 1079//846 1078//846
f 1099//809 1078//809 1077//809
f 1098//808 1077//808 1076//808
f 1097//807 1076//807 1075//807
f 1096//816 1075//816 1074//816
f 1095//817 1074//817 1073//817
f 1094//804 1073//804 1072//804
f 1093//818 1072//818 1071//818
f 1092//819 1071//819 1070//819
f 1091//820 1070//820 1069//820
f 1090//821 1069//821 1068//821
f 1089//822 1068//822 1067//822
f 1088//798 1067//798 1066//798
f 1087//797 1066//797 1065//797
f 1086//796 1065//796 1064//796
f 1085//847 1064//847 1063//847
f 1084//848 1063//848 1062//848
f 1083//793 1062//793 1081//793
f 1102//826 1101//826 1100//826
f 1100//827 1099//827 1102//827
f 1099//828 1098//828 1102//828
f 1098//829 1097//829 1102//829
f 1097//830 1096//830 1102//830
f 1096//828 1095//828 1102//828
f 1095//831 1094//831 1102//831
f 1094//832 1093//832 1102//832
f 1093//833 1092//833 1102//833
f 1092//834 1091//834 1102//834
f 1091//826 1090//826 1102//826
f 1090//835 1089//835 1102//835
f 1089//828 1088//828 1102//828
f 1088//830 1087//830 1102//830
f 1087//829 1086//829 1102//829
f 1086//829 1085//829 1102//829
f 1085//836 1084//836 1102//836
f 1084//837 1083//837 1102//837
f 1083//838 1082//838 1102//838
f 1082//839 1101//839 1102//839
f 1103//840 1104//840 1105//840
f 1105//849 1106//849 1103//849
f 1106//785 1107//785 1103//785
f 1107//785 1108//785 1103//785
f 1108//784 1109//784 1103//784
f 1109//785 1110//785 1103//785
f 1110//791 1111//791 1103//791
f 1111//787 1112//787 1103//787
f 1112//788 1113//788 1103//788
f 1113//789 1114//789 1103//789
f 1114//790 1115//790 1103//790
f 1115//783 1116//783 1103//783
f 1116//785 1117//785 1103//785
f 1117//784 1118//784 1103//784
f 1118//785 1119//785 1103//785
f 1119//850 1120//850 1103//850
f 1120//842 1121//842 1103//842
f 1121//843 1122//843 1103//843
f 1122//788 1123//788 1103//788
f 1123//789 1104//789 1103//789
f 1123//793 1124//793 1125//793
f 1104//824 1125//824 1126//824
f 1105//795 1126//795 1127//795
f 1106//796 1127//796 1128//796
f 1107//797 1128//797 1129//797
f 1108//798 1129//798 1130//798
f 1109//822 1130//822 1131//822
f 1110//821 1131//821 1132//821
f 1111//801 1132//801 1133//801
f 1112//802 1133//802 1134//802
f 1113//818 1134//818 1135//818
f 1114//851 1135//851 1136//851
f 1115//817 1136//817 1137//817
f 1116//816 1137//816 1138//816
f 1117//807 1138//807 1139//807
f 1118//808 1139//808 1140//808
f 1119//809 1140//809 1141//809
f 1120//815 1141//815 1142//815
f 1121//814 1142//814 1143//814
f 1122//813 1143//813 1124//813
f 1124//813 1123//813 1122//813
f 1143//852 1122//852 1121//852
f 1142//853 1121//853 1120//853
f 1141//809 1120//809 1119//809
f 1140//808 1119//808 1118//808
f 1139//807 1118//807 1117//807
f 1138//816 1117//816 1116//816
f 1137//817 1116//817 1115//817
f 1136//804 1115//804 1114//804
f 1135//818 1114//818 1113//818
f 1134//819 1113//819 1112//819
f 1133//820 1112//820 1111//820
f 1132//821 1111//821 1110//821
f 1131//822 1110//822 1109//822
f 1130//798 1109//798 1108//798
f 1129//797 1108//797 1107//797
f 1128//796 1107//796 1106//796
f 1127//847 1106//847 1105//847
f 1126//848 1105//848 1104//848
f 1125//825 1104//825 1123//825
f 1144//826 1143//826 1142//826
f 1142//827 1141//827 1144//827
f 1141//828 1140//828 1144//828
f 1140//829 1139//829 1144//829
f 1139//830 1138//830 1144//830
f 1138//854 1137//854 1144//854
f 1137//836 1136//836 1144//836
f 1136//832 1135//832 1144//832
f 1135//838 1134//838 1144//838
f 1134//839 1133//839 1144//839
f 1133//826 1132//826 1144//826
f 1132//827 1131//827 1144//827
f 1131//855 1130//855 1144//855
f 1130//830 1129//830 1144//830
f 1129//829 1128//829 1144//829
f 1128//829 1127//829 1144//829
f 1127//831 1126//831 1144//831
f 1126//837 1125//837 1144//837
f 1125//833 1124//833 1144//833
f 1124//834 1143//834 1144//834
f 1145//856 1146//856 1147//856
f 1147//849 1148//849 1145//849
f 1148//784 1149//784 1145//784
f 1149//785 1150//785 1145//785
f 1150//785 1151//785 1145//785
f 1151//784 1152//784 1145//784
f 1152//791 1153//791 1145//791
f 1153//792 1154//792 1145//792
f 1154//788 1155//788 1145//788
f 1155//789 1156//789 1145//789
f 1156//782 1157//782 1145//782
f 1157//783 1158//783 1145//783
f 1158//784 1159//784 1145//784
f 1159//785 1160//785 1145//785
f 1160//785 1161//785 1145//785
f 1161//784 1162//784 1145//784
f 1162//842 1163//842 1145//842
f 1163//857 1164//857 1145//857
f 1164//788 1165//788 1145//788
f 1165//789 1146//789 1145//789
f 1165//793 1166//793 1167//793
f 1146//824 1167//824 1168//824
f 1147//795 1168//795 1169//795
f 1148//796 1169//796 1170//796
f 1149//797 1170//797 1171//797
f 1150//798 1171//798 1172//798
f 1151//822 1172//822 1173//822
f 1152//821 1173//821 1174//821
f 1153//801 1174//801 1175//801
f 1154//819 1175//819 1176//819
f 1155//803 1176//803 1177//803
f 1156//851 1177//851 1178//851
f 1157//817 1178//817 1179//817
f 1158//816 1179//816 1180//816
f 1159//807 1180//807 1181//807
f 1160//808 1181//808 1182//808
f 1161//809 1182//809 1183//809
f 1162//815 1183//815 1184//815
f 1163//814 1184//814 1185//814
f 1164//813 1185//813 1166//813
f 1166//813 1165//813 1164//813
f 1185//858 1164//858 1163//858
f 1184//846 1163//846 1162//846
f 1183//809 1162//809 1161//809
f 1182//808 1161//808 1160//808
f 1181//807 1160//807 1159//807
f 1180//816 1159//816 1158//816
f 1179//817 1158//817 1157//817
f 1178//804 1157//804 1156//804
f 1177//818 1156//818 1155//818
f 1176//819 1155//819 1154//819
f 1175//820 1154//820 1153//820
f 1174//821 1153//821 1152//821
f 1173//822 1152//822 1151//822
f 1172//798 1151//798 1150//798
f 1171//797 1150//797 1149//797
f 1170//796 1149//796 1148//796
f 1169//847 1148//847 1147//847
f 1168//859 1147//859 1146//859
f 1167//793 1146//793 1165//793
f 1186//826 1185//826 1184//826
f 1184//827 1183//827 1186//827
f 1183//828 1182//828 1186//828
f 1182//829 1181//829 1186//829
f 1181//830 1180//830 1186//830
f 1180//854 1179//854 1186//854
f 1179//836 1178//836 1186//836
f 1178//832 1177//832 1186//832
f 1177//838 1176//838 1186//838
f 1176//839 1175//839 1186//839
f 1175//826 1174//826 1186//826
f 1174//827 1173//827 1186//827
f 1173//855 1172//855 1186//855
f 1172//830 1171//830 1186//830
f 1171//829 1170//829 1186//829
f 1170//829 1169//829 1186//829
f 1169//831 1168//831 1186//831
f 1168//837 1167//837 1186//837
f 1167//833 1166//833 1186//833
f 1166//834 1185//834 1186//834
f 1187//840 1188//840 1189//840
f 1189//860 1190//860 1187//860
f 1190//784 1191//784 1187//784
f 1191//861 1192//861 1187//861
f 1192//785 1193//785 1187//785
f 1193//850 1194//850 1187//850
f 1194//791 1195//791 1187//791
f 1195//787 1196//787 1187//787
f 1196//788 1197//788 1187//788
f 1197//789 1198//789 1187//789
f 1198//782 1199//782 1187//782
f 1199//783 1200//783 1187//783
f 1200//784 1201//784 1187//784
f 1201//785 1202//785 1187//785
f 1202//861 1203//861 1187//861
f 1203//784 1204//784 1187//784
f 1204//842 1205//842 1187//842
f 1205//843 1206//843 1187//843
f 1206//788 1207//788 1187//788
f 1207//789 1188//789 1187//789
f 1207//793 1208//793 1209//793
f 1188//824 1209//824 1210//824
f 1189//795 1210//795 1211//795
f 1190//796 1211//796 1212//796
f 1191//797 1212//797 1213//797
f 1192//798 1213//798 1214//798
f 1193//822 1214//822 1215//822
f 1194//821 1215//821 1216//821
f 1195//801 1216//801 1217//801
f 1196//802 1217//802 1218//802
f 1197//818 1218//818 1219//818
f 1198//851 1219//851 1220//851
f 1199//817 1220//817 1221//817
f 1200//816 1221//816 1222//816
f 1201//807 1222//807 1223//807
f 1202//808 1223//808 1224//808
f 1203//809 1224//809 1225//809
f 1204//815 1225//815 1226//815
f 1205//814 1226//814 1227//814
f 1206//813 1227//813 1208//813
f 1208//813 1207//813 1206//813
f 1227//862 1206//862 1205//862
f 1226//853 1205//853 1204//853
f 1225//809 1204//809 1203//809
f 1224//808 1203//808 1202//808
f 1223//807 1202//807 1201//807
f 1222//816 1201//816 1200//816
f 1221//817 1200//817 1199//817
f 1220//804 1199//804 1198//804
f 1219//818 1198//818 1197//818
f 1218//819 1197//819 1196//819
f 1217//820 1196//820 1195//820
f 1216//821 1195//821 1194//821
f 1215//822 1194//822 1193//822
f 1214//798 1193//798 1192//798
f 1213//797 1192//797 1191//797
f 1212//796 1191//796 1190//796
f 1211//847 1190//847 1189//847
f 1210//863 1189//863 1188//863
f 1209//793 1188//793 1207//793
f 1228//826 1227//826 1226//826
f 1226//827 1225//827 1228//827
f 1225//828 1224//828 1228//828
f 1224//829 1223//829 1228//829
f 1223//830 1222//830 1228//830
f 1222//854 1221//854 1228//854
f 1221//836 1220//836 1228//836
f 1220//832 1219//832 1228//832
f 1219//838 1218//838 1228//838
f 1218//839 1217//839 1228//839
f 1217//826 1216//826 1228//826
f 1216//827 1215//827 1228//827
f 1215//855 1214//855 1228//855
f 1214//830 1213//830 1228//830
f 1213//829 1212//829 1228//829
f 1212//829 1211//829 1228//829
f 1211//831 1210//831 1228//831
f 1210//837 1209//837 1228//837
f 1209//833 1208//833 1228//833
f 1208//834 1227//834 1228//834
f 1229//856 1230//856 1231//856
f 1231//860 1232//860 1229//860
f 1232//850 1233//850 1229//850
f 1233//785 1234//785 1229//785
f 1234//850 1235//850 1229//850
f 1235//850 1236//850 1229//850
f 1236//791 1237//791 1229//791
f 1237//864 1238//864 1229//864
f 1238//865 1239//865 1229//865
f 1239//866 1240//866 1229//866
f 1240//867 1241//867 1229//867
f 1241//783 1242//783 1229//783
f 1242//850 1243//850 1229//850
f 1243//785 1244//785 1229//785
f 1244//868 1245//868 1229//868
f 1245//850 1246//850 1229//850
f 1246//869 1247//869 1229//869
f 1247//857 1248//857 1229//857
f 1248//788 1249//788 1229//788
f 1249//789 1230//789 1229//789
f 1249//793 1250//793 1251//793
f 1230//824 1251//824 1252//824
f 1231//795 1252//795 1253//795
f 1232//796 1253//796 1254//796
f 1233//797 1254//797 1255//797
f 1234//798 1255//798 1256//798
f 1235//822 1256//822 1257//822
f 1236//821 1257//821 1258//821
f 1237//801 1258//801 1259//801
f 1238//802 1259//802 1260//802
f 1239//803 1260//803 1261//803
f 1240//851 1261//851 1262//851
f 1241//817 1262//817 1263//817
f 1242//816 1263//816 1264//816
f 1243//807 1264//807 1265//807
f 1244//808 1265//808 1266//808
f 1245//809 1266//809 1267//809
f 1246//810 1267//810 1268//810
f 1247//814 1268//814 1269//814
f 1248//813 1269//813 1250//813
f 1250//813 1249//813 1248//813
f 1269//852 1248//852 1247//852
f 1268//846 1247//846 1246//846
f 1267//809 1246//809 1245//809
f 1266//808 1245//808 1244//808
f 1265//807 1244//807 1243//807
f 1264//816 1243//816 1242//816
f 1263//817 1242//817 1241//817
f 1262//870 1241//870 1240//870
f 1261//818 1240//818 1239//818
f 1260//819 1239//819 1238//819
f 1259//871 1238//871 1237//871
f 1258//872 1237//872 1236//872
f 1257//822 1236//822 1235//822
f 1256//798 1235//798 1234//798
f 1255//797 1234//797 1233//797
f 1254//796 1233//796 1232//796
f 1253//847 1232//847 1231//847
f 1252//848 1231//848 1230//848
f 1251//793 1230//793 1249//793
f 1270//826 1269//826 1268//826
f 1268//827 1267//827 1270//827
f 1267//828 1266//828 1270//828
f 1266//829 1265//829 1270//829
f 1265//830 1264//830 1270//830
f 1264//854 1263//854 1270//854
f 1263//836 1262//836 1270//836
f 1262//832 1261//832 1270//832
f 1261//838 1260//838 1270//838
f 1260//839 1259//839 1270//839
f 1259//826 1258//826 1270//826
f 1258//827 1257//827 1270//827
f 1257//855 1256//855 1270//855
f 1256//830 1255//830 1270//830
f 1255//829 1254//829 1270//829
f 1254//829 1253//829 1270//829
f 1253//831 1252//831 1270//831
f 1252//837 1251//837 1270//837
f 1251//833 1250//833 1270//833
f 1250//834 1269//834 1270//834
f 1271//873 1272//873 1273//873
f 1273//874 1274//874 1271//874
f 1274//875 1275//875 1271//875
f 1275//785 1276//785 1271//785
f 1276//785 1277//785 1271//785
f 1277//850 1278//850 1271//850
f 1278//791 1279//791 1271//791
f 1279//864 1280//864 1271//864
f 1280//865 1281//865 1271//865
f 1281//866 1282//866 1271//866
f 1282//867 1283//867 1271//867
f 1283//783 1284//783 1271//783
f 1284//850 1285//850 1271//850
f 1285//785 1286//785 1271//785
f 1286//785 1287//785 1271//785
f 1287//876 1288//876 1271//876
f 1288//877 1289//877 1271//877
f 1289//878 1290//878 1271//878
f 1290//788 1291//788 1271//788
f 1291//789 1272//789 1271//789
f 1291//825 1292//825 1293//825
f 1272//824 1293//824 1294//824
f 1273//879 1294//879 1295//879
f 1274//796 1295//796 1296//796
f 1275//797 1296//797 1297//797
f 1276//798 1297//798 1298//798
f 1277//822 1298//822 1299//822
f 1278//821 1299//821 1300//821
f 1279//820 1300//820 1301//820
f 1280//819 1301//819 1302//819
f 1281//818 1302//818 1303//818
f 1282//804 1303//804 1304//804
f 1283//817 1304//817 1305//817
f 1284//816 1305//816 1306//816
f 1285//807 1306//807 1307//807
f 1286//808 1307//808 1308//808
f 1287//809 1308//809 1309//809
f 1288//880 1309//880 1310//880
f 1289//814 1310//814 1311//814
f 1290//812 1311//812 1292//812
f 1292//813 1291//813 1290//813
f 1311//852 1290//852 1289//852
f 1310//880 1289//880 1288//880
f 1309//881 1288//881 1287//881
f 1308//808 1287//808 1286//808
f 1307//807 1286//807 1285//807
f 1306//816 1285//816 1284//816
f 1305//817 1284//817 1283//817
f 1304//870 1283//870 1282//870
f 1303//818 1282//818 1281//818
f 1302//819 1281//819 1280//819
f 1301//871 1280//871 1279//871
f 1300//821 1279//821 1278//821
f 1299//822 1278//822 1277//822
f 1298//798 1277//798 1276//798
f 1297//797 1276//797 1275//797
f 1296//882 1275//882 1274//882
f 1295//879 1274//879 1273//879
f 1294//883 1273//883 1272//883
f 1293//793 1272//793 1291//793
f 1312//826 1311//826 1310//826
f 1310//884 1309//884 1312//884
f 1309//828 1308//828 1312//828
f 1308//829 1307//829 1312//829
f 1307//830 1306//830 1312//830
f 1306//854 1305//854 1312//854
f 1305//836 1304//836 1312//836
f 1304//832 1303//832 1312//832
f 1303//833 1302//833 1312//833
f 1302//834 1301//834 1312//834
f 1301//885 1300//885 1312//885
f 1300//827 1299//827 1312//827
f 1299//828 1298//828 1312//828
f 1298//830 1297//830 1312//830
f 1297//829 1296//829 1312//829
f 1296//829 1295//829 1312//829
f 1295//831 1294//831 1312//831
f 1294//837 1293//837 1312//837
f 1293//838 1292//838 1312//838
f 1292//839 1311//839 1312//839
f 1313//840 1314//840 1315//840
f 1315//886 1316//886 1313//886
f 1316//887 1317//887 1313//887
f 1317//888 1318//888 1313//888
f 1318//850 1319//850 1313//850
f 1319//850 1320//850 1313//850
f 1320//791 1321//791 1313//791
f 1321//864 1322//864 1313//864
f 1322//865 1323//865 1313//865
f 1323//866 1324//866 1313//866
f 1324//867 1325//867 1313//867
f 1325//783 1326//783 1313//783
f 1326//850 1327//850 1313//850
f 1327//850 1328//850 1313//850
f 1328//888 1329//888 1313//888
f 1329//889 1330//889 1313//889
f 1330//890 1331//890 1313//890
f 1331//843 1332//843 1313//843
f 1332//788 1333//788 1313//788
f 1333//789 1314//789 1313//789
f 1333//825 1334//825 1335//825
f 1314//824 1335//824 1336//824
f 1315//879 1336//879 1337//879
f 1316//796 1337//796 1338//796
f 1317//797 1338//797 1339//797
f 1318//798 1339//798 1340//798
f 1319//822 1340//822 1341//822
f 1320//821 1341//821 1342//821
f 1321//820 1342//820 1343//820
f 1322//819 1343//819 1344//819
f 1323//818 1344//818 1345//818
f 1324//804 1345//804 1346//804
f 1325//817 1346//817 1347//817
f 1326//816 1347//816 1348//816
f 1327//807 1348//807 1349//807
f 1328//808 1349//808 1350//808
f 1329//809 1350//809 1351//809
f 1330//880 1351//880 1352//880
f 1331//814 1352//814 1353//814
f 1332//812 1353//812 1334//812
f 1334//813 1333//813 1332//813
f 1353//858 1332//858 1331//858
f 1352//880 1331//880 1330//880
f 1351//809 1330//809 1329//809
f 1350//891 1329//891 1328//891
f 1349//807 1328//807 1327//807
f 1348//816 1327//816 1326//816
f 1347//817 1326//817 1325//817
f 1346//892 1325//892 1324//892
f 1345//818 1324//818 1323//818
f 1344//819 1323//819 1322//819
f 1343//893 1322//893 1321//893
f 1342//821 1321//821 1320//821
f 1341//822 1320//822 1319//822
f 1340//798 1319//798 1318//798
f 1339//894 1318//894 1317//894
f 1338//796 1317//796 1316//796
f 1337//879 1316//879 1315//879
f 1336//848 1315//848 1314//848
f 1335//793 1314//793 1333//793
f 1354//826 1353//826 1352//826
f 1352//884 1351//884 1354//884
f 1351//828 1350//828 1354//828
f 1350//829 1349//829 1354//829
f 1349//830 1348//830 1354//830
f 1348//828 1347//828 1354//828
f 1347//836 1346//836 1354//836
f 1346//832 1345//832 1354//832
f 1345//833 1344//833 1354//833
f 1344//834 1343//834 1354//834
f 1343//885 1342//885 1354//885
f 1342//827 1341//827 1354//827
f 1341//828 1340//828 1354//828
f 1340//830 1339//830 1354//830
f 1339//829 1338//829 1354//829
f 1338//829 1337//829 1354//829
f 1337//831 1336//831 1354//831
f 1336//837 1335//837 1354//837
f 1335//838 1334//838 1354//838
f 1334//839 1353//839 1354//839
f 1355//867 1356//867 1357//867
f 1357//783 1358//783 1355//783
f 1358//850 1359//850 1355//850
f 1359//785 1360//785 1355//785
f 1360//895 1361//895 1355//895
f 1361//896 1362//896 1355//896
f 1362//890 1363//890 1355//890
f 1363//843 1364//843 1355//843
f 1364//788 1365//788 1355//788
f 1365//789 1366//789 1355//789
f 1366//840 1367//840 1355//840
f 1367//886 1368//886 1355//886
f 1368//897 1369//897 1355//897
f 1369//895 1370//895 1355//895
f 1370//785 1371//785 1355//785
f 1371//785 1372//785 1355//785
f 1372//791 1373//791 1355//791
f 1373//864 1374//864 1355//864
f 1374//865 1375//865 1355//865
f 1375//866 1356//866 1355//866
f 1375//825 1376//825 1377//825
f 1356//824 1377//824 1378//824
f 1357//795 1378//795 1379//795
f 1358//796 1379//796 1380//796
f 1359//797 1380//797 1381//797
f 1360//798 1381//798 1382//798
f 1361//822 1382//822 1383//822
f 1362//800 1383//800 1384//800
f 1363//820 1384//820 1385//820
f 1364//802 1385//802 1386//802
f 1365//803 1386//803 1387//803
f 1366//804 1387//804 1388//804
f 1367//805 1388//805 1389//805
f 1368//816 1389//816 1390//816
f 1369//807 1390//807 1391//807
f 1370//808 1391//808 1392//808
f 1371//809 1392//809 1393//809
f 1372//815 1393//815 1394//815
f 1373//814 1394//814 1395//814
f 1374//812 1395//812 1376//812
f 1376//813 1375//813 1374//813
f 1395//858 1374//858 1373//858
f 1394//880 1373//880 1372//880
f 1393//809 1372//809 1371//809
f 1392//808 1371//808 1370//808
f 1391//898 1370//898 1369//898
f 1390//816 1369//816 1368//816
f 1389//817 1368//817 1367//817
f 1388//870 1367//870 1366//870
f 1387//818 1366//818 1365//818
f 1386//819 1365//819 1364//819
f 1385//899 1364//899 1363//899
f 1384//821 1363//821 1362//821
f 1383//822 1362//822 1361//822
f 1382//900 1361//900 1360//900
f 1381//797 1360//797 1359//797
f 1380//796 1359//796 1358//796
f 1379//879 1358//879 1357//879
f 1378//883 1357//883 1356//883
f 1377//793 1356//793 1375//793
f 1396//826 1395//826 1394//826
f 1394//827 1393//827 1396//827
f 1393//829 1392//829 1396//829
f 1392//829 1391//829 1396//829
f 1391//830 1390//830 1396//830
f 1390//828 1389//828 1396//828
f 1389//831 1388//831 1396//831
f 1388//832 1387//832 1396//832
f 1387//838 1386//838 1396//838
f 1386//839 1385//839 1396//839
f 1385//826 1384//826 1396//826
f 1384//884 1383//884 1396//884
f 1383//828 1382//828 1396//828
f 1382//830 1381//830 1396//830
f 1381//829 1380//829 1396//829
f 1380//829 1379//829 1396//829
f 1379//836 1378//836 1396//836
f 1378//837 1377//837 1396//837
f 1377//838 1376//838 1396//838
f 1376//839 1395//839 1396//839
f 1397//867 1398//867 1399//867
f 1399//783 1400//783 1397//783
f 1400//850 1401//850 1397//850
f 1401//868 1402//868 1397//868
f 1402//850 1403//850 1397//850
f 1403//901 1404//901 1397//901
f 1404//890 1405//890 1397//890
f 1405//843 1406//843 1397//843
f 1406//788 1407//788 1397//788
f 1407//789 1408//789 1397//789
f 1408//856 1409//856 1397//856
f 1409//886 1410//886 1397//886
f 1410//875 1411//875 1397//875
f 1411//850 1412//850 1397//850
f 1412//868 1413//868 1397//868
f 1413//850 1414//850 1397//850
f 1414//791 1415//791 1397//791
f 1415//864 1416//864 1397//864
f 1416//865 1417//865 1397//865
f 1417//866 1398//866 1397//866
f 1417//793 1418//793 1419//793
f 1398//824 1419//824 1420//824
f 1399//795 1420//795 1421//795
f 1400//796 1421//796 1422//796
f 1401//797 1422//797 1423//797
f 1402//798 1423//798 1424//798
f 1403//822 1424//822 1425//822
f 1404//821 1425//821 1426//821
f 1405//820 1426//820 1427//820
f 1406//819 1427//819 1428//819
f 1407//818 1428//818 1429//818
f 1408//804 1429//804 1430//804
f 1409//817 1430//817 1431//817
f 1410//816 1431//816 1432//816
f 1411//807 1432//807 1433//807
f 1412//808 1433//808 1434//808
f 1413//809 1434//809 1435//809
f 1414//815 1435//815 1436//815
f 1415//814 1436//814 1437//814
f 1416//813 1437//813 1418//813
f 1418//813 1417//813 1416//813
f 1437//845 1416//845 1415//845
f 1436//815 1415//815 1414//815
f 1435//809 1414//809 1413//809
f 1434//808 1413//808 1412//808
f 1433//807 1412//807 1411//807
f 1432//902 1411//902 1410//902
f 1431//817 1410//817 1409//817
f 1430//903 1409//903 1408//903
f 1429//818 1408//818 1407//818
f 1428//819 1407//819 1406//819
f 1427//871 1406//871 1405//871
f 1426//821 1405//821 1404//821
f 1425//904 1404//904 1403//904
f 1424//798 1403//798 1402//798
f 1423//797 1402//797 1401//797
f 1422//796 1401//796 1400//796
f 1421//879 1400//879 1399//879
f 1420//883 1399//883 1398//883
f 1419//793 1398//793 1417//793
f 1438//826 1437//826 1436//826
f 1436//827 1435//827 1438//827
f 1435//828 1434//828 1438//828
f 1434//829 1433//829 1438//829
f 1433//830 1432//830 1438//830
f 1432//828 1431//828 1438//828
f 1431//836 1430//836 1438//836
f 1430//832 1429//832 1438//832
f 1429//833 1428//833 1438//833
f 1428//834 1427//834 1438//834
f 1427//885 1426//885 1438//885
f 1426//827 1425//827 1438//827
f 1425//828 1424//828 1438//828
f 1424//830 1423//830 1438//830
f 1423//829 1422//829 1438//829
f 1422//829 1421//829 1438//829
f 1421//836 1420//836 1438//836
f 1420//837 1419//837 1438//837
f 1419//838 1418//838 1438//838
f 1418//839 1437//839 1438//839
f 1439//867 1440//867 1441//867
f 1441//783 1442//783 1439//783
f 1442//850 1443//850 1439//850
f 1443//785 1444//785 1439//785
f 1444//785 1445//785 1439//785
f 1445//850 1446//850 1439//850
f 1446//869 1447//869 1439//869
f 1447//857 1448//857 1439//857
f 1448//788 1449//788 1439//788
f 1449//789 1450//789 1439//789
f 1450//856 1451//856 1439//856
f 1451//849 1452//849 1439//849
f 1452//850 1453//850 1439//850
f 1453//785 1454//785 1439//785
f 1454//785 1455//785 1439//785
f 1455//850 1456//850 1439//850
f 1456//786 1457//786 1439//786
f 1457//864 1458//864 1439//864
f 1458//865 1459//865 1439//865
f 1459//866 1440//866 1439//866
f 1459//793 1460//793 1461//793
f 1440//824 1461//824 1462//824
f 1441//795 1462//795 1463//795
f 1442//796 1463//796 1464//796
f 1443//797 1464//797 1465//797
f 1444//798 1465//798 1466//798
f 1445//822 1466//822 1467//822
f 1446//821 1467//821 1468//821
f 1447//820 1468//820 1469//820
f 1448//819 1469//819 1470//819
f 1449//818 1470//818 1471//818
f 1450//804 1471//804 1472//804
f 1451//817 1472//817 1473//817
f 1452//816 1473//816 1474//816
f 1453//807 1474//807 1475//807
f 1454//808 1475//808 1476//808
f 1455//809 1476//809 1477//809
f 1456//815 1477//815 1478//815
f 1457//814 1478//814 1479//814
f 1458//813 1479//813 1460//813
f 1460//813 1459//813 1458//813
f 1479//862 1458//862 1457//862
f 1478//905 1457//905 1456//905
f 1477//809 1456//809 1455//809
f 1476//808 1455//808 1454//808
f 1475//807 1454//807 1453//807
f 1474//816 1453//816 1452//816
f 1473//906 1452//906 1451//906
f 1472//892 1451//892 1450//892
f 1471//818 1450//818 1449//818
f 1470//819 1449//819 1448//819
f 1469//899 1448//899 1447//899
f 1468//907 1447//907 1446//907
f 1467//822 1446//822 1445//822
f 1466//798 1445//798 1444//798
f 1465//797 1444//797 1443//797
f 1464//796 1443//796 1442//796
f 1463//823 1442//823 1441//823
f 1462//883 1441//883 1440//883
f 1461//793 1440//793 1459//793
f 1480//826 1479//826 1478//826
f 1478//827 1477//827 1480//827
f 1477//828 1476//828 1480//828
f 1476//829 1475//829 1480//829
f 1475//830 1474//830 1480//830
f 1474//828 1473//828 1480//828
f 1473//836 1472//836 1480//836
f 1472//832 1471//832 1480//832
f 1471//833 1470//833 1480//833
f 1470//834 1469//834 1480//834
f 1469//885 1468//885 1480//885
f 1468//827 1467//827 1480//827
f 1467//828 1466//828 1480//828
f 1466//830 1465//830 1480//830
f 1465//829 1464//829 1480//829
f 1464//829 1463//829 1480//829
f 1463//836 1462//836 1480//836
f 1462//837 1461//837 1480//837
f 1461//838 1460//838 1480//838
f 1460//839 1479//839 1480//839
f 1481//782 1482//782 1483//782
f 1483//908 1484//908 1481//908
f 1484//784 1485//784 1481//784
f 1485//868 1486//868 1481//868
f 1486//850 1487//850 1481//850
f 1487//850 1488//850 1481//850
f 1488//869 1489//869 1481//869
f 1489//857 1490//857 1481//857
f 1490//788 1491//788 1481//788
f 1491//789 1492//789 1481//789
f 1492//856 1493//856 1481//856
f 1493//860 1494//860 1481//860
f 1494//850 1495//850 1481//850
f 1495//850 1496//850 1481//850
f 1496//868 1497//868 1481//868
f 1497//784 1498//784 1481//784
f 1498//786 1499//786 1481//786
f 1499//792 1500//792 1481//792
f 1500//788 1501//788 1481//788
f 1501//789 1482//789 1481//789
f 1501//793 1502//793 1503//793
f 1482//824 1503//824 1504//824
f 1483//795 1504//795 1505//795
f 1484//796 1505//796 1506//796
f 1485//797 1506//797 1507//797
f 1486//798 1507//798 1508//798
f 1487//822 1508//822 1509//822
f 1488//821 1509//821 1510//821
f 1489//820 1510//820 1511//820
f 1490//819 1511//819 1512//819
f 1491//818 1512//818 1513//818
f 1492//804 1513//804 1514//804
f 1493//817 1514//817 1515//817
f 1494//816 1515//816 1516//816
f 1495//807 1516//807 1517//807
f 1496//808 1517//808 1518//808
f 1497//809 1518//809 1519//809
f 1498//815 1519//815 1520//815
f 1499//814 1520//814 1521//814
f 1500//813 1521//813 1502//813
f 1502//813 1501//813 1500//813
f 1521//814 1500//814 1499//814
f 1520//815 1499//815 1498//815
f 1519//809 1498//809 1497//809
f 1518//808 1497//808 1496//808
f 1517//807 1496//807 1495//807
f 1516//816 1495//816 1494//816
f 1515//906 1494//906 1493//906
f 1514//892 1493//892 1492//892
f 1513//818 1492//818 1491//818
f 1512//819 1491//819 1490//819
f 1511//871 1490//871 1489//871
f 1510//907 1489//907 1488//907
f 1509//822 1488//822 1487//822
f 1508//798 1487//798 1486//798
f 1507//797 1486//797 1485//797
f 1506//796 1485//796 1484//796
f 1505//795 1484//795 1483//795
f 1504//824 1483//824 1482//824
f 1503//793 1482//793 1501//793
f 1522//826 1521//826 1520//826
f 1520//827 1519//827 1522//827
f 1519//828 1518//828 1522//828
f 1518//829 1517//829 1522//829
f 1517//830 1516//830 1522//830
f 1516//828 1515//828 1522//828
f 1515//836 1514//836 1522//836
f 1514//832 1513//832 1522//832
f 1513//833 1512//833 1522//833
f 1512//834 1511//834 1522//834
f 1511//885 1510//885 1522//885
f 1510//827 1509//827 1522//827
f 1509//828 1508//828 1522//828
f 1508//830 1507//830 1522//830
f 1507//829 1506//829 1522//829
f 1506//829 1505//829 1522//829
f 1505//836 1504//836 1522//836
f 1504//837 1503//837 1522//837
f 1503//838 1502//838 1522//838
f 1502//839 1521//839 1522//839
f 1523//909 1524//909 1525//909
f 1525//910 1526//910 1523//910
f 1526//911 1527//911 1523//911
f 1527//912 1528//912 1523//912
f 1528//913 1529//913 1523//913
f 1529//914 1530//914 1523//914
f 1530//915 1531//915 1523//915
f 1531//916 1532//916 1523//916
f 1532//917 1533//917 1523//917
f 1533//918 1534//918 1523//918
f 1534//919 1535//919 1523//919
f 1535//915 1536//915 1523//915
f 1536//920 1537//920 1523//920
f 1537//913 1538//913 1523//913
f 1538//912 1539//912 1523//912
f 1539//921 1540//921 1523//921
f 1540//910 1541//910 1523//910
f 1541//922 1542//922 1523//922
f 1542//917 1543//917 1523//917
f 1543//923 1524//923 1523//923
f 1543//924 1544//924 1545//924
f 1524//925 1545//925 1546//925
f 1525//926 1546//926 1547//926
f 1526//927 1547//927 1548//927
f 1527//928 1548//928 1549//928
f 1528//929 1549//929 1550//929
f 1529//930 1550//930 1551//930
f 1530//931 1551//931 1552//931
f 1531//932 1552//932 1553//932
f 1532//933 1553//933 1554//933
f 1533//934 1554//934 1555//934
f 1534//935 1555//935 1556//935
f 1535//936 1556//936 1557//936
f 1536//937 1557//937 1558//937
f 1537//938 1558//938 1559//938
f 1538//939 1559//939 1560//939
f 1539//940 1560//940 1561//940
f 1540//941 1561//941 1562//941
f 1541//942 1562//942 1563//942
f 1542//943 1563//943 1544//943
f 1544//944 1543//944 1542//944
f 1563//945 1542//945 1541//945
f 1562//946 1541//946 1540//946
f 1561//940 1540//940 1539//940
f 1560//939 1539//939 1538//939
f 1559//938 1538//938 1537//938
f 1558//937 1537//937 1536//937
f 1557//947 1536//947 1535//947
f 1556//935 1535//935 1534//935
f 1555//948 1534//948 1533//948
f 1554//949 1533//949 1532//949
f 1553//932 1532//932 1531//932
f 1552//950 1531//950 1530//950
f 1551//930 1530//930 1529//930
f 1550//929 1529//929 1528//929
f 1549//928 1528//928 1527//928
f 1548//927 1527//927 1526//927
f 1547//951 1526//951 1525//951
f 1546//952 1525//952 1524//952
f 1545//953 1524//953 1543//953
f 1564//954 1563//954 1562//954
f 1562//955 1561//955 1564//955
f 1561//956 1560//956 1564//956
f 1560//957 1559//957 1564//957
f 1559//958 1558//958 1564//958
f 1558//959 1557//959 1564//959
f 1557//960 1556//960 1564//960
f 1556//961 1555//961 1564//961
f 1555//962 1554//962 1564//962
f 1554//963 1553//963 1564//963
f 1553//964 1552//964 1564//964
f 1552//955 1551//955 1564//955
f 1551//965 1550//965 1564//965
f 1550//958 1549//958 1564//958
f 1549//957 1548//957 1564//957
f 1548//966 1547//966 1564//966
f 1547//955 1546//955 1564//955
f 1546//967 1545//967 1564//967
f 1545//968 1544//968 1564//968
f 1544//969 1563//969 1564//969
f 1565//970 1566//970 1567//970
f 1567//971 1568//971 1565//971
f 1568//972 1569//972 1565//972
f 1569//973 1570//973 1565//973
f 1570//973 1571//973 1565//973
f 1571//974 1572//974 1565//974
f 1572//975 1573//975 1565//975
f 1573//976 1574//976 1565//976
f 1574//977 1575//977 1565//977
f 1575//978 1576//978 1565//978
f 1576//979 1577//979 1565//979
f 1577//971 1578//971 1565//971
f 1578//972 1579//972 1565//972
f 1579//973 1580//973 1565//973
f 1580//973 1581//973 1565//973
f 1581//974 1582//974 1565//974
f 1582//980 1583//980 1565//980
f 1583//981 1584//981 1565//981
f 1584//977 1585//977 1565//977
f 1585//978 1566//978 1565//978
f 1585//982 1586//982 1587//982
f 1566//983 1587//983 1588//983
f 1567//984 1588//984 1589//984
f 1568//985 1589//985 1590//985
f 1569//986 1590//986 1591//986
f 1570//987 1591//987 1592//987
f 1571//988 1592//988 1593//988
f 1572//989 1593//989 1594//989
f 1573//990 1594//990 1595//990
f 1574//991 1595//991 1596//991
f 1575//992 1596//992 1597//992
f 1576//993 1597//993 1598//993
f 1577//994 1598//994 1599//994
f 1578//995 1599//995 1600//995
f 1579//996 1600//996 1601//996
f 1580//997 1601//997 1602//997
f 1581//998 1602//998 1603//998
f 1582//999 1603//999 1604//999
f 1583//1000 1604//1000 1605//1000
f 1584//1001 1605//1001 1586//1001
f 1586//1001 1585//1001 1584//1001
f 1605//1000 1584//1000 1583//1000
f 1604//999 1583//999 1582//999
f 1603//998 1582//998 1581//998
f 1602//997 1581//997 1580//997
f 1601//996 1580//996 1579//996
f 1600//995 1579//995 1578//995
f 1599//994 1578//994 1577//994
f 1598//993 1577//993 1576//993
f 1597//992 1576//992 1575//992
f 1596//991 1575//991 1574//991
f 1595//990 1574//990 1573//990
f 1594//989 1573//989 1572//989
f 1593//988 1572//988 1571//988
f 1592//987 1571//987 1570//987
f 1591//986 1570//986 1569//986
f 1590//985 1569//985 1568//985
f 1589//984 1568//984 1567//984
f 1588//983 1567//983 1566//983
f 1587//982 1566//982 1585//982
f 1606//1002 1605//1002 1604//1002
f 1604//1003 1603//1003 1606//1003
f 1603//1004 1602//1004 1606//1004
f 1602//1005 1601//1005 1606//1005
f 1601//1006 1600//1006 1606//1006
f 1600//1007 1599//1007 1606//1007
f 1599//1008 1598//1008 1606//1008
f 1598//1009 1597//1009 1606//1009
f 1597//1010 1596//1010 1606//1010
f 1596//1011 1595//1011 1606//1011
f 1595//1002 1594//1002 1606//1002
f 1594//1003 1593//1003 1606//1003
f 1593//1004 1592//1004 1606//1004
f 1592//1006 1591//1006 1606//1006
f 1591//1005 1590//1005 1606//1005
f 1590//1012 1589//1012 1606//1012
f 1589//1008 1588//1008 1606//1008
f 1588//1013 1587//1013 1606//1013
f 1587//1010 1586//1010 1606//1010
f 1586//1011 1605//1011 1606//1011
f 1607//1014 1608//1014 1609//1014
f 1609//1015 1610//1015 1607//1015
f 1610//1016 1611//1016 1607//1016
f 1611//1017 1612//1017 1607//1017
f 1612//1018 1613//1018 1607//1018
f 1613//1015 1614//1015 1607//1015
f 1614//1019 1615//1019 1607//1019
f 1615//1020 1616//1020 1607//1020
f 1616//1021 1617//1021 1607//1021
f 1617//1022 1618//1022 1607//1022
f 1618//1014 1619//1014 1607//1014
f 1619//1023 1620//1023 1607//1023
f 1620//1016 1621//1016 1607//1016
f 1621//1018 1622//1018 1607//1018
f 1622//1017 1623//1017 1607//1017
f 1623//1015 1624//1015 1607//1015
f 1624//1015 1625//1015 1607//1015
f 1625//1020 1626//1020 1607//1020
f 1626//1024 1627//1024 1607//1024
f 1627//1025 1608//1025 1607//1025
f 1627//1026 1628//1026 1629//1026
f 1608//1027 1629//1027 1630//1027
f 1609//1028 1630//1028 1631//1028
f 1610//1029 1631//1029 1632//1029
f 1611//1030 1632//1030 1633//1030
f 1612//1031 1633//1031 1634//1031
f 1613//1032 1634//1032 1635//1032
f 1614//1033 1635//1033 1636//1033
f 1615//1034 1636//1034 1637//1034
f 1616//1035 1637//1035 1638//1035
f 1617//1036 1638//1036 1639//1036
f 1618//1037 1639//1037 1640//1037
f 1619//1038 1640//1038 1641//1038
f 1620//1039 1641//1039 1642//1039
f 1621//1040 1642//1040 1643//1040
f 1622//1041 1643//1041 1644//1041
f 1623//1042 1644//1042 1645//1042
f 1624//1043 1645//1043 1646//1043
f 1625//1044 1646//1044 1647//1044
f 1626//1045 1647//1045 1628//1045
f 1628//1045 1627//1045 1626//1045
f 1647//1046 1626//1046 1625//1046
f 1646//1047 1625//1047 1624//1047
f 1645//1042 1624//1042 1623//1042
f 1644//1048 1623//1048 1622//1048
f 1643//1049 1622//1049 1621//1049
f 1642//1039 1621//1039 1620//1039
f 1641//1050 1620//1050 1619//1050
f 1640//1051 1619//1051 1618//1051
f 1639//1052 1618//1052 1617//1052
f 1638//1053 1617//1053 1616//1053
f 1637//1054 1616//1054 1615//1054
f 1636//1055 1615//1055 1614//1055
f 1635//1032 1614//1032 1613//1032
f 1634//1031 1613//1031 1612//1031
f 1633//1030 1612//1030 1611//1030
f 1632//1029 1611//1029 1610//1029
f 1631//1028 1610//1028 1609//1028
f 1630//1056 1609//1056 1608//1056
f 1629//1026 1608//1026 1627//1026
f 1648//1057 1647//1057 1646//1057
f 1646//1058 1645//1058 1648//1058
f 1645//1059 1644//1059 1648//1059
f 1644//1060 1643//1060 1648//1060
f 1643//1060 1642//1060 1648//1060
f 1642//1059 1641//1059 1648//1059
f 1641//1061 1640//1061 1648//1061
f 1640//1062 1639//1062 1648//1062
f 1639//1063 1638//1063 1648//1063
f 1638//1064 1637//1064 1648//1064
f 1637//1065 1636//1065 1648//1065
f 1636//1058 1635//1058 1648//1058
f 1635//1059 1634//1059 1648//1059
f 1634//1060 1633//1060 1648//1060
f 1633//1060 1632//1060 1648//1060
f 1632//1059 1631//1059 1648//1059
f 1631//1059 1630//1059 1648//1059
f 1630//1066 1629//1066 1648//1066
f 1629//1063 1628//1063 1648//1063
f 1628//1064 1647//1064 1648//1064
f 1649//1067 1650//1067 1651//1067
f 1651//1068 1652//1068 1649//1068
f 1652//1069 1653//1069 1649//1069
f 1653//1070 1654//1070 1649//1070
f 1654//1071 1655//1071 1649//1071
f 1655//1072 1656//1072 1649//1072
f 1656//1073 1657//1073 1649//1073
f 1657//1074 1658//1074 1649//1074
f 1658//1075 1659//1075 1649//1075
f 1659//1076 1660//1076 1649//1076
f 1660//1077 1661//1077 1649//1077
f 1661//1068 1662//1068 1649//1068
f 1662//1078 1663//1078 1649//1078
f 1663//1071 1664//1071 1649//1071
f 1664//1070 1665//1070 1649//1070
f 1665//1079 1666//1079 1649//1079
f 1666//1080 1667//1080 1649//1080
f 1667//1074 1668//1074 1649//1074
f 1668//1075 1669//1075 1649//1075
f 1669//1076 1650//1076 1649//1076
f 1669//1081 1670//1081 1671//1081
f 1650//1082 1671//1082 1672//1082
f 1651//1083 1672//1083 1673//1083
f 1652//1084 1673//1084 1674//1084
f 1653//1085 1674//1085 1675//1085
f 1654//1086 1675//1086 1676//1086
f 1655//1087 1676//1087 1677//1087
f 1656//1088 1677//1088 1678//1088
f 1657//1089 1678//1089 1679//1089
f 1658//1090 1679//1090 1680//1090
f 1659//1091 1680//1091 1681//1091
f 1660//1092 1681//1092 1682//1092
f 1661//1093 1682//1093 1683//1093
f 1662//1094 1683//1094 1684//1094
f 1663//1095 1684//1095 1685//1095
f 1664//1096 1685//1096 1686//1096
f 1665//1097 1686//1097 1687//1097
f 1666//1098 1687//1098 1688//1098
f 1667//1099 1688//1099 1689//1099
f 1668//1100 1689//1100 1670//1100
f 1670//1100 1669//1100 1668//1100
f 1689//1099 1668//1099 1667//1099
f 1688//1098 1667//1098 1666//1098
f 1687//1097 1666//1097 1665//1097
f 1686//1096 1665//1096 1664//1096
f 1685//1095 1664//1095 1663//1095
f 1684//1094 1663//1094 1662//1094
f 1683//1093 1662//1093 1661//1093
f 1682//1101 1661//1101 1660//1101
f 1681//1091 1660//1091 1659//1091
f 1680//1102 1659//1102 1658//1102
f 1679//1103 1658//1103 1657//1103
f 1678//1088 1657//1088 1656//1088
f 1677//1087 1656//1087 1655//1087
f 1676//1086 1655//1086 1654//1086
f 1675//1085 1654//1085 1653//1085
f 1674//1084 1653//1084 1652//1084
f 1673//1083 1652//1083 1651//1083
f 1672//1104 1651//1104 1650//1104
f 1671//1105 1650//1105 1669//1105
f 1690//1106 1689//1106 1688//1106
f 1688//1107 1687//1107 1690//1107
f 1687//1108 1686//1108 1690//1108
f 1686//1109 1685//1109 1690//1109
f 1685//1110 1684//1110 1690//1110
f 1684//1111 1683//1111 1690//1111
f 1683//1112 1682//1112 1690//1112
f 1682//1113 1681//1113 1690//1113
f 1681//1114 1680//1114 1690//1114
f 1680//1115 1679//1115 1690//1115
f 1679//1116 1678//1116 1690//1116
f 1678//1107 1677//1107 1690//1107
f 1677//1117 1676//1117 1690//1117
f 1676//1110 1675//1110 1690//1110
f 1675//1109 1674//1109 1690//1109
f 1674//1111 1673//1111 1690//1111
f 1673//1118 1672//1118 1690//1118
f 1672//1119 1671//1119 1690//1119
f 1671//1114 1670//1114 1690//1114
f 1670//1115 1689//1115 1690//1115
f 1691//1120 1692//1120 1693//1120
f 1693//1121 1694//1121 1691//1121
f 1694//1122 1695//1122 1691//1122
f 1695//1123 1696//1123 1691//1123
f 1696//1123 1697//1123 1691//1123
f 1697//1124 1698//1124 1691//1124
f 1698//1125 1699//1125 1691//1125
f 1699//1126 1700//1126 1691//1126
f 1700//1127 1701//1127 1691//1127
f 1701//1128 1702//1128 1691//1128
f 1702//1129 1703//1129 1691//1129
f 1703//1121 1704//1121 1691//1121
f 1704//1122 1705//1122 1691//1122
f 1705//1123 1706//1123 1691//1123
f 1706//1123 1707//1123 1691//1123
f 1707//1124 1708//1124 1691//1124
f 1708//1130 1709//1130 1691//1130
f 1709//1131 1710//1131 1691//1131
f 1710//1132 1711//1132 1691//1132
f 1711//1133 1692//1133 1691//1133
f 1711//1134 1712//1134 1713//1134
f 1692//1135 1713//1135 1714//1135
f 1693//1136 1714//1136 1715//1136
f 1694//1137 1715//1137 1716//1137
f 1695//1138 1716//1138 1717//1138
f 1696//1139 1717//1139 1718//1139
f 1697//1140 1718//1140 1719//1140
f 1698//1141 1719//1141 1720//1141
f 1699//1142 1720//1142 1721//1142
f 1700//1143 1721//1143 1722//1143
f 1701//1144 1722//1144 1723//1144
f 1702//1145 1723//1145 1724//1145
f 1703//1146 1724//1146 1725//1146
f 1704//1147 1725//1147 1726//1147
f 1705//1148 1726//1148 1727//1148
f 1706//1149 1727//1149 1728//1149
f 1707//1150 1728//1150 1729//1150
f 1708//1151 1729//1151 1730//1151
f 1709//1152 1730//1152 1731//1152
f 1710//1153 1731//1153 1712//1153
f 1712//1153 1711//1153 1710//1153
f 1731//1154 1710//1154 1709//1154
f 1730//1151 1709//1151 1708//1151
f 1729//1150 1708//1150 1707//1150
f 1728//1149 1707//1149 1706//1149
f 1727//1148 1706//1148 1705//1148
f 1726//1147 1705//1147 1704//1147
f 1725//1146 1704//1146 1703//1146
f 1724//1155 1703//1155 1702//1155
f 1723//1144 1702//1144 1701//1144
f 1722//1143 1701//1143 1700//1143
f 1721//1156 1700//1156 1699//1156
f 1720//1141 1699//1141 1698//1141
f 1719//1140 1698//1140 1697//1140
f 1718//1139 1697//1139 1696//1139
f 1717//1138 1696//1138 1695//1138
f 1716//1137 1695//1137 1694//1137
f 1715//1136 1694//1136 1693//1136
f 1714//1135 1693//1135 1692//1135
f 1713//1134 1692//1134 1711//1134
f 1732//1157 1731//1157 1730//1157
f 1730//1158 1729//1158 1732//1158
f 1729//1159 1728//1159 1732//1159
f 1728//1160 1727//1160 1732//1160
f 1727//1161 1726//1161 1732//1161
f 1726//1162 1725//1162 1732//1162
f 1725//1163 1724//1163 1732//1163
f 1724//1164 1723//1164 1732//1164
f 1723//1165 1722//1165 1732//1165
f 1722//1166 1721//1166 1732//1166
f 1721//1167 1720//1167 1732//1167
f 1720//1158 1719//1158 1732//1158
f 1719//1168 1718//1168 1732//1168
f 1718//1161 1717//1161 1732//1161
f 1717//1160 1716//1160 1732//1160
f 1716//1169 1715//1169 1732//1169
f 1715//1163 1714//1163 1732//1163
f 1714//1164 1713//1164 1732//1164
f 1713//1170 1712//1170 1732//1170
f 1712//1171 1731//1171 1732//1171
f 1733//1172 1734//1172 1735//1172
f 1735//1173 1736//1173 1733//1173
f 1736//1174 1737//1174 1733//1174
f 1737//1175 1738//1175 1733//1175
f 1738//1176 1739//1176 1733//1176
f 1739//1177 1740//1177 1733//1177
f 1740//1178 1741//1178 1733//1178
f 1741//1179 1742//1179 1733//1179
f 1742//1180 1743//1180 1733//1180
f 1743//1181 1744//1181 1733//1181
f 1744//1182 1745//1182 1733//1182
f 1745//1183 1746//1183 1733//1183
f 1746//1174 1747//1174 1733//1174
f 1747//1175 1748//1175 1733//1175
f 1748//1175 1749//1175 1733//1175
f 1749//1177 1750//1177 1733//1177
f 1750//1184 1751//1184 1733//1184
f 1751//1179 1752//1179 1733//1179
f 1752//1180 1753//1180 1733//1180
f 1753//1181 1734//1181 1733//1181
f 1753//1185 1754//1185 1755//1185
f 1734//1186 1755//1186 1756//1186
f 1735//1187 1756//1187 1757//1187
f 1736//1188 1757//1188 1758//1188
f 1737//1189 1758//1189 1759//1189
f 1738//1190 1759//1190 1760//1190
f 1739//1191 1760//1191 1761//1191
f 1740//1192 1761//1192 1762//1192
f 1741//1193 1762//1193 1763//1193
f 1742//1194 1763//1194 1764//1194
f 1743//1195 1764//1195 1765//1195
f 1744//1196 1765//1196 1766//1196
f 1745//1197 1766//1197 1767//1197
f 1746//1198 1767//1198 1768//1198
f 1747//1199 1768//1199 1769//1199
f 1748//1200 1769//1200 1770//1200
f 1749//1201 1770//1201 1771//1201
f 1750//1202 1771//1202 1772//1202
f 1751//1203 1772//1203 1773//1203
f 1752//1204 1773//1204 1754//1204
f 1754//1205 1753//1205 1752//1205
f 1773//1206 1752//1206 1751//1206
f 1772//1202 1751//1202 1750//1202
f 1771//1201 1750//1201 1749//1201
f 1770//1200 1749//1200 1748//1200
f 1769//1199 1748//1199 1747//1199
f 1768//1198 1747//1198 1746//1198
f 1767//1207 1746//1207 1745//1207
f 1766//1208 1745//1208 1744//1208
f 1765//1209 1744//1209 1743//1209
f 1764//1210 1743//1210 1742//1210
f 1763//1211 1742//1211 1741//1211
f 1762//1192 1741//1192 1740//1192
f 1761//1191 1740//1191 1739//1191
f 1760//1190 1739//1190 1738//1190
f 1759//1189 1738//1189 1737//1189
f 1758//1188 1737//1188 1736//1188
f 1757//1187 1736//1187 1735//1187
f 1756//1212 1735//1212 1734//1212
f 1755//1213 1734//1213 1753//1213
f 1774//1214 1773//1214 1772//1214
f 1772//1215 1771//1215 1774//1215
f 1771//1216 1770//1216 1774//1216
f 1770//1217 1769//1217 1774//1217
f 1769//1217 1768//1217 1774//1217
f 1768//1218 1767//1218 1774//1218
f 1767//1219 1766//1219 1774//1219
f 1766//1220 1765//1220 1774//1220
f 1765//1221 1764//1221 1774//1221
f 1764//1222 1763//1222 1774//1222
f 1763//1223 1762//1223 1774//1223
f 1762//1215 1761//1215 1774//1215
f 1761//1216 1760//1216 1774//1216
f 1760//1217 1759//1217 1774//1217
f 1759//1217 1758//1217 1774//1217
f 1758//1218 1757//1218 1774//1218
f 1757//1224 1756//1224 1774//1224
f 1756//1225 1755//1225 1774//1225
f 1755//1221 1754//1221 1774//1221
f 1754//1222 1773//1222 1774//1222
f 1775//1226 1776//1226 1777//1226
f 1777//1227 1778//1227 1775//1227
f 1778//1228 1779//1228 1775//1228
f 1779//1229 1780//1229 1775//1229
f 1780//1229 1781//1229 1775//1229
f 1781//1230 1782//1230 1775//1230
f 1782//1231 1783//1231 1775//1231
f 1783//1232 1784//1232 1775//1232
f 1784//1233 1785//1233 1775//1233
f 1785//1234 1786//1234 1775//1234
f 1786//1235 1787//1235 1775//1235
f 1787//1236 1788//1236 1775//1236
f 1788//1228 1789//1228 1775//1228
f 1789//1229 1790//1229 1775//1229
f 1790//1229 1791//1229 1775//1229
f 1791//1230 1792//1230 1775//1230
f 1792//1237 1793//1237 1775//1237
f 1793//1232 1794//1232 1775//1232
f 1794//1233 1795//1233 1775//1233
f 1795//1234 1776//1234 1775//1234
f 1795//1238 1796//1238 1797//1238
f 1776//1239 1797//1239 1798//1239
f 1777//1240 1798//1240 1799//1240
f 1778//1241 1799//1241 1800//1241
f 1779//1242 1800//1242 1801//1242
f 1780//1243 1801//1243 1802//1243
f 1781//1244 1802//1244 1803//1244
f 1782//1245 1803//1245 1804//1245
f 1783//1246 1804//1246 1805//1246
f 1784//1247 1805//1247 1806//1247
f 1785//1248 1806//1248 1807//1248
f 1786//1249 1807//1249 1808//1249
f 1787//1250 1808//1250 1809//1250
f 1788//1251 1809//1251 1810//1251
f 1789//1252 1810//1252 1811//1252
f 1790//1253 1811//1253 1812//1253
f 1791//1254 1812//1254 1813//1254
f 1792//1255 1813//1255 1814//1255
f 1793//1256 1814//1256 1815//1256
f 1794//1257 1815//1257 1796//1257
f 1796//1257 1795//1257 1794//1257
f 1815//1258 1794//1258 1793//1258
f 1814//1255 1793//1255 1792//1255
f 1813//1254 1792//1254 1791//1254
f 1812//1253 1791//1253 1790//1253
f 1811//1252 1790//1252 1789//1252
f 1810//1259 1789//1259 1788//1259
f 1809//1260 1788//1260 1787//1260
f 1808//1261 1787//1261 1786//1261
f 1807//1248 1786//1248 1785//1248
f 1806//1247 1785//1247 1784//1247
f 1805//1262 1784//1262 1783//1262
f 1804//1263 1783//1263 1782//1263
f 1803//1244 1782//1244 1781//1244
f 1802//1243 1781//1243 1780//1243
f 1801//1242 1780//1242 1779//1242
f 1800//1241 1779//1241 1778//1241
f 1799//1264 1778//1264 1777//1264
f 1798//1265 1777//1265 1776//1265
f 1797//1238 1776//1238 1795//1238
f 1816//1266 1815//1266 1814//1266
f 1814//1267 1813//1267 1816//1267
f 1813//1268 1812//1268 1816//1268
f 1812//1269 1811//1269 1816//1269
f 1811//1270 1810//1270 1816//1270
f 1810//1271 1809//1271 1816//1271
f 1809//1272 1808//1272 1816//1272
f 1808//1273 1807//1273 1816//1273
f 1807//1274 1806//1274 1816//1274
f 1806//1275 1805//1275 1816//1275
f 1805//1266 1804//1266 1816//1266
f 1804//1276 1803//1276 1816//1276
f 1803//1277 1802//1277 1816//1277
f 1802//1270 1801//1270 1816//1270
f 1801//1269 1800//1269 1816//1269
f 1800//1271 1799//1271 1816//1271
f 1799//1278 1798//1278 1816//1278
f 1798//1273 1797//1273 1816//1273
f 1797//1279 1796//1279 1816//1279
f 1796//1280 1815//1280 1816//1280
f 1817//1281 1818//1281 1819//1281
f 1819//1282 1820//1282 1817//1282
f 1820//1283 1821//1283 1817//1283
f 1821//1284 1822//1284 1817//1284
f 1822//1284 1823//1284 1817//1284
f 1823//1285 1824//1285 1817//1285
f 1824//1286 1825//1286 1817//1286
f 1825//1287 1826//1287 1817//1287
f 1826//1288 1827//1288 1817//1288
f 1827//1289 1828//1289 1817//1289
f 1828//1290 1829//1290 1817//1290
f 1829//1282 1830//1282 1817//1282
f 1830//1283 1831//1283 1817//1283
f 1831//1284 1832//1284 1817//1284
f 1832//1284 1833//1284 1817//1284
f 1833//1285 1834//1285 1817//1285
f 1834//1286 1835//1286 1817//1286
f 1835//1291 1836//1291 1817//1291
f 1836//1292 1837//1292 1817//1292
f 1837//1293 1818//1293 1817//1293
f 1837//1294 1838//1294 1839//1294
f 1818//1295 1839//1295 1840//1295
f 1819//1296 1840//1296 1841//1296
f 1820//1297 1841//1297 1842//1297
f 1821//1298 1842//1298 1843//1298
f 1822//1299 1843//1299 1844//1299
f 1823//1300 1844//1300 1845//1300
f 1824//1301 1845//1301 1846//1301
f 1825//1302 1846//1302 1847//1302
f 1826//1303 1847//1303 1848//1303
f 1827//1304 1848//1304 1849//1304
f 1828//1305 1849//1305 1850//1305
f 1829//1306 1850//1306 1851//1306
f 1830//1307 1851//1307 1852//1307
f 1831//1308 1852//1308 1853//1308
f 1832//1309 1853//1309 1854//1309
f 1833//1310 1854//1310 1855//1310
f 1834//1311 1855//1311 1856//1311
f 1835//1312 1856//1312 1857//1312
f 1836//1313 1857//1313 1838//1313
f 1838//1314 1837//1314 1836//1314
f 1857//1312 1836//1312 1835//1312
f 1856//1311 1835//1311 1834//1311
f 1855//1310 1834//1310 1833//1310
f 1854//1315 1833//1315 1832//1315
f 1853//1316 1832//1316 1831//1316
f 1852//1307 1831//1307 1830//1307
f 1851//1306 1830//1306 1829//1306
f 1850//1317 1829//1317 1828//1317
f 1849//1318 1828//1318 1827//1318
f 1848//1319 1827//1319 1826//1319
f 1847//1320 1826//1320 1825//1320
f 1846//1301 1825//1301 1824//1301
f 1845//1300 1824//1300 1823//1300
f 1844//1321 1823//1321 1822//1321
f 1843//1298 1822//1298 1821//1298
f 1842//1297 1821//1297 1820//1297
f 1841//1322 1820//1322 1819//1322
f 1840//1295 1819//1295 1818//1295
f 1839//1294 1818//1294 1837//1294
f 1858//1323 1857//1323 1856//1323
f 1856//1324 1855//1324 1858//1324
f 1855//1325 1854//1325 1858//1325
f 1854//1326 1853//1326 1858//1326
f 1853//1327 1852//1327 1858//1327
f 1852//1328 1851//1328 1858//1328
f 1851//1329 1850//1329 1858//1329
f 1850//1330 1849//1330 1858//1330
f 1849//1331 1848//1331 1858//1331
f 1848//1332 1847//1332 1858//1332
f 1847//1333 1846//1333 1858//1333
f 1846//1324 1845//1324 1858//1324
f 1845//1325 1844//1325 1858//1325
f 1844//1327 1843//1327 1858//1327
f 1843//1326 1842//1326 1858//1326
f 1842//1328 1841//1328 1858//1328
f 1841//1329 1840//1329 1858//1329
f 1840//1330 1839//1330 1858//1330
f 1839//1331 1838//1331 1858//1331
f 1838//1332 1857//1332 1858//1332
f 1859//1334 1860//1334 1861//1334
f 1861//1335 1862//1335 1859//1335
f 1862//1336 1863//1336 1859//1336
f 1863//1337 1864//1337 1859//1337
f 1864//1337 1865//1337 1859//1337
f 1865//1336 1866//1336 1859//1336
f 1866//1338 1867//1338 1859//1338
f 1867//1339 1868//1339 1859//1339
f 1868//1340 1869//1340 1859//1340
f 1869//1341 1870//1341 1859//1341
f 1870//1334 1871//1334 1859//1334
f 1871//1335 1872//1335 1859//1335
f 1872//1336 1873//1336 1859//1336
f 1873//1337 1874//1337 1859//1337
f 1874//1337 1875//1337 1859//1337
f 1875//1336 1876//1336 1859//1336
f 1876//1338 1877//1338 1859//1338
f 1877//1342 1878//1342 1859//1342
f 1878//1340 1879//1340 1859//1340
f 1879//1341 1860//1341 1859//1341
f 1879//1343 1880//1343 1881//1343
f 1860//1344 1881//1344 1882//1344
f 1861//1345 1882//1345 1883//1345
f 1862//1346 1883//1346 1884//1346
f 1863//1347 1884//1347 1885//1347
f 1864//1348 1885//1348 1886//1348
f 1865//1349 1886//1349 1887//1349
f 1866//1350 1887//1350 1888//1350
f 1867//1351 1888//1351 1889//1351
f 1868//1352 1889//1352 1890//1352
f 1869//1353 1890//1353 1891//1353
f 1870//1354 1891//1354 1892//1354
f 1871//1355 1892//1355 1893//1355
f 1872//1356 1893//1356 1894//1356
f 1873//1357 1894//1357 1895//1357
f 1874//1358 1895//1358 1896//1358
f 1875//1359 1896//1359 1897//1359
f 1876//1360 1897//1360 1898//1360
f 1877//1361 1898//1361 1899//1361
f 1878//1362 1899//1362 1880//1362
f 1880//1363 1879//1363 1878//1363
f 1899//1364 1878//1364 1877//1364
f 1898//1360 1877//1360 1876//1360
f 1897//1365 1876//1365 1875//1365
f 1896//1358 1875//1358 1874//1358
f 1895//1357 1874//1357 1873//1357
f 1894//1366 1873//1366 1872//1366
f 1893//1355 1872//1355 1871//1355
f 1892//1367 1871//1367 1870//1367
f 1891//1353 1870//1353 1869//1353
f 1890//1352 1869//1352 1868//1352
f 1889//1368 1868//1368 1867//1368
f 1888//1350 1867//1350 1866//1350
f 1887//1369 1866//1369 1865//1369
f 1886//1348 1865//1348 1864//1348
f 1885//1347 1864//1347 1863//1347
f 1884//1370 1863//1370 1862//1370
f 1883//1345 1862//1345 1861//1345
f 1882//1371 1861//1371 1860//1371
f 1881//1343 1860//1343 1879//1343
f 1900//1372 1899//1372 1898//1372
f 1898//1373 1897//1373 1900//1373
f 1897//1374 1896//1374 1900//1374
f 1896//1375 1895//1375 1900//1375
f 1895//1375 1894//1375 1900//1375
f 1894//1376 1893//1376 1900//1376
f 1893//1377 1892//1377 1900//1377
f 1892//1378 1891//1378 1900//1378
f 1891//1379 1890//1379 1900//1379
f 1890//1380 1889//1380 1900//1380
f 1889//1381 1888//1381 1900//1381
f 1888//1373 1887//1373 1900//1373
f 1887//1374 1886//1374 1900//1374
f 1886//1375 1885//1375 1900//1375
f 1885//1375 1884//1375 1900//1375
f 1884//1382 1883//1382 1900//1382
f 1883//1377 1882//1377 1900//1377
f 1882//1383 1881//1383 1900//1383
f 1881//1379 1880//1379 1900//1379
f 1880//1380 1899//1380 1900//1380
f 1901//1384 1902//1384 1903//1384
f 1903//1385 1904//1385 1901//1385
f 1904//1386 1905//1386 1901//1386
f 1905//1387 1906//1387 1901//1387
f 1906//1387 1907//1387 1901//1387
f 1907//1388 1908//1388 1901//1388
f 1908//1389 1909//1389 1901//1389
f 1909//1390 1910//1390 1901//1390
f 1910//1391 1911//1391 1901//1391
f 1911//1392 1912//1392 1901//1392
f 1912//1384 1913//1384 1901//1384
f 1913//1393 1914//1393 1901//1393
f 1914//1386 1915//1386 1901//1386
f 1915//1387 1916//1387 1901//1387
f 1916//1387 1917//1387 1901//1387
f 1917//1394 1918//1394 1901//1394
f 1918//1395 1919//1395 1901//1395
f 1919//1390 1920//1390 1901//1390
f 1920//1396 1921//1396 1901//1396
f 1921//1397 1902//1397 1901//1397
f 1921//1398 1922//1398 1923//1398
f 1902//1399 1923//1399 1924//1399
f 1903//1400 1924//1400 1925//1400
f 1904//1401 1925//1401 1926//1401
f 1905//1402 1926//1402 1927//1402
f 1906//1403 1927//1403 1928//1403
f 1907//1404 1928//1404 1929//1404
f 1908//1405 1929//1405 1930//1405
f 1909//1406 1930//1406 1931//1406
f 1910//1407 1931//1407 1932//1407
f 1911//1408 1932//1408 1933//1408
f 1912//1409 1933//1409 1934//1409
f 1913//1410 1934//1410 1935//1410
f 1914//1411 1935//1411 1936//1411
f 1915//1412 1936//1412 1937//1412
f 1916//1413 1937//1413 1938//1413
f 1917//1414 1938//1414 1939//1414
f 1918//1415 1939//1415 1940//1415
f 1919//1416 1940//1416 1941//1416
f 1920//1417 1941//1417 1922//1417
f 1922//1417 1921//1417 1920//1417
f 1941//1418 1920//1418 1919//1418
f 1940//1415 1919//1415 1918//1415
f 1939//1414 1918//1414 1917//1414
f 1938//1413 1917//1413 1916//1413
f 1937//1419 1916//1419 1915//1419
f 1936//1411 1915//1411 1914//1411
f 1935//1410 1914//1410 1913//1410
f 1934//1420 1913//1420 1912//1420
f 1933//1408 1912//1408 1911//1408
f 1932//1407 1911//1407 1910//1407
f 1931//1406 1910//1406 1909//1406
f 1930//1405 1909//1405 1908//1405
f 1929//1404 1908//1404 1907//1404
f 1928//1403 1907//1403 1906//1403
f 1927//1402 1906//1402 1905//1402
f 1926//1401 1905//1401 1904//1401
f 1925//1400 1904//1400 1903//1400
f 1924//1399 1903//1399 1902//1399
f 1923//1398 1902//1398 1921//1398
f 1942//1421 1941//1421 1940//1421
f 1940//1422 1939//1422 1942//1422
f 1939//1423 1938//1423 1942//1423
f 1938//1424 1937//1424 1942//1424
f 1937//1424 1936//1424 1942//1424
f 1936//1425 1935//1425 1942//1425
f 1935//1426 1934//1426 1942//1426
f 1934//1427 1933//1427 1942//1427
f 1933//1428 1932//1428 1942//1428
f 1932//1429 1931//1429 1942//1429
f 1931//1430 1930//1430 1942//1430
f 1930//1422 1929//1422 1942//1422
f 1929//1423 1928//1423 1942//1423
f 1928//1424 1927//1424 1942//1424
f 1927//1424 1926//1424 1942//1424
f 1926//1425 1925//1425 1942//1425
f 1925//1426 1924//1426 1942//1426
f 1924//1431 1923//1431 1942//1431
f 1923//1432 1922//1432 1942//1432
f 1922//1429 1941//1429 1942//1429
f 1943//1433 1944//1433 1945//1433
f 1945//1434 1946//1434 1943//1434
f 1946//1435 1947//1435 1943//1435
f 1947//1436 1948//1436 1943//1436
f 1948//1436 1949//1436 1943//1436
f 1949//1437 1950//1437 1943//1437
f 1950//1438 1951//1438 1943//1438
f 1951//1439 1952//1439 1943//1439
f 1952//1440 1953//1440 1943//1440
f 1953//1441 1954//1441 1943//1441
f 1954//1442 1955//1442 1943//1442
f 1955//1434 1956//1434 1943//1434
f 1956//1435 1957//1435 1943//1435
f 1957//1436 1958//1436 1943//1436
f 1958//1436 1959//1436 1943//1436
f 1959//1437 1960//1437 1943//1437
f 1960//1438 1961//1438 1943//1438
f 1961//1443 1962//1443 1943//1443
f 1962//1444 1963//1444 1943//1444
f 1963//1445 1944//1445 1943//1445
f 1963//1446 1964//1446 1965//1446
f 1944//1447 1965//1447 1966//1447
f 1945//1448 1966//1448 1967//1448
f 1946//1449 1967//1449 1968//1449
f 1947//1450 1968//1450 1969//1450
f 1948//1451 1969//1451 1970//1451
f 1949//1452 1970//1452 1971//1452
f 1950//1453 1971//1453 1972//1453
f 1951//1454 1972//1454 1973//1454
f 1952//1455 1973//1455 1974//1455
f 1953//1456 1974//1456 1975//1456
f 1954//1457 1975//1457 1976//1457
f 1955//1458 1976//1458 1977//1458
f 1956//1459 1977//1459 1978//1459
f 1957//1460 1978//1460 1979//1460
f 1958//1461 1979//1461 1980//1461
f 1959//1462 1980//1462 1981//1462
f 1960//1463 1981//1463 1982//1463
f 1961//1464 1982//1464 1983//1464
f 1962//1465 1983//1465 1964//1465
f 1964//1466 1963//1466 1962//1466
f 1983//1467 1962//1467 1961//1467
f 1982//1463 1961//1463 1960//1463
f 1981//1468 1960//1468 1959//1468
f 1980//1469 1959//1469 1958//1469
f 1979//1460 1958//1460 1957//1460
f 1978//1470 1957//1470 1956//1470
f 1977//1458 1956//1458 1955//1458
f 1976//1457 1955//1457 1954//1457
f 1975//1471 1954//1471 1953//1471
f 1974//1472 1953//1472 1952//1472
f 1973//1454 1952//1454 1951//1454
f 1972//1453 1951//1453 1950//1453
f 1971//1452 1950//1452 1949//1452
f 1970//1451 1949//1451 1948//1451
f 1969//1450 1948//1450 1947//1450
f 1968//1473 1947//1473 1946//1473
f 1967//1474 1946//1474 1945//1474
f 1966//1447 1945//1447 1944//1447
f 1965//1475 1944//1475 1963//1475
f 1984//1476 1983//1476 1982//1476
f 1982//1477 1981//1477 1984//1477
f 1981//1478 1980//1478 1984//1478
f 1980//1479 1979//1479 1984//1479
f 1979//1479 1978//1479 1984//1479
f 1978//1480 1977//1480 1984//1480
f 1977//1481 1976//1481 1984//1481
f 1976//1482 1975//1482 1984//1482
f 1975//1483 1974//1483 1984//1483
f 1974//1484 1973//1484 1984//1484
f 1973//1476 1972//1476 1984//1476
f 1972//1477 1971//1477 1984//1477
f 1971//1478 1970//1478 1984//1478
f 1970//1479 1969//1479 1984//1479
f 1969//1479 1968//1479 1984//1479
f 1968//1480 1967//1480 1984//1480
f 1967//1485 1966//1485 1984//1485
f 1966//1486 1965//1486 1984//1486
f 1965//1483 1964//1483 1984//1483
f 1964//1484 1983//1484 1984//1484
f 1985//733 1986//733 1987//733
f 1987//1487 1988//1487 1985//1487
f 1988//735 1989//735 1985//735
f 1989//736 1990//736 1985//736
f 1990//736 1991//736 1985//736
f 1991//1488 1992//1488 1985//1488
f 1992//738 1993//738 1985//738
f 1993//739 1994//739 1985//739
f 1994//1489 1995//1489 1985//1489
f 1995//1490 1996//1490 1985//1490
f 1996//733 1997//733 1985//733
f 1997//734 1998//734 1985//734
f 1998//743 1999//743 1985//743
f 1999//736 2000//736 1985//736
f 2000//736 2001//736 1985//736
f 2001//737 2002//737 1985//737
f 2002//738 2003//738 1985//738
f 2003//739 2004//739 1985//739
f 2004//740 2005//740 1985//740
f 2005//741 1986//741 1985//741
f 2005//1491 2006//1491 2007//1491
f 1986//769 2007//769 2008//769
f 1987//1492 2008//1492 2009//1492
f 1988//1493 2009//1493 2010//1493
f 1989//748 2010//748 2011//748
f 1990//1494 2011//1494 2012//1494
f 1991//1495 2012//1495 2013//1495
f 1992//751 2013//751 2014//751
f 1993//752 2014//752 2015//752
f 1994//1496 2015//1496 2016//1496
f 1995//1497 2016//1497 2017//1497
f 1996//767 2017//767 2018//767
f 1997//756 2018//756 2019//756
f 1998//1498 2019//1498 2020//1498
f 1999//758 2020//758 2021//758
f 2000//764 2021//764 2022//764
f 2001//1499 2022//1499 2023//1499
f 2002//1500 2023//1500 2024//1500
f 2003//762 2024//762 2025//762
f 2004//1501 2025//1501 2006//1501
f 2006//1501 2005//1501 2004//1501
f 2025//762 2004//762 2003//762
f 2024//1502 2003//1502 2002//1502
f 2023//1499 2002//1499 2001//1499
f 2022//759 2001//759 2000//759
f 2021//758 2000//758 1999//758
f 2020//1498 1999//1498 1998//1498
f 2019//1503 1998//1503 1997//1503
f 2018//767 1997//767 1996//767
f 2017//1497 1996//1497 1995//1497
f 2016//1496 1995//1496 1994//1496
f 2015//752 1994//752 1993//752
f 2014//1504 1993//1504 1992//1504
f 2013//1495 1992//1495 1991//1495
f 2012//749 1991//749 1990//749
f 2011//1505 1990//1505 1989//1505
f 2010//1506 1989//1506 1988//1506
f 2009//1507 1988//1507 1987//1507
f 2008//769 1987//769 1986//769
f 2007//1491 1986//1491 2005//1491
f 2026//770 2025//770 2024//770
f 2024//771 2023//771 2026//771
f 2023//1508 2022//1508 2026//1508
f 2022//773 2021//773 2026//773
f 2021//774 2020//774 2026//774
f 2020//1509 2019//1509 2026//1509
f 2019//776 2018//776 2026//776
f 2018//781 2017//781 2026//781
f 2017//1510 2016//1510 2026//1510
f 2016//1511 2015//1511 2026//1511
f 2015//1512 2014//1512 2026//1512
f 2014//771 2013//771 2026//771
f 2013//1513 2012//1513 2026//1513
f 2012//773 2011//773 2026//773
f 2011//773 2010//773 2026//773
f 2010//775 2009//775 2026//775
f 2009//776 2008//776 2026//776
f 2008//781 2007//781 2026//781
f 2007//778 2006//778 2026//778
f 2006//779 2025//779 2026//779
f 2027//909 2028//909 2029//909
f 2029//1514 2030//1514 2027//1514
f 2030//1515 2031//1515 2027//1515
f 2031//912 2032//912 2027//912
f 2032//913 2033//913 2027//913
f 2033//914 2034//914 2027//914
f 2034//1516 2035//1516 2027//1516
f 2035//916 2036//916 2027//916
f 2036//917 2037//917 2027//917
f 2037//918 2038//918 2027//918
f 2038//919 2039//919 2027//919
f 2039//1516 2040//1516 2027//1516
f 2040//1517 2041//1517 2027//1517
f 2041//913 2042//913 2027//913
f 2042//912 2043//912 2027//912
f 2043//1518 2044//1518 2027//1518
f 2044//1514 2045//1514 2027//1514
f 2045//922 2046//922 2027//922
f 2046//1519 2047//1519 2027//1519
f 2047//923 2028//923 2027//923
f 2047//924 2048//924 2049//924
f 2028//925 2049//925 2050//925
f 2029//1520 2050//1520 2051//1520
f 2030//1521 2051//1521 2052//1521
f 2031//928 2052//928 2053//928
f 2032//929 2053//929 2054//929
f 2033//1522 2054//1522 2055//1522
f 2034//1523 2055//1523 2056//1523
f 2035//1524 2056//1524 2057//1524
f 2036//933 2057//933 2058//933
f 2037//934 2058//934 2059//934
f 2038//1525 2059//1525 2060//1525
f 2039//1526 2060//1526 2061//1526
f 2040//1527 2061//1527 2062//1527
f 2041//938 2062//938 2063//938
f 2042//939 2063//939 2064//939
f 2043//1528 2064//1528 2065//1528
f 2044//1529 2065//1529 2066//1529
f 2045//942 2066//942 2067//942
f 2046//943 2067//943 2048//943
f 2048//943 2047//943 2046//943
f 2067//942 2046//942 2045//942
f 2066//941 2045//941 2044//941
f 2065//1530 2044//1530 2043//1530
f 2064//939 2043//939 2042//939
f 2063//938 2042//938 2041//938
f 2062//1527 2041//1527 2040//1527
f 2061//1526 2040//1526 2039//1526
f 2060//1525 2039//1525 2038//1525
f 2059//948 2038//948 2037//948
f 2058//949 2037//949 2036//949
f 2057//1524 2036//1524 2035//1524
f 2056//1523 2035//1523 2034//1523
f 2055//1531 2034//1531 2033//1531
f 2054//929 2033//929 2032//929
f 2053//928 2032//928 2031//928
f 2052//1521 2031//1521 2030//1521
f 2051//926 2030//926 2029//926
f 2050//925 2029//925 2028//925
f 2049//924 2028//924 2047//924
f 2068//954 2067//954 2066//954
f 2066//955 2065//955 2068//955
f 2065//956 2064//956 2068//956
f 2064//957 2063//957 2068//957
f 2063//958 2062//958 2068//958
f 2062//959 2061//959 2068//959
f 2061//960 2060//960 2068//960
f 2060//961 2059//961 2068//961
f 2059//962 2058//962 2068//962
f 2058//963 2057//963 2068//963
f 2057//964 2056//964 2068//964
f 2056//955 2055//955 2068//955
f 2055//965 2054//965 2068//965
f 2054//958 2053//958 2068//958
f 2053//957 2052//957 2068//957
f 2052//966 2051//966 2068//966
f 2051//955 2050//955 2068//955
f 2050//967 2049//967 2068//967
f 2049//968 2048//968 2068//968
f 2048//969 2067//969 2068//969
f 2069//970 2070//970 2071//970
f 2071//971 2072//971 2069//971
f 2072//972 2073//972 2069//972
f 2073//973 2074//973 2069//973
f 2074//973 2075//973 2069//973
f 2075//974 2076//974 2069//974
f 2076//975 2077//975 2069//975
f 2077//976 2078//976 2069//976
f 2078//977 2079//977 2069//977
f 2079//978 2080//978 2069//978
f 2080//979 2081//979 2069//979
f 2081//971 2082//971 2069//971
f 2082//972 2083//972 2069//972
f 2083//973 2084//973 2069//973
f 2084//973 2085//973 2069//973
f 2085//974 2086//974 2069//974
f 2086//980 2087//980 2069//980
f 2087//1532 2088//1532 2069//1532
f 2088//977 2089//977 2069//977
f 2089//978 2070//978 2069//978
f 2089//982 2090//982 2091//982
f 2070//983 2091//983 2092//983
f 2071//1533 2092//1533 2093//1533
f 2072//1534 2093//1534 2094//1534
f 2073//986 2094//986 2095//986
f 2074//987 2095//987 2096//987
f 2075//1535 2096//1535 2097//1535
f 2076//1536 2097//1536 2098//1536
f 2077//990 2098//990 2099//990
f 2078//991 2099//991 2100//991
f 2079//992 2100//992 2101//992
f 2080//993 2101//993 2102//993
f 2081//1537 2102//1537 2103//1537
f 2082//1538 2103//1538 2104//1538
f 2083//996 2104//996 2105//996
f 2084//997 2105//997 2106//997
f 2085//1539 2106//1539 2107//1539
f 2086//1540 2107//1540 2108//1540
f 2087//1000 2108//1000 2109//1000
f 2088//1001 2109//1001 2090//1001
f 2090//1001 2089//1001 2088//1001
f 2109//1000 2088//1000 2087//1000
f 2108//1540 2087//1540 2086//1540
f 2107//1539 2086//1539 2085//1539
f 2106//997 2085//997 2084//997
f 2105//996 2084//996 2083//996
f 2104//1538 2083//1538 2082//1538
f 2103//1537 2082//1537 2081//1537
f 2102//1541 2081//1541 2080//1541
f 2101//1542 2080//1542 2079//1542
f 2100//991 2079//991 2078//991
f 2099//1543 2078//1543 2077//1543
f 2098//1536 2077//1536 2076//1536
f 2097//1544 2076//1544 2075//1544
f 2096//987 2075//987 2074//987
f 2095//986 2074//986 2073//986
f 2094//1534 2073//1534 2072//1534
f 2093//1533 2072//1533 2071//1533
f 2092//983 2071//983 2070//983
f 2091//982 2070//982 2089//982
f 2110//1002 2109//1002 2108//1002
f 2108//1545 2107//1545 2110//1545
f 2107//1546 2106//1546 2110//1546
f 2106//1005 2105//1005 2110//1005
f 2105//1006 2104//1006 2110//1006
f 2104//1547 2103//1547 2110//1547
f 2103//1548 2102//1548 2110//1548
f 2102//1013 2101//1013 2110//1013
f 2101//1010 2100//1010 2110//1010
f 2100//1011 2099//1011 2110//1011
f 2099//1549 2098//1549 2110//1549
f 2098//1545 2097//1545 2110//1545
f 2097//1546 2096//1546 2110//1546
f 2096//1006 2095//1006 2110//1006
f 2095//1005 2094//1005 2110//1005
f 2094//1547 2093//1547 2110//1547
f 2093//1548 2092//1548 2110//1548
f 2092//1013 2091//1013 2110//1013
f 2091//1010 2090//1010 2110//1010
f 2090//1011 2109//1011 2110//1011
f 2111//1550 2112//1550 2113//1550
f 2113//1015 2114//1015 2111//1015
f 2114//1017 2115//1017 2111//1017
f 2115//1017 2116//1017 2111//1017
f 2116//1018 2117//1018 2111//1018
f 2117//1015 2118//1015 2111//1015
f 2118//1019 2119//1019 2111//1019
f 2119//1020 2120//1020 2111//1020
f 2120//1551 2121//1551 2111//1551
f 2121//1022 2122//1022 2111//1022
f 2122//1550 2123//1550 2111//1550
f 2123//1023 2124//1023 2111//1023
f 2124//1017 2125//1017 2111//1017
f 2125//1018 2126//1018 2111//1018
f 2126//1017 2127//1017 2111//1017
f 2127//1017 2128//1017 2111//1017
f 2128//1015 2129//1015 2111//1015
f 2129//1020 2130//1020 2111//1020
f 2130//1024 2131//1024 2111//1024
f 2131//1025 2112//1025 2111//1025
f 2131//1026 2132//1026 2133//1026
f 2112//1027 2133//1027 2134//1027
f 2113//1552 2134//1552 2135//1552
f 2114//1553 2135//1553 2136//1553
f 2115//1030 2136//1030 2137//1030
f 2116//1554 2137//1554 2138//1554
f 2117//1555 2138//1555 2139//1555
f 2118//1556 2139//1556 2140//1556
f 2119//1034 2140//1034 2141//1034
f 2120//1053 2141//1053 2142//1053
f 2121//1052 2142//1052 2143//1052
f 2122//1037 2143//1037 2144//1037
f 2123//1557 2144//1557 2145//1557
f 2124//1558 2145//1558 2146//1558
f 2125//1049 2146//1049 2147//1049
f 2126//1048 2147//1048 2148//1048
f 2127//1559 2148//1559 2149//1559
f 2128//1560 2149//1560 2150//1560
f 2129//1044 2150//1044 2151//1044
f 2130//1045 2151//1045 2132//1045
f 2132//1045 2131//1045 2130//1045
f 2151//1044 2130//1044 2129//1044
f 2150//1561 2129//1561 2128//1561
f 2149//1559 2128//1559 2127//1559
f 2148//1041 2127//1041 2126//1041
f 2147//1040 2126//1040 2125//1040
f 2146//1558 2125//1558 2124//1558
f 2145//1557 2124//1557 2123//1557
f 2144//1037 2123//1037 2122//1037
f 2143//1052 2122//1052 2121//1052
f 2142//1053 2121//1053 2120//1053
f 2141//1034 2120//1034 2119//1034
f 2140//1556 2119//1556 2118//1556
f 2139//1555 2118//1555 2117//1555
f 2138//1031 2117//1031 2116//1031
f 2137//1562 2116//1562 2115//1562
f 2136//1553 2115//1553 2114//1553
f 2135//1552 2114//1552 2113//1552
f 2134//1027 2113//1027 2112//1027
f 2133//1026 2112//1026 2131//1026
f 2152//1057 2151//1057 2150//1057
f 2150//1058 2149//1058 2152//1058
f 2149//1061 2148//1061 2152//1061
f 2148//1060 2147//1060 2152//1060
f 2147//1060 2146//1060 2152//1060
f 2146//1060 2145//1060 2152//1060
f 2145//1059 2144//1059 2152//1059
f 2144//1062 2143//1062 2152//1062
f 2143//1063 2142//1063 2152//1063
f 2142//1064 2141//1064 2152//1064
f 2141//1065 2140//1065 2152//1065
f 2140//1058 2139//1058 2152//1058
f 2139//1061 2138//1061 2152//1061
f 2138//1060 2137//1060 2152//1060
f 2137//1060 2136//1060 2152//1060
f 2136//1060 2135//1060 2152//1060
f 2135//1061 2134//1061 2152//1061
f 2134//1066 2133//1066 2152//1066
f 2133//1063 2132//1063 2152//1063
f 2132//1064 2151//1064 2152//1064
f 2153//1067 2154//1067 2155//1067
f 2155//1068 2156//1068 2153//1068
f 2156//1563 2157//1563 2153//1563
f 2157//1070 2158//1070 2153//1070
f 2158//1071 2159//1071 2153//1071
f 2159//1072 2160//1072 2153//1072
f 2160//1080 2161//1080 2153//1080
f 2161//1564 2162//1564 2153//1564
f 2162//1075 2163//1075 2153//1075
f 2163//1076 2164//1076 2153//1076
f 2164//1077 2165//1077 2153//1077
f 2165//1068 2166//1068 2153//1068
f 2166//1565 2167//1565 2153//1565
f 2167//1071 2168//1071 2153//1071
f 2168//1070 2169//1070 2153//1070
f 2169//1079 2170//1079 2153//1079
f 2170//1566 2171//1566 2153//1566
f 2171//1074 2172//1074 2153//1074
f 2172//1075 2173//1075 2153//1075
f 2173//1076 2154//1076 2153//1076
f 2173//1081 2174//1081 2175//1081
f 2154//1567 2175//1567 2176//1567
f 2155//1568 2176//1568 2177//1568
f 2156//1569 2177//1569 2178//1569
f 2157//1085 2178//1085 2179//1085
f 2158//1086 2179//1086 2180//1086
f 2159//1570 2180//1570 2181//1570
f 2160//1571 2181//1571 2182//1571
f 2161//1572 2182//1572 2183//1572
f 2162//1090 2183//1090 2184//1090
f 2163//1573 2184//1573 2185//1573
f 2164//1574 2185//1574 2186//1574
f 2165//1575 2186//1575 2187//1575
f 2166//1576 2187//1576 2188//1576
f 2167//1095 2188//1095 2189//1095
f 2168//1096 2189//1096 2190//1096
f 2169//1577 2190//1577 2191//1577
f 2170//1578 2191//1578 2192//1578
f 2171//1579 2192//1579 2193//1579
f 2172//1580 2193//1580 2174//1580
f 2174//1100 2173//1100 2172//1100
f 2193//1579 2172//1579 2171//1579
f 2192//1578 2171//1578 2170//1578
f 2191//1581 2170//1581 2169//1581
f 2190//1096 2169//1096 2168//1096
f 2189//1095 2168//1095 2167//1095
f 2188//1582 2167//1582 2166//1582
f 2187//1575 2166//1575 2165//1575
f 2186//1574 2165//1574 2164//1574
f 2185//1573 2164//1573 2163//1573
f 2184//1090 2163//1090 2162//1090
f 2183//1572 2162//1572 2161//1572
f 2182//1571 2161//1571 2160//1571
f 2181//1570 2160//1570 2159//1570
f 2180//1086 2159//1086 2158//1086
f 2179//1085 2158//1085 2157//1085
f 2178//1569 2157//1569 2156//1569
f 2177//1568 2156//1568 2155//1568
f 2176//1567 2155//1567 2154//1567
f 2175//1081 2154//1081 2173//1081
f 2194//1106 2193//1106 2192//1106
f 2192//1583 2191//1583 2194//1583
f 2191//1117 2190//1117 2194//1117
f 2190//1109 2189//1109 2194//1109
f 2189//1110 2188//1110 2194//1110
f 2188//1111 2187//1111 2194//1111
f 2187//1584 2186//1584 2194//1584
f 2186//1585 2185//1585 2194//1585
f 2185//1114 2184//1114 2194//1114
f 2184//1115 2183//1115 2194//1115
f 2183//1586 2182//1586 2194//1586
f 2182//1583 2181//1583 2194//1583
f 2181//1117 2180//1117 2194//1117
f 2180//1110 2179//1110 2194//1110
f 2179//1109 2178//1109 2194//1109
f 2178//1587 2177//1587 2194//1587
f 2177//1584 2176//1584 2194//1584
f 2176//1119 2175//1119 2194//1119
f 2175//1114 2174//1114 2194//1114
f 2174//1115 2193//1115 2194//1115
f 2195//1588 2196//1588 2197//1588
f 2197//1589 2198//1589 2195//1589
f 2198//1122 2199//1122 2195//1122
f 2199//1123 2200//1123 2195//1123
f 2200//1123 2201//1123 2195//1123
f 2201//1124 2202//1124 2195//1124
f 2202//1125 2203//1125 2195//1125
f 2203//1126 2204//1126 2195//1126
f 2204//1127 2205//1127 2195//1127
f 2205//1128 2206//1128 2195//1128
f 2206//1120 2207//1120 2195//1120
f 2207//1589 2208//1589 2195//1589
f 2208//1122 2209//1122 2195//1122
f 2209//1123 2210//1123 2195//1123
f 2210//1123 2211//1123 2195//1123
f 2211//1124 2212//1124 2195//1124
f 2212//1590 2213//1590 2195//1590
f 2213//1126 2214//1126 2195//1126
f 2214//1127 2215//1127 2195//1127
f 2215//1128 2196//1128 2195//1128
f 2215//1134 2216//1134 2217//1134
f 2196//1591 2217//1591 2218//1591
f 2197//1136 2218//1136 2219//1136
f 2198//1592 2219//1592 2220//1592
f 2199//1138 2220//1138 2221//1138
f 2200//1139 2221//1139 2222//1139
f 2201//1593 2222//1593 2223//1593
f 2202//1594 2223//1594 2224//1594
f 2203//1595 2224//1595 2225//1595
f 2204//1143 2225//1143 2226//1143
f 2205//1144 2226//1144 2227//1144
f 2206//1596 2227//1596 2228//1596
f 2207//1597 2228//1597 2229//1597
f 2208//1598 2229//1598 2230//1598
f 2209//1148 2230//1148 2231//1148
f 2210//1149 2231//1149 2232//1149
f 2211//1599 2232//1599 2233//1599
f 2212//1151 2233//1151 2234//1151
f 2213//1600 2234//1600 2235//1600
f 2214//1153 2235//1153 2216//1153
f 2216//1153 2215//1153 2214//1153
f 2235//1600 2214//1600 2213//1600
f 2234//1151 2213//1151 2212//1151
f 2233//1599 2212//1599 2211//1599
f 2232//1149 2211//1149 2210//1149
f 2231//1148 2210//1148 2209//1148
f 2230//1598 2209//1598 2208//1598
f 2229//1146 2208//1146 2207//1146
f 2228//1596 2207//1596 2206//1596
f 2227//1144 2206//1144 2205//1144
f 2226//1143 2205//1143 2204//1143
f 2225//1595 2204//1595 2203//1595
f 2224//1141 2203//1141 2202//1141
f 2223//1593 2202//1593 2201//1593
f 2222//1139 2201//1139 2200//1139
f 2221//1138 2200//1138 2199//1138
f 2220//1592 2199//1592 2198//1592
f 2219//1136 2198//1136 2197//1136
f 2218//1591 2197//1591 2196//1591
f 2217//1134 2196//1134 2215//1134
f 2236//1157 2235//1157 2234//1157
f 2234//1158 2233//1158 2236//1158
f 2233//1601 2232//1601 2236//1601
f 2232//1160 2231//1160 2236//1160
f 2231//1161 2230//1161 2236//1161
f 2230//1162 2229//1162 2236//1162
f 2229//1163 2228//1163 2236//1163
f 2228//1164 2227//1164 2236//1164
f 2227//1165 2226//1165 2236//1165
f 2226//1166 2225//1166 2236//1166
f 2225//1157 2224//1157 2236//1157
f 2224//1158 2223//1158 2236//1158
f 2223//1602 2222//1602 2236//1602
f 2222//1161 2221//1161 2236//1161
f 2221//1160 2220//1160 2236//1160
f 2220//1169 2219//1169 2236//1169
f 2219//1163 2218//1163 2236//1163
f 2218//1164 2217//1164 2236//1164
f 2217//1170 2216//1170 2236//1170
f 2216//1171 2235//1171 2236//1171
f 2237//1172 2238//1172 2239//1172
f 2239//1173 2240//1173 2237//1173
f 2240//1174 2241//1174 2237//1174
f 2241//1175 2242//1175 2237//1175
f 2242//1176 2243//1176 2237//1176
f 2243//1177 2244//1177 2237//1177
f 2244//1178 2245//1178 2237//1178
f 2245//1179 2246//1179 2237//1179
f 2246//1180 2247//1180 2237//1180
f 2247//1181 2248//1181 2237//1181
f 2248//1182 2249//1182 2237//1182
f 2249//1183 2250//1183 2237//1183
f 2250//1174 2251//1174 2237//1174
f 2251//1175 2252//1175 2237//1175
f 2252//1175 2253//1175 2237//1175
f 2253//1177 2254//1177 2237//1177
f 2254//1184 2255//1184 2237//1184
f 2255//1179 2256//1179 2237//1179
f 2256//1180 2257//1180 2237//1180
f 2257//1181 2238//1181 2237//1181
f 2257//1603 2258//1603 2259//1603
f 2238//1186 2259//1186 2260//1186
f 2239//1604 2260//1604 2261//1604
f 2240//1605 2261//1605 2262//1605
f 2241//1189 2262//1189 2263//1189
f 2242//1190 2263//1190 2264//1190
f 2243//1606 2264//1606 2265//1606
f 2244//1607 2265//1607 2266//1607
f 2245//1211 2266//1211 2267//1211
f 2246//1608 2267//1608 2268//1608
f 2247//1609 2268//1609 2269//1609
f 2248//1196 2269//1196 2270//1196
f 2249//1610 2270//1610 2271//1610
f 2250//1611 2271//1611 2272//1611
f 2251//1199 2272//1199 2273//1199
f 2252//1200 2273//1200 2274//1200
f 2253//1612 2274//1612 2275//1612
f 2254//1613 2275//1613 2276//1613
f 2255//1614 2276//1614 2277//1614
f 2256//1204 2277//1204 2258//1204
f 2258//1205 2257//1205 2256//1205
f 2277//1614 2256//1614 2255//1614
f 2276//1615 2255//1615 2254//1615
f 2275//1612 2254//1612 2253//1612
f 2274//1200 2253//1200 2252//1200
f 2273//1199 2252//1199 2251//1199
f 2272//1611 2251//1611 2250//1611
f 2271//1197 2250//1197 2249//1197
f 2270//1196 2249//1196 2248//1196
f 2269//1609 2248//1609 2247//1609
f 2268//1608 2247//1608 2246//1608
f 2267//1193 2246//1193 2245//1193
f 2266//1607 2245//1607 2244//1607
f 2265//1606 2244//1606 2243//1606
f 2264//1190 2243//1190 2242//1190
f 2263//1189 2242//1189 2241//1189
f 2262//1605 2241//1605 2240//1605
f 2261//1616 2240//1616 2239//1616
f 2260//1186 2239//1186 2238//1186
f 2259//1213 2238//1213 2257//1213
f 2278//1214 2277//1214 2276//1214
f 2276//1617 2275//1617 2278//1617
f 2275//1216 2274//1216 2278//1216
f 2274//1217 2273//1217 2278//1217
f 2273//1217 2272//1217 2278//1217
f 2272//1218 2271//1218 2278//1218
f 2271//1224 2270//1224 2278//1224
f 2270//1220 2269//1220 2278//1220
f 2269//1221 2268//1221 2278//1221
f 2268//1222 2267//1222 2278//1222
f 2267//1223 2266//1223 2278//1223
f 2266//1617 2265//1617 2278//1617
f 2265//1216 2264//1216 2278//1216
f 2264//1217 2263//1217 2278//1217
f 2263//1217 2262//1217 2278//1217
f 2262//1618 2261//1618 2278//1618
f 2261//1619 2260//1619 2278//1619
f 2260//1225 2259//1225 2278//1225
f 2259//1221 2258//1221 2278//1221
f 2258//1222 2277//1222 2278//1222
f 2279//1384 2280//1384 2281//1384
f 2281//1620 2282//1620 2279//1620
f 2282//1621 2283//1621 2279//1621
f 2283//1387 2284//1387 2279//1387
f 2284//1387 2285//1387 2279//1387
f 2285//1622 2286//1622 2279//1622
f 2286//1389 2287//1389 2279//1389
f 2287//1623 2288//1623 2279//1623
f 2288//1391 2289//1391 2279//1391
f 2289//1392 2290//1392 2279//1392
f 2290//1624 2291//1624 2279//1624
f 2291//1620 2292//1620 2279//1620
f 2292//1386 2293//1386 2279//1386
f 2293//1387 2294//1387 2279//1387
f 2294//1387 2295//1387 2279//1387
f 2295//1622 2296//1622 2279//1622
f 2296//1625 2297//1625 2279//1625
f 2297//1623 2298//1623 2279//1623
f 2298//1396 2299//1396 2279//1396
f 2299//1397 2280//1397 2279//1397
f 2299//1398 2300//1398 2301//1398
f 2280//1626 2301//1626 2302//1626
f 2281//1627 2302//1627 2303//1627
f 2282//1628 2303//1628 2304//1628
f 2283//1402 2304//1402 2305//1402
f 2284//1403 2305//1403 2306//1403
f 2285//1629 2306//1629 2307//1629
f 2286//1630 2307//1630 2308//1630
f 2287//1631 2308//1631 2309//1631
f 2288//1407 2309//1407 2310//1407
f 2289//1408 2310//1408 2311//1408
f 2290//1632 2311//1632 2312//1632
f 2291//1633 2312//1633 2313//1633
f 2292//1634 2313//1634 2314//1634
f 2293//1412 2314//1412 2315//1412
f 2294//1413 2315//1413 2316//1413
f 2295//1635 2316//1635 2317//1635
f 2296//1636 2317//1636 2318//1636
f 2297//1637 2318//1637 2319//1637
f 2298//1417 2319//1417 2300//1417
f 2300//1417 2299//1417 2298//1417
f 2319//1637 2298//1637 2297//1637
f 2318//1638 2297//1638 2296//1638
f 2317//1635 2296//1635 2295//1635
f 2316//1413 2295//1413 2294//1413
f 2315//1412 2294//1412 2293//1412
f 2314//1639 2293//1639 2292//1639
f 2313//1640 2292//1640 2291//1640
f 2312//1632 2291//1632 2290//1632
f 2311//1641 2290//1641 2289//1641
f 2310//1642 2289//1642 2288//1642
f 2309//1631 2288//1631 2287//1631
f 2308//1630 2287//1630 2286//1630
f 2307//1643 2286//1643 2285//1643
f 2306//1644 2285//1644 2284//1644
f 2305//1402 2284//1402 2283//1402
f 2304//1645 2283//1645 2282//1645
f 2303//1646 2282//1646 2281//1646
f 2302//1626 2281//1626 2280//1626
f 2301//1398 2280//1398 2299//1398
f 2320//1430 2319//1430 2318//1430
f 2318//1647 2317//1647 2320//1647
f 2317//1423 2316//1423 2320//1423
f 2316//1424 2315//1424 2320//1424
f 2315//1424 2314//1424 2320//1424
f 2314//1425 2313//1425 2320//1425
f 2313//1648 2312//1648 2320//1648
f 2312//1427 2311//1427 2320//1427
f 2311//1428 2310//1428 2320//1428
f 2310//1429 2309//1429 2320//1429
f 2309//1430 2308//1430 2320//1430
f 2308//1422 2307//1422 2320//1422
f 2307//1423 2306//1423 2320//1423
f 2306//1424 2305//1424 2320//1424
f 2305//1424 2304//1424 2320//1424
f 2304//1649 2303//1649 2320//1649
f 2303//1426 2302//1426 2320//1426
f 2302//1427 2301//1427 2320//1427
f 2301//1432 2300//1432 2320//1432
f 2300//1429 2319//1429 2320//1429
f 2321//1433 2322//1433 2323//1433
f 2323//1650 2324//1650 2321//1650
f 2324//1435 2325//1435 2321//1435
f 2325//1436 2326//1436 2321//1436
f 2326//1436 2327//1436 2321//1436
f 2327//1437 2328//1437 2321//1437
f 2328//1438 2329//1438 2321//1438
f 2329//1651 2330//1651 2321//1651
f 2330//1440 2331//1440 2321//1440
f 2331//1441 2332//1441 2321//1441
f 2332//1442 2333//1442 2321//1442
f 2333//1434 2334//1434 2321//1434
f 2334//1435 2335//1435 2321//1435
f 2335//1436 2336//1436 2321//1436
f 2336//1436 2337//1436 2321//1436
f 2337//1437 2338//1437 2321//1437
f 2338//1438 2339//1438 2321//1438
f 2339//1443 2340//1443 2321//1443
f 2340//1444 2341//1444 2321//1444
f 2341//1445 2322//1445 2321//1445
f 2341//1446 2342//1446 2343//1446
f 2322//1447 2343//1447 2344//1447
f 2323//1652 2344//1652 2345//1652
f 2324//1653 2345//1653 2346//1653
f 2325//1654 2346//1654 2347//1654
f 2326//1451 2347//1451 2348//1451
f 2327//1655 2348//1655 2349//1655
f 2328//1656 2349//1656 2350//1656
f 2329//1657 2350//1657 2351//1657
f 2330//1472 2351//1472 2352//1472
f 2331//1471 2352//1471 2353//1471
f 2332//1658 2353//1658 2354//1658
f 2333//1659 2354//1659 2355//1659
f 2334//1660 2355//1660 2356//1660
f 2335//1460 2356//1460 2357//1460
f 2336//1461 2357//1461 2358//1461
f 2337//1661 2358//1661 2359//1661
f 2338//1662 2359//1662 2360//1662
f 2339//1464 2360//1464 2361//1464
f 2340//1466 2361//1466 2342//1466
f 2342//1465 2341//1465 2340//1465
f 2361//1464 2340//1464 2339//1464
f 2360//1662 2339//1662 2338//1662
f 2359//1663 2338//1663 2337//1663
f 2358//1461 2337//1461 2336//1461
f 2357//1664 2336//1664 2335//1664
f 2356//1459 2335//1459 2334//1459
f 2355//1665 2334//1665 2333//1665
f 2354//1658 2333//1658 2332//1658
f 2353//1666 2332//1666 2331//1666
f 2352//1667 2331//1667 2330//1667
f 2351//1657 2330//1657 2329//1657
f 2350//1656 2329//1656 2328//1656
f 2349//1668 2328//1668 2327//1668
f 2348//1451 2327//1451 2326//1451
f 2347//1450 2326//1450 2325//1450
f 2346//1669 2325//1669 2324//1669
f 2345//1652 2324//1652 2323//1652
f 2344//1447 2323//1447 2322//1447
f 2343//1475 2322//1475 2341//1475
f 2362//1476 2361//1476 2360//1476
f 2360//1477 2359//1477 2362//1477
f 2359//1670 2358//1670 2362//1670
f 2358//1479 2357//1479 2362//1479
f 2357//1479 2356//1479 2362//1479
f 2356//1480 2355//1480 2362//1480
f 2355//1671 2354//1671 2362//1671
f 2354//1486 2353//1486 2362//1486
f 2353//1672 2352//1672 2362//1672
f 2352//1673 2351//1673 2362//1673
f 2351//1674 2350//1674 2362//1674
f 2350//1675 2349//1675 2362//1675
f 2349//1478 2348//1478 2362//1478
f 2348//1479 2347//1479 2362//1479
f 2347//1479 2346//1479 2362//1479
f 2346//1480 2345//1480 2362//1480
f 2345//1481 2344//1481 2362//1481
f 2344//1486 2343//1486 2362//1486
f 2343//1672 2342//1672 2362//1672
f 2342//1673 2361//1673 2362//1673
f 2363//1334 2364//1334 2365//1334
f 2365//1335 2366//1335 2363//1335
f 2366//1336 2367//1336 2363//1336
f 2367//1337 2368//1337 2363//1337
f 2368//1337 2369//1337 2363//1337
f 2369//1676 2370//1676 2363//1676
f 2370//1338 2371//1338 2363//1338
f 2371//1339 2372//1339 2363//1339
f 2372//1340 2373//1340 2363//1340
f 2373//1341 2374//1341 2363//1341
f 2374//1677 2375//1677 2363//1677
f 2375//1678 2376//1678 2363//1678
f 2376//1336 2377//1336 2363//1336
f 2377//1337 2378//1337 2363//1337
f 2378//1337 2379//1337 2363//1337
f 2379//1336 2380//1336 2363//1336
f 2380//1338 2381//1338 2363//1338
f 2381//1342 2382//1342 2363//1342
f 2382//1679 2383//1679 2363//1679
f 2383//1680 2364//1680 2363//1680
f 2383//1343 2384//1343 2385//1343
f 2364//1371 2385//1371 2386//1371
f 2365//1345 2386//1345 2387//1345
f 2366//1370 2387//1370 2388//1370
f 2367//1347 2388//1347 2389//1347
f 2368//1348 2389//1348 2390//1348
f 2369//1681 2390//1681 2391//1681
f 2370//1682 2391//1682 2392//1682
f 2371//1683 2392//1683 2393//1683
f 2372//1684 2393//1684 2394//1684
f 2373//1685 2394//1685 2395//1685
f 2374//1686 2395//1686 2396//1686
f 2375//1687 2396//1687 2397//1687
f 2376//1688 2397//1688 2398//1688
f 2377//1357 2398//1357 2399//1357
f 2378//1358 2399//1358 2400//1358
f 2379//1689 2400//1689 2401//1689
f 2380//1360 2401//1360 2402//1360
f 2381//1364 2402//1364 2403//1364
f 2382//1363 2403//1363 2384//1363
f 2384//1690 2383//1690 2382//1690
f 2403//1691 2382//1691 2381//1691
f 2402//1692 2381//1692 2380//1692
f 2401//1693 2380//1693 2379//1693
f 2400//1358 2379//1358 2378//1358
f 2399//1357 2378//1357 2377//1357
f 2398//1694 2377//1694 2376//1694
f 2397//1695 2376//1695 2375//1695
f 2396//1696 2375//1696 2374//1696
f 2395//1353 2374//1353 2373//1353
f 2394//1352 2373//1352 2372//1352
f 2393//1697 2372//1697 2371//1697
f 2392//1698 2371//1698 2370//1698
f 2391//1699 2370//1699 2369//1699
f 2390//1348 2369//1348 2368//1348
f 2389//1347 2368//1347 2367//1347
f 2388//1700 2367//1700 2366//1700
f 2387//1701 2366//1701 2365//1701
f 2386//1702 2365//1702 2364//1702
f 2385//1343 2364//1343 2383//1343
f 2404//1372 2403//1372 2402//1372
f 2402//1373 2401//1373 2404//1373
f 2401//1382 2400//1382 2404//1382
f 2400//1375 2399//1375 2404//1375
f 2399//1375 2398//1375 2404//1375
f 2398//1376 2397//1376 2404//1376
f 2397//1377 2396//1377 2404//1377
f 2396//1383 2395//1383 2404//1383
f 2395//1379 2394//1379 2404//1379
f 2394//1380 2393//1380 2404//1380
f 2393//1372 2392//1372 2404//1372
f 2392//1373 2391//1373 2404//1373
f 2391//1374 2390//1374 2404//1374
f 2390//1375 2389//1375 2404//1375
f 2389//1375 2388//1375 2404//1375
f 2388//1374 2387//1374 2404//1374
f 2387//1377 2386//1377 2404//1377
f 2386//1383 2385//1383 2404//1383
f 2385//1379 2384//1379 2404//1379
f 2384//1380 2403//1380 2404//1380
f 2405//1281 2406//1281 2407//1281
f 2407//1282 2408//1282 2405//1282
f 2408//1703 2409//1703 2405//1703
f 2409//1284 2410//1284 2405//1284
f 2410//1284 2411//1284 2405//1284
f 2411//1285 2412//1285 2405//1285
f 2412//1286 2413//1286 2405//1286
f 2413//1287 2414//1287 2405//1287
f 2414//1288 2415//1288 2405//1288
f 2415//1289 2416//1289 2405//1289
f 2416//1290 2417//1290 2405//1290
f 2417//1282 2418//1282 2405//1282
f 2418//1283 2419//1283 2405//1283
f 2419//1284 2420//1284 2405//1284
f 2420//1284 2421//1284 2405//1284
f 2421//1704 2422//1704 2405//1704
f 2422//1705 2423//1705 2405//1705
f 2423//1291 2424//1291 2405//1291
f 2424//1292 2425//1292 2405//1292
f 2425//1293 2406//1293 2405//1293
f 2425//1294 2426//1294 2427//1294
f 2406//1295 2427//1295 2428//1295
f 2407//1706 2428//1706 2429//1706
f 2408//1707 2429//1707 2430//1707
f 2409//1708 2430//1708 2431//1708
f 2410//1321 2431//1321 2432//1321
f 2411//1709 2432//1709 2433//1709
f 2412//1710 2433//1710 2434//1710
f 2413//1320 2434//1320 2435//1320
f 2414//1319 2435//1319 2436//1319
f 2415//1318 2436//1318 2437//1318
f 2416//1305 2437//1305 2438//1305
f 2417//1711 2438//1711 2439//1711
f 2418//1712 2439//1712 2440//1712
f 2419//1308 2440//1308 2441//1308
f 2420//1315 2441//1315 2442//1315
f 2421//1713 2442//1713 2443//1713
f 2422//1714 2443//1714 2444//1714
f 2423//1312 2444//1312 2445//1312
f 2424//1313 2445//1313 2426//1313
f 2426//1715 2425//1715 2424//1715
f 2445//1716 2424//1716 2423//1716
f 2444//1717 2423//1717 2422//1717
f 2443//1718 2422//1718 2421//1718
f 2442//1315 2421//1315 2420//1315
f 2441//1308 2420//1308 2419//1308
f 2440//1712 2419//1712 2418//1712
f 2439//1711 2418//1711 2417//1711
f 2438//1305 2417//1305 2416//1305
f 2437//1318 2416//1318 2415//1318
f 2436//1319 2415//1319 2414//1319
f 2435//1719 2414//1719 2413//1719
f 2434//1710 2413//1710 2412//1710
f 2433//1709 2412//1709 2411//1709
f 2432//1299 2411//1299 2410//1299
f 2431//1298 2410//1298 2409//1298
f 2430//1707 2409//1707 2408//1707
f 2429//1706 2408//1706 2407//1706
f 2428//1720 2407//1720 2406//1720
f 2427//1721 2406//1721 2425//1721
f 2446//1722 2445//1722 2444//1722
f 2444//1723 2443//1723 2446//1723
f 2443//1724 2442//1724 2446//1724
f 2442//1326 2441//1326 2446//1326
f 2441//1327 2440//1327 2446//1327
f 2440//1725 2439//1725 2446//1725
f 2439//1329 2438//1329 2446//1329
f 2438//1330 2437//1330 2446//1330
f 2437//1726 2436//1726 2446//1726
f 2436//1332 2435//1332 2446//1332
f 2435//1333 2434//1333 2446//1333
f 2434//1324 2433//1324 2446//1324
f 2433//1724 2432//1724 2446//1724
f 2432//1327 2431//1327 2446//1327
f 2431//1326 2430//1326 2446//1326
f 2430//1725 2429//1725 2446//1725
f 2429//1329 2428//1329 2446//1329
f 2428//1727 2427//1727 2446//1727
f 2427//1331 2426//1331 2446//1331
f 2426//1728 2445//1728 2446//1728
f 2447//1226 2448//1226 2449//1226
f 2449//1227 2450//1227 2447//1227
f 2450//1228 2451//1228 2447//1228
f 2451//1229 2452//1229 2447//1229
f 2452//1229 2453//1229 2447//1229
f 2453//1230 2454//1230 2447//1230
f 2454//1729 2455//1729 2447//1729
f 2455//1232 2456//1232 2447//1232
f 2456//1233 2457//1233 2447//1233
f 2457//1234 2458//1234 2447//1234
f 2458//1226 2459//1226 2447//1226
f 2459//1730 2460//1730 2447//1730
f 2460//1228 2461//1228 2447//1228
f 2461//1229 2462//1229 2447//1229
f 2462//1229 2463//1229 2447//1229
f 2463//1230 2464//1230 2447//1230
f 2464//1731 2465//1731 2447//1731
f 2465//1232 2466//1232 2447//1232
f 2466//1233 2467//1233 2447//1233
f 2467//1234 2448//1234 2447//1234
f 2467//1238 2468//1238 2469//1238
f 2448//1732 2469//1732 2470//1732
f 2449//1733 2470//1733 2471//1733
f 2450//1734 2471//1734 2472//1734
f 2451//1242 2472//1242 2473//1242
f 2452//1243 2473//1243 2474//1243
f 2453//1735 2474//1735 2475//1735
f 2454//1736 2475//1736 2476//1736
f 2455//1737 2476//1737 2477//1737
f 2456//1247 2477//1247 2478//1247
f 2457//1248 2478//1248 2479//1248
f 2458//1738 2479//1738 2480//1738
f 2459//1739 2480//1739 2481//1739
f 2460//1740 2481//1740 2482//1740
f 2461//1252 2482//1252 2483//1252
f 2462//1253 2483//1253 2484//1253
f 2463//1741 2484//1741 2485//1741
f 2464//1742 2485//1742 2486//1742
f 2465//1743 2486//1743 2487//1743
f 2466//1744 2487//1744 2468//1744
f 2468//1257 2467//1257 2466//1257
f 2487//1743 2466//1743 2465//1743
f 2486//1742 2465//1742 2464//1742
f 2485//1741 2464//1741 2463//1741
f 2484//1253 2463//1253 2462//1253
f 2483//1252 2462//1252 2461//1252
f 2482//1740 2461//1740 2460//1740
f 2481//1739 2460//1739 2459//1739
f 2480//1745 2459//1745 2458//1745
f 2479//1248 2458//1248 2457//1248
f 2478//1247 2457//1247 2456//1247
f 2477//1737 2456//1737 2455//1737
f 2476//1746 2455//1746 2454//1746
f 2475//1735 2454//1735 2453//1735
f 2474//1243 2453//1243 2452//1243
f 2473//1242 2452//1242 2451//1242
f 2472//1734 2451//1734 2450//1734
f 2471//1733 2450//1733 2449//1733
f 2470//1732 2449//1732 2448//1732
f 2469//1238 2448//1238 2467//1238
f 2488//1266 2487//1266 2486//1266
f 2486//1267 2485//1267 2488//1267
f 2485//1747 2484//1747 2488//1747
f 2484//1269 2483//1269 2488//1269
f 2483//1270 2482//1270 2488//1270
f 2482//1271 2481//1271 2488//1271
f 2481//1272 2480//1272 2488//1272
f 2480//1273 2479//1273 2488//1273
f 2479//1274 2478//1274 2488//1274
f 2478//1275 2477//1275 2488//1275
f 2477//1266 2476//1266 2488//1266
f 2476//1276 2475//1276 2488//1276
f 2475//1277 2474//1277 2488//1277
f 2474//1270 2473//1270 2488//1270
f 2473//1269 2472//1269 2488//1269
f 2472//1271 2471//1271 2488//1271
f 2471//1748 2470//1748 2488//1748
f 2470//1273 2469//1273 2488//1273
f 2469//1279 2468//1279 2488//1279
f 2468//1280 2487//1280 2488//1280
f 2489//782 2490//782 2491//782
f 2491//783 2492//783 2489//783
f 2492//784 2493//784 2489//784
f 2493//785 2494//785 2489//785
f 2494//785 2495//785 2489//785
f 2495//784 2496//784 2489//784
f 2496//1749 2497//1749 2489//1749
f 2497//792 2498//792 2489//792
f 2498//788 2499//788 2489//788
f 2499//789 2500//789 2489//789
f 2500//790 2501//790 2489//790
f 2501//783 2502//783 2489//783
f 2502//784 2503//784 2489//784
f 2503//785 2504//785 2489//785
f 2504//785 2505//785 2489//785
f 2505//784 2506//784 2489//784
f 2506//791 2507//791 2489//791
f 2507//792 2508//792 2489//792
f 2508//788 2509//788 2489//788
f 2509//789 2490//789 2489//789
f 2509//793 2510//793 2511//793
f 2490//824 2511//824 2512//824
f 2491//879 2512//879 2513//879
f 2492//1750 2513//1750 2514//1750
f 2493//797 2514//797 2515//797
f 2494//798 2515//798 2516//798
f 2495//1751 2516//1751 2517//1751
f 2496//800 2517//800 2518//800
f 2497//820 2518//820 2519//820
f 2498//802 2519//802 2520//802
f 2499//803 2520//803 2521//803
f 2500//804 2521//804 2522//804
f 2501//805 2522//805 2523//805
f 2502//1752 2523//1752 2524//1752
f 2503//807 2524//807 2525//807
f 2504//808 2525//808 2526//808
f 2505//1753 2526//1753 2527//1753
f 2506//880 2527//880 2528//880
f 2507//814 2528//814 2529//814
f 2508//812 2529//812 2510//812
f 2510//813 2509//813 2508//813
f 2529//1754 2508//1754 2507//1754
f 2528//880 2507//880 2506//880
f 2527//1755 2506//1755 2505//1755
f 2526//808 2505//808 2504//808
f 2525//807 2504//807 2503//807
f 2524//806 2503//806 2502//806
f 2523//805 2502//805 2501//805
f 2522//804 2501//804 2500//804
f 2521//818 2500//818 2499//818
f 2520//819 2499//819 2498//819
f 2519//1756 2498//1756 2497//1756
f 2518//800 2497//800 2496//800
f 2517//799 2496//799 2495//799
f 2516//798 2495//798 2494//798
f 2515//797 2494//797 2493//797
f 2514//1757 2493//1757 2492//1757
f 2513//879 2492//879 2491//879
f 2512//1758 2491//1758 2490//1758
f 2511//793 2490//793 2509//793
f 2530//826 2529//826 2528//826
f 2528//827 2527//827 2530//827
f 2527//828 2526//828 2530//828
f 2526//829 2525//829 2530//829
f 2525//830 2524//830 2530//830
f 2524//828 2523//828 2530//828
f 2523//831 2522//831 2530//831
f 2522//832 2521//832 2530//832
f 2521//833 2520//833 2530//833
f 2520//834 2519//834 2530//834
f 2519//826 2518//826 2530//826
f 2518//835 2517//835 2530//835
f 2517//828 2516//828 2530//828
f 2516//830 2515//830 2530//830
f 2515//829 2514//829 2530//829
f 2514//828 2513//828 2530//828
f 2513//836 2512//836 2530//836
f 2512//832 2511//832 2530//832
f 2511//838 2510//838 2530//838
f 2510//839 2529//839 2530//839
f 2531//840 2532//840 2533//840
f 2533//849 2534//849 2531//849
f 2534//1759 2535//1759 2531//1759
f 2535//785 2536//785 2531//785
f 2536//785 2537//785 2531//785
f 2537//1759 2538//1759 2531//1759
f 2538//1749 2539//1749 2531//1749
f 2539//792 2540//792 2531//792
f 2540//788 2541//788 2531//788
f 2541//789 2542//789 2531//789
f 2542//790 2543//790 2531//790
f 2543//783 2544//783 2531//783
f 2544//1759 2545//1759 2531//1759
f 2545//785 2546//785 2531//785
f 2546//785 2547//785 2531//785
f 2547//785 2548//785 2531//785
f 2548//869 2549//869 2531//869
f 2549//843 2550//843 2531//843
f 2550//788 2551//788 2531//788
f 2551//789 2532//789 2531//789
f 2551//825 2552//825 2553//825
f 2532//824 2553//824 2554//824
f 2533//879 2554//879 2555//879
f 2534//1750 2555//1750 2556//1750
f 2535//797 2556//797 2557//797
f 2536//798 2557//798 2558//798
f 2537//1751 2558//1751 2559//1751
f 2538//800 2559//800 2560//800
f 2539//820 2560//820 2561//820
f 2540//819 2561//819 2562//819
f 2541//818 2562//818 2563//818
f 2542//804 2563//804 2564//804
f 2543//805 2564//805 2565//805
f 2544//806 2565//806 2566//806
f 2545//807 2566//807 2567//807
f 2546//808 2567//808 2568//808
f 2547//1753 2568//1753 2569//1753
f 2548//880 2569//880 2570//880
f 2549//814 2570//814 2571//814
f 2550//812 2571//812 2552//812
f 2552//813 2551//813 2550//813
f 2571//862 2550//862 2549//862
f 2570//1760 2549//1760 2548//1760
f 2569//1753 2548//1753 2547//1753
f 2568//808 2547//808 2546//808
f 2567//807 2546//807 2545//807
f 2566//1752 2545//1752 2544//1752
f 2565//805 2544//805 2543//805
f 2564//1761 2543//1761 2542//1761
f 2563//818 2542//818 2541//818
f 2562//819 2541//819 2540//819
f 2561//1756 2540//1756 2539//1756
f 2560//800 2539//800 2538//800
f 2559//799 2538//799 2537//799
f 2558//798 2537//798 2536//798
f 2557//797 2536//797 2535//797
f 2556//1750 2535//1750 2534//1750
f 2555//1762 2534//1762 2533//1762
f 2554//859 2533//859 2532//859
f 2553//793 2532//793 2551//793
f 2572//826 2571//826 2570//826
f 2570//827 2569//827 2572//827
f 2569//828 2568//828 2572//828
f 2568//829 2567//829 2572//829
f 2567//830 2566//830 2572//830
f 2566//828 2565//828 2572//828
f 2565//831 2564//831 2572//831
f 2564//832 2563//832 2572//832
f 2563//833 2562//833 2572//833
f 2562//834 2561//834 2572//834
f 2561//826 2560//826 2572//826
f 2560//835 2559//835 2572//835
f 2559//828 2558//828 2572//828
f 2558//830 2557//830 2572//830
f 2557//829 2556//829 2572//829
f 2556//828 2555//828 2572//828
f 2555//836 2554//836 2572//836
f 2554//832 2553//832 2572//832
f 2553//838 2552//838 2572//838
f 2552//839 2571//839 2572//839
f 2573//840 2574//840 2575//840
f 2575//849 2576//849 2573//849
f 2576//784 2577//784 2573//784
f 2577//785 2578//785 2573//785
f 2578//784 2579//784 2573//784
f 2579//785 2580//785 2573//785
f 2580//1763 2581//1763 2573//1763
f 2581//787 2582//787 2573//787
f 2582//788 2583//788 2573//788
f 2583//789 2584//789 2573//789
f 2584//790 2585//790 2573//790
f 2585//908 2586//908 2573//908
f 2586//1759 2587//1759 2573//1759
f 2587//784 2588//784 2573//784
f 2588//785 2589//785 2573//785
f 2589//850 2590//850 2573//850
f 2590//842 2591//842 2573//842
f 2591//843 2592//843 2573//843
f 2592//788 2593//788 2573//788
f 2593//789 2574//789 2573//789
f 2593//1764 2594//1764 2595//1764
f 2574//1765 2595//1765 2596//1765
f 2575//879 2596//879 2597//879
f 2576//1757 2597//1757 2598//1757
f 2577//797 2598//797 2599//797
f 2578//798 2599//798 2600//798
f 2579//799 2600//799 2601//799
f 2580//800 2601//800 2602//800
f 2581//820 2602//820 2603//820
f 2582//819 2603//819 2604//819
f 2583//818 2604//818 2605//818
f 2584//804 2605//804 2606//804
f 2585//805 2606//805 2607//805
f 2586//806 2607//806 2608//806
f 2587//807 2608//807 2609//807
f 2588//808 2609//808 2610//808
f 2589//1755 2610//1755 2611//1755
f 2590//880 2611//880 2612//880
f 2591//1766 2612//1766 2613//1766
f 2592//813 2613//813 2594//813
f 2594//813 2593//813 2592//813
f 2613//862 2592//862 2591//862
f 2612//1760 2591//1760 2590//1760
f 2611//1753 2590//1753 2589//1753
f 2610//808 2589//808 2588//808
f 2609//807 2588//807 2587//807
f 2608//806 2587//806 2586//806
f 2607//805 2586//805 2585//805
f 2606//1761 2585//1761 2584//1761
f 2605//818 2584//818 2583//818
f 2604//1767 2583//1767 2582//1767
f 2603//1756 2582//1756 2581//1756
f 2602//800 2581//800 2580//800
f 2601//799 2580//799 2579//799
f 2600//798 2579//798 2578//798
f 2599//797 2578//797 2577//797
f 2598//1750 2577//1750 2576//1750
f 2597//1762 2576//1762 2575//1762
f 2596//859 2575//859 2574//859
f 2595//793 2574//793 2593//793
f 2614//826 2613//826 2612//826
f 2612//884 2611//884 2614//884
f 2611//828 2610//828 2614//828
f 2610//829 2609//829 2614//829
f 2609//830 2608//830 2614//830
f 2608//854 2607//854 2614//854
f 2607//831 2606//831 2614//831
f 2606//832 2605//832 2614//832
f 2605//838 2604//838 2614//838
f 2604//839 2603//839 2614//839
f 2603//826 2602//826 2614//826
f 2602//827 2601//827 2614//827
f 2601//855 2600//855 2614//855
f 2600//830 2599//830 2614//830
f 2599//829 2598//829 2614//829
f 2598//828 2597//828 2614//828
f 2597//831 2596//831 2614//831
f 2596//837 2595//837 2614//837
f 2595//833 2594//833 2614//833
f 2594//834 2613//834 2614//834
f 2615//873 2616//873 2617//873
f 2617//860 2618//860 2615//860
f 2618//784 2619//784 2615//784
f 2619//785 2620//785 2615//785
f 2620//785 2621//785 2615//785
f 2621//784 2622//784 2615//784
f 2622//1749 2623//1749 2615//1749
f 2623//792 2624//792 2615//792
f 2624//788 2625//788 2615//788
f 2625//789 2626//789 2615//789
f 2626//790 2627//790 2615//790
f 2627//908 2628//908 2615//908
f 2628//784 2629//784 2615//784
f 2629//785 2630//785 2615//785
f 2630//785 2631//785 2615//785
f 2631//850 2632//850 2615//850
f 2632//869 2633//869 2615//869
f 2633//878 2634//878 2615//878
f 2634//788 2635//788 2615//788
f 2635//789 2616//789 2615//789
f 2635//793 2636//793 2637//793
f 2616//1765 2637//1765 2638//1765
f 2617//879 2638//879 2639//879
f 2618//1757 2639//1757 2640//1757
f 2619//797 2640//797 2641//797
f 2620//798 2641//798 2642//798
f 2621//1751 2642//1751 2643//1751
f 2622//800 2643//800 2644//800
f 2623//820 2644//820 2645//820
f 2624//819 2645//819 2646//819
f 2625//818 2646//818 2647//818
f 2626//804 2647//804 2648//804
f 2627//805 2648//805 2649//805
f 2628//1752 2649//1752 2650//1752
f 2629//807 2650//807 2651//807
f 2630//808 2651//808 2652//808
f 2631//1755 2652//1755 2653//1755
f 2632//880 2653//880 2654//880
f 2633//1766 2654//1766 2655//1766
f 2634//813 2655//813 2636//813
f 2636//813 2635//813 2634//813
f 2655//862 2634//862 2633//862
f 2654//1760 2633//1760 2632//1760
f 2653//1755 2632//1755 2631//1755
f 2652//808 2631//808 2630//808
f 2651//807 2630//807 2629//807
f 2650//806 2629//806 2628//806
f 2649//805 2628//805 2627//805
f 2648//1761 2627//1761 2626//1761
f 2647//818 2626//818 2625//818
f 2646//819 2625//819 2624//819
f 2645//1756 2624//1756 2623//1756
f 2644//800 2623//800 2622//800
f 2643//799 2622//799 2621//799
f 2642//798 2621//798 2620//798
f 2641//797 2620//797 2619//797
f 2640//1757 2619//1757 2618//1757
f 2639//1762 2618//1762 2617//1762
f 2638//859 2617//859 2616//859
f 2637//793 2616//793 2635//793
f 2656//826 2655//826 2654//826
f 2654//884 2653//884 2656//884
f 2653//828 2652//828 2656//828
f 2652//829 2651//829 2656//829
f 2651//830 2650//830 2656//830
f 2650//854 2649//854 2656//854
f 2649//831 2648//831 2656//831
f 2648//832 2647//832 2656//832
f 2647//838 2646//838 2656//838
f 2646//839 2645//839 2656//839
f 2645//826 2644//826 2656//826
f 2644//827 2643//827 2656//827
f 2643//855 2642//855 2656//855
f 2642//830 2641//830 2656//830
f 2641//829 2640//829 2656//829
f 2640//828 2639//828 2656//828
f 2639//831 2638//831 2656//831
f 2638//837 2637//837 2656//837
f 2637//833 2636//833 2656//833
f 2636//834 2655//834 2656//834
f 2657//840 2658//840 2659//840
f 2659//860 2660//860 2657//860
f 2660//784 2661//784 2657//784
f 2661//861 2662//861 2657//861
f 2662//785 2663//785 2657//785
f 2663//785 2664//785 2657//785
f 2664//1768 2665//1768 2657//1768
f 2665//787 2666//787 2657//787
f 2666//788 2667//788 2657//788
f 2667//789 2668//789 2657//789
f 2668//790 2669//790 2657//790
f 2669//908 2670//908 2657//908
f 2670//784 2671//784 2657//784
f 2671//785 2672//785 2657//785
f 2672//861 2673//861 2657//861
f 2673//784 2674//784 2657//784
f 2674//869 2675//869 2657//869
f 2675//843 2676//843 2657//843
f 2676//788 2677//788 2657//788
f 2677//789 2658//789 2657//789
f 2677//793 2678//793 2679//793
f 2658//1765 2679//1765 2680//1765
f 2659//879 2680//879 2681//879
f 2660//1750 2681//1750 2682//1750
f 2661//797 2682//797 2683//797
f 2662//798 2683//798 2684//798
f 2663//799 2684//799 2685//799
f 2664//800 2685//800 2686//800
f 2665//820 2686//820 2687//820
f 2666//819 2687//819 2688//819
f 2667//818 2688//818 2689//818
f 2668//804 2689//804 2690//804
f 2669//805 2690//805 2691//805
f 2670//1752 2691//1752 2692//1752
f 2671//807 2692//807 2693//807
f 2672//808 2693//808 2694//808
f 2673//1753 2694//1753 2695//1753
f 2674//880 2695//880 2696//880
f 2675//1754 2696//1754 2697//1754
f 2676//813 2697//813 2678//813
f 2678//813 2677//813 2676//813
f 2697//862 2676//862 2675//862
f 2696//1760 2675//1760 2674//1760
f 2695//1755 2674//1755 2673//1755
f 2694//808 2673//808 2672//808
f 2693//807 2672//807 2671//807
f 2692//806 2671//806 2670//806
f 2691//805 2670//805 2669//805
f 2690//804 2669//804 2668//804
f 2689//818 2668//818 2667//818
f 2688//819 2667//819 2666//819
f 2687//1756 2666//1756 2665//1756
f 2686//800 2665//800 2664//800
f 2685//799 2664//799 2663//799
f 2684//798 2663//798 2662//798
f 2683//797 2662//797 2661//797
f 2682//1757 2661//1757 2660//1757
f 2681//1762 2660//1762 2659//1762
f 2680//859 2659//859 2658//859
f 2679//793 2658//793 2677//793
f 2698//826 2697//826 2696//826
f 2696//884 2695//884 2698//884
f 2695//828 2694//828 2698//828
f 2694//829 2693//829 2698//829
f 2693//830 2692//830 2698//830
f 2692//854 2691//854 2698//854
f 2691//831 2690//831 2698//831
f 2690//832 2689//832 2698//832
f 2689//838 2688//838 2698//838
f 2688//839 2687//839 2698//839
f 2687//826 2686//826 2698//826
f 2686//827 2685//827 2698//827
f 2685//855 2684//855 2698//855
f 2684//830 2683//830 2698//830
f 2683//829 2682//829 2698//829
f 2682//828 2681//828 2698//828
f 2681//831 2680//831 2698//831
f 2680//837 2679//837 2698//837
f 2679//833 2678//833 2698//833
f 2678//834 2697//834 2698//834
f 2699//856 2700//856 2701//856
f 2701//860 2702//860 2699//860
f 2702//850 2703//850 2699//850
f 2703//785 2704//785 2699//785
f 2704//850 2705//850 2699//850
f 2705//785 2706//785 2699//785
f 2706//1749 2707//1749 2699//1749
f 2707//864 2708//864 2699//864
f 2708//865 2709//865 2699//865
f 2709//866 2710//866 2699//866
f 2710//867 2711//867 2699//867
f 2711//783 2712//783 2699//783
f 2712//785 2713//785 2699//785
f 2713//785 2714//785 2699//785
f 2714//868 2715//868 2699//868
f 2715//850 2716//850 2699//850
f 2716//869 2717//869 2699//869
f 2717//857 2718//857 2699//857
f 2718//788 2719//788 2699//788
f 2719//789 2700//789 2699//789
f 2719//793 2720//793 2721//793
f 2700//1765 2721//1765 2722//1765
f 2701//879 2722//879 2723//879
f 2702//1757 2723//1757 2724//1757
f 2703//797 2724//797 2725//797
f 2704//798 2725//798 2726//798
f 2705//799 2726//799 2727//799
f 2706//800 2727//800 2728//800
f 2707//820 2728//820 2729//820
f 2708//819 2729//819 2730//819
f 2709//818 2730//818 2731//818
f 2710//804 2731//804 2732//804
f 2711//805 2732//805 2733//805
f 2712//806 2733//806 2734//806
f 2713//807 2734//807 2735//807
f 2714//808 2735//808 2736//808
f 2715//1755 2736//1755 2737//1755
f 2716//880 2737//880 2738//880
f 2717//1766 2738//1766 2739//1766
f 2718//813 2739//813 2720//813
f 2720//813 2719//813 2718//813
f 2739//862 2718//862 2717//862
f 2738//1760 2717//1760 2716//1760
f 2737//1753 2716//1753 2715//1753
f 2736//808 2715//808 2714//808
f 2735//807 2714//807 2713//807
f 2734//806 2713//806 2712//806
f 2733//805 2712//805 2711//805
f 2732//903 2711//903 2710//903
f 2731//818 2710//818 2709//818
f 2730//819 2709//819 2708//819
f 2729//899 2708//899 2707//899
f 2728//800 2707//800 2706//800
f 2727//799 2706//799 2705//799
f 2726//798 2705//798 2704//798
f 2725//797 2704//797 2703//797
f 2724//1757 2703//1757 2702//1757
f 2723//1762 2702//1762 2701//1762
f 2722//859 2701//859 2700//859
f 2721//793 2700//793 2719//793
f 2740//826 2739//826 2738//826
f 2738//884 2737//884 2740//884
f 2737//828 2736//828 2740//828
f 2736//829 2735//829 2740//829
f 2735//830 2734//830 2740//830
f 2734//854 2733//854 2740//854
f 2733//831 2732//831 2740//831
f 2732//832 2731//832 2740//832
f 2731//838 2730//838 2740//838
f 2730//839 2729//839 2740//839
f 2729//826 2728//826 2740//826
f 2728//827 2727//827 2740//827
f 2727//855 2726//855 2740//855
f 2726//830 2725//830 2740//830
f 2725//829 2724//829 2740//829
f 2724//828 2723//828 2740//828
f 2723//831 2722//831 2740//831
f 2722//837 2721//837 2740//837
f 2721//833 2720//833 2740//833
f 2720//834 2739//834 2740//834
f 2741//873 2742//873 2743//873
f 2743//886 2744//886 2741//886
f 2744//1769 2745//1769 2741//1769
f 2745//785 2746//785 2741//785
f 2746//785 2747//785 2741//785
f 2747//785 2748//785 2741//785
f 2748//1749 2749//1749 2741//1749
f 2749//864 2750//864 2741//864
f 2750//865 2751//865 2741//865
f 2751//866 2752//866 2741//866
f 2752//867 2753//867 2741//867
f 2753//783 2754//783 2741//783
f 2754//785 2755//785 2741//785
f 2755//785 2756//785 2741//785
f 2756//785 2757//785 2741//785
f 2757//876 2758//876 2741//876
f 2758//890 2759//890 2741//890
f 2759//878 2760//878 2741//878
f 2760//788 2761//788 2741//788
f 2761//789 2742//789 2741//789
f 2761//793 2762//793 2763//793
f 2742//1758 2763//1758 2764//1758
f 2743//879 2764//879 2765//879
f 2744//1750 2765//1750 2766//1750
f 2745//797 2766//797 2767//797
f 2746//798 2767//798 2768//798
f 2747//1751 2768//1751 2769//1751
f 2748//800 2769//800 2770//800
f 2749//1770 2770//1770 2771//1770
f 2750//819 2771//819 2772//819
f 2751//818 2772//818 2773//818
f 2752//1771 2773//1771 2774//1771
f 2753//805 2774//805 2775//805
f 2754//1752 2775//1752 2776//1752
f 2755//807 2776//807 2777//807
f 2756//808 2777//808 2778//808
f 2757//1753 2778//1753 2779//1753
f 2758//880 2779//880 2780//880
f 2759//1754 2780//1754 2781//1754
f 2760//813 2781//813 2762//813
f 2762//813 2761//813 2760//813
f 2781//862 2760//862 2759//862
f 2780//880 2759//880 2758//880
f 2779//1772 2758//1772 2757//1772
f 2778//808 2757//808 2756//808
f 2777//807 2756//807 2755//807
f 2776//806 2755//806 2754//806
f 2775//805 2754//805 2753//805
f 2774//903 2753//903 2752//903
f 2773//818 2752//818 2751//818
f 2772//819 2751//819 2750//819
f 2771//899 2750//899 2749//899
f 2770//800 2749//800 2748//800
f 2769//799 2748//799 2747//799
f 2768//798 2747//798 2746//798
f 2767//797 2746//797 2745//797
f 2766//1773 2745//1773 2744//1773
f 2765//879 2744//879 2743//879
f 2764//859 2743//859 2742//859
f 2763//793 2742//793 2761//793
f 2782//826 2781//826 2780//826
f 2780//884 2779//884 2782//884
f 2779//828 2778//828 2782//828
f 2778//829 2777//829 2782//829
f 2777//830 2776//830 2782//830
f 2776//854 2775//854 2782//854
f 2775//831 2774//831 2782//831
f 2774//832 2773//832 2782//832
f 2773//833 2772//833 2782//833
f 2772//834 2771//834 2782//834
f 2771//885 2770//885 2782//885
f 2770//827 2769//827 2782//827
f 2769//828 2768//828 2782//828
f 2768//830 2767//830 2782//830
f 2767//829 2766//829 2782//829
f 2766//828 2765//828 2782//828
f 2765//831 2764//831 2782//831
f 2764//832 2763//832 2782//832
f 2763//838 2762//838 2782//838
f 2762//839 2781//839 2782//839
f 2783//856 2784//856 2785//856
f 2785//1774 2786//1774 2783//1774
f 2786//897 2787//897 2783//897
f 2787//888 2788//888 2783//888
f 2788//850 2789//850 2783//850
f 2789//785 2790//785 2783//785
f 2790//1768 2791//1768 2783//1768
f 2791//1775 2792//1775 2783//1775
f 2792//865 2793//865 2783//865
f 2793//866 2794//866 2783//866
f 2794//1776 2795//1776 2783//1776
f 2795//908 2796//908 2783//908
f 2796//785 2797//785 2783//785
f 2797//850 2798//850 2783//850
f 2798//888 2799//888 2783//888
f 2799//896 2800//896 2783//896
f 2800//890 2801//890 2783//890
f 2801//857 2802//857 2783//857
f 2802//788 2803//788 2783//788
f 2803//789 2784//789 2783//789
f 2803//793 2804//793 2805//793
f 2784//1765 2805//1765 2806//1765
f 2785//879 2806//879 2807//879
f 2786//1750 2807//1750 2808//1750
f 2787//797 2808//797 2809//797
f 2788//798 2809//798 2810//798
f 2789//799 2810//799 2811//799
f 2790//800 2811//800 2812//800
f 2791//1756 2812//1756 2813//1756
f 2792//819 2813//819 2814//819
f 2793//818 2814//818 2815//818
f 2794//1761 2815//1761 2816//1761
f 2795//805 2816//805 2817//805
f 2796//806 2817//806 2818//806
f 2797//807 2818//807 2819//807
f 2798//808 2819//808 2820//808
f 2799//1755 2820//1755 2821//1755
f 2800//880 2821//880 2822//880
f 2801//1766 2822//1766 2823//1766
f 2802//813 2823//813 2804//813
f 2804//813 2803//813 2802//813
f 2823//862 2802//862 2801//862
f 2822//880 2801//880 2800//880
f 2821//1753 2800//1753 2799//1753
f 2820//891 2799//891 2798//891
f 2819//807 2798//807 2797//807
f 2818//806 2797//806 2796//806
f 2817//805 2796//805 2795//805
f 2816//903 2795//903 2794//903
f 2815//818 2794//818 2793//818
f 2814//819 2793//819 2792//819
f 2813//899 2792//899 2791//899
f 2812//800 2791//800 2790//800
f 2811//799 2790//799 2789//799
f 2810//798 2789//798 2788//798
f 2809//894 2788//894 2787//894
f 2808//1757 2787//1757 2786//1757
f 2807//879 2786//879 2785//879
f 2806//859 2785//859 2784//859
f 2805//793 2784//793 2803//793
f 2824//826 2823//826 2822//826
f 2822//884 2821//884 2824//884
f 2821//828 2820//828 2824//828
f 2820//829 2819//829 2824//829
f 2819//830 2818//830 2824//830
f 2818//828 2817//828 2824//828
f 2817//831 2816//831 2824//831
f 2816//832 2815//832 2824//832
f 2815//833 2814//833 2824//833
f 2814//834 2813//834 2824//834
f 2813//885 2812//885 2824//885
f 2812//827 2811//827 2824//827
f 2811//828 2810//828 2824//828
f 2810//830 2809//830 2824//830
f 2809//829 2808//829 2824//829
f 2808//828 2807//828 2824//828
f 2807//831 2806//831 2824//831
f 2806//832 2805//832 2824//832
f 2805//838 2804//838 2824//838
f 2804//839 2823//839 2824//839
f 2825//867 2826//867 2827//867
f 2827//908 2828//908 2825//908
f 2828//850 2829//850 2825//850
f 2829//785 2830//785 2825//785
f 2830//895 2831//895 2825//895
f 2831//896 2832//896 2825//896
f 2832//1777 2833//1777 2825//1777
f 2833//843 2834//843 2825//843
f 2834//788 2835//788 2825//788
f 2835//789 2836//789 2825//789
f 2836//856 2837//856 2825//856
f 2837//1774 2838//1774 2825//1774
f 2838//897 2839//897 2825//897
f 2839//895 2840//895 2825//895
f 2840//785 2841//785 2825//785
f 2841//784 2842//784 2825//784
f 2842//786 2843//786 2825//786
f 2843//864 2844//864 2825//864
f 2844//865 2845//865 2825//865
f 2845//866 2826//866 2825//866
f 2845//793 2846//793 2847//793
f 2826//1765 2847//1765 2848//1765
f 2827//879 2848//879 2849//879
f 2828//1757 2849//1757 2850//1757
f 2829//797 2850//797 2851//797
f 2830//798 2851//798 2852//798
f 2831//799 2852//799 2853//799
f 2832//800 2853//800 2854//800
f 2833//1756 2854//1756 2855//1756
f 2834//819 2855//819 2856//819
f 2835//818 2856//818 2857//818
f 2836//1761 2857//1761 2858//1761
f 2837//805 2858//805 2859//805
f 2838//1752 2859//1752 2860//1752
f 2839//807 2860//807 2861//807
f 2840//808 2861//808 2862//808
f 2841//1755 2862//1755 2863//1755
f 2842//880 2863//880 2864//880
f 2843//1766 2864//1766 2865//1766
f 2844//813 2865//813 2846//813
f 2846//813 2845//813 2844//813
f 2865//862 2844//862 2843//862
f 2864//880 2843//880 2842//880
f 2863//1755 2842//1755 2841//1755
f 2862//808 2841//808 2840//808
f 2861//898 2840//898 2839//898
f 2860//806 2839//806 2838//806
f 2859//805 2838//805 2837//805
f 2858//903 2837//903 2836//903
f 2857//818 2836//818 2835//818
f 2856//819 2835//819 2834//819
f 2855//899 2834//899 2833//899
f 2854//800 2833//800 2832//800
f 2853//799 2832//799 2831//799
f 2852//900 2831//900 2830//900
f 2851//797 2830//797 2829//797
f 2850//1757 2829//1757 2828//1757
f 2849//879 2828//879 2827//879
f 2848//859 2827//859 2826//859
f 2847//793 2826//793 2845//793
f 2866//826 2865//826 2864//826
f 2864//884 2863//884 2866//884
f 2863//829 2862//829 2866//829
f 2862//829 2861//829 2866//829
f 2861//830 2860//830 2866//830
f 2860//828 2859//828 2866//828
f 2859//831 2858//831 2866//831
f 2858//832 2857//832 2866//832
f 2857//838 2856//838 2866//838
f 2856//839 2855//839 2866//839
f 2855//826 2854//826 2866//826
f 2854//884 2853//884 2866//884
f 2853//828 2852//828 2866//828
f 2852//830 2851//830 2866//830
f 2851//829 2850//829 2866//829
f 2850//828 2849//828 2866//828
f 2849//831 2848//831 2866//831
f 2848//837 2847//837 2866//837
f 2847//838 2846//838 2866//838
f 2846//839 2865//839 2866//839
f 2867//867 2868//867 2869//867
f 2869//783 2870//783 2867//783
f 2870//850 2871//850 2867//850
f 2871//868 2872//868 2867//868
f 2872//850 2873//850 2867//850
f 2873//901 2874//901 2867//901
f 2874//890 2875//890 2867//890
f 2875//857 2876//857 2867//857
f 2876//788 2877//788 2867//788
f 2877//789 2878//789 2867//789
f 2878//840 2879//840 2867//840
f 2879//886 2880//886 2867//886
f 2880//875 2881//875 2867//875
f 2881//850 2882//850 2867//850
f 2882//868 2883//868 2867//868
f 2883//850 2884//850 2867//850
f 2884//791 2885//791 2867//791
f 2885//864 2886//864 2867//864
f 2886//865 2887//865 2867//865
f 2887//866 2868//866 2867//866
f 2887//793 2888//793 2889//793
f 2868//1765 2889//1765 2890//1765
f 2869//879 2890//879 2891//879
f 2870//1750 2891//1750 2892//1750
f 2871//797 2892//797 2893//797
f 2872//798 2893//798 2894//798
f 2873//1751 2894//1751 2895//1751
f 2874//800 2895//800 2896//800
f 2875//1756 2896//1756 2897//1756
f 2876//819 2897//819 2898//819
f 2877//818 2898//818 2899//818
f 2878//1761 2899//1761 2900//1761
f 2879//805 2900//805 2901//805
f 2880//1752 2901//1752 2902//1752
f 2881//807 2902//807 2903//807
f 2882//808 2903//808 2904//808
f 2883//1753 2904//1753 2905//1753
f 2884//880 2905//880 2906//880
f 2885//1766 2906//1766 2907//1766
f 2886//813 2907//813 2888//813
f 2888//813 2887//813 2886//813
f 2907//862 2886//862 2885//862
f 2906//880 2885//880 2884//880
f 2905//1753 2884//1753 2883//1753
f 2904//808 2883//808 2882//808
f 2903//807 2882//807 2881//807
f 2902//1778 2881//1778 2880//1778
f 2901//805 2880//805 2879//805
f 2900//903 2879//903 2878//903
f 2899//818 2878//818 2877//818
f 2898//1767 2877//1767 2876//1767
f 2897//899 2876//899 2875//899
f 2896//800 2875//800 2874//800
f 2895//1779 2874//1779 2873//1779
f 2894//798 2873//798 2872//798
f 2893//797 2872//797 2871//797
f 2892//1757 2871//1757 2870//1757
f 2891//879 2870//879 2869//879
f 2890//859 2869//859 2868//859
f 2889//793 2868//793 2887//793
f 2908//826 2907//826 2906//826
f 2906//884 2905//884 2908//884
f 2905//828 2904//828 2908//828
f 2904//829 2903//829 2908//829
f 2903//830 2902//830 2908//830
f 2902//828 2901//828 2908//828
f 2901//831 2900//831 2908//831
f 2900//832 2899//832 2908//832
f 2899//833 2898//833 2908//833
f 2898//834 2897//834 2908//834
f 2897//885 2896//885 2908//885
f 2896//827 2895//827 2908//827
f 2895//828 2894//828 2908//828
f 2894//830 2893//830 2908//830
f 2893//829 2892//829 2908//829
f 2892//828 2891//828 2908//828
f 2891//831 2890//831 2908//831
f 2890//837 2889//837 2908//837
f 2889//838 2888//838 2908//838
f 2888//839 2907//839 2908//839
f 2909//867 2910//867 2911//867
f 2911//908 2912//908 2909//908
f 2912//850 2913//850 2909//850
f 2913//785 2914//785 2909//785
f 2914//785 2915//785 2909//785
f 2915//785 2916//785 2909//785
f 2916//869 2917//869 2909//869
f 2917//857 2918//857 2909//857
f 2918//788 2919//788 2909//788
f 2919//789 2920//789 2909//789
f 2920//856 2921//856 2909//856
f 2921//860 2922//860 2909//860
f 2922//785 2923//785 2909//785
f 2923//785 2924//785 2909//785
f 2924//785 2925//785 2909//785
f 2925//850 2926//850 2909//850
f 2926//1768 2927//1768 2909//1768
f 2927//864 2928//864 2909//864
f 2928//865 2929//865 2909//865
f 2929//866 2910//866 2909//866
f 2929//793 2930//793 2931//793
f 2910//1758 2931//1758 2932//1758
f 2911//879 2932//879 2933//879
f 2912//1757 2933//1757 2934//1757
f 2913//797 2934//797 2935//797
f 2914//798 2935//798 2936//798
f 2915//1751 2936//1751 2937//1751
f 2916//800 2937//800 2938//800
f 2917//1770 2938//1770 2939//1770
f 2918//819 2939//819 2940//819
f 2919//818 2940//818 2941//818
f 2920//1761 2941//1761 2942//1761
f 2921//805 2942//805 2943//805
f 2922//1752 2943//1752 2944//1752
f 2923//807 2944//807 2945//807
f 2924//808 2945//808 2946//808
f 2925//1753 2946//1753 2947//1753
f 2926//880 2947//880 2948//880
f 2927//1766 2948//1766 2949//1766
f 2928//813 2949//813 2930//813
f 2930//813 2929//813 2928//813
f 2949//862 2928//862 2927//862
f 2948//880 2927//880 2926//880
f 2947//1755 2926//1755 2925//1755
f 2946//808 2925//808 2924//808
f 2945//807 2924//807 2923//807
f 2944//806 2923//806 2922//806
f 2943//1780 2922//1780 2921//1780
f 2942//903 2921//903 2920//903
f 2941//818 2920//818 2919//818
f 2940//819 2919//819 2918//819
f 2939//899 2918//899 2917//899
f 2938//1781 2917//1781 2916//1781
f 2937//799 2916//799 2915//799
f 2936//798 2915//798 2914//798
f 2935//797 2914//797 2913//797
f 2934//1750 2913//1750 2912//1750
f 2933//879 2912//879 2911//879
f 2932//859 2911//859 2910//859
f 2931//793 2910//793 2929//793
f 2950//826 2949//826 2948//826
f 2948//884 2947//884 2950//884
f 2947//828 2946//828 2950//828
f 2946//829 2945//829 2950//829
f 2945//830 2944//830 2950//830
f 2944//828 2943//828 2950//828
f 2943//831 2942//831 2950//831
f 2942//832 2941//832 2950//832
f 2941//833 2940//833 2950//833
f 2940//834 2939//834 2950//834
f 2939//885 2938//885 2950//885
f 2938//827 2937//827 2950//827
f 2937//828 2936//828 2950//828
f 2936//830 2935//830 2950//830
f 2935//829 2934//829 2950//829
f 2934//828 2933//828 2950//828
f 2933//831 2932//831 2950//831
f 2932//837 2931//837 2950//837
f 2931//838 2930//838 2950//838
f 2930//839 2949//839 2950//839
f 2951//782 2952//782 2953//782
f 2953//908 2954//908 2951//908
f 2954//784 2955//784 2951//784
f 2955//868 2956//868 2951//868
f 2956//850 2957//850 2951//850
f 2957//785 2958//785 2951//785
f 2958//1782 2959//1782 2951//1782
f 2959//857 2960//857 2951//857
f 2960//788 2961//788 2951//788
f 2961//789 2962//789 2951//789
f 2962//856 2963//856 2951//856
f 2963//860 2964//860 2951//860
f 2964//785 2965//785 2951//785
f 2965//850 2966//850 2951//850
f 2966//868 2967//868 2951//868
f 2967//784 2968//784 2951//784
f 2968//786 2969//786 2951//786
f 2969//792 2970//792 2951//792
f 2970//788 2971//788 2951//788
f 2971//789 2952//789 2951//789
f 2971//793 2972//793 2973//793
f 2952//1765 2973//1765 2974//1765
f 2953//879 2974//879 2975//879
f 2954//1750 2975//1750 2976//1750
f 2955//797 2976//797 2977//797
f 2956//798 2977//798 2978//798
f 2957//799 2978//799 2979//799
f 2958//800 2979//800 2980//800
f 2959//1756 2980//1756 2981//1756
f 2960//819 2981//819 2982//819
f 2961//818 2982//818 2983//818
f 2962//1761 2983//1761 2984//1761
f 2963//805 2984//805 2985//805
f 2964//806 2985//806 2986//806
f 2965//807 2986//807 2987//807
f 2966//808 2987//808 2988//808
f 2967//1753 2988//1753 2989//1753
f 2968//880 2989//880 2990//880
f 2969//1766 2990//1766 2991//1766
f 2970//813 2991//813 2972//813
f 2972//813 2971//813 2970//813
f 2991//1754 2970//1754 2969//1754
f 2990//880 2969//880 2968//880
f 2989//1753 2968//1753 2967//1753
f 2988//808 2967//808 2966//808
f 2987//807 2966//807 2965//807
f 2986//806 2965//806 2964//806
f 2985//1780 2964//1780 2963//1780
f 2984//903 2963//903 2962//903
f 2983//818 2962//818 2961//818
f 2982//819 2961//819 2960//819
f 2981//899 2960//899 2959//899
f 2980//1781 2959//1781 2958//1781
f 2979//799 2958//799 2957//799
f 2978//798 2957//798 2956//798
f 2977//797 2956//797 2955//797
f 2976//1750 2955//1750 2954//1750
f 2975//879 2954//879 2953//879
f 2974//1758 2953//1758 2952//1758
f 2973//793 2952//793 2971//793
f 2992//826 2991//826 2990//826
f 2990//884 2989//884 2992//884
f 2989//828 2988//828 2992//828
f 2988//829 2987//829 2992//829
f 2987//830 2986//830 2992//830
f 2986//828 2985//828 2992//828
f 2985//831 2984//831 2992//831
f 2984//832 2983//832 2992//832
f 2983//833 2982//833 2992//833
f 2982//834 2981//834 2992//834
f 2981//885 2980//885 2992//885
f 2980//827 2979//827 2992//827
f 2979//828 2978//828 2992//828
f 2978//830 2977//830 2992//830
f 2977//829 2976//829 2992//829
f 2976//828 2975//828 2992//828
f 2975//831 2974//831 2992//831
f 2974//837 2973//837 2992//837
f 2973//838 2972//838 2992//838
f 2972//839 2991//839 2992//839
f 2993//175 2994//175 2995//175
f 2995//175 2996//175 2993//175
f 2997//198 2998//198 2999//198
f 3000//197 2999//197 3001//197
f 3002//196 3001//196 3003//196
f 3004//195 3003//195 3005//195
f 3006//194 3005//194 3007//194
f 3008//193 3007//193 3009//193
f 3010//192 3009//192 3011//192
f 3012//191 3011//191 3013//191
f 3014//190 3013//190 3015//190
f 3016//189 3015//189 3017//189
f 3018//188 3017//188 3019//188
f 3020//187 3019//187 3021//187
f 3022//186 3021//186 3023//186
f 3024//185 3023//185 3025//185
f 3026//184 3025//184 3027//184
f 3028//183 3027//183 3029//183
f 3030//182 3029//182 3031//182
f 3032//181 3031//181 3033//181
f 3034//180 3033//180 3035//180
f 3036//179 3035//179 3037//179
f 3038//178 3037//178 3039//178
f 3040//177 3039//177 3041//177
f 3042//176 3041//176 2996//176
f 2996//176 2995//176 3042//176
f 3041//177 3042//177 3040//177
f 3039//178 3040//178 3038//178
f 3037//179 3038//179 3036//179
f 3035//180 3036//180 3034//180
f 3033//181 3034//181 3032//181
f 3031//182 3032//182 3030//182
f 3029//183 3030//183 3028//183
f 3027//184 3028//184 3026//184
f 3025//185 3026//185 3024//185
f 3023//186 3024//186 3022//186
f 3021//187 3022//187 3020//187
f 3019//188 3020//188 3018//188
f 3017//189 3018//189 3016//189
f 3015//190 3016//190 3014//190
f 3013//191 3014//191 3012//191
f 3011//192 3012//192 3010//192
f 3009//193 3010//193 3008//193
f 3007//194 3008//194 3006//194
f 3005//195 3006//195 3004//195
f 3003//196 3004//196 3002//196
f 3001//197 3002//197 3000//197
f 2999//198 3000//198 2997//198
f 3019//88 3017//88 3043//88
f 3015//88 3044//88 3043//88
f 3023//88 3021//88 3045//88
f 3021//88 3019//88 3046//88
f 3043//88 3017//88 3015//88
f 3013//88 3047//88 3044//88
f 3025//88 3023//88 3048//88
f 3046//88 3045//88 3021//88
f 3044//88 3015//88 3013//88
f 3011//88 3049//88 3047//88
f 3005//88 3050//88 3051//88
f 3003//88 3052//88 3050//88
f 3039//88 3037//88 3053//88
f 3037//88 3035//88 3054//88
f 3035//88 3033//88 3055//88
f 3033//88 3031//88 3056//88
f 3031//88 3029//88 3057//88
f 3029//88 3027//88 3058//88
f 3027//88 3025//88 3059//88
f 3045//88 3048//88 3023//88
f 3047//88 3013//88 3011//88
f 3009//88 3060//88 3049//88
f 3007//88 3051//88 3060//88
f 3050//88 3005//88 3003//88
f 3001//88 3061//88 3052//88
f 2999//88 3062//88 3061//88
f 3054//88 3053//88 3037//88
f 3056//88 3055//88 3033//88
f 3058//88 3057//88 3029//88
f 3048//88 3059//88 3025//88
f 3049//88 3011//88 3009//88
f 3051//88 3007//88 3005//88
f 3061//88 3001//88 2999//88
f 2998//88 3063//88 3062//88
f 3055//88 3054//88 3035//88
f 3059//88 3058//88 3027//88
f 3060//88 3009//88 3007//88
f 3062//88 2999//88 2998//88
f 3041//88 3039//88 3064//88
f 3057//88 3056//88 3031//88
f 3052//88 3003//88 3001//88
f 2993//88 2996//88 3041//88
f 3043//88 3046//88 3019//88
f 3053//88 3064//88 3039//88
f 3064//88 2993//88 3041//88
f 3012//42 3014//42 3065//42
f 3014//42 3016//42 3066//42
f 3016//42 3018//42 3067//42
f 3020//42 3068//42 3067//42
f 3022//42 3069//42 3068//42
f 3024//42 3070//42 3069//42
f 3004//42 3006//42 3071//42
f 3006//42 3008//42 3072//42
f 3066//42 3065//42 3014//42
f 3067//42 3018//42 3020//42
f 3069//42 3022//42 3024//42
f 3026//42 3073//42 3070//42
f 3000//42 3002//42 3074//42
f 3002//42 3004//42 3075//42
f 3072//42 3071//42 3006//42
f 3008//42 3010//42 3076//42
f 3010//42 3012//42 3077//42
f 3067//42 3066//42 3016//42
f 3070//42 3024//42 3026//42
f 3028//42 3078//42 3073//42
f 3030//42 3079//42 3078//42
f 3032//42 3080//42 3079//42
f 3034//42 3081//42 3080//42
f 3036//42 3082//42 3081//42
f 3038//42 3083//42 3082//42
f 3040//42 3084//42 3083//42
f 2997//42 3000//42 3085//42
f 3075//42 3074//42 3002//42
f 3076//42 3072//42 3008//42
f 3065//42 3077//42 3012//42
f 3073//42 3026//42 3028//42
f 3079//42 3030//42 3032//42
f 3081//42 3034//42 3036//42
f 3083//42 3038//42 3040//42
f 3074//42 3085//42 3000//42
f 3077//42 3076//42 3010//42
f 3078//42 3028//42 3030//42
f 3082//42 3036//42 3038//42
f 3071//42 3075//42 3004//42
f 3080//42 3032//42 3034//42
f 3042//42 2994//42 3084//42
f 3068//42 3020//42 3022//42
f 3084//42 3040//42 3042//42
f 3042//42 2995//42 2994//42
f 3085//42 3086//42 2997//42
f 3084//200 2994//200 2993//200
f 3083//199 3084//199 3064//199
f 3081//201 3082//201 3087//201
f 3080//202 3081//202 3088//202
f 3079//203 3080//203 3089//203
f 3078//204 3079//204 3090//204
f 3073//205 3078//205 3091//205
f 3070//206 3073//206 3092//206
f 3069//207 3070//207 3093//207
f 3068//208 3069//208 3094//208
f 3067//209 3068//209 3095//209
f 3066//210 3067//210 3096//210
f 3065//211 3066//211 3097//211
f 3077//212 3065//212 3098//212
f 3076//213 3077//213 3099//213
f 3072//214 3076//214 3100//214
f 3071//215 3072//215 3101//215
f 3075//216 3071//216 3102//216
f 3074//217 3075//217 3103//217
f 3085//218 3074//218 3104//218
f 3086//219 3085//219 3105//219
f 3106//219 3107//219 3062//219
f 3107//218 3108//218 3061//218
f 3108//217 3109//217 3052//217
f 3109//216 3110//216 3050//216
f 3110//215 3111//215 3051//215
f 3111//214 3112//214 3060//214
f 3112//213 3113//213 3049//213
f 3113//212 3114//212 3047//212
f 3114//211 3115//211 3044//211
f 3115//210 3116//210 3043//210
f 3116//209 3117//209 3046//209
f 3117//208 3118//208 3045//208
f 3118//207 3119//207 3048//207
f 3119//206 3120//206 3059//206
f 3120//205 3121//205 3058//205
f 3121//204 3122//204 3057//204
f 3122//203 3123//203 3056//203
f 3123//202 3124//202 3055//202
f 3124//201 3125//201 3054//201
f 3082//220 3083//220 3126//220
f 3053//221 3127//221 3126//221
f 3054//223 3125//223 3127//223
f 3127//224 3053//224 3054//224
f 3126//221 3083//221 3053//221
f 3126//223 3087//223 3082//223
f 3054//201 3055//201 3124//201
f 3055//202 3056//202 3123//202
f 3056//203 3057//203 3122//203
f 3057//204 3058//204 3121//204
f 3058//205 3059//205 3120//205
f 3059//206 3048//206 3119//206
f 3048//207 3045//207 3118//207
f 3045//208 3046//208 3117//208
f 3046//209 3043//209 3116//209
f 3043//210 3044//210 3115//210
f 3044//211 3047//211 3114//211
f 3047//212 3049//212 3113//212
f 3049//213 3060//213 3112//213
f 3060//214 3051//214 3111//214
f 3051//215 3050//215 3110//215
f 3050//216 3052//216 3109//216
f 3052//217 3061//217 3108//217
f 3061//218 3062//218 3107//218
f 3062//219 3063//219 3106//219
f 3105//219 3128//219 3086//219
f 3104//218 3105//218 3085//218
f 3103//217 3104//217 3074//217
f 3102//216 3103//216 3075//216
f 3101//215 3102//215 3071//215
f 3100//214 3101//214 3072//214
f 3099//213 3100//213 3076//213
f 3098//212 3099//212 3077//212
f 3097//211 3098//211 3065//211
f 3096//210 3097//210 3066//210
f 3095//209 3096//209 3067//209
f 3094//208 3095//208 3068//208
f 3093//207 3094//207 3069//207
f 3092//206 3093//206 3070//206
f 3091//205 3092//205 3073//205
f 3090//204 3091//204 3078//204
f 3089//203 3090//203 3079//203
f 3088//202 3089//202 3080//202
f 3087//201 3088//201 3081//201
f 3064//199 3053//199 3083//199
f 2993//200 3064//200 3084//200
f 3129//250 3126//250 3127//250
f 3130//249 3129//249 3131//249
f 3132//248 3130//248 3133//248
f 3134//247 3132//247 3135//247
f 3136//246 3134//246 3137//246
f 3138//245 3136//245 3139//245
f 3140//244 3138//244 3141//244
f 3142//243 3140//243 3143//243
f 3144//242 3142//242 3145//242
f 3146//241 3144//241 3147//241
f 3148//240 3146//240 3149//240
f 3150//239 3148//239 3151//239
f 3152//238 3150//238 3153//238
f 3154//237 3152//237 3155//237
f 3156//236 3154//236 3157//236
f 3158//235 3156//235 3159//235
f 3160//234 3158//234 3161//234
f 3162//233 3160//233 3163//233
f 3164//232 3162//232 3165//232
f 3166//231 3164//231 3167//231
f 3168//230 3166//230 3169//230
f 3170//229 3168//229 3171//229
f 3172//228 3170//228 3173//228
f 3174//227 3172//227 3175//227
f 3176//226 3174//226 3177//226
f 3178//225 3176//225 3179//225
f 3179//225 3180//225 3178//225
f 3177//226 3179//226 3176//226
f 3175//227 3177//227 3174//227
f 3173//228 3175//228 3172//228
f 3171//229 3173//229 3170//229
f 3169//230 3171//230 3168//230
f 3167//231 3169//231 3166//231
f 3165//232 3167//232 3164//232
f 3163//233 3165//233 3162//233
f 3161//234 3163//234 3160//234
f 3159//235 3161//235 3158//235
f 3157//236 3159//236 3156//236
f 3155//237 3157//237 3154//237
f 3153//238 3155//238 3152//238
f 3151//239 3153//239 3150//239
f 3149//240 3151//240 3148//240
f 3147//241 3149//241 3146//241
f 3145//242 3147//242 3144//242
f 3143//243 3145//243 3142//243
f 3141//244 3143//244 3140//244
f 3139//245 3141//245 3138//245
f 3137//246 3139//246 3136//246
f 3135//247 3137//247 3134//247
f 3133//248 3135//248 3132//248
f 3131//249 3133//249 3130//249
f 3127//250 3131//250 3129//250
f 3181//261 3178//261 3180//261
f 3182//260 3181//260 3183//260
f 3184//259 3182//259 3185//259
f 3186//258 3184//258 3187//258
f 3188//257 3186//257 3189//257
f 3190//256 3188//256 3191//256
f 3192//255 3190//255 3193//255
f 3194//254 3192//254 3195//254
f 3196//253 3194//253 3197//253
f 3198//252 3196//252 3199//252
f 3200//251 3198//251 3201//251
f 3201//251 3202//251 3200//251
f 3199//252 3201//252 3198//252
f 3197//253 3199//253 3196//253
f 3195//254 3197//254 3194//254
f 3193//255 3195//255 3192//255
f 3191//256 3193//256 3190//256
f 3189//257 3191//257 3188//257
f 3187//258 3189//258 3186//258
f 3185//259 3187//259 3184//259
f 3183//260 3185//260 3182//260
f 3180//261 3183//261 3181//261
f 3108//88 3107//88 3203//88
f 3107//88 3204//88 3203//88
f 3195//88 3205//88 3206//88
f 3199//88 3197//88 3207//88
f 3107//88 3208//88 3204//88
f 3195//88 3209//88 3205//88
f 3197//88 3206//88 3207//88
f 3107//88 3210//88 3208//88
f 3207//88 3211//88 3199//88
f 3199//88 3211//88 3212//88
f 3203//88 3213//88 3108//88
f 3193//88 3214//88 3209//88
f 3212//88 3201//88 3199//88
f 3213//88 3215//88 3108//88
f 3206//88 3197//88 3195//88
f 3107//88 3216//88 3210//88
f 3209//88 3195//88 3193//88
f 3217//88 3214//88 3193//88
f 3215//88 3218//88 3108//88
f 3106//88 3219//88 3216//88
f 3202//88 3201//88 3220//88
f 3193//88 3191//88 3217//88
f 3216//88 3107//88 3106//88
f 3212//88 3220//88 3201//88
f 3109//88 3108//88 3221//88
f 3218//88 3222//88 3108//88
f 3191//88 3223//88 3217//88
f 3222//88 3221//88 3108//88
f 3202//88 3224//88 3225//88
f 3220//88 3226//88 3202//88
f 3106//88 3227//88 3219//88
f 3226//88 3224//88 3202//88
f 3228//88 3223//88 3191//88
f 3221//88 3229//88 3109//88
f 3191//88 3189//88 3228//88
f 3230//88 3228//88 3189//88
f 3109//88 3231//88 3232//88
f 3106//88 3233//88 3227//88
f 3189//88 3187//88 3230//88
f 3234//88 3230//88 3187//88
f 3235//88 3234//88 3185//88
f 3236//88 3235//88 3183//88
f 3120//88 3119//88 3149//88
f 3232//88 3237//88 3109//88
f 3106//88 3238//88 3233//88
f 3187//88 3185//88 3234//88
f 3183//88 3180//88 3236//88
f 3119//88 3151//88 3149//88
f 3119//88 3155//88 3153//88
f 3119//88 3239//88 3159//88
f 3240//88 3110//88 3109//88
f 3229//88 3231//88 3109//88
f 3185//88 3183//88 3235//88
f 3180//88 3179//88 3241//88
f 3122//88 3141//88 3139//88
f 3122//88 3121//88 3143//88
f 3153//88 3151//88 3119//88
f 3159//88 3157//88 3119//88
f 3237//88 3242//88 3109//88
f 3241//88 3236//88 3180//88
f 3143//88 3141//88 3122//88
f 3157//88 3155//88 3119//88
f 3239//88 3163//88 3161//88
f 3109//88 3242//88 3240//88
f 3179//88 3243//88 3241//88
f 3244//88 3243//88 3179//88
f 3133//88 3131//88 3125//88
f 3124//88 3123//88 3137//88
f 3121//88 3145//88 3143//88
f 3120//88 3147//88 3145//88
f 3161//88 3159//88 3239//88
f 3239//88 3245//88 3165//88
f 3239//88 3115//88 3114//88
f 3246//88 3111//88 3110//88
f 3240//88 3247//88 3110//88
f 3179//88 3177//88 3244//88
f 3248//88 3244//88 3177//88
f 3124//88 3135//88 3133//88
f 3123//88 3139//88 3137//88
f 3145//88 3121//88 3120//88
f 3165//88 3163//88 3239//88
f 3239//88 3116//88 3115//88
f 3239//88 3118//88 3117//88
f 3249//88 3113//88 3112//88
f 3250//88 3112//88 3111//88
f 3247//88 3251//88 3110//88
f 3177//88 3175//88 3248//88
f 3252//88 3248//88 3175//88
f 3245//88 3253//88 3171//88
f 3137//88 3135//88 3124//88
f 3149//88 3147//88 3120//88
f 3117//88 3116//88 3239//88
f 3249//88 3114//88 3113//88
f 3110//88 3251//88 3246//88
f 3175//88 3173//88 3252//88
f 3253//88 3252//88 3173//88
f 3171//88 3169//88 3245//88
f 3139//88 3123//88 3122//88
f 3239//88 3119//88 3118//88
f 3111//88 3246//88 3250//88
f 3173//88 3171//88 3253//88
f 3169//88 3167//88 3245//88
f 3125//88 3124//88 3133//88
f 3112//88 3250//88 3249//88
f 3167//88 3165//88 3245//88
f 3114//88 3249//88 3239//88
f 3131//88 3127//88 3125//88
f 3225//88 3254//88 3202//88
f 3104//42 3255//42 3256//42
f 3256//42 3105//42 3104//42
f 3256//42 3257//42 3105//42
f 3196//42 3258//42 3259//42
f 3192//42 3194//42 3260//42
f 3257//42 3261//42 3105//42
f 3259//42 3194//42 3196//42
f 3260//42 3262//42 3192//42
f 3104//42 3263//42 3255//42
f 3196//42 3198//42 3264//42
f 3262//42 3265//42 3192//42
f 3104//42 3266//42 3263//42
f 3259//42 3260//42 3194//42
f 3190//42 3192//42 3265//42
f 3261//42 3267//42 3105//42
f 3265//42 3268//42 3190//42
f 3128//42 3105//42 3269//42
f 3104//42 3270//42 3266//42
f 3271//42 3188//42 3190//42
f 3198//42 3272//42 3264//42
f 3267//42 3269//42 3105//42
f 3264//42 3258//42 3196//42
f 3200//42 3273//42 3272//42
f 3104//42 3274//42 3270//42
f 3103//42 3275//42 3274//42
f 3272//42 3198//42 3200//42
f 3274//42 3104//42 3103//42
f 3190//42 3268//42 3271//42
f 3269//42 3276//42 3128//42
f 3200//42 3277//42 3273//42
f 3200//42 3278//42 3279//42
f 3103//42 3280//42 3275//42
f 3281//42 3186//42 3188//42
f 3279//42 3277//42 3200//42
f 3276//42 3282//42 3128//42
f 3103//42 3283//42 3284//42
f 3285//42 3184//42 3186//42
f 3271//42 3286//42 3188//42
f 3282//42 3287//42 3128//42
f 3103//42 3288//42 3283//42
f 3092//42 3144//42 3146//42
f 3289//42 3178//42 3181//42
f 3290//42 3181//42 3182//42
f 3291//42 3182//42 3184//42
f 3188//42 3286//42 3281//42
f 3284//42 3280//42 3103//42
f 3292//42 3288//42 3103//42
f 3093//42 3154//42 3156//42
f 3093//42 3148//42 3150//42
f 3146//42 3093//42 3092//42
f 3182//42 3291//42 3290//42
f 3186//42 3281//42 3285//42
f 3103//42 3102//42 3292//42
f 3093//42 3152//42 3154//42
f 3146//42 3148//42 3093//42
f 3178//42 3289//42 3293//42
f 3184//42 3285//42 3291//42
f 3102//42 3294//42 3292//42
f 3295//42 3156//42 3158//42
f 3150//42 3152//42 3093//42
f 3092//42 3091//42 3142//42
f 3090//42 3138//42 3140//42
f 3090//42 3089//42 3136//42
f 3181//42 3290//42 3289//42
f 3102//42 3296//42 3294//42
f 3297//42 3296//42 3102//42
f 3295//42 3298//42 3098//42
f 3295//42 3160//42 3162//42
f 3156//42 3295//42 3093//42
f 3091//42 3140//42 3142//42
f 3136//42 3138//42 3090//42
f 3088//42 3132//42 3134//42
f 3130//42 3088//42 3087//42
f 3299//42 3174//42 3176//42
f 3293//42 3176//42 3178//42
f 3102//42 3101//42 3297//42
f 3300//42 3297//42 3101//42
f 3298//42 3300//42 3100//42
f 3295//42 3096//42 3095//42
f 3098//42 3097//42 3295//42
f 3158//42 3160//42 3295//42
f 3140//42 3091//42 3090//42
f 3134//42 3089//42 3088//42
f 3087//42 3129//42 3130//42
f 3301//42 3172//42 3174//42
f 3293//42 3302//42 3176//42
f 3101//42 3100//42 3300//42
f 3100//42 3099//42 3298//42
f 3097//42 3096//42 3295//42
f 3142//42 3144//42 3092//42
f 3130//42 3132//42 3088//42
f 3303//42 3166//42 3168//42
f 3304//42 3170//42 3172//42
f 3176//42 3302//42 3299//42
f 3099//42 3098//42 3298//42
f 3095//42 3094//42 3295//42
f 3134//42 3136//42 3089//42
f 3303//42 3164//42 3166//42
f 3305//42 3168//42 3170//42
f 3174//42 3299//42 3301//42
f 3094//42 3093//42 3295//42
f 3087//42 3126//42 3129//42
f 3303//42 3162//42 3164//42
f 3172//42 3301//42 3304//42
f 3162//42 3303//42 3295//42
f 3170//42 3304//42 3305//42
f 3168//42 3305//42 3303//42
f 3287//42 3306//42 3128//42
f 3306//85 3307//85 3308//85
f 3238//85 3128//85 3306//85
f 2998//85 3128//85 3106//85
f 3308//85 3238//85 3306//85
f 3238//85 3106//85 3128//85
f 2997//85 3086//85 3128//85
f 3128//85 2998//85 2997//85
f 3106//85 3063//85 2998//85
f 3202//85 3254//85 3278//85
f 3278//85 3254//85 3309//85
f 3309//85 3310//85 3278//85
f 3278//85 3200//85 3202//85
f 3311//329 3312//329 3313//329
f 3314//328 3315//328 3312//328
f 3316//327 3317//327 3318//327
f 3314//326 3318//326 3317//326
f 3317//326 3315//326 3314//326
f 3319//325 3320//325 3316//325
f 3321//324 3322//324 3320//324
f 3323//323 3324//323 3322//323
f 3325//322 3326//322 3324//322
f 3327//321 3328//321 3326//321
f 3329//320 3330//320 3328//320
f 3331//319 3332//319 3330//319
f 3333//318 3334//318 3332//318
f 3335//317 3336//317 3334//317
f 3337//316 3338//316 3339//316
f 3335//315 3339//315 3338//315
f 3338//315 3336//315 3335//315
f 3340//314 3341//314 3342//314
f 3343//313 3342//313 3341//313
f 3341//313 3337//313 3343//313
f 3344//312 3345//312 3346//312
f 3347//311 3346//311 3345//311
f 3345//311 3340//311 3347//311
f 3348//308 3349//308 3350//308
f 3350//309 3351//309 3348//309
f 3348//332 3344//332 3349//332
f 3352//307 3353//307 3354//307
f 3351//306 3355//306 3356//306
f 3356//306 3354//306 3351//306
f 3357//303 3358//303 3359//303
f 3359//304 3352//304 3357//304
f 3359//333 3353//333 3352//333
f 3360//302 3361//302 3362//302
f 3358//301 3363//301 3364//301
f 3364//301 3362//301 3358//301
f 3365//300 3366//300 3367//300
f 3361//299 3360//299 3368//299
f 3368//299 3367//299 3361//299
f 3369//298 3370//298 3371//298
f 3366//297 3365//297 3371//297
f 3371//297 3370//297 3366//297
f 3372//296 3373//296 3374//296
f 3369//295 3375//295 3376//295
f 3376//295 3374//295 3369//295
f 3377//294 3378//294 3379//294
f 3373//293 3372//293 3380//293
f 3380//293 3379//293 3373//293
f 3381//292 3382//292 3383//292
f 3378//291 3377//291 3383//291
f 3383//291 3382//291 3378//291
f 3384//290 3385//290 3386//290
f 3387//289 3386//289 3385//289
f 3385//289 3381//289 3387//289
f 3388//288 3389//288 3390//288
f 3391//287 3390//287 3389//287
f 3389//287 3384//287 3391//287
f 3392//286 3393//286 3394//286
f 3395//285 3394//285 3393//285
f 3393//285 3388//285 3395//285
f 3396//284 3397//284 3392//284
f 3398//283 3399//283 3400//283
f 3397//282 3396//282 3401//282
f 3401//282 3400//282 3397//282
f 3402//281 3403//281 3404//281
f 3399//280 3398//280 3405//280
f 3405//280 3404//280 3399//280
f 3406//279 3407//279 3403//279
f 3408//278 3409//278 3407//278
f 3410//277 3411//277 3409//277
f 3412//276 3413//276 3414//276
f 3410//275 3414//275 3413//275
f 3413//275 3411//275 3410//275
f 3415//274 3416//274 3417//274
f 3418//273 3417//273 3416//273
f 3416//273 3412//273 3418//273
f 3419//272 3420//272 3421//272
f 3422//271 3421//271 3420//271
f 3420//271 3415//271 3422//271
f 3423//270 3424//270 3425//270
f 3426//269 3425//269 3424//269
f 3424//269 3419//269 3426//269
f 3427//268 3428//268 3429//268
f 3430//267 3429//267 3428//267
f 3428//267 3423//267 3430//267
f 3431//266 3432//266 3433//266
f 3434//265 3433//265 3432//265
f 3432//265 3427//265 3434//265
f 3435//264 3436//264 3431//264
f 3437//263 3438//263 3436//263
f 3439//262 3440//262 3438//262
f 3439//330 3308//330 3307//330
f 3313//331 3310//331 3309//331
f 3309//331 3441//331 3313//331
f 3307//330 3440//330 3439//330
f 3438//262 3437//262 3439//262
f 3436//263 3435//263 3437//263
f 3431//264 3442//264 3435//264
f 3433//266 3442//266 3431//266
f 3429//268 3434//268 3427//268
f 3425//270 3430//270 3423//270
f 3421//272 3426//272 3419//272
f 3417//274 3422//274 3415//274
f 3414//276 3418//276 3412//276
f 3409//277 3408//277 3410//277
f 3407//278 3406//278 3408//278
f 3403//279 3402//279 3406//279
f 3404//281 3405//281 3402//281
f 3400//283 3401//283 3398//283
f 3392//284 3443//284 3396//284
f 3394//286 3443//286 3392//286
f 3390//288 3395//288 3388//288
f 3386//290 3391//290 3384//290
f 3383//292 3387//292 3381//292
f 3379//294 3380//294 3377//294
f 3374//296 3376//296 3372//296
f 3371//298 3375//298 3369//298
f 3367//300 3368//300 3365//300
f 3362//302 3364//302 3360//302
f 3357//305 3363//305 3358//305
f 3354//307 3356//307 3352//307
f 3350//310 3355//310 3351//310
f 3346//312 3349//312 3344//312
f 3342//314 3347//314 3340//314
f 3339//316 3343//316 3337//316
f 3334//317 3333//317 3335//317
f 3332//318 3331//318 3333//318
f 3330//319 3329//319 3331//319
f 3328//320 3327//320 3329//320
f 3326//321 3325//321 3327//321
f 3324//322 3323//322 3325//322
f 3322//323 3321//323 3323//323
f 3320//324 3319//324 3321//324
f 3316//325 3444//325 3319//325
f 3318//327 3444//327 3316//327
f 3312//328 3311//328 3314//328
f 3313//329 3441//329 3311//329
f 3437//452 3227//452 3233//452
f 3437//453 3435//453 3219//453
f 3435//454 3442//454 3216//454
f 3210//455 3216//455 3442//455
f 3208//456 3210//456 3434//456
f 3210//457 3433//457 3434//457
f 3204//458 3208//458 3430//458
f 3208//459 3429//459 3430//459
f 3203//460 3204//460 3426//460
f 3204//461 3425//461 3426//461
f 3213//462 3203//462 3422//462
f 3203//463 3421//463 3422//463
f 3215//464 3213//464 3418//464
f 3213//465 3417//465 3418//465
f 3218//466 3215//466 3410//466
f 3215//467 3414//467 3410//467
f 3222//468 3218//468 3408//468
f 3406//469 3402//469 3221//469
f 3229//470 3221//470 3402//470
f 3231//471 3229//471 3398//471
f 3229//472 3405//472 3398//472
f 3231//473 3401//473 3396//473
f 3443//474 3237//474 3232//474
f 3242//475 3237//475 3443//475
f 3240//476 3242//476 3395//476
f 3242//477 3394//477 3395//477
f 3240//478 3390//478 3391//478
f 3391//479 3247//479 3240//479
f 3251//480 3247//480 3386//480
f 3246//481 3251//481 3387//481
f 3250//482 3246//482 3377//482
f 3246//483 3383//483 3377//483
f 3250//484 3380//484 3372//484
f 3249//485 3372//485 3376//485
f 3245//486 3239//486 3375//486
f 3239//487 3376//487 3375//487
f 3245//488 3371//488 3365//488
f 3253//489 3365//489 3368//489
f 3248//490 3252//490 3360//490
f 3252//1783 3368//1783 3360//1783
f 3248//492 3364//492 3363//492
f 3363//493 3244//493 3248//493
f 3357//494 3352//494 3243//494
f 3241//495 3243//495 3352//495
f 3241//496 3356//496 3355//496
f 3355//497 3236//497 3241//497
f 3350//498 3349//498 3235//498
f 3234//499 3235//499 3349//499
f 3230//500 3234//500 3347//500
f 3234//501 3346//501 3347//501
f 3230//502 3342//502 3343//502
f 3343//503 3228//503 3230//503
f 3228//504 3339//504 3335//504
f 3333//505 3217//505 3223//505
f 3331//506 3214//506 3217//506
f 3331//507 3329//507 3209//507
f 3329//508 3327//508 3205//508
f 3206//509 3205//509 3327//509
f 3206//510 3325//510 3323//510
f 3207//511 3323//511 3321//511
f 3211//512 3321//512 3319//512
f 3212//513 3319//513 3444//513
f 3444//514 3220//514 3212//514
f 3220//515 3318//515 3314//515
f 3311//516 3224//516 3226//516
f 3441//517 3225//517 3224//517
f 3439//518 3233//518 3238//518
f 3441//519 3309//519 3254//519
f 3254//520 3225//520 3441//520
f 3238//521 3308//521 3439//521
f 3224//522 3311//522 3441//522
f 3226//523 3314//523 3311//523
f 3314//524 3226//524 3220//524
f 3444//525 3318//525 3220//525
f 3319//526 3212//526 3211//526
f 3321//527 3211//527 3207//527
f 3323//528 3207//528 3206//528
f 3327//529 3325//529 3206//529
f 3205//1784 3209//1784 3329//1784
f 3209//531 3214//531 3331//531
f 3217//532 3333//532 3331//532
f 3223//533 3335//533 3333//533
f 3335//534 3223//534 3228//534
f 3343//535 3339//535 3228//535
f 3347//1785 3342//1785 3230//1785
f 3349//537 3346//537 3234//537
f 3235//538 3236//538 3350//538
f 3355//539 3350//539 3236//539
f 3352//540 3356//540 3241//540
f 3243//541 3244//541 3357//541
f 3363//542 3357//542 3244//542
f 3360//543 3364//543 3248//543
f 3368//544 3252//544 3253//544
f 3365//545 3253//545 3245//545
f 3375//546 3371//546 3245//546
f 3376//547 3239//547 3249//547
f 3372//548 3249//548 3250//548
f 3377//549 3380//549 3250//549
f 3387//550 3383//550 3246//550
f 3386//551 3387//551 3251//551
f 3391//552 3386//552 3247//552
f 3395//553 3390//553 3240//553
f 3443//554 3394//554 3242//554
f 3232//555 3396//555 3443//555
f 3396//556 3232//556 3231//556
f 3398//557 3401//557 3231//557
f 3402//558 3405//558 3229//558
f 3221//559 3222//559 3406//559
f 3408//560 3406//560 3222//560
f 3410//561 3408//561 3218//561
f 3418//562 3414//562 3215//562
f 3422//563 3417//563 3213//563
f 3426//564 3421//564 3203//564
f 3430//565 3425//565 3204//565
f 3434//566 3429//566 3208//566
f 3442//567 3433//567 3210//567
f 3216//568 3219//568 3435//568
f 3219//569 3227//569 3437//569
f 3233//452 3439//452 3437//452
f 3438//334 3440//334 3287//334
f 3438//335 3282//335 3276//335
f 3436//336 3276//336 3269//336
f 3267//337 3432//337 3431//337
f 3261//338 3428//338 3427//338
f 3427//339 3267//339 3261//339
f 3257//340 3424//340 3423//340
f 3423//341 3261//341 3257//341
f 3256//342 3420//342 3419//342
f 3419//343 3257//343 3256//343
f 3255//344 3416//344 3415//344
f 3415//345 3256//345 3255//345
f 3263//346 3413//346 3412//346
f 3412//347 3255//347 3263//347
f 3266//348 3409//348 3411//348
f 3411//349 3263//349 3266//349
f 3270//350 3407//350 3409//350
f 3407//351 3270//351 3274//351
f 3275//352 3404//352 3403//352
f 3280//353 3400//353 3399//353
f 3399//354 3275//354 3280//354
f 3280//355 3284//355 3397//355
f 3392//356 3397//356 3284//356
f 3288//357 3393//357 3392//357
f 3292//358 3389//358 3388//358
f 3388//359 3288//359 3292//359
f 3292//360 3294//360 3384//360
f 3294//361 3385//361 3384//361
f 3296//362 3381//362 3385//362
f 3297//363 3382//363 3381//363
f 3300//364 3379//364 3378//364
f 3378//365 3297//365 3300//365
f 3300//366 3298//366 3373//366
f 3298//367 3295//367 3374//367
f 3303//368 3370//368 3369//368
f 3369//369 3295//369 3303//369
f 3303//370 3305//370 3366//370
f 3305//371 3304//371 3367//371
f 3301//372 3362//372 3361//372
f 3361//373 3304//373 3301//373
f 3301//374 3299//374 3358//374
f 3359//375 3358//375 3299//375
f 3293//376 3354//376 3353//376
f 3353//377 3302//377 3293//377
f 3293//378 3289//378 3351//378
f 3348//379 3351//379 3289//379
f 3291//1786 3345//1786 3344//1786
f 3344//381 3290//381 3291//381
f 3285//382 3341//382 3340//382
f 3340//383 3291//383 3285//383
f 3285//384 3281//384 3337//384
f 3281//385 3338//385 3337//385
f 3281//386 3286//386 3336//386
f 3334//387 3336//387 3286//387
f 3332//388 3334//388 3271//388
f 3332//389 3268//389 3265//389
f 3330//390 3265//390 3262//390
f 3260//391 3326//391 3328//391
f 3260//392 3259//392 3324//392
f 3259//393 3258//393 3322//393
f 3258//394 3264//394 3320//394
f 3264//395 3272//395 3316//395
f 3272//396 3317//396 3316//396
f 3272//397 3273//397 3315//397
f 3312//398 3315//398 3273//398
f 3313//399 3312//399 3277//399
f 3440//400 3307//400 3306//400
f 3313//401 3279//401 3278//401
f 3278//402 3310//402 3313//402
f 3306//403 3287//403 3440//403
f 3277//404 3279//404 3313//404
f 3273//405 3277//405 3312//405
f 3315//406 3317//406 3272//406
f 3316//407 3320//407 3264//407
f 3320//408 3322//408 3258//408
f 3322//409 3324//409 3259//409
f 3324//410 3326//410 3260//410
f 3328//411 3262//411 3260//411
f 3262//412 3328//412 3330//412
f 3265//413 3330//413 3332//413
f 3271//414 3268//414 3332//414
f 3286//415 3271//415 3334//415
f 3336//416 3338//416 3281//416
f 3337//417 3341//417 3285//417
f 3340//418 3345//418 3291//418
f 3344//419 3348//419 3290//419
f 3289//420 3290//420 3348//420
f 3351//421 3354//421 3293//421
f 3353//422 3359//422 3302//422
f 3299//423 3302//423 3359//423
f 3358//424 3362//424 3301//424
f 3361//1787 3367//1787 3304//1787
f 3367//426 3366//426 3305//426
f 3366//427 3370//427 3303//427
f 3369//428 3374//428 3295//428
f 3374//429 3373//429 3298//429
f 3373//430 3379//430 3300//430
f 3378//431 3382//431 3297//431
f 3381//432 3296//432 3297//432
f 3385//433 3294//433 3296//433
f 3384//434 3389//434 3292//434
f 3388//435 3393//435 3288//435
f 3392//436 3283//436 3288//436
f 3284//437 3283//437 3392//437
f 3397//438 3400//438 3280//438
f 3399//439 3404//439 3275//439
f 3403//440 3274//440 3275//440
f 3274//441 3403//441 3407//441
f 3409//442 3266//442 3270//442
f 3411//443 3413//443 3263//443
f 3412//444 3416//444 3255//444
f 3415//445 3420//445 3256//445
f 3419//446 3424//446 3257//446
f 3423//447 3428//447 3261//447
f 3427//448 3432//448 3267//448
f 3431//449 3269//449 3267//449
f 3269//450 3431//450 3436//450
f 3276//451 3436//451 3438//451
f 3287//334 3282//334 3438//334
